a_m=0.009246010048290298,b_m=0.002648018873008202,c_m=0.008575913291890601,d_m=0.005
time_s,source_pressure_pa,receiver_pressure_pa,piezo_voltage_v,piezo_voltage_envelope_v
0.0,-3.288750973294648e-27,0.0,3.777076831437788e-10,3.885487826300923e-10
8.181818181818183e-09,-7.07951631223943e-14,0.0,3.5524686446820805e-10,3.772921969688702e-10
1.6363636363636366e-08,-1.5916932973384494e-13,-1.8932506997845677e-28,3.296082433619432e-10,3.661022411767198e-10
2.4545454545454547e-08,-2.673722001025937e-13,-4.075498364310158e-15,3.013193808591949e-10,3.549897535426892e-10
3.272727272727273e-08,-3.9768922442694993e-13,-2.3673407125707428e-14,2.7092047296591115e-10,3.4396535189078673e-10
4.090909090909092e-08,-5.523854630169168e-13,-7.464816590187895e-14,2.3895501562146916e-10,3.330394053288924e-10
4.9090909090909095e-08,-7.336352363128094e-13,-1.6830614282787808e-13,2.0596082590025365e-10,3.222220069090887e-10
5.727272727272728e-08,-9.434358746979229e-13,-3.0343908668117707e-13,1.7246157197150853e-10,3.1152294733572325e-10
6.545454545454546e-08,-1.1835038963674026e-12,-4.670513279215484e-13,1.3895894859719909e-10,3.009516898493834e-10
7.363636363636364e-08,-1.455152011956627e-12,-6.446485390949636e-13,1.0592561681545016e-10,2.90517346409121e-10
8.181818181818183e-08,-1.7591454882780266e-12,-8.323451655358512e-13,7.379900642424706e-11,2.8022865528714756e-10
9.000000000000001e-08,-2.0955366123792803e-12,-1.040690217591965e-12,4.2976058451121406e-11,2.700939601809384e-10
9.818181818181819e-08,-2.4634762940730298e-12,-1.2867032728273823e-12,1.3808962517233441e-11,2.601211909396312e-10
1.0636363636363638e-07,-2.8610022436276147e-12,-1.5806589708064078e-12,-1.3398078589062424e-11,2.503178459896972e-10
1.1454545454545456e-07,-3.284803675445442e-12,-1.9187243332320964e-12,-3.839104718799175e-11,2.4069097653633793e-10
1.2272727272727275e-07,-3.729963132459318e-12,-2.2874070046404543e-12,-6.096728353608397e-11,2.3124717260444473e-10
1.3090909090909093e-07,-4.189676813644274e-12,-2.6753933690189643e-12,-8.097566535268023e-11,2.219925509718486e-10
1.390909090909091e-07,-4.6549557318551714e-12,-3.08199192409822e-12,-9.831584500455773e-11,2.12932745038042e-10
1.4727272727272728e-07,-5.114311143408543e-12,-3.514695599438659e-12,-1.1293661212434246e-10,2.0407289665561065e-10
1.554545454545455e-07,-5.5534289849296165e-12,-3.978251025077693e-12,-1.2483346394611097e-10,1.9541764994423023e-10
1.6363636363636367e-07,-5.954839535026654e-12,-4.465095545417891e-12,-1.3404547760999626e-10,1.869711470912241e-10
1.7181818181818185e-07,-6.297590193101097e-12,-4.955427905724032e-12,-1.4065158795157213e-10,1.7873702613464972e-10
1.8000000000000002e-07,-6.556931135645915e-12,-5.4261844956564685e-12,-1.4476638076301465e-10,1.70718420709201e-10
1.881818181818182e-07,-6.704025667119672e-12,-5.860144720644115e-12,-1.4653551518074273e-10,1.6291796172843724e-10
1.9636363636363638e-07,-6.705699317018806e-12,-6.246574107161892e-12,-1.461308897750814e-10,1.5533778096094504e-10
2.0454545454545458e-07,-6.524244128723494e-12,-6.572830038900519e-12,-1.4374566521455185e-10,1.479795164523925e-10
2.1272727272727276e-07,-6.1172971119581496e-12,-6.814651355970921e-12,-1.3958925223821883e-10,1.4084431973205148e-10
2.2090909090909094e-07,-5.437814452123758e-12,-6.933820362459042e-12,-1.338823673284608e-10,1.3393286473365882e-10
2.2909090909090912e-07,-4.434165737796307e-12,-6.884849360771143e-12,-1.2685225021312373e-10,1.2724535835280915e-10
2.372727272727273e-07,-3.0503751210883006e-12,-6.624014247736962e-12,-1.1872812745999328e-10,1.2078155255549186e-10
2.454545454545455e-07,-1.226538889092896e-12,-6.112159185092314e-12,-1.0973699527961366e-10,1.1454075794149893e-10
2.5363636363636365e-07,1.1005486921934757e-12,-5.3088056617957225e-12,-1.0009978259565233e-10,1.0852185866466637e-10
2.6181818181818186e-07,3.996527303994778e-12,-4.163339596500703e-12,-9.00279428041555e-11,1.0272332860237933e-10
2.7000000000000006e-07,7.528324628352722e-12,-2.611722377342886e-12,-7.972050978793627e-11,9.714324866619644e-11
2.781818181818182e-07,1.1762695754171094e-11,-5.819451389324991e-13,-6.936164099353034e-11,9.177932513628113e-11
2.863636363636364e-07,1.6764410740547924e-11,1.996607186945922e-12,-5.911865803357778e-11,8.662890890293546e-11
2.9454545454545457e-07,2.2594053611929735e-11,5.188017940430724e-12,-4.914058360663916e-11,8.168901549762979e-11
3.027272727272728e-07,2.930539761385543e-11,9.052653757114111e-12,-3.9557162779668955e-11,7.695634578806499e-11
3.10909090909091e-07,3.694232440737627e-11,1.3653846531489105e-11,-3.047834704220029e-11,7.242730722082838e-11
3.1909090909090913e-07,4.5535259249036e-11,1.906052494694223e-11,-2.1994211174586483e-11,6.809803548745344e-11
3.2727272727272733e-07,5.509710032700594e-11,2.534151763983632e-11,-1.4175265982430091e-11,6.396441649485772e-11
3.354545454545455e-07,6.561862854517836e-11,3.255477709330218e-11,-7.073124401838809e-12,6.002210852283104e-11
3.436363636363637e-07,7.706339441079217e-11,4.073904503611599e-11,-7.214743944831895e-13,5.6266564454211243e-11
3.518181818181819e-07,8.936209152902292e-11,4.991256642038995e-11,4.862690585206809e-12,5.269305396488613e-11
3.6000000000000005e-07,1.024064417706613e-10,6.007626016655856e-11,9.677634017618023e-12,4.92966855677326e-11
3.6818181818181825e-07,1.1604263566823122e-10,7.121413446118168e-11,1.3735282048969344e-11,4.607242840723879e-11
3.763636363636364e-07,1.3006439319418885e-10,8.328598994978107e-11,1.705952168901637e-11,4.3015133707687056e-11
3.845454545454546e-07,1.4420573492466368e-10,9.621433031943116e-11,1.9684438337015104e-11,4.011955578271165e-11
3.9272727272727276e-07,1.5813358178288276e-10,1.0987234199957454e-10,2.165253629750666e-11,3.738037252309671e-11
4.0090909090909096e-07,1.714403331107036e-10,1.240782135166507e-10,2.3012982005726503e-11,3.4792205280090306e-11
4.0909090909090917e-07,1.8363660767475812e-10,1.3859458914600773e-10,2.3819905172844344e-11,3.234963807557527e-11
4.172727272727273e-07,1.9414437021738156e-10,1.5312681462336786e-10,2.4130788148998177e-11,3.004723607306019e-11
4.254545454545455e-07,2.0229070703709112e-10,1.6731468027267024e-10,2.400496864922424e-11,2.787956324989635e-11
4.336363636363637e-07,2.073025574200015e-10,1.8071852199300982e-10,2.3502275753731428e-11,2.5841199223054007e-11
4.418181818181819e-07,2.0830275298006603e-10,1.9280592829623998e-10,2.2681813912385695e-11,2.3926755182480217e-11
4.500000000000001e-07,2.0430776336848037e-10,2.0294488144990231e-10,2.1600904691738243e-11,2.213088889779679e-11
4.5818181818181824e-07,1.942275934569361e-10,2.104034717312372e-10,2.0314191298619043e-11,2.0448318768675908e-11
4.6636363636363644e-07,1.7686832285423576e-10,2.1435087734478237e-10,1.8872906598175724e-11,1.8873836898008446e-11
4.745454545454546e-07,1.509378221266254e-10,2.1385428759049075e-10,1.7324301478731865e-11,1.740232117271142e-11
4.827272727272729e-07,1.1505521976851621e-10,2.0787182844528045e-10,1.571122705647454e-11,1.602874634332673e-11
4.90909090909091e-07,6.776472797546908e-11,1.9524718847282233e-10,1.4071861392110034e-11,1.4748194103270005e-11
4.990909090909092e-07,7.554461516825527e-12,1.7471224066300481e-10,1.2439569118423472e-11,1.3555862169314131e-11
5.072727272727273e-07,-6.711909984893011e-11,1.4489907127232494e-10,1.0842880656493079e-11,1.244707237603493e-11
5.154545454545456e-07,-1.5780035151446115e-10,1.0435721465695035e-10,9.30557650471119e-12,1.1417277798888738e-11
5.236363636363637e-07,-2.659968648655624e-10,5.157091769197568e-11,7.846861394863816e-12,1.0462068926895924e-11
5.318181818181819e-07,-3.931341375555109e-10,-1.5024200514074344e-11,6.481612879203396e-12,9.57717891145384e-12
5.400000000000001e-07,-5.40502234272666e-10,-9.70200390709861e-11,5.220689092890208e-12,8.758487918912645e-12
5.481818181818183e-07,-7.091938364822433e-10,-1.9600396866986106e-10,4.0712809797824244e-12,8.002026624889353e-12
5.563636363636364e-07,-9.000333255570478e-10,-3.135134837998782e-10,3.03729510490556e-12,7.303978881776647e-12
5.645454545454546e-07,-1.1134966615934738e-09,-4.509808960068147e-10,2.119754265621911e-12,6.660683606459958e-12
5.727272727272728e-07,-1.3496219934003446e-09,-6.096733018323275e-10,1.3172043694699872e-12,6.068635925420132e-12
5.80909090909091e-07,-1.607911146837355e-09,-7.90629457631109e-10,6.261174478613227e-13,5.524487627160348e-12
5.890909090909091e-07,-1.887222391770102e-09,-9.945896840784217e-10,4.128212622526136e-14,5.02504696966824e-12
5.972727272727274e-07,-2.1856551848837307e-09,-1.2219128812371969e-09,-4.438256300005216e-13,4.56727788984181e-12
6.054545454545455e-07,-2.500427928377279e-09,-1.472478201842333e-09,-8.366972132718493e-13,4.148298673275256e-12
6.136363636363637e-07,-2.8277501743356767e-09,-1.7455747231627651e-09,-1.1454758165523565e-12,3.765380131910999e-12
6.21818181818182e-07,-3.16269114163289e-09,-2.039785265140343e-09,-1.3786735972851414e-12,3.415943353606716e-12
6.300000000000001e-07,-3.499046895745072e-09,-2.3528679607072216e-09,-1.544923320589379e-12,3.097557076446713e-12
6.381818181818183e-07,-3.829209069737439e-09,-2.6816340864318962e-09,-1.652765151864505e-12,2.8079347557235273e-12
6.463636363636364e-07,-4.1440385733107665e-09,-3.0218182388673286e-09,-1.7104683182434586e-12,2.5449313823127723e-12
6.545454545454547e-07,-4.432748340809937e-09,-3.3679398609561377e-09,-1.7258865575976703e-12,2.3065401278195546e-12
6.627272727272728e-07,-4.6827998012197294e-09,-3.7131609832431434e-09,-1.7063456166022599e-12,2.0908888794533e-12
6.70909090909091e-07,-4.879818403966306e-09,-4.049148722607577e-09,-1.658560546429345e-12,1.896236740053524e-12
6.790909090909092e-07,-5.007534192017371e-09,-4.365949632204711e-09,-1.5885801736486744e-12,1.7209705582998347e-12
6.872727272727274e-07,-5.047754064010235e-09,-4.6518784245712985e-09,-1.5017558712154024e-12,1.5636015495968846e-12
6.954545454545455e-07,-4.9803729929269295e-09,-4.89342087666386e-09,-1.4027316257875858e-12,1.4227620433991765e-12
7.036363636363638e-07,-4.7834320503631e-09,-5.075153047255335e-09,-1.2954523628142111e-12,1.2972023592838532e-12
7.118181818181819e-07,-4.433231600006884e-09,-5.179684653926952e-09,-1.1831875494504806e-12,1.1857877595341054e-12
7.200000000000001e-07,-3.904508445953202e-09,-5.187638716723628e-09,-1.0685672160423822e-12,1.0874953305435044e-12
7.281818181818182e-07,-3.170686022477576e-09,-5.077678953190969e-09,-9.53627725163057e-13,1.0014105470100737e-12
7.363636363636365e-07,-2.204206860687996e-09,-4.826592132856522e-09,-8.398648370911752e-13,9.267231376125536e-13
7.445454545454547e-07,-9.769565303761368e-10,-4.409429307726762e-09,-7.282918755786739e-13,8.627217689836966e-13
7.527272727272728e-07,5.392120035140555e-10,-3.799711102165343e-09,-6.195010668670615e-13,8.087870386840782e-13
7.609090909090911e-07,2.3718451887441973e-09,-2.9697071610365957e-09,-5.137263957969994e-13,7.643823968709154e-13
7.690909090909092e-07,4.547139253620207e-09,-1.8908039131461033e-09,-4.109065960780304e-13,7.290429910733724e-13
7.772727272727274e-07,7.089067684924897e-09,-5.339742039381265e-10,-3.1074714561745134e-13,7.023630288457118e-13
7.854545454545455e-07,1.0018380897353718e-08,1.1296424325236543e-09,-2.127803776522886e-13,6.839829781061135e-13
7.936363636363638e-07,1.3351475121810098e-08,3.128044830585589e-09,-1.164230320162898e-13,6.735784652585103e-13
8.018181818181819e-07,1.709912993586717e-08,5.48755736962325e-09,-2.1030758037782735e-14,6.708527518638029e-13
8.100000000000001e-07,2.126511673731447e-08,8.231893174149436e-09,7.405075934505502e-14,6.755340183532848e-13
8.181818181818183e-07,2.584468384745677e-08,1.1381084729005244e-08,1.6943825430062796e-13,6.873774835696729e-13
8.263636363636365e-07,3.082292784441027e-08,1.4950275229637365e-08,2.656670169832615e-13,7.061711735934839e-13
8.345454545454546e-07,3.617306517927136e-08,1.89483705661104e-08,3.6315075029430156e-13,7.317434084313795e-13
8.427272727272729e-07,4.185462312055607e-08,2.3376559291942253e-08,4.621451363681318e-13,7.639700538244792e-13
8.50909090909091e-07,4.7811574593293225e-08,2.8226712159400824e-08,5.627150925732589e-13,8.027801480193274e-13
8.590909090909092e-07,5.397044750279068e-08,3.347967332616004e-08,6.647056941843952e-13,8.481592972478526e-13
8.672727272727274e-07,6.023844561726553e-08,3.9103455721860846e-08,7.677167734766125e-13,9.001509173513217e-13
8.754545454545456e-07,6.650162496759066e-08,4.505135749356392e-08,8.710812356391123e-13,9.588558113134191e-13
8.836363636363638e-07,7.262317692537819e-08,5.1260025728856514e-08,9.738471915011828e-13,1.0244307155896231e-12
8.918181818181819e-07,7.844187653913029e-08,5.7647504451731156e-08,1.0747640603619745e-12,1.0970864011465796e-12
9.000000000000002e-07,8.37707622148921e-08,6.411131191517029e-08,1.1722728649960117e-12,1.1770857798048139e-12
9.081818181818183e-07,8.839612026996024e-08,7.052659628519653e-08,1.264501005976712e-12,1.2647423178129114e-12
9.163636363636365e-07,9.207685508628849e-08,7.6744421866163e-08,1.3492618642564285e-12,1.3604189215123908e-12
9.245454545454547e-07,9.454433233764506e-08,8.259024419855447e-08,1.4240596444135876e-12,1.464527372640956e-12
9.327272727272729e-07,9.550278882710669e-08,8.786264293776654e-08,1.4860999155532937e-12,1.5775283227462221e-12
9.40909090909091e-07,9.463040758784007e-08,9.233239347119745e-08,1.5323063514977859e-12,1.6999318238163228e-12
9.490909090909092e-07,9.158116078303057e-08,9.574196730079693e-08,1.5593441953298335e-12,1.832298358628431e-12
9.572727272727274e-07,8.598752527884879e-08,9.780555540526995e-08,1.5636509800457832e-12,1.9752403233138446e-12
9.654545454545457e-07,7.746417622464175e-08,9.820971032569806e-08,1.541475033642055e-12,2.129423924660388e-12
9.736363636363637e-07,6.561276220681322e-08,9.661470554705558e-08,1.4889222612276752e-12,2.2955714533225698e-12
9.81818181818182e-07,5.002786118365493e-08,9.265671650916031e-08,1.4020116503155607e-12,2.4744639055512686e-12
9.9e-07,3.0304209087792055e-08,8.595093375624377e-08,1.2767398645034567e-12,2.6669439281278217e-12
9.981818181818183e-07,6.045282330826617e-09,7.609572078297453e-08,1.1091551963642817e-12,2.8739190727998957e-12
1.0063636363636366e-06,-2.31266989000462e-08,6.26779245131276e-08,8.954410195366719e-13,3.096365345078372e-12
1.0145454545454546e-06,-5.7559298044372954e-08,4.5279436577100075e-08,6.320087319094948e-13,3.3353310431549062e-12
1.0227272727272729e-06,-9.755689449137916e-08,2.3485092383615244e-08,3.1560000182945234e-13,3.5919408822181786e-12
1.0309090909090911e-06,-1.433662223988378e-07,-3.108015570103061e-09,-5.660207334502153e-14,3.867400405773077e-12
1.0390909090909092e-06,-1.9516044977878737e-07,-3.4879745610747766e-08,-4.868535152856523e-13,4.163000683410578e-12
1.0472727272727274e-06,-2.5302186880838275e-07,-7.217458913689708e-08,-9.767225903061474e-13,4.480123305301907e-12
1.0554545454545457e-06,-3.169233105703161e-07,-1.1528780662907671e-07,-1.526956656120538e-12,4.82024567568465e-12
1.0636363636363637e-06,-3.8670844469920846e-07,-1.64450030773601e-07,-2.1373441657084695e-12,5.184946618458349e-12
1.071818181818182e-06,-4.620711765597265e-07,-2.198103878445876e-07,-2.8065735725760703e-12,5.575912303217928e-12
1.0800000000000002e-06,-5.425344113288192e-07,-2.8141822748554397e-07,-3.5320911982422626e-12,5.994942504447042e-12
1.0881818181818183e-06,-6.274285152697018e-07,-3.492035922910275e-07,-4.309960454170152e-12,6.443957210733175e-12
1.0963636363636366e-06,-7.15869868977018e-07,-4.229566058676625e-07,-5.134725132923545e-12,6.925003594721009e-12
1.1045454545454548e-06,-8.067399746706124e-07,-5.023060141143201e-07,-5.999279813162384e-12,7.440263364562853e-12
1.1127272727272729e-06,-8.986656487579406e-07,-5.86697178233964e-07,-6.894750731029484e-12,7.992060512882225e-12
1.1209090909090911e-06,-9.90000900709161e-07,-6.753698852828718e-07,-7.810390769076982e-12,8.58286948317266e-12
1.1290909090909092e-06,-1.0788111684200009e-06,-7.673364090986478e-07,-8.733492479151485e-12,9.215323773790167e-12
1.1372727272727274e-06,-1.1628606470878737e-06,-8.613603208121677e-07,-9.649323289740139e-12,9.892225002834133e-12
1.1454545454545457e-06,-1.2396035113903758e-06,-9.55936616326681e-07,-1.054108723606556e-11,1.061655245509094e-11
1.1536363636363637e-06,-1.30617988741641e-06,-1.0492738001070843e-06,-1.1389917684571085e-11,1.1391473135987827e-11
1.161818181818182e-06,-1.3594174791374513e-06,-1.1392786387138153e-06,-1.2174905592860554e-11,1.2220352358327538e-11
1.1700000000000002e-06,-1.395839791811314e-06,-1.2235443686456937e-06,-1.2873167843697262e-11,1.3106764887289826e-11
1.1781818181818183e-06,-1.4116819190072067e-06,-1.2993432059422307e-06,-1.3459960099888138e-11,1.4054506672379001e-11
1.1863636363636365e-06,-1.4029148682138856e-06,-1.3636240573722459e-06,-1.3908838446696507e-11,1.5067607194643894e-11
1.1945454545454548e-06,-1.3652793894257138e-06,-1.413016375752018e-06,-1.4191873799899437e-11,1.6150342456628194e-11
1.2027272727272728e-06,-1.2943302388176462e-06,-1.443841135891313e-06,-1.4279922661262177e-11,1.730724864943583e-11
1.210909090909091e-06,-1.1854917527391015e-06,-1.4521299305422245e-06,-1.4142957284501797e-11,1.8543136526158575e-11
1.2190909090909094e-06,-1.034125522950087e-06,-1.4336531916730436e-06,-1.3750457667530462e-11,1.986310651466423e-11
1.2272727272727274e-06,-8.356108495879372e-07,-1.3839585249670735e-06,-1.3071867015865161e-11,2.1272564604319607e-11
1.2354545454545457e-06,-5.854385012877014e-07,-1.2984201010336561e-06,-1.2077111404904834e-11,2.277723903916551e-11
1.243636363636364e-06,-2.7931812996823884e-07,-1.172299975273972e-06,-1.0737183327636061e-11,2.4383197856961656e-11
1.251818181818182e-06,8.670053079838019e-08,-1.0008221103577378e-06,-9.024787627414124e-12,2.6096867306219106e-11
1.2600000000000002e-06,5.160928115520417e-07,-7.792597490215495e-07,-6.915047006704217e-12,2.7925051183046575e-11
1.2681818181818185e-06,1.011711020018615e-06,-5.030366253053838e-07,-4.386262861816679e-12,2.987495112229997e-11
1.2763636363636365e-06,1.575623879034947e-06,-1.678423036399859e-07,-1.4207256451685787e-12,3.195418788591168e-11
1.2845454545454548e-06,2.2089446194387706e-06,2.3023830550092302e-07,1.9944326990309603e-12,3.417082368706419e-11
1.2927272727272728e-06,2.9116492672031192e-06,6.945814861868238e-07,5.866353414535583e-12,3.653338559196249e-11
1.300909090909091e-06,3.682387107232486e-06,1.2278678659488539e-06,1.0195543720615744e-11,3.905089004174096e-11
1.3090909090909093e-06,4.518285779611462e-06,1.8319130806300413e-06,1.4974960535642995e-11,4.173286853738214e-11
1.3172727272727274e-06,5.414753962775702e-06,2.50748725561189e-06,2.018909982046791e-11,4.458939453310139e-11
1.3254545454545456e-06,6.365285115834799e-06,3.2541250356579364e-06,2.5813108050282125e-11,4.7631111582126976e-11
1.333636363636364e-06,7.36126628155557e-06,4.069928364888522e-06,3.1811934099657204e-11,5.0869262782167946e-11
1.341818181818182e-06,8.391796483353621e-06,4.951364718969776e-06,3.813954149888878e-11,5.4315721566778157e-11
1.3500000000000002e-06,9.443519773660472e-06,5.893064014343149e-06,4.473820255842917e-11,5.798302389258076e-11
1.3581818181818185e-06,1.0500478495450039e-05,6.887617955550849e-06,5.153789721094697e-11,6.188440186924031e-11
1.3663636363636365e-06,1.1543992790348448e-05,7.925386124835655e-06,5.845584054094444e-11,6.603381888405184e-11
1.3745454545454548e-06,1.2552572811135763e-05,8.9943136620433e-06,6.53961638136402e-11,7.044600627265405e-11
1.382727272727273e-06,1.3501870457888733e-05,1.0079765918261883e-05,7.224977432165943e-11,7.513650158480661e-11
1.390909090909091e-06,1.4364677738758144e-05,1.1164385979519029e-05,7.88944194969184e-11,8.012168850377739e-11
1.3990909090909093e-06,1.5110979040804539e-05,1.2227981429689159e-05,8.519498042746349e-11,8.541883846647172e-11
1.4072727272727276e-06,1.570806466516422e-05,1.3247447136989817e-05,9.100401913749941e-11,9.104615404636989e-11
1.4154545454545456e-06,1.6120712915484362e-05,1.4196731190718639e-05,9.616260267403595e-11,9.70228141486159e-11
1.4236363636363639e-06,1.631144781039366e-05,1.5046851370051452e-05,1.0050142517123363e-10,1.033690210794835e-10
1.431818181818182e-06,1.624087910150142e-05,1.576596967875536e-05,1.0384224657829965e-10,1.1010604954213391e-10
1.4400000000000002e-06,1.58681307005246e-05,1.631953250865442e-05,1.0599966363045406e-10,1.1725629762353515e-10
1.4481818181818184e-06,1.5151362836387147e-05,1.6670483878062443e-05,1.067832248671616e-10,1.2484333982469574e-10
1.4563636363636365e-06,1.4048392261026448e-05,1.677955890753586e-05,1.0599989707668755e-10,1.3289198220086433e-10
1.4645454545454547e-06,1.2517413588992722e-05,1.660566422630745e-05,1.0345688543271266e-10,1.4142831966588506e-10
1.472727272727273e-06,1.0517823381451707e-05,1.6106351334248354e-05,9.896480383246047e-11,1.5047979552693462e-10
1.480909090909091e-06,8.011146864073412e-06,1.5238388062666342e-05,9.23411855396607e-11,1.6007526330930896e-10
1.4890909090909093e-06,4.9620651987997715e-06,1.3958432168061673e-05,8.341431723335512e-11,1.7024505093235164e-10
1.4972727272727276e-06,1.3395390146047882e-06,1.2223809741421743e-05,7.20273720137496e-11,1.8102102730180632e-10
1.5054545454545456e-06,-2.8819785496271573e-06,9.993399510557368e-06,5.804280887848152e-11,1.924366713795112e-10
1.5136363636363639e-06,-7.721248711913414e-06,7.228622249985646e-06,4.134699775239886e-11,2.0452714379480316e-10
1.5218181818181821e-06,-1.3188886122812713e-05,3.894532394776855e-06,2.1855020423409732e-11,2.17329361060262e-10
1.5300000000000002e-06,-1.928594550133253e-05,-3.8993410608105694e-08,-4.844111735371251e-13,2.308820724565152e-10
1.5381818181818184e-06,-2.6002474375077708e-05,-4.595978699572843e-06,-2.5683986836223777e-11,2.452259396475615e-10
1.5463636363636367e-06,-3.331605375915046e-05,-9.792991202694144e-06,-5.3712856498778906e-11,2.6040361909164624e-10
1.5545454545454547e-06,-4.1190351946755014e-05,-1.5637722222103946e-05,-8.449180009557854e-11,2.7645984730950226e-10
1.562727272727273e-06,-4.9573719912986586e-05,-2.2127518282661776e-05,-1.1788860194699344e-10,2.934415290725833e-10
1.570909090909091e-06,-5.839786008627538e-05,-2.924788531086092e-05,-1.5371373020163422e-10,3.1139782857258253e-10
1.5790909090909093e-06,-6.757660334638951e-05,-3.6970989002811735e-05,-1.9171642850140356e-10,3.303802636348312e-10
1.5872727272727276e-06,-7.700483198367241e-05,-4.5254178479401e-05,-2.3158133259647646e-10,3.5044280303214913e-10
1.5954545454545456e-06,-8.655758891494163e-05,-5.4038563730007675e-05,-2.7292572892930704e-10,3.716419669624416e-10
1.6036363636363639e-06,-9.608941560522333e-05,-6.324768064884123e-05,-3.1529757499162106e-10,3.9403693074356903e-10
1.6118181818181821e-06,-0.0001054339627949701,-7.27862805929939e-05,-3.581744023376068e-10,4.1768963178371277e-10
1.6200000000000002e-06,-0.00011440391918021826,-8.253928425151365e-05,-4.009632222850383e-10,4.4266487988052076e-10
1.6281818181818184e-06,-0.0001227913035373145,-9.237094211599275e-05,-4.430015513625952e-10,4.690304709021323e-10
1.6363636363636367e-06,-0.0001303681653238029,-0.0001021242458880461,-4.835596682744058e-10,4.968573038986793e-10
1.6445454545454547e-06,-0.00013688773742438106,-0.00011162063664936763,-5.21844206391779e-10,5.262195016933181e-10
1.652727272727273e-06,-0.00014208608235171535,-0.00012066005645592723,-5.570031754030023e-10,5.571945349976954e-10
1.6609090909090912e-06,-0.00014568426976937864,-0.00012902139009644074,-5.881324926445625e-10,5.898633500921212e-10
1.6690909090909093e-06,-0.00014739111860095802,-0.00013646334297149674,-6.142840887327868e-10,6.243105001121945e-10
1.6772727272727275e-06,-0.00014690653116028368,-0.0001427257993005547,-6.34475633370557e-10,6.606242799737757e-10
1.6854545454545458e-06,-0.0001439254396328704,-0.00014753170205369318,-6.477019056398317e-10,6.988968649724476e-10
1.6936363636363638e-06,-0.0001381423768260722,-0.0001505894920489334,-6.529478087635028e-10,7.392244530794458e-10
1.701818181818182e-06,-0.00012925667337405943,-0.00015159613848185583,-6.492030023495295e-10,7.817074109632603e-10
1.7100000000000004e-06,-0.00011697827254640098,-0.00015024078670173641,-6.354780956895817e-10,8.264504237513173e-10
1.7181818181818184e-06,-0.00010103414150495413,-0.00014620904127072526,-6.108223140090055e-10,8.73562648547129e-10
1.7263636363636367e-06,-8.117524435138032e-05,-0.0001391878932108536,-5.743425159556079e-10,9.23157871711363e-10
1.7345454545454547e-06,-5.7184027706644786e-05,-0.00012887128985310855,-5.25223405435064e-10,9.753546699099968e-10
1.742727272727273e-06,-2.88823539973563e-05,-0.000114966333877266,-4.6274874457920833e-10,1.0302765749265501e-09
1.7509090909090912e-06,3.860198740158283e-06,-9.720008502445844e-05,-3.86323337663697e-10,1.0880522422281394e-09
1.7590909090909093e-06,4.111776868474318e-05,-7.532692365998125e-05,-2.954955187325542e-10,1.1488156232702394e-09
1.7672727272727275e-06,8.289948914189098e-05,-4.913641997502991e-05,-1.8997983914656518e-10,1.2127061415199396e-09
1.7754545454545458e-06,0.00012914074738696671,-1.84616362893435e-05,-6.967961592901973e-11,1.279868872162505e-09
1.7836363636363638e-06,0.00017969457343796735,1.681222716406928e-05,6.529103165746487e-11,1.3504547254592644e-09
1.791818181818182e-06,0.0002343233253275083,5.673895020177092e-05,2.145860606374196e-10,1.4246206337066312e-09
1.8000000000000003e-06,0.000292690853058707,0.0001013022995071752,3.776077286052899e-10,1.5025297417465665e-09
1.8081818181818184e-06,0.00035435533768377,0.00015040706725290092,5.534886174670877e-10,1.5843516009625116e-09
1.8163636363636366e-06,0.00041876301440996487,0.00020387030195637287,7.41075928313115e-10,1.6702623666917517e-09
1.824545454545455e-06,0.00048524299887100814,0.0002614129087438722,9.389185311683525e-10,1.760444998971261e-09
1.832727272727273e-06,0.0005530034432462898,0.000322651811819102,1.1452572587494965e-09,1.8550894665281749e-09
1.8409090909090912e-06,0.0006211292533059566,0.00038709288600171515,1.3580189312926145e-09,1.954392953912197e-09
1.8490909090909095e-06,0.0006885815982510264,0.0004541248762695832,1.5748145892930524e-09,2.0585600716608923e-09
1.8572727272727275e-06,0.0007541994419620239,0.0005230145338407017,1.7929423919787528e-09,2.1678030693730303e-09
1.8654545454545458e-06,0.0008167033165484278,0.0005929032039950413,2.0093956109726058e-09,2.282342051558388e-09
1.8736363636363638e-06,0.0008747015465196003,0.0006628051040931666,2.2208761104299355e-09,2.402405196119863e-09
1.881818181818182e-06,0.0009266991141361881,0.0007316075296343847,2.4238136566499205e-09,2.5282289753079446e-09
1.8900000000000003e-06,0.0009711093332663831,0.0007980732212646523,2.6143913415539463e-09,2.660058378983129e-09
1.8981818181818184e-06,0.0010062684701496044,0.0008608451159709248,2.788577335480423e-09,2.7981471399993287e-09
1.9063636363636366e-06,0.0010304534147269947,0.0009184536909005576,2.9421631055938257e-09,2.9427579615202317e-09
1.914545454545455e-06,0.0010419024655916628,0.0009693270879914796,3.0708081471763676e-09,3.094162746054674e-09
1.922727272727273e-06,0.0010388392452026984,0.0010118041816262438,3.170091176682373e-09,3.252642825994856e-09
1.9309090909090914e-06,0.0010194997099697903,0.001044150719640965,3.2355676284179094e-09,3.418489195419788e-09
1.9390909090909092e-06,0.0009821621624470094,0.0010645786301234305,3.26283318199657e-09,3.592002742916071e-09
1.9472727272727275e-06,0.0009251801106022854,0.0010712685425142523,3.2475929264824558e-09,3.773494485152991e-09
1.9554545454545458e-06,0.0008470177525185584,0.0010623955216812555,3.1857356407272405e-09,3.963285800933811e-09
1.963636363636364e-06,0.0007462877946392136,0.0010361579580932785,3.0734125394384173e-09,4.161708665430107e-09
1.9718181818181823e-06,0.0006217912386453164,0.0009908094963303402,2.9071197027624918e-09,4.3691058842926855e-09
1.98e-06,0.00047255869723831264,0.0009246938184255619,2.683783275630824e-09,4.585831327314764e-09
1.9881818181818184e-06,0.00029789272363468593,0.000836282028574188,2.4008463939487595e-09,4.8122501613113514e-09
1.9963636363636366e-06,9.741056472768624e-05,0.0007242123123444283,2.056356670249314e-09,5.048739081858159e-09
2.004545454545455e-06,-0.00012891332496978625,0.0005873314676090994,1.6490529541223176e-09,5.295686543522262e-09
2.012727272727273e-06,-0.00038070574080794473,0.00042473782706064014,1.1784499751389225e-09,5.553492988198798e-09
2.0209090909090914e-06,-0.0006571549533121966,0.0002358250145953815,6.449193807324981e-10,5.822571071152559e-09
2.0290909090909092e-06,-0.0009569735551156567,2.0325901413097207e-05,4.976560124244595e-11,6.103345884345953e-09
2.0372727272727275e-06,-0.0012783648321433555,-0.00022164394614457013,-6.047050882990314e-10,6.396255176622383e-09
2.0454545454545457e-06,-0.0016189936002041659,-0.0004895441046093741,-1.3151239824531923e-09,6.701749570292731e-09
2.053636363636364e-06,-0.001975962474588481,-0.0007823692585767511,-2.077009528247735e-09,7.020292773662957e-09
2.0618181818181823e-06,-0.002345794552895074,-0.0010986121904789027,-2.8847287638283582e-09,7.352361789018638e-09
2.0700000000000005e-06,-0.002724423488453236,-0.0014362307389873669,-3.731472267625358e-09,7.69844711557129e-09
2.0781818181818183e-06,-0.0031071919118060565,-0.001792619705457442,-4.609244211342196e-09,8.05905294685347e-09
2.0863636363636366e-06,-0.0034888591193632306,-0.0021645887101072077,-5.5088690181379635e-09,8.434697362034255e-09
2.094545454545455e-06,-0.0038636188902853585,-0.002548347007056622,-6.420016003781475e-09,8.825912510610705e-09
2.102727272727273e-06,-0.004225128213926453,-0.0029394962582603777,-7.331243222557197e-09,9.233244789918734e-09
2.1109090909090914e-06,-0.004566547609998047,-0.0033330322391970173,-8.23006155104911e-09,9.657255014889245e-09
2.119090909090909e-06,-0.004880593601601798,-0.003723356402532888,-9.103019821839942e-09,1.0098518579459663e-08
2.1272727272727275e-06,-0.005159603757323929,-0.004104298158673934,-9.9358115664645e-09,1.0557625609043058e-08
2.1354545454545457e-06,-0.005395614552992815,-0.004469148643211827,-1.0713403643998393e-08,1.1035181103436126e-08
2.143636363636364e-06,-0.0055804521171840945,-0.004810706630117295,-1.1420186720457274e-08,1.1531805069539535e-08
2.1518181818181822e-06,-0.005705835718266054,-0.005121337115819574,-1.2040147227327666e-08,1.2048132643247126e-08
2.1600000000000005e-06,-0.005763493626328357,-0.005393042943091915,-1.2557060068301533e-08,1.2584814199854127e-08
2.1681818181818183e-06,-0.005745290742820767,-0.005617549655396678,-1.2954700965515874e-08,1.3142515452315898e-08
2.1763636363636366e-06,-0.0056433671367238526,-0.005786403572921307,-1.3217076944806759e-08,1.3721917536685641e-08
2.184545454545455e-06,-0.005450286361644252,-0.005891082862312942,-1.3328673058749783e-08,1.4323717084040735e-08
2.192727272727273e-06,-0.0051591921569126495,-0.0059231211349342295,-1.3274713042231813e-08,1.4948626278208895e-08
2.2009090909090914e-06,-0.004763971861561489,-0.005874242855653252,-1.3041431194110804e-08,1.5597372898585206e-08
2.2090909090909096e-06,-0.004259424597396639,-0.005736509578584258,-1.2616352386779108e-08,1.6270700347334245e-08
2.2172727272727275e-06,-0.003641432011070037,-0.005502475751145519,-1.1988576730099286e-08,1.696936766025412e-08
2.2254545454545457e-06,-0.0029071291102614107,-0.00516535254711129,-1.1149065064477857e-08,1.7694149500586186e-08
2.233636363636364e-06,-0.002055072491222071,-0.004719177907282942,-1.0090921137210611e-08,1.844583613503862e-08
2.2418181818181822e-06,-0.0010854030396579195,-0.00415899068769684,-8.809666034180354e-09,1.922523339129243e-08
2.2500000000000005e-06,8.709692614970028e-17,-0.0034810065450156355,-7.303500202982573e-09,2.0033162596258868e-08
2.2581818181818183e-06,0.0011973768446771318,-0.002682792932334971,-5.5735482208950735e-09,2.087046049435323e-08
2.2663636363636366e-06,0.0025009602527433315,-0.0017634403417569264,-3.624081338799142e-09,2.173797914504907e-08
2.274545454545455e-06,0.003902867302254546,-0.000723726718593146,-1.462712776770118e-09,2.2636585798983464e-08
2.282727272727273e-06,0.0053930133222914916,0.00043372820808246595,8.994392354336627e-10,2.3567162751879007e-08
2.2909090909090913e-06,0.006959051393595584,0.0017043220766569226,3.447625584061031e-09,2.453060717556097e-08
2.2990909090909096e-06,0.008586340736082809,0.0030813460238043847,6.163382296039867e-09,2.5527830925348238e-08
2.3072727272727274e-06,0.010257947138658517,0.004555881343677707,9.024492931149084e-09,2.655976032310483e-08
2.3154545454545457e-06,0.011954678358160414,0.006116720221117549,1.2005001457627474e-08,2.7627335915250652e-08
2.323636363636364e-06,0.013655157117224889,0.00775031402256693,1.5075279285225703e-08,2.873151220503526e-08
2.331818181818182e-06,0.01533593396441178,0.009440752503344807,1.8202149598727602e-08,2.987325735839747e-08
2.3400000000000005e-06,0.016971641824145685,0.011169777098329916,2.1349071516685288e-08,3.1053552882741604e-08
2.3481818181818187e-06,0.018535193560264146,0.012916831202279504,2.4476385897785286e-08,3.227339327797981e-08
2.3563636363636366e-06,0.01999802330779953,0.01465915001426344,2.754162383573978e-08,3.35337856592068e-08
2.364545454545455e-06,0.021330371697010082,0.01637189211741808,3.0499878029313245e-08,3.48357493503925e-08
2.372727272727273e-06,0.022501614406938587,0.018028314490983154,3.330423629512275e-08,3.618031544849978e-08
2.3809090909090913e-06,0.023480632749661154,0.019599992108216353,3.5906275516844154e-08,3.7568526357457385e-08
2.3890909090909096e-06,0.02423622420902285,0.0210570826644644,3.825661330664001e-08,3.9001435291441924e-08
2.3972727272727274e-06,0.024737550048569756,0.02236863630898387,4.03055136056897e-08,4.0480105746951405e-08
2.4054545454545457e-06,0.024954616273418075,0.02350294952806506,4.2003541384724614e-08,4.20056109431808e-08
2.413636363636364e-06,0.024858783392030088,0.02442796155308372,4.330226053776164e-08,4.357903323024513e-08
2.421818181818182e-06,0.024423299589514367,0.02511169085419666,4.415496800918458e-08,4.520146346481584e-08
2.4300000000000005e-06,0.023623851108328993,0.025522708438818098,4.451745617323055e-08,4.687400035279051e-08
2.4381818181818187e-06,0.022439122850173326,0.025630643815406955,4.434879451373731e-08,4.85977497586361e-08
2.4463636363636365e-06,0.020851361480046002,0.025406718620339646,4.3612120749079965e-08,5.0373823981093293e-08
2.454545454545455e-06,0.01884693264598012,0.024824302052728783,4.227543073109162e-08,5.2203340994968254e-08
2.462727272727273e-06,0.01641686334204229,0.023859481433924856,4.031235573581973e-08,5.4087423658782335e-08
2.4709090909090913e-06,0.01355735995387713,0.022491640420830163,3.7702915176164847e-08,5.602719888809311e-08
2.4790909090909096e-06,0.010270292151096183,0.02070403667134879,3.4434232318983215e-08,5.802379679435075e-08
2.487272727272728e-06,0.006563632544099607,0.018484370102899755,3.050120029821518e-08,6.007834978919725e-08
2.4954545454545457e-06,0.002451841918465629,0.015825332317593782,2.5907085595737928e-08,6.219199165417334e-08
2.503636363636364e-06,-0.0020438100895599247,0.012725127306850225,2.0664056225884033e-08,6.436585657584517e-08
2.511818181818182e-06,-0.006894998796698563,0.009187953209812371,1.4793622118834411e-08,6.660107814642154e-08
2.5200000000000004e-06,-0.012066182284574345,0.005224434698967474,8.326975660920854e-09,6.889878832998585e-08
2.5281818181818187e-06,-0.017514532176495363,0.0008519955167838409,1.3052210221622933e-09,7.126011639452737e-08
2.536363636363637e-06,-0.023189965577279443,-0.0039048391986661983,-6.220518213906738e-09,7.368618781001613e-08
2.5445454545454548e-06,-0.02903528542885672,-0.009014220872655791,-1.4189122506010132e-08,7.617812311282392e-08
2.552727272727273e-06,-0.034986435403471926,-0.014436845339672929,-2.252963897853076e-08,7.873703673686427e-08
2.5609090909090913e-06,-0.04097287414484038,-0.020125919518630984,-3.1161589786787004e-08,8.136403581187991e-08
2.5690909090909096e-06,-0.04691807218385064,-0.02602723500794801,-3.999543109929614e-08,8.406021892938116e-08
2.577272727272728e-06,-0.05274013321106205,-0.03207935564688849,-4.893316569575538e-08,8.682667487679768e-08
2.5854545454545456e-06,-0.058352539598571826,-0.03821392485611582,-5.7869110143609244e-08,8.966448134048239e-08
2.593636363636364e-06,-0.06366502014755625,-0.04435609715395924,-6.669081534202279e-08,9.2574703578271e-08
2.601818181818182e-06,-0.06858453601706048,-0.05042509665528192,-7.528013693455693e-08,9.555839306237312e-08
2.6100000000000004e-06,-0.07301637868988065,-0.056334903610468105,-8.351444971878255e-08,9.861658609344279e-08
2.6181818181818187e-06,-0.07686537168111061,-0.061995068149959254,-9.126799775337644e-08,1.0175030238674964e-07
2.626363636363637e-06,-0.08003716552542633,-0.06731164838557063,-9.84133694144694e-08,1.049605436314445e-07
2.6345454545454548e-06,-0.08243961342416509,-0.0721882679075895,-1.0482308421898193e-07,1.0824829202398503e-07
2.642727272727273e-06,-0.08398421282849265,-0.07652728553377437,-1.1037127585104072e-07,1.1161450877686716e-07
2.6509090909090913e-06,-0.08458759621775258,-0.08023106794328148,-1.1493545353729921e-07,1.1506013260387601e-07
2.6590909090909095e-06,-0.0841730524408267,-0.08320335359842355,-1.183983217578768e-07,1.185860781831509e-07
2.667272727272728e-06,-0.082672058261778,-0.08535069415556379,-1.206496362916617e-07,1.2219323459942755e-07
2.675454545454546e-06,-0.08002579822783241,-0.08658395743082742,-1.215880728174846e-07,1.25882463766903e-07
2.683636363636364e-06,-0.07618664969564022,-0.08681987395554196,-1.2112308276466534e-07,1.2965459883423762e-07
2.691818181818182e-06,-0.07111960884696737,-0.08598260727010679,-1.1917670986446557e-07,1.3351044257328285e-07
2.7000000000000004e-06,-0.06480363283147422,-0.0840053264032749,-1.1568533993243692e-07,1.3745076575320282e-07
2.7081818181818187e-06,-0.057232872823046545,-0.08083175750609686,-1.106013558418458e-07,1.4147630550172015e-07
2.716363636363637e-06,-0.04841777279457964,-0.07641769039437767,-1.038946694578894e-07,1.4558776365530173e-07
2.7245454545454548e-06,-0.038386009227138654,-0.07073241483691806,-9.555410251450149e-08,1.4978580510015844e-07
2.732727272727273e-06,-0.027183247790969377,-0.0637600608429396,-8.55885890484711e-08,1.5407105610600863e-07
2.7409090909090913e-06,-0.014873694280224994,-0.055500816981487455,-7.40281730721184e-08,1.5844410265462474e-07
2.7490909090909095e-06,-0.001540418756622356,-0.04597200093476817,-6.092477667267857e-08,1.6290548876524375e-07
2.7572727272727278e-06,0.012714566040936952,-0.03520895706806551,-4.635271567421226e-08,1.6745571481899077e-07
2.765454545454546e-06,0.02777048844105328,-0.023265756807422825,-3.040894237993843e-08,1.720952358845266e-07
2.773636363636364e-06,0.04348827723036594,-0.010215679063006865,-1.3212997716037383e-08,1.7682446004719035e-07
2.781818181818182e-06,0.05971130686916307,0.003848550175258248,5.0933416982378185e-09,1.8164374674396528e-07
2.7900000000000004e-06,0.07626643504524538,0.01881477761581523,2.4346732452485388e-08,1.865534051066581e-07
2.7981818181818187e-06,0.09296533509704746,0.0345517176078986,4.4363256202255117e-08,1.915536923157216e-07
2.806363636363637e-06,0.10960612158329965,0.050909534873443366,6.493973725244232e-08,1.966448119672175e-07
2.814545454545455e-06,0.1259752628031283,0.06772072410442143,8.585538417732116e-08,2.018269124554484e-07
2.822727272727273e-06,0.14184976943555605,0.08480129160220608,1.0687374913228194e-07,2.0710008537384092e-07
2.8309090909090913e-06,0.15699964373501787,0.10195223992755,1.27744993722318e-07,2.1246436393670053e-07
2.8390909090909095e-06,0.1711905689589733,0.11896135206190923,1.4820844543224385e-07,2.1791972142449022e-07
2.8472727272727278e-06,0.1841868139885041,0.1356052669089869,1.6799542376231154e-07,2.234660696553261e-07
2.855454545454546e-06,0.19575432350964528,0.15165183315179603,1.868323104223818e-07,2.2910325748540678e-07
2.863636363636364e-06,0.20566395973112808,0.16686272359332233,2.044438332923797e-07,2.3483106934111955e-07
2.871818181818182e-06,0.21369485750306172,0.1809962872210368,2.2055652943197708e-07,2.4064922378559004e-07
2.8800000000000004e-06,0.21963785095049315,0.1938106114241142,2.3490234829385665e-07,2.465573721224497e-07
2.8881818181818186e-06,0.2232989264237242,0.20506676213724714,2.472223525371105e-07,2.525550970396221e-07
2.896363636363637e-06,0.2245026537686533,0.21453216526817334,2.5727047052249506e-07,2.58641911295922e-07
2.904545454545455e-06,0.22309554570580792,0.22198408866972086,2.648172517681917e-07,2.64817256453269e-07
2.912727272727273e-06,0.2189492935408411,0.22721318022276182,2.6965357441737726e-07,2.710805016573198e-07
2.9209090909090912e-06,0.21196382656962198,0.2300270143831572,2.71594252175391e-07,2.7743094246930786e-07
2.9290909090909095e-06,0.20207014243674787,0.23025359688912692,2.7048148726558805e-07,2.8386779975186755e-07
2.9372727272727278e-06,0.18923285639664647,0.22774477529594342,2.661881157719222e-07,2.90390218611613e-07
2.945454545454546e-06,0.1734524189399847,0.22237950166635406,2.5862059231654955e-07,2.969972674011983e-07
2.9536363636363643e-06,0.15476695360152,0.21406689315370533,2.477216623858601e-07,3.036879367835783e-07
2.961818181818182e-06,0.13325366996281754,0.2027490364171638,2.3347267278102795e-07,3.1046113886114117e-07
2.9700000000000004e-06,0.10902981089512914,0.1884034828410443,2.1589547363061194e-07,3.173157063723479e-07
2.9781818181818186e-06,0.08225309793104234,0.1710453834178477,1.950538691521726e-07,3.24250391958472e-07
2.986363636363637e-06,0.053121644270993196,0.1507292149094259,1.71054578864173e-07,3.312638675029778e-07
2.994545454545455e-06,0.02187331127125618,0.12755005252165638,1.4404767619310706e-07,3.383547235460207e-07
3.002727272727273e-06,-0.011215508741840938,0.10164434880009932,1.1422647734592261e-07,3.4552146877649e-07
3.0109090909090912e-06,-0.045831692909445755,0.07319018374796638,8.182685986437891e-08,3.52762529603949e-07
3.0190909090909095e-06,-0.08162777304251516,0.04240695723947027,4.712599737430361e-08,3.600762498127516e-07
3.0272727272727277e-06,-0.118224898652733,0.00955450159290138,1.0440504606126736e-08,3.674608903005356e-07
3.035454545454546e-06,-0.1552163621559139,-0.02506840039390793,-2.7876005299264416e-08,3.749146289032101e-07
3.0436363636363643e-06,-0.19217166172459912,-0.06112609864383113,-6.743594097529014e-08,3.824355603084624e-07
3.051818181818182e-06,-0.22864106838262394,-0.09824875847324348,-1.0782131190843163e-07,3.900216960597139e-07
3.0600000000000003e-06,-0.2641606551704634,-0.13603563216154632,-1.4858783939543779e-07,3.976709646523572e-07
3.0681818181818186e-06,-0.29825773770628916,-0.17405889979860525,-1.8926956401938144e-07,4.053812117239943e-07
3.076363636363637e-06,-0.33045666736616863,-0.21186805064789216,-2.2938390614009588e-07,4.131502003402877e-07
3.084545454545455e-06,-0.3602849107488258,-0.2489947671563955,-2.6843712807467935e-07,4.209756113779235e-07
3.0927272727272734e-06,-0.3872793422146107,-0.2849582648145752,-3.0593013927429506e-07,4.2885504400605323e-07
3.1009090909090912e-06,-0.41099267022790315,-0.319271032466134,-3.413645790074039e-07,4.367860162674683e-07
3.1090909090909095e-06,-0.43099991311264435,-0.35144490953433805,-3.742491049554765e-07,4.4476596576061685e-07
3.1172727272727277e-06,-0.44690483576761586,-0.3809974291136942,-4.0410581082747197e-07,4.5279225042345107e-07
3.125454545454546e-06,-0.45834625598476597,-0.40745834911368506,-4.304766917080146e-07,4.608621494199359e-07
3.1336363636363642e-06,-0.4650041273590386,-0.4303762877692819,-4.529300724652454e-07,4.6897286412992994e-07
3.141818181818182e-06,-0.46660530544438705,-0.44932537497656816,-4.7106691223985794e-07,4.77121519242974e-07
3.1500000000000003e-06,-0.46292890485209726,-0.4639118271852626,-4.845268968854886e-07,4.85305163956397e-07
3.1581818181818186e-06,-0.45381115743877865,-0.47378035108397665,-4.929942312860077e-07,4.93520773277975e-07
3.166363636363637e-06,-0.4391496856059529,-0.47862028013375385,-4.96203044774737e-07,5.017652494332354e-07
3.174545454545455e-06,-0.41890711002263215,-0.47817134820827406,-4.939423254441876e-07,5.100354233773259e-07
3.1827272727272734e-06,-0.39311391775565463,-0.4722290062331599,-4.86060302964421e-07,5.183280564112167e-07
3.190909090909091e-06,-0.36187052479595144,-0.46064919080932976,-4.724682046066392e-07,5.266398419018215e-07
3.1990909090909095e-06,-0.32534847622569957,-0.44335245836152654,-4.5314331546015843e-07,5.349674071054795e-07
3.2072727272727277e-06,-0.2837907376826144,-0.42032740435531935,-4.2813128128042015e-07,5.433073150940449e-07
3.215454545454546e-06,-0.23751104322294572,-0.3916332945329513,-3.975476009393619e-07,5.516560667826769e-07
3.2236363636363642e-06,-0.18689227702374253,-0.3574018438657477,-3.615782649752354e-07,5.600101030582487e-07
3.2318181818181825e-06,-0.13238387943832364,-0.31783808892049115,-3.204795071474956e-07,5.683658070071117e-07
3.2400000000000003e-06,-0.07449828155114921,-0.2732203104786409,-2.745766470682295e-07,5.767195062407888e-07
3.2481818181818186e-06,-0.013806386379373488,-0.22389897539836626,-2.2426201376458323e-07,5.850674753179949e-07
3.256363636363637e-06,0.049067870963124496,-0.17029467971775417,-1.699919522737237e-07,5.934059382611978e-07
3.264545454545455e-06,0.11345383769801896,-0.11289508869257439,-1.1228292791900833e-07,6.01731071165782e-07
3.2727272727272733e-06,0.17864127210314382,-0.052250883656809834,-5.170675559043048e-08,6.100390048996842e-07
3.2809090909090916e-06,0.2438882128238063,0.011029259911695975,1.1115006025062414e-08,6.183258278912096e-07
3.2890909090909094e-06,0.3084295023815002,0.07628462415596832,7.551744293007974e-08,6.265875890025727e-07
3.2972727272727277e-06,0.3714858666974049,0.14280927701939244,1.4079939271803413e-07,6.348203004865264e-07
3.305454545454546e-06,0.4322734417690864,0.20985970932777978,2.0623119421957363e-07,6.430199410232951e-07
3.3136363636363642e-06,0.4900136292628681,0.27666319974426,2.710629936365666e-07,6.511824588348462e-07
3.3218181818181825e-06,0.5439431548881655,0.34242681385055374,3.3453351126804426e-07,6.593037748733983e-07
3.3300000000000003e-06,0.5933241971629756,0.4063469319079519,3.9587916440548426e-07,6.673797860808871e-07
3.3381818181818186e-06,0.6374544496988449,0.4676191893732726,4.5434343470684523e-07,6.754063687159732e-07
3.346363636363637e-06,0.6756769775422656,0.5254487051814074,5.091863624828213e-07,6.833793817450227e-07
3.354545454545455e-06,0.707389727494455,0.5790604653320984,5.596940459602907e-07,6.912946702933473e-07
3.3627272727272733e-06,0.7320545537505702,0.6277097235894161,6.051880208226786e-07,6.991480691528582e-07
3.3709090909090916e-06,0.7492056236807019,0.670692277249945,6.450343942391822e-07,7.06935406342144e-07
3.3790909090909094e-06,0.7584570741146512,0.7073544740659448,6.786526082356797e-07,7.146525067148744e-07
3.3872727272727277e-06,0.7595097960549231,0.7371028066005064,7.055237096564612e-07,7.222951956122769e-07
3.395454545454546e-06,0.7521572352595657,0.7594129525905375,7.251980081192403e-07,7.298593025553693e-07
3.403636363636364e-06,0.736290107508708,0.7738381243162086,7.373020092519615e-07,7.373406649724534e-07
3.4118181818181825e-06,0.7118999404650334,0.7800165965054939,7.415445180686275e-07,7.447351319573444e-07
3.4200000000000007e-06,0.679081368698733,0.7776782908897522,7.377218165168298e-07,7.52038568053654e-07
3.4281818181818185e-06,0.638033124483754,0.7666503060879012,7.257218299111308e-07,7.592468570604032e-07
3.436363636363637e-06,0.589057684171318,0.7468612939171485,7.055272090290938e-07,7.663559058541189e-07
3.444545454545455e-06,0.5325595480734644,0.7183445973605701,6.772172679433463e-07,7.733616482225394e-07
3.4527272727272733e-06,0.46904215058935544,0.6812400810895523,6.409687320256133e-07,7.80260048704939e-07
3.4609090909090916e-06,0.39910341651096504,0.6357946024381994,5.970552658007168e-07,7.870471064340765e-07
3.4690909090909094e-06,0.32342999877159107,0.5823610888285081,5.45845766247577e-07,7.937188589746722e-07
3.4772727272727277e-06,0.24279025206278987,0.521396206599022,4.878014235245671e-07,8.002713861533235e-07
3.485454545454546e-06,0.15802601545265618,0.4534566257274363,4.234715677121266e-07,8.067008138747034e-07
3.493636363636364e-06,0.0700432951024573,0.37919390477671755,3.534883367834664e-07,8.130033179188849e-07
3.5018181818181824e-06,-0.020198044881574628,0.29934804024242667,2.7856021739786e-07,8.191751277146023e-07
3.5100000000000007e-06,-0.11169545977958108,0.21473974403839532,1.9946452602382714e-07,8.25212530083276e-07
3.5181818181818185e-06,-0.20341563199497878,0.12626153183031216,1.17038913108223e-07,8.311118729486134e-07
3.526363636363637e-06,-0.2943069591071337,0.034867723017770816,3.2171987285683856e-08,8.36869569006618e-07
3.534545454545455e-06,-0.3833124618315509,-0.058436529910665225,-5.420683024472424e-08,8.42482099350869e-07
3.5427272727272733e-06,-0.4693829433376672,-0.15260704943992576,-1.4113809926428039e-07,8.479460170479472e-07
3.5509090909090916e-06,-0.5514902255604907,-0.24657313150729077,-2.2764366983762287e-07,8.532579506579487e-07
3.55909090909091e-06,-0.6286402847746038,-0.3392505755298552,-3.1273836665645565e-07,8.584146076950521e-07
3.5672727272727277e-06,-0.699886107858714,-0.42955507737667376,-3.954419009915198e-07,8.634127780231829e-07
3.575454545454546e-06,-0.7643400924098251,-0.5164158092515451,-4.747908580618389e-07,8.682493371818814e-07
3.583636363636364e-06,-0.8211858181727552,-0.5987890054706634,-5.498506049176665e-07,8.729212496375541e-07
3.5918181818181824e-06,-0.8696890240985133,-0.6756713706925194,-6.197269633278095e-07,8.7742557195538e-07
3.6000000000000007e-06,-0.90920763465913,-0.7461131273539605,-6.835774936938259e-07,8.817594558872399e-07
3.6081818181818185e-06,-0.939200690714287,-0.809230521915164,-7.406222396829773e-07,8.859201513711308e-07
3.6163636363636368e-06,-0.9592360540958567,-0.8642176150058783,-7.90153789047577e-07,8.899050094376541e-07
3.624545454545455e-06,-0.9689967709645712,-0.9103571886433227,-8.315465139183711e-07,8.937114850192783e-07
3.6327272727272733e-06,-0.9682859966802841,-0.9470306142658707,-8.642648636313947e-07,8.973371396582031e-07
3.6409090909090915e-06,-0.957030404165535,-0.9737265382640305,-8.878705947497173e-07,9.007796441088016e-07
3.64909090909091e-06,-0.9352820182578522,-0.9900482568215556,-9.020288362243185e-07,9.040367808307453e-07
3.6572727272727276e-06,-0.9032184400438458,-0.9957196689997446,-9.065129024271955e-07,9.071064463690886e-07
3.665454545454546e-06,-0.8611414473349784,-0.9905897158697192,-9.012077828865066e-07,9.099866536177212e-07
3.673636363636364e-06,-0.8094739799559418,-0.974635233854325,-8.861122547396801e-07,9.126755339627994e-07
3.6818181818181824e-06,-0.7487555410392089,-0.9479621719920018,-8.61339581960038e-07,9.15171339302904e-07
3.6900000000000007e-06,-0.6796360677192178,-0.9108051452676725,-8.271167840559928e-07,9.17472443942874e-07
3.698181818181819e-06,-0.6028683461650838,-0.8635253191428109,-7.837824759292103e-07,9.195773463584508e-07
3.7063636363636368e-06,-0.519299066458784,-0.8066066436200929,-7.317832996429326e-07,9.214846708290366e-07
3.714545454545455e-06,-0.42985863210671477,-0.7406504782537358,-6.716689877249932e-07,9.231931689360968e-07
3.7227272727272733e-06,-0.33554985667539583,-0.6663686721210651,-6.040861160444848e-07,9.247017209249165e-07
3.7309090909090915e-06,-0.23743569589848257,-0.5845751845657328,-5.297706219946247e-07,9.26009336927626e-07
3.73909090909091e-06,-0.13662617737200855,-0.4961763531807943,-4.4953918043456245e-07,9.27115158045636e-07
3.7472727272727276e-06,-0.03426470142803764,-0.40215993470902967,-3.6427954535029304e-07,9.280184572898199e-07
3.755454545454546e-06,0.06848610422080012,-0.30358306200787033,-2.7493997926698783e-07,9.287186403769985e-07
3.763636363636364e-06,0.17045878707928097,-0.2015592756921724,-1.825179048795143e-07,9.292152463815183e-07
3.7718181818181824e-06,0.27049553703549634,-0.09724480229478928,-8.804792398553138e-08,9.295079482409081e-07
3.7800000000000007e-06,0.36746252449397127,0.00817573842891993,7.4106425468380545e-09,9.295965531148499e-07
3.788181818181819e-06,0.4602639177257387,0.11350400624531874,1.027865334921233e-07,9.294810025969056e-07
3.7963636363636367e-06,0.5478553922835049,0.21754279697681034,1.9700948001382748e-07,9.291613727786744e-07
3.804545454545455e-06,0.6292569526063678,0.3191108839294204,2.890231256862664e-07,9.28637874166289e-07
3.8127272727272733e-06,0.7035648957815944,0.4170576455321202,3.7779776720751207e-07,9.279108514493674e-07
3.8209090909090915e-06,0.7699627596910729,0.5102772835718667,4.623427516731952e-07,9.269807831227871e-07
3.82909090909091e-06,0.8277311122600328,0.5977224422772199,5.417183709804784e-07,9.258482809618539e-07
3.837272727272728e-06,0.8762560550258548,0.678417047086073,6.150471008084902e-07,9.245140893516754e-07
3.845454545454546e-06,0.9150363325046235,0.7514681930985533,6.815240405765022e-07,9.229790844717692e-07
3.8536363636363645e-06,0.943688958576448,0.8160769267943508,7.404264216848411e-07,9.212442733371499e-07
3.861818181818183e-06,0.9619532920395882,0.8715477803779712,7.911220640386383e-07,9.193107926973728e-07
3.87e-06,0.9696935152834432,0.9172969358658934,8.330766751582431e-07,9.171799077952107e-07
3.8781818181818185e-06,0.9668994923749961,0.9528589154772841,8.658599018867903e-07,9.148530109868659e-07
3.886363636363637e-06,0.9536860054092888,0.9778917157407501,8.891500615897269e-07,9.123316202258261e-07
3.894545454545455e-06,0.9302903904074823,0.9921803246693517,9.027374975614653e-07,9.096173774126649e-07
3.902727272727273e-06,0.8970686160254192,0.9956385840552255,9.065265218565264e-07,9.067120466133121e-07
3.9109090909090915e-06,0.8544898695399208,0.9883093820542171,9.005359276834942e-07,9.03617512148486e-07
3.91909090909091e-06,0.8031297347017944,0.9703631844257963,8.848980725719281e-07,9.003357765571989e-07
3.927272727272728e-06,0.7436620647950025,0.9420949357209741,8.598565524762025e-07,8.968689584373959e-07
3.935454545454546e-06,0.6768496713551168,0.9039193840339088,8.257625055504244e-07,8.932192901670162e-07
3.9436363636363645e-06,0.603533964238566,0.8563649043257981,7.830696022563287e-07,8.893891155088684e-07
3.951818181818183e-06,0.5246236918895397,0.8000659154834238,7.323277955036103e-07,8.853808871029577e-07
3.96e-06,0.4410829415495124,0.7357540049014444,6.741759204359541e-07,8.811971638499881e-07
3.9681818181818185e-06,0.3539185676569829,0.6642478912149419,6.093332480505152e-07,8.768406081899598e-07
3.976363636363637e-06,0.264167222692232,0.5864423706239779,5.385901098789132e-07,8.723139832799099e-07
3.984545454545455e-06,0.17288216817160285,0.5032964048450729,4.627977222927692e-07,8.676201500749838e-07
3.992727272727273e-06,0.08112004436747486,0.4158205189313584,3.828573484811826e-07,8.627620643171434e-07
4.0009090909090915e-06,-0.01007222435965182,0.3250636848973809,2.9970894366397405e-07,8.577427734359534e-07
4.00909090909091e-06,-0.09967021592448726,0.23209987217942185,2.1431943456503118e-07,8.525654133659902e-07
4.017272727272728e-06,-0.18668432248776498,0.13801444841148897,1.2767078751724144e-07,8.472332052855154e-07
4.025454545454546e-06,-0.27017143083237666,0.043890613795367184,4.074802077772797e-08,8.417494522811604e-07
4.0336363636363645e-06,-0.34924582494740647,-0.04920395047476728,-4.5472684295884045e-08,8.361175359434516e-07
4.041818181818183e-06,-0.42308917755405223,-0.14023004463234628,-1.3003562158531913e-07,8.303409128980743e-07
4.05e-06,-0.4909595119467623,-0.22818935629163206,-2.1201680150723849e-07,8.244231112778477e-07
4.0581818181818184e-06,-0.5521990316286354,-0.3121361526944109,-2.905346557073493e-07,8.183677271404447e-07
4.066363636363637e-06,-0.606240732531842,-0.3911881141839974,-3.647600744188937e-07,8.121784208369286e-07
4.074545454545455e-06,-0.6526137308576693,-0.4645361779062147,-4.339256562487057e-07,8.058589133362275e-07
4.082727272727273e-06,-0.6909472584616395,-0.53145327645961,-4.973340621576315e-07,7.99412982510693e-07
4.0909090909090915e-06,-0.7209732969585886,-0.5913018733393605,-5.543653787243543e-07,7.928444593879162e-07
4.09909090909091e-06,-0.7425278410400917,-0.6435402152666215,-6.044834102183624e-07,7.861572243739772e-07
4.107272727272728e-06,-0.7555508005965985,-0.6877272405801995,-6.47240834341342e-07,7.793552034533151e-07
4.115454545454546e-06,-0.7600845698415053,-0.7235261024950348,-6.822831724991611e-07,7.724423643704026e-07
4.1236363636363645e-06,-0.7562713094793512,-0.7507062859034056,-7.093515419047882e-07,7.654227127983705e-07
4.131818181818183e-06,-0.7443490047969672,-0.7691443162127294,-7.282841734490957e-07,7.583002884997465e-07
4.140000000000001e-06,-0.7246463781565116,-0.7788230781871384,-7.390166958751794e-07,7.510791614843885e-07
4.1481818181818184e-06,-0.6975767485278878,-0.779829781607909,-7.415812031204748e-07,7.437634281696965e-07
4.156363636363637e-06,-0.6636309432360807,-0.7723526285243062,-7.361041375248355e-07,7.363572075481061e-07
4.164545454545455e-06,-0.6233693778659072,-0.7566762536840315,-7.228030367278868e-07,7.288646373668243e-07
4.172727272727273e-06,-0.5774134291417179,-0.7331760251859161,-7.019822062950721e-07,7.212898703246929e-07
4.1809090909090915e-06,-0.5264362324938175,-0.7023113062866546,-6.740273932349801e-07,7.136370702910018e-07
4.18909090909091e-06,-0.4711530408792267,-0.6646177914459517,-6.393995474357736e-07,7.059104085509783e-07
4.197272727272728e-06,-0.41231128421713553,-0.6206990399681371,-5.986277685117962e-07,6.981140600826012e-07
4.205454545454546e-06,-0.35068046953589593,-0.5712173388823693,-5.523015444914578e-07,6.902521998692809e-07
4.2136363636363645e-06,-0.28704206064665716,-0.5168840329198917,-5.010623960971484e-07,6.823289992528574e-07
4.221818181818183e-06,-0.22217947292659798,-0.45844946355050786,-4.4559504599519414e-07,6.74348622331241e-07
4.230000000000001e-06,-0.15686831370791313,-0.3966926610196589,-3.8661823628252404e-07,6.663152224049179e-07
4.238181818181818e-06,-0.091866991948855,-0.3324109332029911,-3.248753196063918e-07,6.58232938476413e-07
4.246363636363637e-06,-0.02790781245508909,-0.266409492919303,-2.6112474968963736e-07,6.501058918066742e-07
4.254545454545455e-06,0.03431133991110597,-0.19949126119744687,-1.961305956871151e-07,6.419381825322147e-07
4.262727272727273e-06,0.09413463166755737,-0.1324469779882314,-1.3065320178380918e-07,6.337338863466993e-07
4.2709090909090914e-06,0.15095514554297051,-0.06604574408427158,-6.544010883945837e-08,6.254970512505314e-07
4.27909090909091e-06,0.20422090940092658,-0.0010261087174686934,-1.2173487871099971e-09,6.172316943718379e-07
4.287272727272728e-06,0.25344003352917416,0.0619121933764937,6.131878497780211e-08,6.089417988620991e-07
4.295454545454546e-06,0.2981849145434262,0.12211576351002666,1.2150939669006097e-07,6.006313108695243e-07
4.3036363636363645e-06,0.3380954783184888,0.1789842401530085,1.7873999205765758e-07,5.92304136593099e-07
4.311818181818183e-06,0.3728814484952151,0.23197611416659242,2.3244675284555066e-07,5.839641394200799e-07
4.320000000000001e-06,0.4023236410118049,0.2806136068996925,2.8212201966530495e-07,5.75615137149545e-07
4.328181818181819e-06,0.4262742985743904,0.3244865743785249,3.2731893248457753e-07,5.672608993044347e-07
4.336363636363637e-06,0.4446564918291691,0.36325541540938516,3.6765519081045904e-07,5.589051445343577e-07
4.344545454545455e-06,0.45746262605625065,0.3966529758841204,4.0281590814775207e-07,5.505515381112609e-07
4.352727272727273e-06,0.4647521033206504,0.42448545571652513,4.325555480047417e-07,5.422036895198879e-07
4.3609090909090914e-06,0.4666482000547151,0.44663233844744715,4.566989412364931e-07,5.338651501447876e-07
4.36909090909091e-06,0.46333422889509324,0.46304537645208454,4.7514139670750104e-07,5.255394110554463e-07
4.377272727272728e-06,0.45504906116486615,0.47374667669665194,4.878479289590384e-07,5.17229900890957e-07
4.385454545454546e-06,0.44208209260836756,0.4788259429738281,4.948516376305168e-07,5.089399838454596e-07
4.3936363636363645e-06,0.4247677398063734,0.4784369403680976,4.962512836704743e-07,5.006729577554106e-07
4.401818181818183e-06,0.40347955809930225,0.4727932562560042,4.922081167582881e-07,4.924320522895816e-07
4.410000000000001e-06,0.37862407382481156,0.4621634393479362,4.829420167355262e-07,4.842204272424884e-07
4.418181818181819e-06,0.3506344242543676,0.4468656040662423,4.687270191266349e-07,4.7604117093182113e-07
4.426363636363637e-06,0.3199638978322737,0.4272615918916572,4.4988630094136143e-07,4.6789729870024287e-07
4.434545454545455e-06,0.2870794652407341,0.40375078418200255,4.267867078437201e-07,4.597917515217767e-07
4.442727272727273e-06,0.25245538851405563,0.37676366238252923,3.9983290741135267e-07,4.517273947128447e-07
4.450909090909091e-06,0.21656699099762078,0.3467552115365608,3.694612555807022e-07,4.437070167478339e-07
4.45909090909091e-06,0.179884665500859,0.31419826161944303,3.361334644821893e-07,4.3573332817894434e-07
4.467272727272728e-06,0.14286819164675996,0.2795768585284564,3.003301597382244e-07,4.278089606598876e-07
4.475454545454546e-06,0.10596142630222476,0.24337975265394748,2.625444139653457e-07,4.1993646607287303e-07
4.4836363636363644e-06,0.06958742321879277,0.20609408793546116,2.2327534074603566e-07,4.1211831575816515e-07
4.491818181818183e-06,0.03414402976182918,0.16819936828727988,1.830218297866402e-07,4.0435689984534796e-07
4.500000000000001e-06,-3.3409164034253095e-15,0.13016177138754947,1.422764994393482e-07,3.9665452668530413e-07
4.508181818181819e-06,-0.03250834539262167,0.092428872199602,1.0151993733406079e-07,3.8901342238177187e-07
4.516363636363637e-06,-0.06307989086260977,0.055424830374732566,6.121529364571407e-08,3.814357304212144e-07
4.524545454545455e-06,-0.09145091660470636,0.019546087017674137,2.180328462766526e-08,3.739235113996157e-07
4.532727272727273e-06,-0.11739670400673295,-0.014842392674350155,-1.6302343408389686e-08,3.664787428446893e-07
4.540909090909091e-06,-0.1407325601614267,-0.047410303515709205,-5.2718847367301846e-08,3.5910331913187594e-07
4.54909090909091e-06,-0.16131427360782483,-0.07786459293939278,-8.70979837893209e-08,3.517990514923893e-07
4.557272727272728e-06,-0.17903802085866197,-0.10595145288919658,-1.1912894267015067e-07,3.445676681114719e-07
4.565454545454546e-06,-0.19383975005726928,-0.1314577105521764,-1.48540701363695e-07,3.3741081431491106e-07
4.5736363636363644e-06,-0.20569407421351418,-0.1542116258902392,-1.7510378960881695e-07,3.3033005284178425e-07
4.581818181818183e-06,-0.21461271183276362,-0.1740831118553283,-1.9863146490144154e-07,3.233268642012993e-07
4.590000000000001e-06,-0.22064251732813125,-0.19098340052298013,-2.1898030532476846e-07,3.1640264711152266e-07
4.598181818181819e-06,-0.2238631473618062,-0.20486418506991774,-2.3605023445256298e-07,3.0955871901770144e-07
4.6063636363636375e-06,-0.22438441217764485,-0.21571627348235486,-2.49783999962056e-07,3.0279631668782e-07
4.614545454545455e-06,-0.22234336305957125,-0.22356779505660795,-2.6016613405280206e-07,2.9611659688296014e-07
4.622727272727273e-06,-0.21790116828701783,-0.22848200510073896,-2.672214295959284e-07,2.895206370999717e-07
4.630909090909091e-06,-0.21123983038038718,-0.23055473673808854,-2.710129710763166e-07,2.830094363839086e-07
4.63909090909091e-06,-0.20255879706853794,-0.22991155133781582,-2.7163976379234305e-07,2.7658391620763305e-07
4.647272727272728e-06,-0.19207151730935731,-0.22670464085492079,-2.692340084101851e-07,2.7024492141594445e-07
4.655454545454546e-06,-0.18000199190556773,-0.22110953626690494,-2.639580708111846e-07,2.6399322123155605e-07
4.663636363636364e-06,-0.16658136584114253,-0.2133216763728474,-2.5600119921237236e-07,2.5782951032019883e-07
4.671818181818183e-06,-0.15204460648586046,-0.20355289051127393,-2.455760417850066e-07,2.51754409912117e-07
4.680000000000001e-06,-0.13662730834878722,-0.19202784730409017,-2.3291501845825955e-07,2.4576846897718995e-07
4.688181818181819e-06,-0.12056266118192141,-0.17898051940239096,-2.182666003001685e-07,2.398721654508926e-07
4.6963636363636374e-06,-0.10407861402157076,-0.164650711461206,-2.0189154885079938e-07,2.3406590750830892e-07
4.704545454545455e-06,-0.08739526328706748,-0.1492806952755794,-1.8405916608739613e-07,2.2835003488339188e-07
4.712727272727273e-06,-0.07072248841391522,-0.13311199224607603,-1.6504360338030863e-07,2.2272482023067157e-07
4.720909090909091e-06,-0.054257853759797,-0.11638233918757185,-1.45120274910803e-07,2.1719047052660717e-07
4.72909090909091e-06,-0.03818479076269179,-0.09932286903274892,-1.2456241763230682e-07,2.1174712850779793e-07
4.737272727272728e-06,-0.02267106962309075,-0.0821555332934239,-1.0363783603462495e-07,2.0639487414326811e-07
4.745454545454546e-06,-0.007867565194324029,-0.06509078831033888,-8.260586578891199e-08,2.0113372613806687e-07
4.753636363636364e-06,0.006092682641304155,-0.04832556242502221,-6.171458588451225e-08,1.9596364346544267e-07
4.761818181818183e-06,0.019095118001472275,-0.032041516322360575,-4.119830419292177e-08,1.908845269248753e-07
4.770000000000001e-06,0.0310440352102387,-0.01640360399201856,-2.1275336584531013e-08,1.8589622072328346e-07
4.778181818181819e-06,0.04186267350612774,-0.0015589371081051843,-2.1460948545651592e-09,1.809985140767508e-07
4.7863636363636374e-06,0.05149305476358248,0.01236404880907624,1.600850614259608e-08,1.7619114283016225e-07
4.794545454545455e-06,0.059895581534953765,0.025256132252901273,3.302831652848052e-08,1.7147379109217286e-07
4.802727272727273e-06,0.06704841510388761,0.037027557267377685,4.8774893615350425e-08,1.6684609288297925e-07
4.810909090909091e-06,0.0729466552004425,0.04760801181227547,6.313212174045181e-08,1.6230763379241512e-07
4.81909090909091e-06,0.07760134455837676,0.05694634921442955,7.600651733191831e-08,1.5785795264593734e-07
4.827272727272728e-06,0.08103832259746656,0.06501007165653648,8.732723068727004e-08,1.5349654317612337e-07
4.835454545454546e-06,0.08329695319678268,0.07178459691744575,9.704575946976118e-08,1.492228556973607e-07
4.843636363636364e-06,0.0844287518027524,0.07727233140051155,1.0513539207411893e-07,1.450362987814624e-07
4.851818181818183e-06,0.08449593700828281,0.08149157386687851,1.115904017549561e-07,1.4093624093200775e-07
4.860000000000001e-06,0.0835699312706935,0.08447527523342983,1.1642501472896613e-07,1.3692201225526794e-07
4.868181818181819e-06,0.08172983463534411,0.08626968031181301,1.1967217734365076e-07,1.3299290612564183e-07
4.876363636363637e-06,0.07906089423070986,0.08693287747269683,1.2138214884548452e-07,1.2914818084359312e-07
4.884545454545456e-06,0.07565299093405693,0.08653328194074993,1.2162094728046335e-07,1.2538706128415189e-07
4.892727272727273e-06,0.07159916301162539,0.08514807778796672,1.2046867662765354e-07,1.2170874053410746e-07
4.900909090909091e-06,0.06699418475145137,0.08286164272705332,1.1801776341529895e-07,1.181123815160954e-07
4.90909090909091e-06,0.0619332161694223,0.07976397854699378,1.1437113081835873e-07,1.14597118597852e-07
4.917272727272728e-06,0.05651053781853582,0.07594916851650318,1.0964033760996673e-07,1.1116205918498027e-07
4.925454545454546e-06,0.05081838260575491,0.07151388134644636,1.039437083654788e-07,1.0780628529564996e-07
4.933636363636364e-06,0.04494587435711332,0.06655593938910742,9.740448002834204e-08,1.0452885511572374e-07
4.941818181818183e-06,0.03897808070500749,0.061172966700423013,9.014898837683681e-08,1.0132880453287607e-07
4.950000000000001e-06,0.03299518573483893,0.05546113044060992,8.230491611691604e-08,9.820514864835382e-08
4.958181818181819e-06,0.027071785751755013,0.04951398687775992,7.399962230767489e-08,9.515688326509054e-08
4.966363636363637e-06,0.021276309539659814,0.04342144102518106,6.535857064213291e-08,9.218298635097103e-08
4.974545454545456e-06,0.015670562608296693,0.03726882672178368,5.65038717970352e-08,8.928241947611368e-08
4.982727272727273e-06,0.010309393181069174,0.031136111788465128,4.7552952671014075e-08,8.645412922311275e-08
4.990909090909091e-06,0.005240476083923256,0.02509723079226369,3.861736288954437e-08,8.369704856925412e-08
4.99909090909091e-06,0.0005042092681670123,0.019219545950953883,2.9801726505114403e-08,8.101009823979832e-08
5.007272727272728e-06,-0.0038662835519488637,0.013563434837326017,2.120284439744393e-08,7.839218803148836e-08
5.015454545454546e-06,-0.007845051735520654,0.008182001814719876,1.2908950514622494e-08,7.584221810551967e-08
5.023636363636364e-06,-0.011413126496916297,0.003120908569960437,4.999122822201545e-09,7.335908024927132e-08
5.031818181818183e-06,-0.014558248801247158,-0.0015816822804491986,-2.4571523289573928e-09,7.094165910617739e-08
5.040000000000001e-06,-0.017274526052797928,-0.005895057740893029,-9.400265719681699e-09,6.858883337317947e-08
5.048181818181819e-06,-0.01956202758775006,-0.009795807389637274,-1.578062581973174e-08,6.629947696526677e-08
5.056363636363637e-06,-0.02142632914238245,-0.013267587802940514,-2.1558661212660895e-08,6.407246014668327e-08
5.064545454545456e-06,-0.022878016465415645,-0.01630080815008357,-2.670469319421706e-08,6.190665062844035e-08
5.072727272727274e-06,-0.023932158089810966,-0.018892247102047132,-3.119868812537322e-08,5.980091463183598e-08
5.080909090909091e-06,-0.02460775698826649,-0.021044611457675746,-3.502990018643851e-08,5.775411791774844e-08
5.0890909090909096e-06,-0.024927190422184487,-0.02276604697924763,-3.819641603131566e-08,5.576512678152325e-08
5.097272727272728e-06,-0.02491564677127594,-0.024069611855300037,-4.070461348118447e-08,5.383280901333955e-08
5.105454545454546e-06,-0.024600567516061836,-0.02497272298499873,-4.2568546828164696e-08,5.1956034823992714e-08
5.113636363636364e-06,-0.02401110185448469,-0.0254965849193999,-4.380927154817244e-08,5.01336777360836e-08
5.121818181818183e-06,-0.02317758068284153,-0.02566561081586899,-4.445412125716406e-08,4.836461544066173e-08
5.130000000000001e-06,-0.0221310158762276,-0.02550684417872244,-4.453594959752184e-08,4.664773061941617e-08
5.138181818181819e-06,-0.020902629980104174,-0.025049389488354796,-4.4092349424737376e-08,4.498191173256036e-08
5.146363636363637e-06,-0.01952342058724693,-0.024323859079394678,-4.31648611937465e-08,4.336605377259975e-08
5.154545454545456e-06,-0.018023762837079127,-0.023361842832392784,-4.179818183558579e-08,4.179905898421782e-08
5.162727272727274e-06,-0.016433052650101913,-0.022195406409419444,-4.003938468582472e-08,4.027983755056279e-08
5.170909090909091e-06,-0.014779392510480537,-0.020856622907381828,-3.793716019453778e-08,3.8807308246248284e-08
5.1790909090909096e-06,-0.013089320845237708,-0.01937714193869672,-3.554108623187629e-08,3.738039905743113e-08
5.187272727272728e-06,-0.011387585328016385,-0.01778779929102137,-3.290093582211196e-08,3.599804776935766e-08
5.195454545454546e-06,-0.009696959766662475,-0.016118269478761823,-3.0066029110708734e-08,3.465920252181029e-08
5.203636363636364e-06,-0.00803810362323065,-0.014396762690499991,-2.7084635311405036e-08,3.336282233291363e-08
5.211818181818183e-06,-0.00642946266727782,-0.012649766868417633,-2.4003429310647184e-08,3.210787759179649e-08
5.220000000000001e-06,-0.004887208781981994,-0.010901834936948622,-2.086700654124884e-08,3.089335052062812e-08
5.228181818181819e-06,-0.003425216529866675,-0.009175416535515178,-1.771745869102575e-08,2.9718235606578737e-08
5.236363636363637e-06,-0.0020550737416378667,-0.007490733010098206,-1.4594011799240903e-08,2.858154000427577e-08
5.244545454545456e-06,-0.0007861231175824693,-0.005865693884918557,-1.1532727326488779e-08,2.7482283909354506e-08
5.252727272727274e-06,0.00037446837520288724,-0.00431585257163297,-8.566265873136311e-09,2.641950090371646e-08
5.260909090909091e-06,0.001421615667100965,-0.0028543986808117925,-5.723712377053919e-09,2.5392238273134644e-08
5.2690909090909095e-06,0.0023522007473465462,-0.001492183979444895,-3.0304608509307177e-09,2.439955729785564e-08
5.277272727272728e-06,0.003164940277767709,-0.00023777878803030975,-5.081560291835723e-10,2.3440533516872026e-08
5.285454545454546e-06,0.0038602390799269393,0.0009024445704156983,1.8253113110720044e-09,2.2514256966542084e-08
5.293636363636364e-06,0.004440032833454374,0.0019242047721295527,3.955759108280611e-09,2.161983239425542e-08
5.3018181818181826e-06,0.004907623196534197,0.0028251845003484065,5.87262303570029e-09,2.075637944784856e-08
5.310000000000001e-06,0.0052675083946933515,0.003604887008502315,7.568824302507175e-09,1.9923032841482254e-08
5.318181818181819e-06,0.005525212127020418,0.004264479729262282,9.040601008574703e-09,1.911894249870368e-08
5.326363636363637e-06,0.005687113415503785,0.004806628312819892,1.0287307990075611e-08,1.834327367341943e-08
5.334545454545456e-06,0.0057602797790569015,0.005235324328430449,1.131119017631356e-08,1.7595207049508404e-08
5.342727272727274e-06,0.005752305854572954,0.005555709677480668,1.2117134483951316e-08,1.6873938819810525e-08
5.350909090909092e-06,0.00567115931836745,0.005773900550116048,1.271240520846013e-08,1.6178680745223497e-08
5.3590909090909095e-06,0.005525035687675559,0.00589681351673808,1.3106367740261319e-08,1.5508660194644738e-08
5.367272727272728e-06,0.005322223308160415,0.005931996086301111,1.33102052413259e-08,1.486312016649017e-08
5.375454545454546e-06,0.005070979563947446,0.005887463790951358,1.3336632673998667e-08,1.4241319292521638e-08
5.383636363636364e-06,0.004779419085374724,0.0057715455765354326,1.3199612284875823e-08,1.364253182471161e-08
5.3918181818181826e-06,0.0044554144798247255,0.005592738995907631,1.2914074320167518e-08,1.3066047605866411e-08
5.400000000000001e-06,0.004106509875579325,0.0053595764214370316,1.2495646392646938e-08,1.2511172024726146e-08
5.408181818181819e-06,0.003739847350034252,0.005080503218872593,1.196039454142648e-08,1.197722595625147e-08
5.416363636363637e-06,0.003362106113753212,0.00476376856051298,1.1324578631637419e-08,1.1463545687800112e-08
5.424545454545456e-06,0.0029794541421937454,0.004417329304705703,1.0604424338531171e-08,1.0969482831887173e-08
5.432727272727274e-06,0.002597511788499827,0.004048767133828965,9.815913556102857e-09,1.049440422621428e-08
5.440909090909092e-06,0.002221326774101378,0.0036652189263523464,8.974594670145936e-09,1.0037691821642242e-08
5.4490909090909095e-06,0.0018553598391554986,0.0032733201420975075,8.095413745238311e-09,9.598742558770588e-09
5.457272727272728e-06,0.00150348024190728,0.002879160824712433,7.192567299542326e-09,9.176968233777862e-09
5.465454545454546e-06,0.001168970224305239,0.002488253672454767,6.279376984877773e-09,8.77179535415972e-09
5.473636363636364e-06,0.0008545375098456065,0.0021055134980413615,5.368186156081252e-09,8.382664984996956e-09
5.4818181818181825e-06,0.0005623348675621125,0.001735247290554423,4.470278006352027e-09,8.009032586361097e-09
5.490000000000001e-06,0.00029398576202337314,0.0013811540068307507,3.595814666619978e-09,7.65036784246589e-09
5.498181818181819e-06,5.061511168322689e-05,0.0010463331557058696,2.7537964188465954e-09,7.306154483143646e-09
5.506363636363637e-06,-0.00016711580465079753,0.0007333011949588525,1.9520399568855273e-09,6.975890098222452e-09
5.5145454545454556e-06,-0.00035897122280075894,0.0004440147365800536,1.1971744447732063e-09,6.659085945360949e-09
5.522727272727274e-06,-0.0005251004370632537,0.00017989954963583133,4.946539712749844e-10,6.35526675188063e-09
5.530909090909092e-06,-0.0006659958484408696,-5.811564005111391e-05,-1.5121511918251952e-10,6.063970511122322e-09
5.5390909090909095e-06,-0.000782450292936961,-0.0002695615296464829,-7.372336262029642e-10,5.784748273840746e-09
5.547272727272728e-06,-0.0008755143595019963,-0.0004543877373516567,-1.2612572875628986e-09,5.517163935126618e-09
5.555454545454546e-06,-0.0009464543365510999,-0.0006129203092621798,-1.7221346597007209e-09,5.260794017341688e-09
5.563636363636364e-06,-0.0009967113522997128,-0.000745818067999354,-2.119636777667198e-09,5.015227449524368e-09
5.5718181818181825e-06,-0.001027862198957923,-0.0008540285711571195,-2.4543802641703236e-09,4.780065343716407e-09
5.580000000000001e-06,-0.001041582255440394,-0.0009387443770650905,-2.7277455115147123e-09,4.554920768640448e-09
5.588181818181819e-06,-0.0010396108489120295,-0.0010013602408777869,-2.9417914945578494e-09,4.3394185211438724e-09
5.596363636363637e-06,-0.0010237193232881454,-0.0010434317871335843,-3.0991686898799537e-09,4.133194895807667e-09
5.6045454545454556e-06,-0.0009956820136882666,-0.0010666361271464838,-3.2030314788435004e-09,3.93589745310215e-09
5.612727272727274e-06,-0.0009572502606067884,-0.001072734812237331,-3.2569513027684515e-09,3.747184786460207e-09
5.620909090909092e-06,-0.0009101295368704822,-0.0010635394380807525,-3.2648317196754656e-09,3.566726288614588e-09
5.62909090909091e-06,-0.0008559597048206067,-0.0010408801423962598,-3.230826386517032e-09,3.394201917539284e-09
5.637272727272728e-06,-0.0007962983709696169,-0.00100657716875195,-3.159260860956231e-09,3.229301962312471e-09
5.645454545454546e-06,-0.0007326072608940039,-0.0009624156041316715,-3.054558984868685e-09,3.0717268092089185e-09
5.653636363636364e-06,-0.000666241498471522,-0.000910123337750715,-2.921174479982635e-09,2.921186708309135e-09
5.6618181818181825e-06,-0.0005984416407775229,-0.0008513522338610794,-2.763528256390768e-09,2.7774015409029373e-09
5.670000000000001e-06,-0.0005303282929483632,-0.0007876624623010377,-2.585951808834777e-09,2.6401005879462925e-09
5.678181818181819e-06,-0.0004628991059368723,-0.0007205098875214662,-2.3926369552332437e-09,2.5090222998207814e-09
5.686363636363637e-06,-0.00039702794408771414,-0.0006512363798473458,-2.187592058236923e-09,2.383914067625118e-09
5.6945454545454555e-06,-0.0003334659985458785,-0.0005810628817802749,-1.974604764779596e-09,2.26453199621986e-09
5.702727272727274e-06,-0.00027284461632348775,-0.0005110850370937265,-1.757211201553462e-09,2.150640679229697e-09
5.710909090909092e-06,-0.00021567961299127938,-0.0004422711711120065,-1.5386714767704375e-09,2.042012976195813e-09
5.71909090909091e-06,-0.00016237683900377633,-0.00037546239662058736,-1.3219512609627022e-09,1.9384297920594266e-09
5.727272727272728e-06,-0.00011323877516334432,-0.00031137461099222443,-1.109709152225808e-09,1.8396798591414955e-09
5.735454545454546e-06,-6.84719412201294e-05,-0.00025060214594042196,-9.04289474321239e-10,1.7455595217758253e-09
5.743636363636364e-06,-2.8194912632727655e-05,-0.0001936228313997689,-7.077201093805338e-10,1.655872523736921e-09
5.7518181818181825e-06,7.553246375092819e-06,-0.00014080423892586798,-5.217149303693015e-10,1.570429798598573e-09
5.760000000000001e-06,3.880431057197174e-05,-9.241087723760611e-05,-3.4768037163785724e-10,1.4890492631392118e-09
5.768181818181819e-06,6.565214342374228e-05,-4.8612122619402345e-05,-1.8672565833143628e-10,1.4115556139096385e-09
5.776363636363637e-06,8.824401307240579e-05,-9.490679391163918e-06,-3.9676206587837304e-11,1.3377801270599907e-09
5.7845454545454555e-06,0.00010677210164866578,2.4948619923351496e-05,9.291029433751888e-11,1.267560461518802e-09
5.792727272727274e-06,0.00012146531758238657,5.4769849191430326e-05,2.1072560032937952e-10,1.2007404656030827e-09
5.800909090909092e-06,0.00013258150335327372,8.009701552442822e-05,3.136909002469923e-10,1.1371699871343327e-09
5.80909090909091e-06,0.00014040011433947213,0.0001011052182530628,4.019355236423603e-10,1.0767046871205692e-09
5.8172727272727286e-06,0.0001452154283027319,0.00011801206195529506,4.757747948327668e-10,1.019205857062378e-09
5.825454545454546e-06,0.0001473303297872541,0.00013106942755653425,5.356874318312181e-10,9.645402399281636e-10
5.833636363636364e-06,0.00014705069946144013,0.00014055568792727322,5.822928573470935e-10,9.125798548394002e-10
5.8418181818181825e-06,0.00014468042531933198,0.00014676843738306732,6.163287552435366e-10,8.632018254982435e-10
5.850000000000001e-06,0.0001405170407705991,0.00015001778826740787,6.386291702305119e-10,8.162882123831803e-10
5.858181818181819e-06,0.0001348479840428891,0.00015062027255118016,6.501034118899395e-10,7.717258487324246e-10
5.866363636363637e-06,0.00012794746402842072,0.0001488933722552705,6.517159870434652e-10,7.294061803303216e-10
5.8745454545454555e-06,0.00012007390973229023,0.0001451506896021043,6.444677475778572e-10,6.892251091019038e-10
5.882727272727274e-06,0.00011146797380488671,0.0001396977562034152,6.293784046992517e-10,6.510828405234544e-10
5.890909090909092e-06,0.00010235105522669485,0.0001328284703438507,6.074705256650001e-10,6.148837348444091e-10
5.89909090909091e-06,9.292430200532946e-05,0.0001248221425445476,5.797550957711669e-10,5.805361621166761e-10
5.9072727272727285e-06,8.336805167238984e-05,0.00011594112208166018,5.472186971029529e-10,5.479523610233604e-10
5.915454545454546e-06,7.384166535079402e-05,0.0001064289709605796,5.108123265718979e-10,5.170483014948171e-10
5.923636363636364e-06,6.448371011214806e-05,9.650914695528512e-05,4.71441849295079e-10,4.877435510954567e-10
5.9318181818181825e-06,5.5412444162838776e-05,8.638415364751326e-05,4.299600595865683e-10,4.599611451704028e-10
5.940000000000001e-06,4.6726559987469264e-05,7.623511286559932e-05,3.871603008203799e-10,4.3362746072729037e-10
5.948181818181819e-06,3.8506141838146216e-05,6.622171344216156e-05,3.437715772616828e-10,4.086720940410966e-10
5.956363636363637e-06,3.081379578726806e-05,5.6482489687928254e-05,3.004550756312184e-10,3.8502774196052437e-10
5.9645454545454555e-06,2.3695912861400128e-05,4.713538331212751e-05,2.5780200163424517e-10,3.626300868995837e-10
5.972727272727274e-06,1.7184028449527226e-05,3.8278543599605435e-05,2.1633262686826713e-10,3.4141768549813434e-10
5.980909090909092e-06,1.1296244140284224e-05,2.9991322373556626e-05,1.7649643429552812e-10,3.213318609416043e-10
5.98909090909091e-06,6.038681305270306e-06,2.2335422527073183e-05,1.3867324569379066e-10,3.023165989282343e-10
5.9972727272727285e-06,1.4069390314825232e-06,1.5356161597832118e-05,1.031752119955792e-10,2.843184472828298e-10
6.005454545454546e-06,-2.6124676553587634e-06,9.0838148922282e-06,7.024954701372086e-11,2.6728641922279603e-10
6.013636363636364e-06,-6.040710006298376e-06,3.535005944451402e-06,4.0081886516809e-11,2.511719002881411e-10
6.0218181818181825e-06,-8.905305670107802e-06,-1.2858844668600222e-06,1.2800157746069397e-11,2.359285589633413e-10
6.030000000000001e-06,-1.1238851036281629e-05,-5.385316007735067e-06,-1.1521150952366911e-11,2.2151226102834213e-10
6.038181818181819e-06,-1.3077837119149668e-05,-8.779214926459939e-06,-3.2856424912513185e-11,2.0788098770013564e-10
6.046363636363637e-06,-1.4461557489631303e-05,-1.1491646915233581e-05,-5.12241600701382e-11,1.9499475763978953e-10
6.0545454545454555e-06,-1.5431114158576033e-05,-1.3553551610737351e-05,-6.668209214426053e-11,1.828155529363451e-10
6.062727272727274e-06,-1.6028524941416155e-05,-1.5001550441827078e-05,-7.932230001186172e-11,1.7130724919886498e-10
6.070909090909092e-06,-1.6295933700125956e-05,-1.5876836522020773e-05,-8.926635662077865e-11,1.6043554994021952e-10
6.07909090909091e-06,-1.6274922971691734e-05,-1.622415250360981e-05,-9.66605919846594e-11,1.5016792547011445e-10
6.0872727272727285e-06,-1.6005926853796244e-05,-1.60908597822554e-05,-1.0167152394620835e-10,1.4047355658186006e-10
6.095454545454547e-06,-1.5527740625047906e-05,-1.5526100179585693e-05,-1.044815036329171e-10,1.3132328337380262e-10
6.103636363636364e-06,-1.48771224218054e-05,-1.4580049244223431e-05,-1.0528461399779179e-10,1.2268955963143336e-10
6.1118181818181824e-06,-1.4088481366136423e-05,-1.3303258603407678e-05,-1.0428285164425627e-10,1.1454641328402913e-10
6.120000000000001e-06,-1.3193645826687299e-05,-1.1746083369716948e-05,-1.0168261438111433e-10,1.068694135461831e-10
6.128181818181819e-06,-1.2221704981100385e-05,-9.958189457262346e-06,-9.769150971772918e-11,9.963564547330925e-11
6.136363636363637e-06,-1.1198916518365569e-05,-7.988134779167951e-06,-9.251549285560105e-11,9.28236927619051e-11
6.1445454545454555e-06,-1.0148673154327568e-05,-5.883017667075664e-06,-8.635633670300124e-11,8.641362973026412e-11
6.152727272727274e-06,-9.091520615037605e-06,-3.688185454683605e-06,-7.940943107231658e-11,8.038702347459759e-11
6.160909090909092e-06,-8.045219852073836e-06,-1.4469959820451374e-06,-7.186190352300994e-11,7.472694717309601e-11
6.16909090909091e-06,-7.0248464728237625e-06,7.993752124546828e-07,-6.389105029909557e-11,6.941800533590335e-11
6.1772727272727285e-06,-6.0429206789521e-06,3.0120890588439835e-06,-5.566306246523913e-11,6.444637134777922e-11
6.185454545454547e-06,-5.109561390511701e-06,5.154765186460188e-06,-4.733202965160813e-11,5.979983673516549e-11
6.193636363636364e-06,-4.23265867497693e-06,7.193578454560128e-06,-3.9039201749863025e-11,5.54678699417553e-11
6.2018181818181824e-06,-3.418059084591079e-06,9.097335445316932e-06,-3.0912487421635013e-11,5.144167960808506e-11
6.210000000000001e-06,-2.669759017766906e-06,1.0837535929234352e-05,-2.3066167347308787e-11,4.7714272929063247e-11
6.218181818181819e-06,-1.990101748144484e-06,1.2388423600414964e-05,-1.5600799707982554e-11,4.428049301982723e-11
6.226363636363637e-06,-1.379974296980404e-06,1.3727029624788448e-05,-8.603295409026989e-12,4.113700997194383e-11
6.2345454545454555e-06,-8.390008509067342e-07,1.4833211767530557e-05,-2.1471409606754777e-12,3.8282228609496e-11
6.242727272727274e-06,-3.6572993927150675e-07,1.568969108720212e-05,3.7072523151474886e-12,3.5716063609233445e-11
6.250909090909092e-06,4.21869238587444e-08,1.628208742370416e-05,8.912093048322548e-12,3.343952409854401e-11
6.25909090909091e-06,3.8782696417055744e-07,1.6598954181519566e-05,1.3431667581458144e-11,3.145405350228954e-11
6.2672727272727285e-06,6.748396370145105e-07,1.663181223087468e-05,1.7241728307023257e-11,2.976059806571777e-11
6.275454545454547e-06,9.07302884513451e-07,1.6375182126622206e-05,2.0328828583713778e-11,2.8358439559287253e-11
6.283636363636364e-06,1.0895928016567933e-06,1.5826613287064335e-05,2.2689618575907577e-11,2.724392256665112e-11
6.291818181818182e-06,1.2262670317354948e-06,1.498670829294659e-05,2.433011466064851e-11,2.6409307987087536e-11
6.300000000000001e-06,1.3219619290019923e-06,1.3859140070207385e-05,2.526495335779381e-11,2.5842038965407997e-11
6.308181818181819e-06,1.381303282602491e-06,1.2450659415098166e-05,2.5516639073723734e-11,2.5524658630312183e-11
6.316363636363637e-06,1.4088301896381113e-06,1.077109010869558e-05,2.5114793366900238e-11,2.54354598819724e-11
6.3245454545454554e-06,1.4089314951411421e-06,8.833308748272349e-06,2.4095411945525805e-11,2.554973628593875e-11
6.332727272727274e-06,1.3857940808257553e-06,6.653206394011844e-06,2.25001342329596e-11,2.584134147980717e-11
6.340909090909092e-06,1.343362180370248e-06,4.249629191038726e-06,2.0375529093340837e-11,2.628422439171847e-11
6.34909090909091e-06,1.2853068241310292e-06,1.6442952786604554e-06,1.777239921517804e-11,2.6853685221597428e-11
6.3572727272727285e-06,1.2150044678247014e-06,-1.138314461644088e-06,1.4745105710414966e-11,2.752723049451678e-11
6.365454545454547e-06,1.1355238349908761e-06,-4.071093947466904e-06,1.1350913706437645e-11,2.828502714940791e-11
6.373636363636365e-06,1.049619999079124e-06,-7.124479462313212e-06,7.64935908999506e-12,2.9110029914140974e-11
6.381818181818182e-06,9.597347449260706e-07,-1.0266648531304043e-05,3.701636097786928e-12,2.998788176431871e-11
6.390000000000001e-06,8.680022784169788e-07,-1.3463750882056863e-05,-4.299948613835046e-13,3.0906680365156726e-11
6.398181818181819e-06,7.76259394586926e-07,-1.668017171289302e-05,-4.682779937918479e-12,3.185668209966038e-11
6.406363636363637e-06,6.860592657870879e-07,-1.9878826897344866e-05,-8.994025949403569e-12,3.282999189075281e-11
6.4145454545454554e-06,5.986880704740742e-07,-2.3021489133342688e-05,-1.3301636612235914e-11,3.38202674985771e-11
6.422727272727274e-06,5.151837475198737e-07,-2.6069143411439537e-05,-1.754463146002245e-11,3.482245291967867e-11
6.430909090909092e-06,4.363562287403531e-07,-2.8982369542457793e-05,-2.166364774996825e-11,3.5832546443282106e-11
6.43909090909091e-06,3.6280857186828824e-07,-3.1721748861785e-05,-2.5601425321633128e-11,3.6847403586450996e-11
6.4472727272727285e-06,2.949584859358173e-07,-3.424829162374938e-05,-2.9303273988102546e-11,3.786457233819834e-11
6.455454545454547e-06,2.330598096780376e-07,-3.652388102393195e-05,-3.271752262275832e-11,3.8882156927989556e-11
6.463636363636365e-06,1.7722357002926234e-07,-3.851172925115129e-05,-3.579594866949063e-11,3.9898706032722026e-11
6.471818181818182e-06,1.2743831115956218e-07,-4.017684048722495e-05,-3.849418637456186e-11,4.091312151408275e-11
6.480000000000001e-06,8.358944408226684e-08,-4.148647535354713e-05,-4.077211162295796e-11,4.192458418599334e-11
6.488181818181819e-06,4.5477422117407336e-08,-4.241061095769104e-05,-4.259420087995116e-11,4.293249358608786e-11
6.496363636363637e-06,1.2834598043740885e-08,-4.2922390425951755e-05,-4.392986140738051e-11,4.3936419203037426e-11
6.504545454545455e-06,-1.4659335620667574e-08,-4.299855562332153e-05,-4.475372964228807e-11,4.4936061039993824e-11
6.512727272727274e-06,-3.736338121119539e-08,-4.26198566665e-05,-4.5045934425805555e-11,4.593121777871564e-11
6.520909090909092e-06,-5.566276787293836e-08,-4.177143183511569e-05,-4.4792321634470474e-11,4.692176111718807e-11
6.52909090909091e-06,-6.995797280954238e-08,-4.0443151587107286e-05,-4.3984636727628554e-11,4.790761512902091e-11
6.5372727272727284e-06,-8.065519796812789e-08,-3.862992058813962e-05,-4.262066176643688e-11,4.888873970479294e-11
6.545454545454547e-06,-8.815824705581853e-08,-3.633193196989723e-05,-4.0704303599654576e-11,4.9865117311255983e-11
6.553636363636365e-06,-9.286173078449312e-08,-3.355486843410815e-05,-3.824563014177215e-11,5.0836742455150467e-11
6.561818181818183e-06,-9.514551516576019e-08,-3.031004531486206e-05,-3.526085199145791e-11,5.180361334634913e-11
6.570000000000001e-06,-9.537031817730881e-08,-2.6614491298961423e-05,-3.1772247050986045e-11,5.2765725355991403e-11
6.578181818181819e-06,-9.387435382959143e-08,-2.249096317949736e-05,-2.7808026301278324e-11,5.372306593603159e-11
6.586363636363637e-06,-9.097091920735513e-08,-1.7967891774909416e-05,-2.3402139460669722e-11,5.46756107319644e-11
6.594545454545455e-06,-8.694681907531525e-08,-1.3079256973768217e-05,-1.8594019896465387e-11,5.5623320667991657e-11
6.602727272727274e-06,-8.20615237616255e-08,-7.864390751686605e-06,-1.3428268857787547e-11,5.6566139822545763e-11
6.610909090909092e-06,-7.654695892179093e-08,-2.3677079390769507e-06,-7.95427984799885e-12,5.7503993951396276e-11
6.61909090909091e-06,-7.060783011317347e-08,3.3616345135045948e-06,-2.22580473839983e-12,5.843678953277042e-11
6.6272727272727284e-06,-6.442239057268179e-08,9.27014803239173e-06,3.6995359673795335e-12,5.936441323812207e-11
6.635454545454547e-06,-5.814356690875019e-08,1.53004899344899e-05,9.76079549159486e-12,6.028673174727385e-11
6.643636363636365e-06,-5.190036434102981e-08,2.1392004209835207e-05,1.5894291723491153e-11,6.120359183904778e-11
6.651818181818183e-06,-4.5799480422246585e-08,2.748132084428954e-05,2.2034241908635585e-11,6.211482070553012e-11
6.660000000000001e-06,-3.992706365893324e-08,3.35030080097156e-05,2.811343549095181e-11,6.302022644119762e-11
6.668181818181819e-06,-3.435056094073686e-08,3.9390270555366306e-05,3.406393879363851e-11,6.391959867236793e-11
6.676363636363637e-06,-2.9120605047612797e-08,4.5075687402687964e-05,3.98178245724447e-11,6.481270929646086e-11
6.684545454545455e-06,-2.4272900611201617e-08,5.04919796889179e-05,4.530791888520943e-11,6.569931330244704e-11
6.692727272727274e-06,-1.9830073665427157e-08,5.557280083725501e-05,5.046855722673187e-11,6.657914965766919e-11
6.700909090909092e-06,-1.5803456257781037e-08,6.025353916780945e-05,5.523634146606348e-11,6.745194223809626e-11
6.70909090909091e-06,-1.2194783452682319e-08,6.447212321634704e-05,5.955088882403147e-11,6.831740079325876e-11
6.717272727272728e-06,-8.997785405245333e-09,6.816981960539499e-05,6.335556393492455e-11,6.917522193045003e-11
6.725454545454547e-06,-6.199661996971765e-09,7.129201311994086e-05,6.659818496173257e-11,7.00250901123518e-11
6.733636363636365e-06,-3.782431797181669e-09,7.37889585825134e-05,6.923169478284837e-11,7.08666786589247e-11
6.741818181818183e-06,-1.7241508499347883e-09,7.561649420538238e-05,7.121478843674979e-11,7.169965074732325e-11
6.750000000000001e-06,8.583389959926e-23,7.673670632602869e-05,7.251248831318797e-11,7.252366040616795e-11
6.758181818181819e-06,1.4167578147362564e-09,7.711853580795049e-05,7.309665899538401e-11,7.333835349982882e-11
6.766363636363637e-06,2.553946634809298e-09,7.673831690965172e-05,7.294645420377473e-11,7.414336869884465e-11
6.774545454545455e-06,3.4397674414027786e-09,7.558024008386417e-05,7.204868895140527e-11,7.493833843646262e-11
6.782727272727274e-06,4.102202134592546e-09,7.363673095894315e-05,7.039813078723203e-11,7.572288984550929e-11
6.790909090909092e-06,4.568523615450357e-09,7.090873866764069e-05,6.7997704878441e-11,7.649664567864803e-11
6.79909090909091e-06,4.864903346950545e-09,6.74059277175573e-05,6.48586086416151e-11,7.725922520778991e-11
6.807272727272728e-06,5.016107341022007e-09,6.31467687323761e-05,6.10003326766963e-11,7.801024510293458e-11
6.815454545454547e-06,5.045271338229071e-09,5.815852461911771e-05,5.6450585866795873e-11,7.874932028988967e-11
6.823636363636365e-06,4.9737459753170534e-09,5.2477130016259815e-05,5.124512366727378e-11,7.947606478701654e-11
6.831818181818183e-06,4.8210029390156965e-09,4.614696323190455e-05,4.542747980935421e-11,8.019009251853062e-11
6.8400000000000014e-06,4.604593449160877e-09,3.922051127276862e-05,3.904860286294675e-11,8.089101810805539e-11
6.848181818181819e-06,4.3401508700816494e-09,3.175792997719299e-05,3.2166400331345405e-11,8.157845764818232e-11
6.856363636363637e-06,4.04142978878848e-09,2.38265026811558e-05,2.4845194164693988e-11,8.225202944897379e-11
6.864545454545455e-06,3.7203744971602085e-09,1.550000224518521e-05,1.7155092765388634e-11,8.291135476384175e-11
6.872727272727274e-06,3.3872104513258784e-09,6.8579626296757875e-06,9.171285700036415e-12,8.355605849473977e-11
6.880909090909092e-06,3.050552935907811e-09,-2.0151324956007e-06,9.732684103165783e-13,8.418576987336401e-11
6.88909090909091e-06,2.717527817636408e-09,-1.1030735404208735e-05,-7.355994780654631e-12,8.480012312231992e-11
6.897272727272728e-06,2.3938999186052616e-09,-2.0097184403283622e-05,-1.573096016578285e-11,8.539875809363567e-11
6.905454545454547e-06,2.084205163128753e-09,-2.9120707527262566e-05,-2.4064436646795405e-11,8.598132088637054e-11
6.913636363636365e-06,1.7918832450908967e-09,-3.800646811959708e-05,-3.2268549534536337e-11,8.654746444117104e-11
6.921818181818183e-06,1.5194081182224159e-09,-4.6659639849982285e-05,-4.02557249132932e-11,8.70968491153156e-11
6.930000000000001e-06,1.2684141251639826e-09,-5.4986498137193026e-05,-4.793968291212012e-11,8.762914323527098e-11
6.938181818181819e-06,1.0398160493759011e-09,-6.289551454035664e-05,-5.523642795657999e-11,8.814402362678659e-11
6.946363636363637e-06,8.339217952821058e-10,-7.029844045040587e-05,-6.206522396230269e-11,8.864117612599138e-11
6.954545454545455e-06,6.505367760666066e-10,-7.711136636178714e-05,-6.834954246866713e-11,8.912029606691894e-11
6.962727272727274e-06,4.890594158794145e-10,-8.325574313503216e-05,-7.40179719090614e-11,8.958108874952979e-11
6.970909090909092e-06,3.485674553123343e-10,-8.865935197619264e-05,-7.900507656926207e-11,9.002326988501982e-11
6.97909090909091e-06,2.2789498799485024e-10,-9.325721035988032e-05,-8.325219428836881e-11,9.044656602038805e-11
6.987272727272728e-06,1.25700354677815e-10,-9.699240180458972e-05,-8.670816261536223e-11,9.08507149422e-11
6.995454545454547e-06,4.052518222885554e-11,-9.981681826273067e-05,-8.932996392540863e-11,9.12354660574356e-11
7.003636363636365e-06,-2.915501818306432e-11,-0.00010169180490072456,-9.1083280929938e-11,9.160058075566151e-11
7.011818181818183e-06,-8.488818339012492e-11,-0.0001025886982033847,-9.194295505702728e-11,9.194583274696788e-11
7.020000000000001e-06,-1.282103820121842e-10,-0.00010248924962873217,-9.189334133644707e-11,9.227100838056258e-11
7.02818181818182e-06,-1.6061722600871393e-10,-0.00010138592845034255,-9.092855466571348e-11,9.257590694123439e-11
7.036363636363637e-06,-1.835413622203312e-10,-9.928209893668423e-05,-8.905260365927122e-11,9.286034092483269e-11
7.044545454545455e-06,-1.9833538957203704e-10,-9.619206860884273e-05,-8.627940966200822e-11,9.31241362911336e-11
7.052727272727274e-06,-2.062595555999918e-10,-9.214100596527994e-05,-8.263270993462462e-11,9.336713269801212e-11
7.060909090909092e-06,-2.084736057515143e-10,-8.716472774113525e-05,-7.814584546091064e-11,9.358918371094211e-11
7.06909090909091e-06,-2.0603218798760967e-10,-8.130935745834351e-05,-7.28614352791506e-11,9.37901569941693e-11
7.077272727272728e-06,-1.9988325133254192e-10,-7.463085870077944e-05,-6.683094067008803e-11,9.396993447793123e-11
7.085454545454547e-06,-1.9086891816115191e-10,-6.719444819366355e-05,-6.01141239341395e-11,9.41284125069571e-11
7.093636363636365e-06,-1.7972835443834981e-10,-5.907389535419562e-05,-5.277840783234159e-11,9.426550196577375e-11
7.101818181818183e-06,-1.6710220831567053e-10,-5.035071648569837e-05,-4.489814303748336e-11,9.43811283837903e-11
7.110000000000001e-06,-1.5353823416866755e-10,-4.111327318756618e-05,-3.655379212241623e-11,9.447523201950144e-11
7.11818181818182e-06,-1.3949776526561538e-10,-3.14557858291657e-05,-2.783103969059904e-11,9.454776792272227e-11
7.126363636363637e-06,-1.2536274293389747e-10,-2.147727407195508e-05,-1.8819839205398036e-11,9.459870597728225e-11
7.134545454545455e-06,-1.1144305266088731e-10,-1.1280437405870777e-05,-9.613407899557209e-12,9.46280309215506e-11
7.1427272727272736e-06,-9.798395752220431e-11,-9.704894784475904e-07,-3.071818207602794e-13,9.463574235013172e-11
7.150909090909092e-06,-8.517345630971435e-11,9.346039376168668e-06,9.002256408359326e-12,9.462185469296172e-11
7.15909090909091e-06,-7.314942750087963e-11,1.9562516567144044e-05,1.8218264176251208e-11,9.458639717624076e-11
7.167272727272728e-06,-6.20064506463437e-11,2.9573423560952536e-05,2.724522668197432e-11,9.452941376182596e-11
7.175454545454547e-06,-5.1802223823604965e-11,3.9275558972133065e-05,3.598963279017945e-11,9.445096306754904e-11
7.183636363636365e-06,-4.256351955776811e-11,4.856921349091888e-05,4.436112593105149e-11,9.435111826726883e-11
7.191818181818183e-06,-3.429164215425395e-11,5.7359302073387386e-05,5.2273517345024096e-11,9.422996697256364e-11
7.200000000000001e-06,-2.696736688011454e-11,6.55564393807961e-05,5.964574945296601e-11,9.40876110943254e-11
7.20818181818182e-06,-2.0555356063711515e-11,7.307794520542023e-05,6.640279776426928e-11,9.392416668624282e-11
7.216363636363637e-06,-1.5008059175991825e-11,7.984876754952944e-05,7.247650052088844e-11,9.373976376924596e-11
7.224545454545455e-06,-1.0269113545714556e-11,8.580231211655128e-05,7.780630619630392e-11,9.35345461385091e-11
7.2327272727272736e-06,-6.276269789139034e-12,9.088116821129845e-05,8.233993001618009e-11,9.330867115238588e-11
7.240909090909092e-06,-2.963871546719874e-12,9.503772241198653e-05,8.603391182697798e-11,9.306230950336721e-11
7.24909090909091e-06,-2.649229559996664e-13,9.823465285362315e-05,8.885406889345721e-11,9.27956449738401e-11
7.257272727272728e-06,1.8872203168050456e-12,0.00010044529853162225,9.07758385406563e-11,9.25088741730265e-11
7.265454545454547e-06,3.5574994939439957e-12,0.00010165389967413773,9.178450695110302e-11,9.220220625987837e-11
7.273636363636365e-06,4.808103407142214e-12,0.00010185570691639755,9.187532186394064e-11,9.187586264887682e-11
7.281818181818183e-06,5.697685054047247e-12,0.00010105695871435838,9.105348838706089e-11,9.15300767024035e-11
7.290000000000001e-06,6.2808088552009715e-12,9.927472813435024e-05,8.933404859136873e-11,9.116509340718992e-11
7.29818181818182e-06,6.607595313567715e-12,9.65366418286279e-05,8.674164701019926e-11,9.078116903686184e-11
7.306363636363638e-06,6.723531983332048e-12,9.288047563330902e-05,8.33101855765003e-11,9.037857080265488e-11
7.314545454545455e-06,6.669422109010153e-12,8.835363278330606e-05,7.908237289023782e-11,8.995757648932359e-11
7.3227272727272735e-06,6.4814448986746784e-12,8.301251220554958e-05,7.410917399765207e-11,8.951847408033236e-11
7.330909090909092e-06,6.191304061020492e-12,7.692177570503263e-05,6.84491680636696e-11,8.906156137109157e-11
7.33909090909091e-06,5.826443894644653e-12,7.015352407959682e-05,6.216782241390971e-11,8.858714557114884e-11
7.347272727272728e-06,5.410314812417019e-12,6.278639327500638e-05,5.533669240574256e-11,8.809554289693516e-11
7.3554545454545466e-06,4.96267266958372e-12,5.490458261066814e-05,4.803255743448624e-11,8.758707815431902e-11
7.363636363636365e-06,4.499898607615266e-12,4.65968278579391e-05,4.033650409410038e-11,8.70620843135442e-11
7.371818181818183e-06,4.035328302724721e-12,3.795533252694853e-05,3.233296807429356e-11,8.652090207468383e-11
7.380000000000001e-06,3.5795815026971646e-12,2.907467110568975e-05,2.4108746783419208e-11,8.596387942811596e-11
7.38818181818182e-06,3.1408845395155407e-12,2.0050678192573057e-05,1.575199493970109e-11,8.539137120686235e-11
7.396363636363638e-06,2.725380115487573e-12,1.0979337471669212e-05,7.35121546170736e-12,8.480373863456174e-11
7.404545454545455e-06,2.3374200792642453e-12,1.9556843031869598e-06,-1.0057420785121431e-12,8.420134886828082e-11
7.4127272727272735e-06,1.979838141247163e-12,-6.927264653861458e-06,-9.232663402037337e-12,8.358457453794983e-11
7.420909090909092e-06,1.6542005343590868e-12,-1.557954189852097e-05,-1.7245920211948607e-11,8.295379328232593e-11
7.42909090909091e-06,1.3610335171527014e-12,-2.3915207430666757e-05,-2.4965378490397932e-11,8.230938728372587e-11
7.437272727272728e-06,1.1000273544530487e-12,-3.185326363612185e-05,-3.2315253931559326e-11,8.165174280079441e-11
7.4454545454545466e-06,8.702170098045445e-13,-3.931849636080182e-05,-3.922490482820599e-11,8.09812497013118e-11
7.453636363636365e-06,6.701402580259192e-13,-4.624223293278424e-05,-4.5629553633744e-11,8.029830099646515e-11
7.461818181818183e-06,4.97974289311217e-13,-5.256300910680432e-05,-5.147092942590834e-11,7.960329237512364e-11
7.470000000000001e-06,3.5165214242063467e-13,-5.822713820736813e-05,-5.669782459399968e-11,7.889662174196488e-11
7.47818181818182e-06,2.2896048690660433e-13,-6.318917711763349e-05,-6.126656023434557e-11,7.817868875863725e-11
7.486363636363638e-06,1.276203856080677e-13,-6.74122851829383e-05,-6.514135595954049e-11,7.744989438882616e-11
7.494545454545455e-06,4.535272052763247e-14,-7.086847354901231e-05,-6.829460108625773e-11,7.671064044922575e-11
7.5027272727272735e-06,-2.0070031582134138e-14,-7.353874391252248e-05,-7.070702544410286e-11,7.596132916623203e-11
7.510909090909092e-06,-7.078402334714861e-14,-7.541311710381564e-05,-7.236776933525011e-11,7.520236273999336e-11
7.51909090909091e-06,-1.0880467609009017e-13,-7.649055332968904e-05,-7.327435344004274e-11,7.443414291624877e-11
7.527272727272728e-06,-1.3600623854092826e-13,-7.677876726142469e-05,-7.343255071205686e-11,7.365707056743658e-11
7.5354545454545465e-06,-1.5410887393065342e-13,-7.629394244425799e-05,-7.285616349398357e-11,7.287154528285133e-11
7.543636363636365e-06,-1.646719996510493e-13,-7.506035071192157e-05,-7.15667102265775e-11,7.207796497027714e-11
7.551818181818183e-06,-1.690927245004205e-13,-7.310988339662395e-05,-6.959302717956044e-11,7.127672546882878e-11
7.560000000000001e-06,-1.6860835108834422e-13,-7.048150211574401e-05,-6.697079160782413e-11,7.046822017385532e-11
7.5681818181818196e-06,-1.6430203206618952e-13,-6.722061778081986e-05,-6.37419736080313e-11,6.965283967535867e-11
7.576363636363638e-06,-1.571107859860311e-13,-6.337840720520117e-05,-5.995422471865223e-11,6.883097141038182e-11
7.584545454545456e-06,-1.4783518986837153e-13,-5.9011077278889235e-05,-5.566021195002071e-11,6.800299933009657e-11
7.5927272727272735e-06,-1.3715016960103248e-13,-5.4179087127365324e-05,-5.091690645885993e-11,6.716930358294296e-11
7.600909090909092e-06,-1.2561640516888496e-13,-4.894633897051457e-05,-4.5784836475336575e-11,6.633026021253258e-11
7.60909090909091e-06,-1.136919548777111e-13,-4.337934854534126e-05,-4.032731435654603e-11,6.548624087505387e-11
7.617272727272728e-06,-1.0174378095232727e-13,-3.754640595361669e-05,-3.460964777047661e-11,6.463761257220489e-11
7.6254545454545465e-06,-9.005892818288556e-14,-3.151673764863658e-05,-2.8698345018160243e-11,6.378473740423096e-11
7.633636363636365e-06,-7.885516789220153e-14,-2.5359679991572103e-05,-2.266032436814887e-11,6.292797234085879e-11
7.641818181818183e-06,-6.82909717862264e-14,-1.91438743948652e-05,-1.656213703052455e-11,6.206766901258916e-11
7.650000000000001e-06,-5.847472473068423e-14,-1.293649353461826e-05,-1.0469213016948619e-11,6.120417352310818e-11
7.65818181818182e-06,-4.9473122751175476e-14,-6.802507464175137e-06,-4.445138653776322e-12,6.033782628162803e-11
7.666363636363638e-06,-4.131873321348574e-14,-8.039977086312945e-07,1.4490260750215752e-12,5.946896185759777e-11
7.674545454545456e-06,-3.401671886222516e-14,5.000473420244127e-06,7.155382861649334e-12,5.859790885782289e-11
7.682727272727274e-06,-2.755074684013247e-14,1.0556431961126675e-05,1.261977635364356e-11,5.7724989826442696e-11
7.690909090909093e-06,-2.188811862590758e-14,1.5813994533523053e-05,1.779231548514293e-11,5.6850521168248976e-11
7.69909090909091e-06,-1.698416763848902e-14,2.0728299315338626e-05,2.2627829859222705e-11,5.5974813097093434e-11
7.707272727272729e-06,-1.27859786485606e-14,2.5259862465504596e-05,2.7086257120098994e-11,5.509816960820802e-11
7.715454545454547e-06,-9.235487660308468e-15,2.937485775036054e-05,3.1132958225638193e-11,5.422088847695422e-11
7.723636363636366e-06,-6.272023078482789e-15,3.304531819356002e-05,3.4738958520428044e-11,5.334326128346353e-11
7.731818181818182e-06,-3.8343492095666336e-15,3.624925961375154e-05,3.78811135038519e-11,5.246557346438419e-11
7.74e-06,-1.862271863960539e-15,3.897072692766421e-05,4.0542199175951507e-11,5.158810439320272e-11
7.748181818181819e-06,-2.9786338263861573e-16,4.119976506723893e-05,4.2710927808971865e-11,5.071112748861242e-11
7.756363636363637e-06,9.136388862696083e-16,4.293231727867639e-05,4.4381890925033925e-11,4.983491035358578e-11
7.764545454545455e-06,1.82321052542592e-15,4.41700544288798e-05,4.555543214933938e-11,4.89597149446622e-11
7.772727272727273e-06,2.4776485260313696e-15,4.492013972966587e-05,4.6237453441256425e-11,4.8085797774343827e-11
7.780909090909092e-06,2.9193688793587308e-15,4.519493399148904e-05,4.643915897144662e-11,4.721341014657144e-11
7.78909090909091e-06,3.1863563441855688e-15,4.501164712823059e-05,4.617674161036231e-11,4.634279842779422e-11
7.797272727272728e-06,3.312233862109147e-15,4.439194214872945e-05,4.5471017603341666e-11,4.547420435549949e-11
7.805454545454546e-06,3.3264233337404123e-15,4.336149828774581e-05,4.43470155347307e-11,4.460786538480562e-11
7.813636363636365e-06,3.2543734739555425e-15,4.1949540247799467e-05,4.283352611751361e-11,4.374401507815958e-11
7.821818181818183e-06,3.1178341868954167e-15,4.0188340741658714e-05,4.0962619680627556e-11,4.288288353799713e-11
7.830000000000001e-06,2.935160311459998e-15,3.8112703641073796e-05,3.876913846766655e-11,4.2024697887582353e-11
7.83818181818182e-06,2.72163066994677e-15,3.575943505093808e-05,3.629017100115319e-11,4.1169682802185886e-11
7.846363636363638e-06,2.489771102016006e-15,3.3166809543419165e-05,3.3564515809049324e-11,4.031806109586552e-11
7.854545454545456e-06,2.2496725882204032e-15,3.0374038610431893e-05,3.063214175598041e-11,3.9470054367176756e-11
7.862727272727274e-06,2.0092976738250885e-15,2.7420748132081213e-05,2.753365207505273e-11,3.8625883710147566e-11
7.870909090909093e-06,1.7747702117079487e-15,2.4346471318953193e-05,2.4309758957700366e-11,3.778577049639437e-11
7.87909090909091e-06,1.550644973559165e-15,2.119016317217627e-05,2.1000775239100705e-11,3.6949937234904665e-11
7.887272727272729e-06,1.3401549545532077e-15,1.7989742023192192e-05,1.7646129316138423e-11,3.6118608518399445e-11
7.895454545454547e-06,1.1454352425571875e-15,1.478166317422349e-05,1.4283908964586072e-11,3.5292012063609414e-11
7.903636363636366e-06,9.677231635751434e-16,1.160052907172559e-05,1.0950439189231616e-11,3.447037985909711e-11
7.911818181818184e-06,8.075350749829812e-16,8.4787398197139e-06,7.679898651238271e-12,3.3653949428323485e-11
7.92e-06,6.648206808063636e-16,5.4461871867756725e-06,4.503978582866346e-12,3.284296522558172e-11
7.928181818181819e-06,5.390961111789091e-16,2.5299945870753227e-06,1.4515874302776446e-12,3.2037680177103995e-11
7.936363636363637e-06,4.29557261995917e-16,-2.456951707566669e-07,-1.4513962352571809e-12,3.1238357386657294e-11
7.944545454545455e-06,3.3517504970787303e-16,-2.859883262884281e-06,-4.182320708783575e-12,3.044527202490871e-11
7.952727272727273e-06,2.5477431741735445e-16,-5.294828936184442e-06,-6.721906941259744e-12,2.9658713425242965e-11
7.960909090909092e-06,1.8709814731197834e-16,-7.536114544002593e-06,-9.054342741167359e-12,2.8878987410120996e-11
7.96909090909091e-06,1.3085930451415437e-16,-9.572662413962342e-06,-1.116732571211453e-11,2.8106418878004264e-11
7.977272727272728e-06,8.478047039846095e-17,-1.1396705038110197e-05,-1.3052055934416388e-11,2.7341354679026812e-11
7.985454545454546e-06,4.7624829384620384e-17,-1.3003710648030596e-05,-1.4703180061790213e-11,2.658416681843309e-11
7.993636363636365e-06,1.8218460656211707e-17,-1.4392266768243785e-05,-1.611868912135456e-11,2.5835256020169038e-11
8.001818181818183e-06,-4.534137753084696e-18,-1.556392482303643e-05,-1.7299772884375013e-11,2.509505569376742e-11
8.010000000000001e-06,-2.1640194752749962e-17,-1.6523009298412284e-05,-1.8250634200435904e-11,2.4364036346789937e-11
8.01818181818182e-06,-3.4013414868827424e-17,-1.7276395328283556e-05,-1.8978267155993643e-11,2.3642710483899203e-11
8.026363636363638e-06,-4.2472391013781405e-17,-1.7833258881342805e-05,-1.9492203325501368e-11,2.2931638034829885e-11
8.034545454545456e-06,-4.774186552434137e-17,-1.8204803972251312e-05,-1.9804230724086302e-11,2.2231432350557256e-11
8.042727272727274e-06,-5.045613936250744e-17,-1.84039715068581e-05,-1.992809034305027e-11,2.1542766793623014e-11
8.050909090909093e-06,-5.1164036529811314e-17,-1.844513449387688e-05,-1.9879155347539615e-11,2.086638193826866e-11
8.05909090909091e-06,-5.03349285195209e-17,-1.834378441298472e-05,-1.9674098146460485e-11,2.0203093369738597e-11
8.067272727272729e-06,-4.836541164177634e-17,-1.811621352227921e-05,-1.9330550595328152e-11,1.9553800037065714e-11
8.075454545454547e-06,-4.55863082600977e-17,-1.777919781980138e-05,-1.8866762577777244e-11,1.8919493060604728e-11
8.083636363636366e-06,-4.22697315962618e-17,-1.7349685248824002e-05,-1.830126411890212e-11,1.8301264820996068e-11
8.091818181818184e-06,-3.8636013215517685e-17,-1.684449355818748e-05,-1.765253602751439e-11,1.770031805728385e-11
8.1e-06,-3.4860343159322223e-17,-1.62800219989112e-05,-1.6938693840750527e-11,1.7117974568248325e-11
8.108181818181819e-06,-3.10790156075726e-17,-1.5671980758304623e-05,-1.6177189555148072e-11,1.6555682934078337e-11
8.116363636363637e-06,-2.73952086426118e-17,-1.5035141706512765e-05,-1.5384535291370458e-11,1.601502447152907e-11
8.124545454545455e-06,-2.388425589347312e-17,-1.4383113664058994e-05,-1.4576052640202838e-11,1.5497716375536875e-11
8.132727272727273e-06,-2.0598391301278635e-17,-1.372814499970349e-05,-1.3765650998823078e-11,1.5005610731104293e-11
8.140909090909092e-06,-1.757096668554684e-17,-1.3080955941817593e-05,-1.296563772780262e-11,1.454068780196586e-11
8.14909090909091e-06,-1.4820155892709895e-17,-1.2450602537461344e-05,-1.2186562443554203e-11,1.4105041779279026e-11
8.157272727272728e-06,-1.2352169713845634e-17,-1.1844373724731685e-05,-1.1437097224590216e-11,1.37008570755004e-11
8.165454545454546e-06,-1.0164013058967253e-17,-1.126772250046652e-05,-1.0723953952407791e-11,1.3330373377900971e-11
8.173636363636365e-06,-8.245820605436397e-18,-1.0724231674092138e-05,-1.0051839440119441e-11,1.2995838144584672e-11
8.181818181818183e-06,-6.582809776997853e-18,-1.0215614207312041e-05,-9.423448430928485e-12,1.2699446147946308e-11
8.190000000000001e-06,-5.156890880136478e-18,-9.741747655178481e-06,-8.83949398265975e-12,1.244326709161911e-11
8.19818181818182e-06,-3.947973894153087e-18,-9.300741751204398e-06,-8.298774199092618e-12,1.2229164200718468e-11
8.206363636363638e-06,-2.93501009712833e-18,-8.889037720634537e-06,-7.798273733542791e-12,1.2058708772783499e-11
8.214545454545456e-06,-2.0968046803903832e-18,-8.501537465808835e-06,-7.333297980125126e-12,1.193309759468885e-11
8.222727272727274e-06,-1.4126339837476612e-18,-8.131760351803896e-06,-6.897637391848735e-12,1.1853081337250247e-11
8.230909090909092e-06,-8.626981574033908e-19,-7.772024936319461e-06,-6.483758925001519e-12,1.1818912038111216e-11
8.23909090909091e-06,-4.284370734922656e-19,-7.413652640882477e-06,-6.083021217159111e-12,1.1830316283272428e-11
8.247272727272729e-06,-9.273428882063667e-20,-7.047190054014173e-06,-5.685909761203791e-12,1.1886497809679026e-11
8.255454545454547e-06,1.599691081148589e-19,-6.662646292387674e-06,-5.282288047134534e-12,1.198616950181628e-11
8.263636363636366e-06,3.436317802856856e-19,-6.249741624957361e-06,-4.861660411887821e-12,1.212761098964497e-11
8.271818181818184e-06,4.706242478558563e-19,-5.798163391175532e-06,-4.413442166869279e-12,1.2308745102511096e-11
8.280000000000002e-06,5.5178198479480615e-19,-5.2978251224092395e-06,-3.927232461756665e-12,1.2527224868832843e-11
8.288181818181819e-06,5.964879294847846e-19,-4.739124709018197e-06,-3.3930853030757703e-12,1.2780522728458456e-11
8.296363636363637e-06,6.127748575471872e-19,-4.113197444923079e-06,-2.801774166545219e-12,1.3066014854489305e-11
8.304545454545455e-06,6.074398603864775e-19,-3.4121598252895925e-06,-2.1450457274540522e-12,1.3381055466389626e-11
8.312727272727273e-06,5.861647445591025e-19,-2.629340069503053e-06,-1.4158583881780038e-12,1.3723038206974598e-11
8.320909090909092e-06,5.536375258665694e-19,-1.7594914908575595e-06,-6.086014923439948e-13,1.4089443619626045e-11
8.32909090909091e-06,5.136713521508055e-19,-7.989850374756005e-07,2.8070860997942333e-13,1.4477873255378722e-11
8.337272727272728e-06,4.693181663286195e-19,2.5402241391306267e-07,1.2542591513164566e-12,1.4886071905138375e-11
8.345454545454546e-06,4.2297523357051437e-19,1.399447121191668e-06,2.3123013151415994e-12,1.5311939933242445e-11
8.353636363636365e-06,3.7648332142531426e-19,2.635167652201702e-06,3.453043077686285e-12,1.575353780199529e-11
8.361818181818183e-06,3.31215856635206e-19,3.9569465320312996e-06,4.6725767472474745e-12,1.6209084758776407e-11
8.370000000000001e-06,2.881588042566929e-19,5.358386290339219e-06,5.964842917369061e-12,1.6676953395532168e-11
8.37818181818182e-06,2.4798133943166583e-19,6.830921371368249e-06,7.321632015490366e-12,1.7155661489103526e-11
8.386363636363638e-06,2.1109762449946988e-19,8.363846873366631e-06,8.732624069619111e-12,1.7643862220554226e-11
8.394545454545456e-06,1.7772017757169167e-19,9.944384563407667e-06,1.0185466744992815e-11,1.8140333602174364e-11
8.402727272727274e-06,1.479054353109774e-19,1.1557786076326637e-05,1.1665891120949233e-11,1.8643967705223125e-11
8.410909090909092e-06,1.2159218320232222e-19,1.3187472661520796e-05,1.3157864102443808e-11,1.9153760098931172e-11
8.41909090909091e-06,9.86335604795623e-20,1.4815210295957265e-05,1.464377579190667e-11,1.9668799768328596e-11
8.427272727272729e-06,7.882335219746844e-20,1.6421318441258914e-05,1.6104659592381727e-11,2.0188259669033696e-11
8.435454545454547e-06,6.191726465219617e-20,1.798491019232727e-05,1.7520442289412442e-11,2.0711388005500155e-11
8.443636363636365e-06,4.764984828566472e-20,1.9484161051584105e-05,1.8870220862736118e-11,2.123750025980651e-11
8.451818181818184e-06,3.57476892038423e-20,2.089660307571765e-05,2.0132562324490674e-11,2.1765971965090436e-11
8.460000000000002e-06,2.5939440450227145e-20,2.2199440690360586e-05,2.1285822473403682e-11,2.229623219553161e-11
8.46818181818182e-06,1.796321037738008e-20,2.3369884060090737e-05,2.230847909885374e-11,2.2827757726351052e-11
8.476363636363637e-06,1.157177034602387e-20,2.4385495541648583e-05,2.3179474872394532e-11,2.3360067814022292e-11
8.484545454545455e-06,6.535989464760859e-21,2.522454444130221e-05,2.3878564933612918e-11,2.389271954447407e-11
8.492727272727273e-06,2.646851582466379e-21,2.5866365047824193e-05,2.4386664008959722e-11,2.4425303692097633e-11
8.500909090909092e-06,-2.8363973342122436e-22,2.6291712727145036e-05,2.4686187814076673e-11,2.4957441040311138e-11
8.50909090909091e-06,-2.422408287932256e-21,2.6483112750064043e-05,2.4761383465724383e-11,2.5488779114763827e-11
8.517272727272728e-06,-3.915886177865091e-21,2.6425196484860817e-05,2.4598643688298868e-11,2.6018989283408304e-11
8.525454545454546e-06,-4.891047739713002e-21,2.6105019623517656e-05,2.41867997298322e-11,2.6547764183403836e-11
8.533636363636365e-06,-5.456748896256161e-21,2.551235722285795e-05,2.351738810897022e-11,2.707481543769674e-11
8.541818181818183e-06,-5.70525328662108e-21,2.4639970529774096e-05,2.2584886594332993e-11,2.759987162882958e-11
8.550000000000001e-06,-5.713851632688737e-21,2.3483840823580014e-05,2.1386915167086402e-11,2.812267649826307e-11
8.55818181818182e-06,-5.5465021867493254e-21,2.204336584905287e-05,1.9924398136620866e-11,2.8642987348353993e-11
8.566363636363638e-06,-5.255438130807694e-21,2.032151482931783e-05,1.8201684056910985e-11,2.9160573621466624e-11
8.574545454545456e-06,-4.8827027865411434e-21,1.8324938533364523e-05,1.6226620628862182e-11,2.967521563583826e-11
8.582727272727274e-06,-4.461585781658293e-21,1.6064031421329528e-05,1.4010582359256382e-11,3.0186703461535696e-11
8.590909090909092e-06,-4.0179432325583374e-21,1.3552943494340784e-05,1.1568449375877578e-11,3.0694835919133634e-11
8.59909090909091e-06,-3.571392860063202e-21,1.0809540128546667e-05,8.918536462605373e-12,3.119941968760749e-11
8.607272727272729e-06,-3.1363810502082494e-21,7.855308869172931e-06,6.0824720657106894e-12,3.170026850988755e-11
8.615454545454547e-06,-2.7231234778233422e-21,4.7152128925371205e-06,3.085027730179915e-12,3.21972024837528e-11
8.623636363636365e-06,-2.3384242736424365e-21,1.4174916013479898e-06,-4.610086498001361e-14,3.269004742988707e-11
8.631818181818184e-06,-1.9863810563225803e-21,-2.006590411333174e-06,-3.2805593913031317e-12,3.317863432750642e-11
8.640000000000002e-06,-1.668984663312462e-21,-5.523044023804823e-06,-6.585644302257138e-12,3.3662798812673244e-11
8.64818181818182e-06,-1.3866232679918364e-21,-9.095503107428624e-06,-9.926652960428891e-12,3.4142380727220115e-11
8.656363636363638e-06,-1.1385009101217659e-21,-1.2685615401983617e-05,-1.3267270576336674e-11,3.4617223721528186e-11
8.664545454545455e-06,-9.229804155469717e-22,-1.6253472526725696e-05,-1.6569989472224e-11,3.50871748960906e-11
8.672727272727273e-06,-7.378603423575495e-22,-1.975807423841537e-05,-1.9796555644052897e-11,3.5552084485492694e-11
8.680909090909092e-06,-5.805950494123992e-22,-2.315782143076343e-05,-2.2908437109935745e-11,3.6011805576407e-11
8.68909090909091e-06,-4.484663083916378e-22,-2.6411031819157476e-05,-2.5867308117465774e-11,3.646619385804912e-11
8.697272727272728e-06,-3.387141276166406e-22,-2.9476471779573328e-05,-2.8635542945463297e-11,3.691510740066217e-11
8.705454545454546e-06,-2.4863366800629977e-22,-3.231389741794267e-05,-3.117671277530654e-11,3.735840646155543e-11
8.713636363636365e-06,-1.7564434179094545e-22,-3.488459764185364e-05,-3.345607894125476e-11,3.779595331407095e-11
8.721818181818183e-06,-1.1733641749078673e-22,-3.715193179714117e-05,-3.544107578446117e-11,3.822761209847746e-11
8.730000000000001e-06,-7.149972761200601e-23,-3.908185432516448e-05,-3.7101776353577995e-11,3.865324869305668e-11
8.73818181818182e-06,-3.613840017943612e-23,-4.06434188983907e-05,-3.8411334303044455e-11,3.907273060431728e-11
8.746363636363638e-06,-9.474918641387374e-24,-4.1809254604823876e-05,-3.9346395542099314e-11,3.948592687202606e-11
8.754545454545456e-06,1.0053739755300994e-23,-4.255600697473895e-05,-3.988747348764841e-11,3.9892707992297776e-11
8.762727272727274e-06,2.380562871015563e-23,-4.28647369732401e-05,-4.0019282162186046e-11,4.029294585456161e-11
8.770909090909092e-06,3.29471927422112e-23,-4.272127151671392e-05,-3.973102185153949e-11,4.0686513690455e-11
8.77909090909091e-06,3.8469006318778283e-23,-4.2116499608055896e-05,-3.9016612597531836e-11,4.1073286038448825e-11
8.787272727272729e-06,4.120275416920033e-23,-4.104660882101277e-05,-3.7874871428733225e-11,4.145313871740709e-11
8.795454545454547e-06,4.183858280286553e-23,-3.95132575911361e-05,-3.6309629935872017e-11,4.1825948813783944e-11
8.803636363636365e-06,4.094217655158473e-23,-3.752367957906677e-05,-3.4329789551234925e-11,4.219159467745186e-11
8.811818181818184e-06,3.8971094973746214e-23,-3.5090717248697255e-05,-3.1949312701620696e-11,4.2549955929154254e-11
8.820000000000002e-06,3.62900571027944e-23,-3.223278273609378e-05,-2.9187148844508023e-11,4.290091347587813e-11
8.82818181818182e-06,3.3184976486125933e-23,-2.897374506384012e-05,-2.6067095269150283e-11,4.3244349536987786e-11
8.836363636363638e-06,2.9875643624374813e-23,-2.5342743768262e-05,-2.2617593427265982e-11,4.358014767731635e-11
8.844545454545455e-06,2.65270233048283e-23,-2.137393004008243e-05,-1.8871462445605678e-11,4.390819284897533e-11
8.852727272727273e-06,2.3259187053672828e-23,-1.7106137515995805e-05,-1.4865572347100613e-11,4.422837144153662e-11
8.860909090909092e-06,2.0155938736614373e-23,-1.2582485881932693e-05,-1.0640460362132173e-11,4.454057133823082e-11
8.86909090909091e-06,1.727221704732539e-23,-7.849921442243649e-06,-6.2398945269818445e-12,4.484468198051153e-11
8.877272727272728e-06,1.4640374690805026e-23,-2.9586997588206863e-06,-1.7103895397898315e-12,4.514059443808099e-11
8.885454545454546e-06,1.2275442592037196e-23,2.038183642296731e-06,2.8993194480327843e-12,4.542820148603035e-11
8.893636363636365e-06,1.0179490211258802e-23,7.085607675282462e-06,7.53883878086071e-12,4.57073976871576e-11
8.901818181818183e-06,8.34519150322888e-24,1.2126977648422737e-05,1.2156707105257898e-11,4.597807948127529e-11
8.910000000000001e-06,6.758701434168687e-24,1.7104906564853143e-05,1.6701007675187294e-11,4.624014527713443e-11
8.91818181818182e-06,5.4019412513619425e-24,2.196191703678122e-05,2.1119994418827982e-11,4.649349555168207e-11
8.926363636363638e-06,4.2543826717699885e-24,2.6641154668140435e-05,2.5362723756709295e-11,4.673803295290745e-11
8.934545454545456e-06,3.2944124316790853e-24,3.108710347344684e-05,2.9379683990732286e-11,4.6973662406665823e-11
8.942727272727274e-06,2.5003496891126844e-24,3.5246293742815005e-05,3.3123414027531884e-11,4.720029122690563e-11
8.950909090909092e-06,1.8511799439755954e-24,3.906799273973575e-05,3.654910325683625e-11,4.741782922995343e-11
8.95909090909091e-06,1.3270606880104671e-24,4.250486873362496e-05,3.9615164572403945e-11,4.7626188851273726e-11
8.967272727272729e-06,9.096460878480526e-25,4.551361912461015e-05,4.228377280706496e-11,4.782528526527222e-11
8.975454545454547e-06,5.822707459283152e-25,4.805555381053558e-05,4.4521361240661494e-11,4.801503650590157e-11
8.983636363636365e-06,3.3002603211129974e-25,5.0097125469317964e-05,4.6299069337583837e-11,4.8195363590925575e-11
8.991818181818184e-06,1.3975665140156255e-25,5.1610399075911107e-05,4.759313546011953e-11,4.8366190645858074e-11
9.000000000000002e-06,-3.3721227749694434e-38,5.257345373476478e-05,4.838522899106764e-11,4.8527445029597716e-11
9.00818181818182e-06,-9.911356781115867e-26,5.297071077789299e-05,4.8662717061637436e-11,4.867905745997308e-11
9.016363636363638e-06,-1.6598523012750056e-25,5.279318304519048e-05,4.84188619203152e-11,4.8820962139724756e-11
9.024545454545457e-06,-2.076858180964474e-25,5.203864131343842e-05,4.765294587468493e-11,4.8953096881766584e-11
9.032727272727273e-06,-2.300991159171578e-25,5.0711694956581746e-05,4.637032168514285e-11,4.90754032336536e-11
9.040909090909092e-06,-2.3806409600173215e-25,4.882378508479865e-05,4.458238726945599e-11,4.9187826600557067e-11
9.04909090909091e-06,-2.3551164035543997e-25,4.639308960728167e-05,4.2306484580901944e-11,4.929031636691713e-11
9.057272727272728e-06,-2.255927384231439e-25,4.344434087818701e-05,3.956572353158814e-11,4.938282601536081e-11
9.065454545454546e-06,-2.1079628659833836e-25,4.0008557800773263e-05,3.638873283768947e-11,4.9465313243764524e-11
9.073636363636365e-06,-1.930554927423692e-25,3.612269546303999e-05,3.2809340644511935e-11,4.9537740078126794e-11
9.081818181818183e-06,-1.7384255314287345e-25,3.182921653928873e-05,2.886618873869067e-11,4.960007298364324e-11
9.090000000000001e-06,-1.5425175726636842e-25,2.717558979676996e-05,2.4602285054229992e-11,4.9652282970899195e-11
9.09818181818182e-06,-1.3507152061088443e-25,2.2213722078526175e-05,2.0064500017801443e-11,4.969434569762009e-11
9.106363636363638e-06,-1.1684607660668257e-25,1.6999331079144936e-05,1.530301304494739e-11,4.972624156746444e-11
9.114545454545456e-06,-9.992769929889134e-26,1.1591267077001172e-05,1.0370716181171505e-11,4.974795582230627e-11
9.122727272727274e-06,-8.452040007879164e-26,6.0507925217893805e-06,5.32258246831717e-12,4.9759478630336094e-11
9.130909090909092e-06,-7.071606114935133e-26,4.4082898651728555e-07,2.150071043482967e-13,4.976080516828914e-11
9.13909090909091e-06,-5.8523949786445e-26,-5.174818532769705e-06,-4.8948701605483605e-12,4.9751935697815686e-11
9.147272727272729e-06,-4.789451218096241e-26,-1.073224965594037e-05,-9.949852686421353e-12,4.973287563677069e-11
9.155454545454547e-06,-3.8738282797194696e-26,-1.6168258499555337e-05,-1.4893375817768796e-11,4.9703635622700555e-11
9.163636363636365e-06,-3.094067187068349e-26,-2.142111486723993e-05,-1.9670188098195112e-11,4.966423157115761e-11
9.171818181818184e-06,-2.437331534993805e-26,-2.6431326330267104e-05,-2.4227016056902468e-11,4.961468472656256e-11
9.180000000000002e-06,-1.8902592344018704e-26,-3.114237104024355e-05,-2.8513204015257752e-11,4.955502170642998e-11
9.18818181818182e-06,-1.4395837930002206e-26,-3.550139152387829e-05,-3.2481320696771996e-11,4.9485274539220146e-11
9.196363636363638e-06,-1.07257060515002e-26,-3.9459840259180136e-05,-3.608772487425424e-11,4.9405480694010326e-11
9.204545454545457e-06,-7.773069531221864e-27,-4.297406851323448e-05,-3.929308283815641e-11,4.931568310280984e-11
9.212727272727275e-06,-5.428782694516681e-27,-4.6005850721520475e-05,-4.2062831123830043e-11,4.921593017759468e-11
9.220909090909091e-06,-3.594577094799777e-27,-4.852283759486549e-05,-4.436757867182719e-11,4.910627581714565e-11
9.22909090909091e-06,-2.1833123646981614e-27,-5.049893214052895e-05,-4.618344341574781e-11,4.898677940841988e-11
9.237272727272728e-06,-1.1187620781605185e-27,-5.1914583865855855e-05,-4.749231917235475e-11,4.885750581983037e-11
9.245454545454546e-06,-3.350783312488482e-28,-5.275699758112217e-05,-4.828206964805036e-11,4.871852538735535e-11
9.253636363636365e-06,2.23951934232035e-28,-5.302025441410195e-05,-4.8546647352097673e-11,4.856991389221485e-11
9.261818181818183e-06,6.057715522287485e-28,-5.270534387242609e-05,-4.828613620979137e-11,4.8411752533163665e-11
9.270000000000001e-06,8.499726717071974e-28,-5.182010702180065e-05,-4.7506717686797145e-11,4.824412788970995e-11
9.27818181818182e-06,9.892225843843429e-28,-5.0379092071625335e-05,-4.6220561247396496e-11,4.806713187846163e-11
9.286363636363638e-06,1.050161242775231e-27,-4.840332485880345e-05,-4.44456409701533e-11,4.788086170321966e-11
9.294545454545456e-06,1.0542470215064502e-27,-4.5919997879214927e-05,-4.22054811087508e-11,4.768541979779677e-11
9.302727272727274e-06,1.0185359923928598e-27,-4.296208261657654e-05,-3.9528834312008505e-11,4.7480913760542875e-11
9.310909090909092e-06,9.563866700120504e-28,-3.956787094216966e-05,-3.644929708497248e-11,4.726745628444247e-11
9.31909090909091e-06,8.780871962179533e-28,-3.57804522903385e-05,-3.300486787179852e-11,4.7045165078905976e-11
9.327272727272729e-06,7.914055811728592e-28,-3.164713414161872e-05,-2.923745386239976e-11,4.68141627861412e-11
9.335454545454547e-06,7.020661742469291e-28,-2.7218814058727223e-05,-2.5192333258298648e-11,4.6574576890286214e-11
9.343636363636365e-06,6.141572299144185e-28,-2.25493121123122e-05,-2.0917580268562658e-11,4.6326539622095476e-11
9.351818181818184e-06,5.304754546101906e-28,-1.7694672994979275e-05,-1.6463460538957468e-11,4.607018785585885e-11
9.360000000000002e-06,4.52813930854071e-28,-1.2712447445936344e-05,-1.18818050432411e-11,4.5805663002133026e-11
9.36818181818182e-06,3.8219994648513305e-28,-7.660962789705118e-06,-7.225370675495814e-12,4.553311089500697e-11
9.376363636363638e-06,3.190891161950823e-28,-2.5985924301163e-06,-2.5471958814913087e-12,4.5252681672519256e-11
9.384545454545457e-06,2.6352185479621613e-28,2.4169659616582856e-06,2.1000403495712815e-12,4.496452965403475e-11
9.392727272727275e-06,2.152478136214829e-28,7.329394064277953e-06,6.66464794284776e-12,4.466881321204106e-11
9.400909090909093e-06,1.7382337463261358e-28,1.2084429196718572e-05,1.109653569345267e-11,4.436569463892305e-11
9.40909090909091e-06,1.3868675004177195e-28,1.663050464495609e-05,1.534779411491205e-11,4.405534000955704e-11
9.417272727272728e-06,1.0921468701641085e-28,2.0919346001248764e-05,1.9373244021835576e-11,4.373791904120696e-11
9.425454545454546e-06,8.476424748963826e-29,2.490651621380252e-05,2.3130944224186235e-11,4.341360494674771e-11
9.433636363636364e-06,6.470263577957964e-29,2.855190285977953e-05,2.658265233423854e-11,4.308257428635279e-11
9.441818181818183e-06,4.842759001955114e-29,3.1820142048480905e-05,2.969423338240129e-11,4.2745006815740285e-11
9.450000000000001e-06,3.5380441761274443e-29,3.468097431995031e-05,3.243601169725309e-11,4.2401085329268435e-11
9.45818181818182e-06,2.505358304279635e-29,3.710952891407101e-05,3.478306231726078e-11,4.2050995502077234e-11
9.466363636363638e-06,1.6993761087417963e-29,3.9086533832674115e-05,3.671543905184852e-11,4.169492572830488e-11
9.474545454545456e-06,1.0802345519405488e-29,4.0598450186228824e-05,3.8218337190158756e-11,4.133306695700058e-11
9.482727272727274e-06,6.13347847904606e-30,4.163753038939156e-05,3.928218974763919e-11,4.096561252553225e-11
9.490909090909092e-06,2.690820657949419e-30,4.2201800828256185e-05,3.990269703755676e-11,4.059275799121623e-11
9.49909090909091e-06,2.2344214996691237e-31,4.2294970651076874e-05,4.008079024004371e-11,4.021470096010396e-11
9.507272727272729e-06,-1.4787278289162395e-30,4.19262693206878e-05,3.9822530503776003e-11,3.9831640915136804e-11
9.515454545454547e-06,-2.589587699179146e-30,4.1110216499074545e-05,3.913894594230784e-11,3.944377904207262e-11
9.523636363636365e-06,-3.251469686891874e-30,3.9866328700147444e-05,3.80458096731936e-11,3.905131805430331e-11
9.531818181818184e-06,-3.579517443494387e-30,3.8218767932552386e-05,3.656336277081162e-11,3.865446201638431e-11
9.540000000000002e-06,-3.665740805588023e-30,3.619593824823891e-05,3.4715986669491244e-11,3.825341616720639e-11
9.54818181818182e-06,-3.582694255531512e-30,3.3830036705635106e-05,3.253183013984928e-11,3.7848386741223424e-11
9.556363636363638e-06,-3.3867560838231666e-30,3.115656574356349e-05,3.004239647225573e-11,3.743958079123849e-11
9.564545454545457e-06,-3.1210072892312977e-30,2.8213814340622617e-05,2.7282096921017813e-11,3.702720600903268e-11
9.572727272727275e-06,-2.817724609104446e-30,2.5042315602015023e-05,2.4287776799295675e-11,3.661147054629332e-11
9.580909090909093e-06,-2.500512203867373e-30,2.1684288568729063e-05,2.1098220851085205e-11,3.6192582837334414e-11
9.58909090909091e-06,-2.186102635030833e-30,1.818307208069989e-05,1.7753644671186776e-11,3.5770751419960925e-11
9.597272727272728e-06,-1.8858608677969163e-30,1.4582558447393706e-05,1.4295178995536106e-11,3.534618475774973e-11
9.605454545454546e-06,-1.6070259023696394e-30,1.0926634491333819e-05,1.0764353638184078e-11,3.491909106423464e-11
9.613636363636364e-06,-1.3537239361147863e-30,7.258637239958934e-06,7.20258771319341e-12,3.4489678126425765e-11
9.621818181818183e-06,-1.1277851890366938e-30,3.6208311565364498e-06,3.650692560832077e-12,3.405815313065924e-11
9.630000000000001e-06,-9.293940807776362e-31,5.3913328419710423e-08,1.4839348603727432e-13,3.362472248910464e-11
9.63818181818182e-06,-7.575996273362034e-31,-3.403447522303617e-06,-3.26612396345343e-12,3.318959166887385e-11
9.646363636363637e-06,-6.107099518542582e-31,-6.715032965645951e-06,-6.556637905554956e-12,3.2752965023076306e-11
9.654545454545456e-06,-4.865918361484274e-31,-9.84745317238177e-06,-9.689279459791442e-12,3.231504562219327e-11
9.662727272727274e-06,-3.828933890459402e-31,-1.2770477779061714e-05,-1.263288331965916e-11,3.1876035090939e-11
9.670909090909092e-06,-2.9720524656452393e-31,-1.5457316246588874e-05,-1.5359295983284454e-11,3.143613344369187e-11
9.67909090909091e-06,-2.271732906732732e-31,-1.7884845433537658e-05,-1.7843638709200087e-11,3.099553892707048e-11
9.687272727272729e-06,-1.7057369884156916e-31,-2.003378290065163e-05,-2.0064522937667226e-11,3.055444786260212e-11
9.695454545454547e-06,-1.2535922074655322e-31,-2.188880525877622e-05,-2.2004216601381252e-11,3.0113054493050205e-11
9.703636363636365e-06,-8.968391490578456e-32,-2.343861165633759e-05,-2.3648760442691453e-11,2.967155083289107e-11
9.711818181818184e-06,-6.191215251196194e-32,-2.467593326102513e-05,-2.4988034137433773e-11,2.9230126522860504e-11
9.720000000000002e-06,-4.061648948518106e-32,-2.5597490311680057e-05,-2.6015772699050846e-11,2.878896868625626e-11
9.72818181818182e-06,-2.456799925128909e-32,-2.6203898991618564e-05,-2.6729534280445813e-11,2.8348261792527653e-11
9.736363636363638e-06,-1.2721825561358628e-32,-2.6499530997232656e-05,-2.713062111067151e-11,2.7908187521940207e-11
9.744545454545457e-06,-4.200034532709649e-33,-2.649232923967858e-05,-2.7223955873952654e-11,2.7468924636965496e-11
9.752727272727275e-06,1.7267032519280393e-33,-2.6193583615804326e-05,-2.7017916370732566e-11,2.7030648857502044e-11
9.760909090909093e-06,5.657506073226578e-33,-2.561767120986508e-05,-2.6524131772582404e-11,2.6593532741231983e-11
9.769090909090911e-06,8.078997591202897e-33,-2.47817656344497e-05,-2.5757244201996383e-11,2.6157745568112085e-11
9.777272727272728e-06,9.381858565919303e-33,-2.370552048515572e-05,-2.473463972003218e-11,2.5723453231666134e-11
9.785454545454546e-06,9.87592612305749e-33,-2.2410732069622964e-05,-2.3476153095473152e-11,2.529081813417028e-11
9.793636363636364e-06,9.803701473136114e-33,-2.0920986679227908e-05,-2.2003750946286512e-11,2.4859999088023767e-11
9.801818181818183e-06,9.352234209776941e-33,-1.9261297701942444e-05,-2.034119799927911e-11,2.4431151222761948e-11
9.810000000000001e-06,8.663425946663115e-33,-1.74577378278742e-05,-1.8513711291456057e-11,2.4004425897413264e-11
9.81818181818182e-06,7.842845408273737e-33,-1.5537071476402573e-05,-1.6547607153872175e-11,2.35799706190262e-11
9.826363636363637e-06,6.967177175113973e-33,-1.352639238011762e-05,-1.446994576198297e-11,2.3157928967070018e-11
9.834545454545456e-06,6.090441982943054e-33,-1.145277100321145e-05,-1.2308177922570504e-11,2.273844052376136e-11
9.842727272727274e-06,5.249131704677763e-33,-9.342916158580274e-06,-1.0089798587594387e-11,2.2321640810316374e-11
9.850909090909092e-06,4.466400002696397e-33,-7.222854825484212e-06,-7.84201135396829e-12,2.19076612297699e-11
9.85909090909091e-06,3.755442544037746e-33,-5.117633763611564e-06,-5.591407923092564e-12,2.149662901553699e-11
9.867272727272729e-06,3.1221904725929425e-33,-3.0510460755056177e-06,-3.3636661648474297e-12,2.1088667185975267e-11
9.875454545454547e-06,2.5674289213869138e-33,-1.0453853952832155e-06,-1.183270062191432e-12,2.068389450599683e-11
9.883636363636365e-06,2.0884397440380604e-33,8.787701127336876e-07,9.267455870419196e-13,2.0282425453214798e-11
9.891818181818184e-06,1.680255072378098e-33,2.702742266303464e-06,2.945023265894147e-12,1.988437019206753e-11
9.900000000000002e-06,1.3365962612503286e-33,4.409904715583582e-06,4.852081628446407e-12,1.9489834552788253e-11
9.90818181818182e-06,1.0505615782701733e-33,5.98580146071052e-06,6.630483641609371e-12,1.909892001634643e-11
9.916363636363638e-06,8.151158182553338e-34,7.418231858589362e-06,8.264972901043925e-12,1.8711723705397333e-11
9.924545454545457e-06,6.234259524518315e-34,8.697302417816888e-06,9.742577504874102e-12,1.8328338382731923e-11
9.932727272727275e-06,4.6907897388996015e-34,9.815446133985003e-06,1.105268132242749e-11,1.7948852451286258e-11
9.940909090909093e-06,3.4621123542968845e-34,1.0767410539413563e-05,1.2187062940444081e-11,1.7573349964928746e-11
9.949090909090911e-06,2.4957272752112073e-34,1.1550216025959627e-05,1.313990298494292e-11,1.7201910640095655e-11
9.95727272727273e-06,1.7454482053335023e-34,1.2163086344154654e-05,1.3907760917403543e-11,1.683460987585846e-11
9.965454545454546e-06,1.171259043427977e-34,1.2607353485276233e-05,1.4489522768171719e-11,1.6471518776983215e-11
9.973636363636364e-06,7.389599582515691e-35,1.288633941324709e-05,1.488632160429633e-11,1.6112704184119777e-11
9.981818181818183e-06,4.1968655384534713e-35,1.3005217327281102e-05,1.510143282335118e-11,1.5758228705636878e-11
9.990000000000001e-06,1.893636462156293e-35,1.2970855300665193e-05,1.514014662189783e-11,1.5408150757184272e-11
9.99818181818182e-06,2.8137841334762828e-36,1.2791645254688878e-05,1.5009620201419838e-11,1.5062524604207193e-11
1.0006363636363637e-05,-8.01804276953685e-36,1.2477320291168593e-05,1.4718712441755998e-11,1.472140040705106e-11
1.0014545454545456e-05,-1.4864515074433444e-35,1.203876342570214e-05,1.4277803903056935e-11,1.4384824273557948e-11
1.0022727272727274e-05,-1.8766088422765635e-35,1.1487810739763117e-05,1.3698605094818383e-11,1.4052838312169881e-11
1.0030909090909092e-05,-2.0542020945923102e-35,1.0837051904466095e-05,1.299395599023124e-11,1.372548068968262e-11
1.003909090909091e-05,-2.0829012012902765e-35,1.0099630923092987e-05,1.2177619760832044e-11,1.340278569263941e-11
1.0047272727272729e-05,-2.011478771925872e-35,9.28904979544013e-06,1.1264073659296068e-11,1.308478379115461e-11
1.0055454545454547e-05,-1.8766881548411763e-35,8.418977629432328e-06,1.0268299895424754e-11,1.2771501705125634e-11
1.0063636363636365e-05,-1.7056979181994267e-35,7.503067520602143e-06,9.205579231659871e-12,1.246296247496145e-11
1.0071818181818183e-05,-1.5181262033412347e-35,6.5547832937764494e-06,8.091289870988972e-12,1.2159185532414361e-11
1.0080000000000002e-05,-1.3277209915666098e-35,5.587237957523578e-06,6.940714030649374e-12,1.1860186773837075e-11
1.008818181818182e-05,-1.1437321236929035e-35,4.613045463106093e-06,5.768854387068429e-12,1.1565978637131999e-11
1.0096363636363638e-05,-9.720188438409408e-36,3.644187088959587e-06,4.5902623516576045e-12,1.1276570178628628e-11
1.0104545454545457e-05,-8.159334026510308e-36,2.6918934941413837e-06,3.418879890106957e-12,1.0991967152184434e-11
1.0112727272727275e-05,-6.770173696116243e-36,1.7665432062031238e-06,2.267896341499118e-12,1.071217208933778e-11
1.0120909090909093e-05,-5.5554314622493506e-36,8.775780363155042e-07,1.1496214270535148e-12,1.0437184380344794e-11
1.0129090909090911e-05,-4.5092900641554104e-36,3.343565074785419e-08,7.537536490269452e-14,1.0167000357073169e-11
1.013727272727273e-05,-3.620519965581805e-36,-7.58500725393731e-07,-9.446032614570924e-13,9.901613375733282e-12
1.0145454545454548e-05,-2.8747931765356097e-36,-1.4919357373506077e-06,-1.901231503655523e-12,9.641013900886152e-12
1.0153636363636364e-05,-2.2563545037942183e-36,-2.161678953855603e-06,-2.786637802969717e-12,9.385189588425194e-12
1.0161818181818183e-05,-1.7491929815895833e-36,-2.7636462415376123e-06,-3.594199631488507e-12,9.134125371547927e-12
1.0170000000000001e-05,-1.337830169818261e-36,-3.2948463408092122e-06,-4.318563395017874e-12,8.887803543977655e-12
1.0178181818181819e-05,-1.0078195937177286e-36,-3.7533536815839555e-06,-4.955647189732555e-12,8.646203844888777e-12
1.0186363636363637e-05,-7.460325862860311e-37,-4.138268611214483e-06,-5.50262721064329e-12,8.409303544360173e-12
1.0194545454545456e-05,-5.4078987038572124e-37,-4.44966631810316e-06,-5.957908789671726e-12,8.177077525924429e-12
1.0202727272727274e-05,-3.818850403727289e-37,-4.688535822241287e-06,-6.321083203982595e-12,7.949498372359977e-12
1.0210909090909092e-05,-2.605353273944059e-37,-4.856710466812744e-06,-6.592871527360757e-12,7.726536448013205e-12
1.021909090909091e-05,-1.6928632392498448e-37,-4.956791381589617e-06,-6.7750569143329796e-12,7.508159983105149e-12
1.0227272727272729e-05,-1.0189038940430697e-37,-4.992065399862234e-06,-6.870406790119566e-12,7.29433515593627e-12
1.0235454545454547e-05,-5.31729758610582e-38,-4.966418898979335e-06,-6.882586484734703e-12,7.08502617543362e-12
1.0243636363636365e-05,-1.8896846984345034e-38,-4.884249003614766e-06,-6.8160658866380565e-12,6.880195362342598e-12
1.0251818181818183e-05,4.369105295950509e-39,-4.750373542607172e-06,-6.676020705177976e-12,6.679803230642939e-12
1.0260000000000002e-05,1.9372206931584282e-38,-4.5699410848934466e-06,-6.468229924504282e-12,6.48380856797659e-12
1.026818181818182e-05,2.8287092098443177e-38,-4.348342297735138e-06,-6.198970999070995e-12,6.292168514422488e-12
1.0276363636363638e-05,3.2814433595188003e-38,-4.091123772860967e-06,-5.8749142936084745e-12,6.104838642438266e-12
1.0284545454545456e-05,3.4267129081879206e-38,-3.8039053571194126e-06,-5.503018199660331e-12,5.921773034440945e-12
1.0292727272727275e-05,3.364437666845511e-38,-3.4923019080893075e-06,-5.09042627676079e-12,5.742924360108448e-12
1.0300909090909093e-05,3.169446336600006e-38,-3.1618502746975723e-06,-4.64436766915841e-12,5.568243953289796e-12
1.0309090909090911e-05,2.8967311690225964e-38,-2.8179421790324748e-06,-4.17206193398127e-12,5.397681887428446e-12
1.031727272727273e-05,2.585793016633619e-38,-2.465763548286272e-06,-3.680629299432323e-12,5.231187050647179e-12
1.0325454545454548e-05,2.264192911045746e-38,-2.110240716437107e-06,-3.1770072392659503e-12,5.068707220135963e-12
1.0333636363636364e-05,1.9504221805077107e-38,-1.7559937871524655e-06,-2.6678741180809068e-12,4.910189135518843e-12
1.0341818181818183e-05,1.6561954094649904e-38,-1.4072973263807567e-06,-2.159580522819581e-12,4.755578570721148e-12
1.0350000000000001e-05,1.3882608043926836e-38,-1.0680484377023238e-06,-1.6580887574821669e-12,4.604820406795991e-12
1.0358181818181819e-05,1.1498118822984561e-38,-7.417421659649027e-07,-1.1689208403104086e-12,4.457858701858028e-12
1.0366363636363637e-05,9.415736230360655e-39,-4.3145407410904244e-07,-6.971152083140399e-13,4.314636761284311e-12
1.0374545454545456e-05,7.626258473696755e-39,-1.39829744364723e-07,-2.471922026851756e-13,4.175097207247996e-12
1.0382727272727274e-05,6.110169284301677e-39,1.3091912997273372e-07,1.7687171378181646e-13,4.039182046148169e-12
1.0390909090909092e-05,4.842122000377597e-39,3.7901246945816305e-07,5.716611745344221e-13,3.9068327366403834e-12
1.039909090909091e-05,3.794136732277774e-39,6.030938177659726e-07,9.343308344756681e-13,3.777990255301304e-12
1.0407272727272729e-05,2.9378092202409406e-39,8.022171509643489e-07,1.2626063740806343e-12,3.652595162443986e-12
1.0415454545454547e-05,2.245772127347929e-39,9.758290401273886e-07,1.5547780400065903e-12,3.530587666222142e-12
1.0423636363636365e-05,1.692600593422641e-39,1.1237467494764315e-06,1.809687253135236e-12,3.411907685899876e-12
1.0431818181818183e-05,1.2553130559927577e-39,1.246132871874872e-06,2.0267068827243505e-12,3.296494913852414e-12
1.0440000000000002e-05,9.135846957182686e-40,1.3434671123090066e-06,2.2057158299370546e-12,3.1842888767760825e-12
1.044818181818182e-05,6.497634524496981e-40,1.416515827130946e-06,2.3470686101837873e-12,3.075228995502075e-12
1.0456363636363638e-05,4.48756488210893e-40,1.4662999135800757e-06,2.451560645760208e-12,2.9692546432968793e-12
1.0464545454545456e-05,2.9783741373747287e-40,1.494061623235539e-06,2.5203899975107025e-12,2.866305203325408e-12
1.0472727272727275e-05,1.8641079480191536e-40,1.501230846981916e-06,2.5551162690613065e-12,2.7663201240470305e-12
1.0480909090909093e-05,1.0575974922444132e-40,1.4893913883206517e-06,2.557617410803822e-12,2.6692389746467025e-12
1.0489090909090911e-05,4.879425816176827e-41,1.4602477054619004e-06,2.5300451323572733e-12,2.57500149705984e-12
1.049727272727273e-05,9.811652419916678e-42,1.4155925599495475e-06,2.474779611377292e-12,2.483547657270921e-12
1.0505454545454548e-05,-1.5723820095431652e-41,1.3572759618120982e-06,2.3943841490116724e-12,2.39481769590761e-12
1.0513636363636366e-05,-3.137873261174836e-41,1.2871757511780456e-06,2.291560385180652e-12,2.3087521756047578e-12
1.0521818181818183e-05,-3.9924226372051074e-41,1.207170106528682e-06,2.169104637577307e-12,2.2252920274754483e-12
1.053e-05,-4.348603995678168e-41,1.1191122210708644e-06,2.029865880008816e-12,2.1443785959416744e-12
1.0538181818181819e-05,-4.3672106146068456e-41,1.0248073401891821e-06,1.876705815934279e-12,2.065953680987613e-12
1.0546363636363637e-05,-4.167960057976398e-41,9.259923036492852e-07,1.7124614489391917e-12,1.9899595790866118e-12
1.0554545454545456e-05,-3.8383628864374784e-41,8.243176868304085e-07,1.5399104883055292e-12,1.9163391221725955e-12
1.0562727272727274e-05,-3.4409833547059424e-41,7.213325880194782e-07,1.3617398679669323e-12,1.8450357135643613e-12
1.0570909090909092e-05,-3.019315737926435e-41,6.184720659523659e-07,1.1805175951444481e-12,1.775993363989442e-12
1.057909090909091e-05,-2.60248653160151e-41,5.170471939307453e-07,9.986680852203225e-13,1.7091567228465414e-12
1.0587272727272729e-05,-2.2089742022444633e-41,4.1823766278247163e-07,8.184510808269606e-13,1.6444711092476668e-12
1.0595454545454547e-05,-1.8495171012091315e-41,3.2308683320605e-07,6.419441955903886e-13,1.5818825400793533e-12
1.0603636363636365e-05,-1.5293584510199215e-41,2.324991085943439e-07,4.710290720367035e-13,1.5213377566944785e-12
1.0611818181818183e-05,-1.249956213119605e-41,1.4723947386119595e-07,3.0738109238125244e-13,1.4627842484414576e-12
1.0620000000000002e-05,-1.0102659284770025e-41,6.793502590085589e-08,1.524625355121184e-13,1.4061702738713547e-12
1.062818181818182e-05,-8.07686731120698e-42,-4.9216925911281775e-09,7.519035064967633e-15,1.3514448815201255e-12
1.0636363636363638e-05,-6.387448720718078e-42,-7.096775361299426e-08,-1.264208453208558e-13,1.298557926031932e-12
1.0644545454545456e-05,-4.9957529385973105e-42,-1.2996350319935422e-07,-2.485431323721063e-13,1.247460084559712e-12
1.0652727272727275e-05,-3.8624999036395095e-42,-1.8178502909558545e-07,-3.582432972559495e-13,1.1981028696133313e-12
1.0660909090909093e-05,-2.949919315451519e-42,-2.2641564822015085e-07,-4.551187031266896e-13,1.1504386393848384e-12
1.0669090909090911e-05,-2.2230504843382458e-42,-2.6393662282711703e-07,-5.389589207873745e-13,1.1044206081485976e-12
1.067727272727273e-05,-1.6504396518159374e-42,-2.9451730697936103e-07,-6.097341968224216e-13,1.0600028525827208e-12
1.0685454545454548e-05,-1.2044163545992137e-42,-3.1840491445955606e-07,-6.67582364509428e-13,1.0171403169605412e-12
1.0693636363636366e-05,-8.610860189419778e-43,-3.3591408776785257e-07,-7.127944899055998e-13,9.757888173786518e-13
1.0701818181818184e-05,-6.00140758312214e-43,-3.474164363981133e-07,-7.457995397870833e-13,9.359050425485977e-13
1.071e-05,-4.045627440657005e-43,-3.533302003504422e-07,-7.671483533575505e-13,8.974465540220998e-13
1.0718181818181819e-05,-2.602731526486204e-43,-3.541101803215018e-07,-7.774971881808293e-13,8.603717853473453e-13
1.0726363636363637e-05,-1.5576337765756377e-43,-3.5023805878556317e-07,-7.775910959400753e-13,8.24640037767039e-13
1.0734545454545456e-05,-8.17329223163734e-44,-3.4221321761596e-07,-7.682473697739274e-13,7.902114770857045e-13
1.0742727272727274e-05,-3.074931227287061e-44,-3.3054414015922417e-07,-7.503392830956436e-13,7.57047127081522e-13
1.0750909090909092e-05,3.0612092672663655e-45,-3.157404699115299e-07,-7.247803216419641e-13,7.25108863222249e-13
1.075909090909091e-05,2.428809361713838e-44,-2.983057834601975e-07,-6.92509088201192e-13,6.943594039013032e-13
1.0767272727272729e-05,3.6475082080570726e-44,-2.787311205194728e-07,-6.544750350397063e-13,6.64762302572433e-13
1.0775454545454547e-05,4.232415084132406e-44,-2.5748929795128465e-07,-6.116251585157233e-13,6.362819373442642e-13
1.0783636363636365e-05,4.386725453098216e-44,-2.350300186465569e-07,-5.648917632550182e-13,6.088835006179536e-13
1.0791818181818183e-05,4.2609020305714595e-44,-2.1177577203301713e-07,-5.1518138328225e-13,5.825329879528307e-13
1.0800000000000002e-05,3.9643839727811295e-44,-1.881185119247467e-07,-4.633649228115364e-13,5.571971868706656e-13
1.080818181818182e-05,3.5750825531897983e-44,-1.64417088753304e-07,-4.1026905667790586e-13,5.328436637103012e-13
1.0816363636363638e-05,3.1469942361010523e-44,-1.4099540514054613e-07,-3.5666891169852364e-13,5.094407523951098e-13
1.0824545454545456e-05,2.7162356354578797e-44,-1.1814125518963437e-07,-3.032820290689481e-13,4.869575409449605e-13
1.0832727272727275e-05,2.3057729202978785e-44,-9.610579945835573e-08,-2.5076358896680684e-13,4.653638592698124e-13
1.0840909090909093e-05,1.9290843469203062e-44,-7.51036211428073e-08,-1.9970286472134927e-13,4.4463026576497224e-13
1.0849090909090911e-05,1.5929611355712194e-44,-5.5313305711925536e-08,-1.5062085660329226e-13,4.2472803516774894e-13
1.085727272727273e-05,1.299620367568118e-44,-3.6878485459226675e-08,-1.0396904339195587e-13,4.0562914549455756e-13
1.0865454545454548e-05,1.0482748245429247e-44,-1.9909290289773137e-08,-6.012917940979907e-14,3.873062655789884e-13
1.0873636363636366e-05,8.362791428884324e-45,-4.484145153396236e-09,-1.9414054760152053e-14,3.697327431801036e-13
1.0881818181818184e-05,6.599494227978941e-45,9.348146746697715e-09,1.7930869348973195e-14,3.528825922408399e-13
1.0890000000000002e-05,5.151344184646599e-45,2.1566095796100045e-08,5.172504580285875e-14,3.367304822666332e-13
1.0898181818181819e-05,3.9760042440659956e-45,3.2173051033393016e-08,8.184974349991964e-14,3.212517264284213e-13
1.0906363636363637e-05,3.03278673240856e-45,4.119461182317129e-08,1.0824436669327297e-13,3.0642227104538043e-13
1.0914545454545456e-05,2.2841315306470507e-45,4.867597450620357e-08,1.3090229034142812e-13,2.9221868514329124e-13
1.0922727272727274e-05,1.696379148668039e-45,5.467925873370259e-08,1.4986631073953985e-13,2.7861815071938497e-13
1.0930909090909092e-05,1.2400586285304e-45,5.928085573893972e-08,1.6522380702676836e-13,2.6559845359273925e-13
1.093909090909091e-05,8.898541813055993e-46,6.256883789722185e-08,1.7710170483993024e-13,2.5313797329876313e-13
1.0947272727272729e-05,6.2437063391797346e-46,6.464046409911493e-08,1.856613300448448e-13,2.4121567613589345e-13
1.0955454545454547e-05,4.2578389256707055e-46,6.559980893531018e-08,1.91093234556447e-13,2.298111066947023e-13
1.0963636363636365e-05,2.794367931228289e-46,6.555553726865285e-08,1.936120670291248e-13,2.18904379925575e-13
1.0971818181818183e-05,1.7342127803410862e-46,6.46188411819867e-08,1.934515589880727e-13,2.084761741717661e-13
1.0980000000000002e-05,9.81734558630625e-47,6.290155359886329e-08,1.9085968571412537e-13,1.9850772428990768e-13
1.098818181818182e-05,4.609764596788352e-47,6.051445045738446e-08,1.8609405501760606e-13,1.8898081585998075e-13
1.0996363636363638e-05,1.1228078712545174e-47,5.756574947966853e-08,1.794175689458021e-13,1.7987777809111356e-13
1.1004545454545456e-05,-1.1068218697717102e-47,5.415980822807327e-08,1.7109439629718437e-13,1.7118147778929243e-13
1.1012727272727275e-05,-2.4347248141042286e-47,5.039601892121581e-08,1.6138628515132368e-13,1.6287531466982642e-13
1.1020909090909093e-05,-3.130464451158024e-47,4.63678942381052e-08,1.5054923757204785e-13,1.5494321458225208e-13
1.1029090909090911e-05,-3.3956385999217817e-47,4.216233735158083e-08,1.3883056177733899e-13,1.4736962419741775e-13
1.103727272727273e-05,-3.378756344244829e-47,3.785908916162188e-08,1.2646631014076738e-13,1.4013950530519368e-13
1.1045454545454548e-05,-3.1873351041998875e-47,3.353034425628741e-08,1.1367910418912512e-13,1.3323832924820925e-13
1.1053636363636366e-05,-2.8976226049447624e-47,2.9240524089961256e-08,1.0067634411680821e-13,1.2665207080819258e-13
1.1061818181818184e-05,-2.562321591775217e-47,2.5046192685132687e-08,8.764879234691288e-14,1.2036720150213575e-13
1.1070000000000002e-05,-2.2166586148620285e-47,2.0996098762367487e-08,7.476951894732452e-14,1.1437068452048664e-13
1.1078181818181819e-05,-1.883097511005751e-47,1.7131329123037702e-08,6.219318949382504e-14,1.0864996631704925e-13
1.1086363636363637e-05,-1.5749569924472198e-47,1.3485559959199455e-08,5.0055676435606883e-14,1.0319297072847472e-13
1.1094545454545456e-05,-1.2991523439882514e-47,1.0085393527868173e-08,3.847396760820513e-14,9.798809110397315e-14
1.1102727272727274e-05,-1.0582450050478828e-47,6.9507665697919105e-09,2.7546348003053313e-14,9.302418189636388e-14
1.1110909090909092e-05,-8.51951475028597e-48,4.095415208598628e-09,1.735282629412683e-14,8.82905502097492e-14
1.111909090909091e-05,-6.782347694218173e-48,1.5273808305786355e-09,7.955777079112692e-15,8.377694767824939e-14
1.1127272727272729e-05,-5.340775078587552e-48,-7.504565625668456e-10,-5.992304690554586e-16,7.947355956491215e-14
1.1135454545454547e-05,-4.160153830913664e-48,-2.739827989833859e-09,-8.282445430492707e-15,7.53709957460534e-14
1.1143636363636365e-05,-3.204928853463092e-48,-4.446516551699157e-09,-1.5078819967046205e-14,7.146027984489043e-14
1.1151818181818183e-05,-2.440893353069846e-48,-5.879798359137621e-09,-2.098679379003046e-14,6.773283769427487e-14
1.1160000000000002e-05,-1.836520975969884e-48,-7.051892821258287e-09,-2.6017004448895324e-14,6.418048690007306e-14
1.116818181818182e-05,-1.3636490726209819e-48,-7.977431837686375e-09,-3.0190949772106265e-14,6.079542332028597e-14
1.1176363636363638e-05,-9.977217721781771e-49,-8.672955405685417e-09,-3.3539626225584526e-14,5.75702102527653e-14
1.1184545454545456e-05,-7.177463623031554e-49,-9.156437926911535e-09,-3.6102164756682436e-14,5.449776471385724e-14
1.1192727272727275e-05,-5.060738736724627e-49,-9.446847144281509e-09,-3.7924483980302974e-14,5.157134445387402e-14
1.1200909090909093e-05,-3.480822964920931e-49,-9.563737414369298e-09,-3.905797893405728e-14,4.878453477259236e-14
1.1209090909090911e-05,-2.318164318784682e-49,-9.526880190201438e-09,-3.955826086790126e-14,4.6131235051204046e-14
1.121727272727273e-05,-1.4762027921935451e-49,-9.355935141066045e-09,-3.9483960850904575e-14,4.3605645321182015e-14
1.1225454545454548e-05,-8.778466802359779e-50,-9.070163918310725e-09,-3.88956085155309e-14,4.12022517677747e-14
1.1233636363636366e-05,-4.622341535981317e-50,-8.68818579925209e-09,-3.785459550849499e-14,3.891581368776685e-14
1.1241818181818184e-05,-1.8184713096777834e-50,-8.227772294019404e-09,-3.642222925739917e-14,3.674134914114686e-14
1.1250000000000002e-05,4.4159465197088324e-63,-7.705677742480404e-09,-3.4658882882809834e-14,3.467412200782944e-14
1.125818181818182e-05,1.1130312147477181e-50,-7.137504491690798e-09,-3.2623243624713366e-14,3.2709627736103527e-14
1.1266363636363637e-05,1.731664735806945e-50,-6.537602482718196e-09,-3.0371660861277887e-14,3.0843580307880304e-14
1.1274545454545455e-05,2.0128960294971896e-50,-5.9190024355722544e-09,-2.7957593988089326e-14,2.907189921962585e-14
1.1282727272727274e-05,2.0718083794984882e-50,-5.2933796322093196e-09,-2.543115691052229e-14,2.7390696346493352e-14
1.1290909090909092e-05,1.9913549153234985e-50,-4.671043453284321e-09,-2.283875802811567e-14,2.5796263720025952e-14
1.129909090909091e-05,1.830152501511809e-50,-4.060947955690236e-09,-2.022282919992877e-14,2.42850609456219e-14
1.1307272727272729e-05,1.6286214563319684e-50,-3.4707206781440788e-09,-1.762164044670463e-14,2.2853703471270176e-14
1.1315454545454547e-05,1.4137679294023009e-50,-2.906708675920142e-09,-1.506919327711742e-14,2.149895078153984e-14
1.1323636363636365e-05,1.2028665993677126e-50,-2.3740407857021244e-09,-1.2595186917952161e-14,2.0217695644271334e-14
1.1331818181818183e-05,1.0062630565095511e-50,-1.876703364522823e-09,-1.022504958422477e-14,1.90069520328066e-14
1.1340000000000002e-05,8.29479564077397e-51,-1.4176250184136876e-09,-7.980029297052841e-15,1.786384620762088e-14
1.134818181818182e-05,6.747757913048345e-51,-9.98765931402341e-10,-5.877334097045772e-15,1.6785605196280615e-14
1.1356363636363638e-05,5.422879723661204e-51,-6.212093954951961e-10,-3.9303179925904385e-15,1.5769547517324643e-14
1.1364545454545456e-05,4.30845796101447e-51,-2.8525529687196916e-10,-2.14870153608808e-15,1.481307362729873e-14
1.1372727272727275e-05,3.385459704815543e-51,9.48424524243453e-12,-5.388229012204379e-16,1.391365691507886e-14
1.1380909090909093e-05,2.631445023866485e-51,2.639883873501511e-10,8.960886972499072e-16,1.3068834898416147e-14
1.1389090909090911e-05,2.0231589338703e-51,4.797333093615291e-10,2.15562367261665e-15,1.2276201215738677e-14
1.139727272727273e-05,1.5381626442944495e-51,6.586034466531771e-10,3.2418921734235722e-15,1.1533397963906915e-14
1.1405454545454548e-05,1.1557848689559083e-51,8.02809613033811e-10,4.159219736654135e-15,1.0838108347748238e-14
1.1413636363636366e-05,8.576034372522056e-52,9.148131580247189e-10,4.913843562684849e-15,1.0188051595111487e-14
1.1421818181818184e-05,6.276123978981899e-52,9.972546064489276e-10,5.513612912016852e-15,9.580976048151965e-15
1.1430000000000002e-05,4.5218734975278705e-52,1.0528865996902548e-09,5.967698882632657e-15,9.014656514740018e-15
1.143818181818182e-05,3.199293785377213e-52,1.0845129163466702e-09,6.2863163265323606e-15,8.486890470071577e-15
1.1446363636363639e-05,2.214436329948325e-52,1.0949358546655115e-09,6.480460570882942e-15,7.995497051662888e-15
1.1454545454545455e-05,1.490905076405972e-52,1.0869126738050935e-09,6.561661446390933e-15,7.538316774411252e-15
1.1462727272727274e-05,9.673419734351923e-53,1.063119506531158e-09,6.5417566993251325e-15,7.113213887178615e-15
1.1470909090909092e-05,5.950391090332267e-53,1.0261202638967545e-09,6.432685648416352e-15,6.7180797788635486e-15
1.147909090909091e-05,3.3576367993889268e-53,9.783393346567912e-10,6.246304282245721e-15,6.350838223544524e-15
1.1487272727272728e-05,1.5983640845924222e-53,9.220390479123784e-10,5.994222148997754e-15,6.00945238689506e-15
1.1495454545454547e-05,4.44738219317391e-54,8.593037793953518e-10,5.687660622845083e-15,5.691933301559856e-15
1.1503636363636365e-05,-2.7614237788995705e-54,7.920313043435973e-10,5.337333667806351e-15,5.3963488782492735e-15
1.1511818181818183e-05,-6.939165580751878e-54,7.219297064570799e-10,4.9533483370529184e-15,5.120833910524845e-15
1.1520000000000002e-05,-9.045310348722625e-54,6.505170123757794e-10,4.5451266778734664e-15,4.863600184503849e-15
1.152818181818182e-05,-9.779860641072026e-54,5.791218234869479e-10,4.1213456008985084e-15,4.622946187598929e-15
1.1536363636363638e-05,-9.645278302159236e-54,5.088855175952153e-10,3.689895466324419e-15,4.397265172139235e-15
1.1544545454545456e-05,-8.995416846441424e-54,4.4076790183967747e-10,3.2578544807639142e-15,4.18505315723106e-15
1.1552727272727275e-05,-8.073752362522974e-54,3.7555726990952167e-10,2.831478791291783e-15,3.98491510212401e-15
1.1560909090909093e-05,-7.042918975882935e-54,3.138835472949038e-10,2.4162053364026427e-15,3.795567590101543e-15
1.1569090909090911e-05,-6.007267288588573e-54,2.56231786878164e-10,2.0166671938003183e-15,3.6158421872200514e-15
1.157727272727273e-05,-5.0298907671679614e-54,2.0295409463314708e-10,1.6367188425656201e-15,3.444684907038188e-15
1.1585454545454548e-05,-4.1453158571831894e-54,1.5428037906538147e-10,1.279470490322258e-15,3.2811541973052923e-15
1.1593636363636366e-05,-3.3688314357972234e-54,1.1032995325450754e-10,9.473293470598812e-16,3.1244185528730687e-15
1.1601818181818184e-05,-2.703243326296855e-54,7.112544180829286e-11,6.420469135836459e-16,2.9737508168081407e-15
1.1610000000000002e-05,-2.1436790266740436e-54,3.660823334544733e-11,3.647703512497565e-16,2.8285227744391723e-15
1.161818181818182e-05,-1.6809342835685985e-54,6.6530138187339985e-12,1.160975384117731e-16,2.6881985332694806e-15
1.1626363636363639e-05,-1.3037437447990123e-54,-1.8920619295946204e-11,-1.0386697781420764e-16,2.5523272826495518e-15
1.1634545454545457e-05,-1.0002694821969383e-54,-4.033923313440778e-11,-2.954540715864551e-16,2.420535786069922e-15
1.1642727272727274e-05,-7.590305615703319e-55,-5.7867197642809874e-11,-4.593734001639619e-16,2.292520653182612e-15
1.1650909090909092e-05,-5.6944111965721074e-55,-7.179697299674874e-11,-5.966564868183582e-16,2.1680406252260093e-15
1.165909090909091e-05,-4.220809507911766e-55,-8.243823607602873e-11,-7.086033102374065e-16,2.0469105043092875e-15
1.1667272727272728e-05,-3.0878909893120238e-55,-9.010799941371862e-11,-7.967297910716147e-16,1.928992914736371e-15
1.1675454545454547e-05,-2.2264541659298574e-55,-9.512380752565916e-11,-8.627187799592097e-16,1.8141925479245416e-15
1.1683636363636365e-05,-1.5788583005922673e-55,-9.780004199071627e-11,-9.083745060130027e-16,1.7024503855960724e-15
1.1691818181818183e-05,-1.0978276697286808e-55,-9.844527124619977e-11,-9.355805716564888e-16,1.5937386064815703e-15
1.1700000000000001e-05,-7.45117391666757e-56,-9.7358429087036e-11,-9.462616655831157e-16,1.4880556798834475e-15
1.170818181818182e-05,-4.901753053488306e-56,-9.482353009487928e-11,-9.423494355522528e-16,1.3854226830745637e-15
1.1716363636363638e-05,-3.0888102129608076e-56,-9.110478435495542e-11,-9.257523189663787e-16,1.2858804552611424e-15
1.1724545454545456e-05,-1.8240633368678735e-56,-8.644429488916137e-11,-8.98329619982493e-16,1.1894867555282587e-15
1.1732727272727275e-05,-9.621633925899641e-57,-8.106269854956522e-11,-8.618691806962364e-16,1.0963158152142353e-15
1.1740909090909093e-05,-3.921451700666269e-57,-7.516088207760388e-11,-8.180690165257514e-16,1.0064575677089705e-15
1.1749090909090911e-05,-3.0251530545406377e-58,-6.892039610714179e-11,-7.685228594593632e-16,9.200189824793051e-16
1.175727272727273e-05,1.8599044370178154e-57,-6.250188704190259e-11,-7.147086956964558e-16,8.37127614391488e-16
1.1765454545454548e-05,3.0258900369023126e-57,-5.6043152363805296e-11,-6.579810355150976e-16,7.579371360547783e-16
1.1773636363636366e-05,3.529574564068579e-57,-4.9659121837351525e-11,-5.995651279119754e-16,6.826352375874912e-16
1.1781818181818184e-05,3.60983430891091e-57,-4.344451461320394e-11,-5.405550263755377e-16,6.114581721786269e-16
1.1790000000000002e-05,3.4343509488378277e-57,-3.7477603813523106e-11,-4.819133994761168e-16,5.447109450890678e-16
1.179818181818182e-05,3.118263417501331e-57,-3.182264623850156e-11,-4.2447306119184e-16,4.827941811836283e-16
1.1806363636363639e-05,2.738464438514021e-57,-2.6529936162472496e-11,-3.689409429620312e-16,4.2624238710291534e-16
1.1814545454545457e-05,2.3444344937377808e-57,-2.1634783131652366e-11,-3.159032486509709e-16,3.757682825832352e-16
1.1822727272727274e-05,1.9663553229365172e-57,-1.7157771085393462e-11,-2.6583194275276703e-16,3.3229489932290405e-16
1.1830909090909092e-05,1.6211103003850588e-57,-1.3107438491564165e-11,-2.1909192522942464e-16,2.9693695641985305e-16
1.183909090909091e-05,1.3166618983597635e-57,-9.484203656991367e-12,-1.7594951301589082e-16,2.7084532932358886e-16
1.1847272727272728e-05,1.055196890754651e-57,-6.283158949711197e-12,-1.3658089575589375e-16,2.5484572471625385e-16
1.1855454545454547e-05,8.353468984471621e-58,-3.4944079839595857e-12,-1.0108082131842172e-16,2.4895637053326284e-16
1.1863636363636365e-05,6.53723698703399e-58,-1.1019047974986768e-12,-6.947219022212743e-17,2.521288013632487e-16
1.1871818181818183e-05,5.059535431658423e-58,9.169107555523008e-13,-4.171485100736455e-17,2.6249047056118304e-16
1.1880000000000001e-05,3.873506513402965e-58,2.5892631549343606e-12,-1.7714410271420913e-17,2.7791214258263424e-16
1.188818181818182e-05,2.9333526299486725e-58,3.943786972357902e-12,2.6691835294561698e-18,2.9648197392710896e-16
1.1896363636363638e-05,2.1967450311678978e-58,5.008114963095043e-12,1.9613243701859453e-17,3.1670482530086777e-16
1.1904545454545456e-05,1.626033944225172e-58,5.808829165841271e-12,3.332473144109801e-17,3.3749974702967325e-16
1.1912727272727274e-05,1.1886740749149443e-58,6.373115497146158e-12,4.4033217218595144e-17,3.5811909325273636e-16
1.1920909090909093e-05,8.571592737260496e-59,6.729925623666731e-12,5.1984150083608946e-17,3.7806028504622096e-16
1.1929090909090911e-05,6.086707878459485e-59,6.90902627240892e-12,5.743288466988486e-17,3.969936935905626e-16
1.193727272727273e-05,4.2457790596596765e-59,6.938441304307252e-12,6.063936350090216e-17,4.14709976010933e-16
1.1945454545454548e-05,2.898823284427781e-59,6.842417462532648e-12,6.186349225506355e-17,4.310856525892061e-16
1.1953636363636366e-05,1.9266381196137675e-59,6.6416094123679965e-12,6.136063007594926e-17,4.460559029229253e-16
1.1961818181818184e-05,1.235610607364005e-59,6.35510681655378e-12,5.93787587929881e-17,4.595985727574356e-16
1.1970000000000002e-05,7.530576806053089e-60,6.002212281009309e-12,5.615508381221421e-17,4.717224020243684e-16
1.197818181818182e-05,4.2317088708870474e-60,5.602172778358514e-12,5.191402261521006e-17,4.824582777407976e-16
1.1986363636363639e-05,2.0357083668753087e-60,5.172085489188514e-12,4.6865149241151446e-17,4.918533907942479e-16
1.1994545454545457e-05,6.243658197811082e-61,4.725000215789528e-12,4.1202085602801414e-17,4.999666836106486e-16
1.2002727272727275e-05,-2.3846470000995523e-61,4.2700908321477486e-12,3.510127067627945e-17,5.068657963844848e-16
1.2010909090909092e-05,-7.25857811450562e-61,3.814808359236387e-12,2.872191644390404e-17,5.126243014100974e-16
1.201909090909091e-05,-9.629508887792199e-61,3.3670399695082568e-12,2.220547222024935e-17,5.173195529708045e-16
1.2027272727272728e-05,-1.0388567712699849e-60,2.9352985189898496e-12,1.5675994825412654e-17,5.210315768959726e-16
1.2035454545454547e-05,-1.0159322793496862e-60,2.5268626964608495e-12,9.240482424258712e-18,5.238414635386496e-16
1.2043636363636365e-05,-9.369084132524064e-61,2.1457648396375368e-12,2.989589691638542e-18,5.258306896972824e-16
1.2051818181818183e-05,-8.303143974130084e-61,1.7926847392001523e-12,-3.0016168767306853e-18,5.270797285954784e-16
1.2060000000000001e-05,-7.145571927584856e-61,1.4669924991149626e-12,-8.672698009728947e-18,5.276682884507873e-16
1.206818181818182e-05,-6.009538419051211e-61,1.169125205966589e-12,-1.3977031443902786e-17,5.276736572447912e-16
1.2076363636363638e-05,-4.95957485776524e-61,9.011514873608704e-13,-1.8880229744226713e-17,5.271702625850526e-16
1.2084545454545456e-05,-4.0276946583679577e-61,6.650963931502502e-13,-2.3359088051317972e-17,5.262300699730881e-16
1.2092727272727274e-05,-3.2248931651952035e-61,4.60728506162032e-13,-2.7400825716942387e-17,5.249212335290963e-16
1.2100909090909093e-05,-2.5492099847545107e-61,2.8501878480484456e-13,-3.100134816909155e-17,5.233085341339516e-16
1.2109090909090911e-05,-1.9912658755999346e-61,1.3388096109974868e-13,-3.4164313123139894e-17,5.2145276340567e-16
1.211727272727273e-05,-1.5379692669553319e-61,4.622316022725628e-15,-3.6900191259738015e-17,5.194103421932455e-16
1.2125454545454547e-05,-1.1749160205879567e-61,-1.0314907453511559e-13,-3.9224846195803606e-17,5.172336985040012e-16
1.2133636363636366e-05,-8.878722440389856e-62,-1.8895064898312738e-13,-4.115900009073698e-17,5.149708754361025e-16
1.2141818181818184e-05,-6.63626742837318e-62,-2.5376359357023743e-13,-4.272674189651731e-17,5.126648243222237e-16
1.2150000000000002e-05,-4.904209783263875e-62,-3.010094069526838e-13,-4.3955305456034744e-17,5.103546431002059e-16
1.215818181818182e-05,-3.5810504918034627e-62,-3.352041263125012e-13,-4.4873974614238317e-17,5.080744571050766e-16
1.2166363636363639e-05,-2.5812399958129635e-62,-3.595477050862452e-13,-4.55131952799351e-17,5.058540693192637e-16
1.2174545454545457e-05,-1.834062265477082e-62,-3.747140959732224e-13,-4.5904429807057936e-17,5.037193351980748e-16
1.2182727272727275e-05,-1.2820214697016568e-62,-3.7995435470817346e-13,-4.607948518982456e-17,5.016914322528339e-16
1.2190909090909094e-05,-8.79044018571211e-63,-3.754235074845204e-13,-4.607007253237558e-17,4.997878045182022e-16
1.219909090909091e-05,-5.886900891783943e-63,-3.6349595177545746e-13,-4.590731568998122e-17,4.9802199378493795e-16
1.2207272727272728e-05,-3.824870173908225e-63,-3.478263331011022e-13,-4.5621805687894965e-17,4.964034290165005e-16
1.2215454545454547e-05,-2.3844203702306583e-63,-3.310786662407835e-13,-4.5242940614424053e-17,4.949387785219289e-16
1.2223636363636365e-05,-1.397561428265358e-63,-3.1350925135095963e-13,-4.479904114742059e-17,4.936306638727694e-16
1.2231818181818183e-05,-7.373865108298136e-64,-2.9375084808859343e-13,-4.4317094004698544e-17,4.924795358302325e-16
1.2240000000000001e-05,-3.090913663945952e-64,-2.71026092046729e-13,-4.382282762029493e-17,4.914827246065521e-16
1.224818181818182e-05,-4.266789100654432e-65,-2.466563570561542e-13,-4.334021788673294e-17,4.906345852858152e-16
1.2256363636363638e-05,1.1295329457713273e-64,-2.2342724306901686e-13,-4.289205988100106e-17,4.89927405029253e-16
1.2264545454545456e-05,1.9453664137762667e-64,-2.0344308797068678e-13,-4.2499449057281785e-17,4.893507977635913e-16
1.2272727272727274e-05,2.2816265391933784e-64,-1.8655400716097782e-13,-4.218175176511548e-17,4.888923885101908e-16
1.2280909090909093e-05,2.3202463747617652e-64,-1.7087930105048823e-13,-4.1957035834747544e-17,4.885379961316444e-16
1.2289090909090911e-05,2.185645580724215e-64,-1.549272536407703e-13,-4.184149379922508e-17,4.882709650188582e-16
1.229727272727273e-05,1.9608603095230934e-64,-1.3927445205938437e-13,-4.1849599379238133e-17,4.880732443744756e-16
1.2305454545454547e-05,1.6995871885953358e-64,-1.2619450941175405e-13,-4.1993972871123766e-17,4.879244204997195e-16
1.2313636363636366e-05,1.4350716628998072e-64,-1.1760167756242576e-13,-4.228526427748732e-17,4.878025822747307e-16
1.2321818181818184e-05,1.186586709021082e-64,-1.1329636106226224e-13,-4.2732015716008677e-17,4.876834807581525e-16
1.2330000000000002e-05,9.640921757895337e-65,-1.1120765367854517e-13,-4.3340300105343253e-17,4.87541206955073e-16
1.233818181818182e-05,7.715359900006873e-65,-1.0940489335842496e-13,-4.4113595957526427e-17,4.8734815896726645e-16
1.2346363636363639e-05,6.091534220281042e-65,-1.0794593199237971e-13,-4.5052434694444175e-17,4.87074748078569e-16
1.2354545454545457e-05,4.750363574727931e-65,-1.0878296070848107e-13,-4.615413969109848e-17,4.866897853317561e-16
1.2362727272727275e-05,3.661778599838658e-65,-1.1381036776740784e-13,-4.7412448796095305e-17,4.861596816460692e-16
1.2370909090909094e-05,2.7914522208841964e-65,-1.229230302274155e-13,-4.881654344221861e-17,4.854495026547143e-16
1.2379090909090912e-05,2.1049447977002867e-65,-1.3394434961093155e-13,-5.0351291743832427e-17,4.845222807385178e-16
1.2387272727272728e-05,1.5700866419559815e-65,-1.444898085176788e-13,-5.199618495718435e-17,4.83339820434611e-16
1.2395454545454547e-05,1.1581889334427768e-65,-1.5397515080503603e-13,-5.372500959460442e-17,4.818623527788793e-16
1.2403636363636365e-05,8.445012045380845e-66,-1.6383954279586463e-13,-5.5505286110709517e-17,4.800493500373656e-16
1.2411818181818183e-05,6.082061382266037e-66,-1.7576510030583276e-13,-5.729740595282052e-17,4.778593910779003e-16
1.2420000000000001e-05,4.321496762652257e-66,-1.8959245962894277e-13,-5.905441482292185e-17,4.752509914957099e-16
1.242818181818182e-05,3.024378468247813e-66,-2.0291805728920436e-13,-6.072117504297644e-17,4.721832367137806e-16
1.2436363636363638e-05,2.0798464402079504e-66,-2.1274061559687042e-13,-6.223396302299808e-17,4.686157121906874e-16
1.2444545454545456e-05,1.4006259077660028e-66,-2.175569606752931e-13,-6.352005675478465e-17,4.645110940543954e-16
1.2452727272727274e-05,9.18853738823366e-67,-2.1787882979883446e-13,-6.449722188513428e-17,4.598352389976804e-16
1.2460909090909093e-05,5.823720108511504e-67,-2.1466227506515538e-13,-6.507360788121978e-17,4.545589554720378e-16
1.2469090909090911e-05,3.5154091786174816e-67,-2.0714908580644237e-13,-6.51479143445792e-17,4.486604654251643e-16
1.247727272727273e-05,1.965655308720043e-67,-1.9218768103736375e-13,-6.460911279724617e-17,4.4212745452278092e-16
1.2485454545454547e-05,9.529831938211953e-68,-1.656843593406216e-13,-6.333696447944414e-17,4.349604136090132e-16
1.2493636363636366e-05,3.146326261481149e-68,-1.2479454786155098e-13,-6.120282336771757e-17,4.2717636593719874e-16
1.2501818181818184e-05,-6.758137969646406e-69,-6.875662402249516e-14,-5.807051935108998e-17,4.1881455632962857e-16
1.2510000000000002e-05,-2.783772725836089e-68,2.4236894219299694e-15,-5.3797547425406956e-17,4.099416628150543e-16
1.251818181818182e-05,-3.776270657941823e-68,9.016467170541945e-14,-4.823685458885242e-17,4.006609904074188e-16
1.2526363636363639e-05,-4.069676192818555e-68,1.9825683302033725e-13,-4.1239226718138395e-17,3.9112119912703845e-16
1.2534545454545457e-05,-3.948142301182283e-68,3.316338577932079e-13,-3.265556656706243e-17,3.815278521373753e-16
1.2542727272727275e-05,-3.601203776856943e-68,4.94109332388407e-13,-2.2340436550469623e-17,3.721568141073425e-16
1.2550909090909093e-05,-3.1516555526743305e-68,6.872000548076383e-13,-1.015560971543154e-17,3.6336804357922146e-16
1.2559090909090912e-05,-2.6759849713192432e-68,9.110988369079273e-13,4.0255671236464276e-18,3.556175290930479e-16
1.2567272727272728e-05,-2.2191638516638595e-68,1.1667827137204436e-12,2.0312859621262213e-17,3.494646801092964e-16
1.2575454545454547e-05,-1.8052159878782982e-68,1.4571391845880168e-12,3.8794182180238624e-17,3.4556710342452333e-16
1.2583636363636365e-05,-1.4446561995380769e-68,1.7859210014638317e-12,5.952874195350529e-17,3.446595526901401e-16
1.2591818181818183e-05,-1.1396397496019217e-68,2.1554078992471635e-12,8.254037156399928e-17,3.4750655758103414e-16
1.2600000000000001e-05,-8.874567720868889e-69,2.564877575126676e-12,1.0780982605350806e-16,3.548368566772972e-16
1.260818181818182e-05,-6.828464747461346e-69,3.0111945624281024e-12,1.352671252441694e-16,3.672696338411425e-16
1.2616363636363638e-05,-5.194822306218013e-69,3.490776093105268e-12,1.6478261461475513e-16,3.8525522437243915e-16
1.2624545454545456e-05,-3.908841558569013e-69,4.000854354570917e-12,1.9615800905230107e-16,4.090478389526343e-16
1.2632727272727274e-05,-2.909443466246892e-69,4.5386093925749754e-12,2.291171960516576e-16,4.3872074243731166e-16
1.2640909090909093e-05,-2.1419658441336582e-69,5.0987686865647674e-12,2.6329643647863645e-16,4.742073286131354e-16
1.2649090909090911e-05,-1.5592290773826856e-69,5.671720731366475e-12,2.982351577544208e-16,5.153552945646816e-16
1.2657272727272729e-05,-1.1216068950165079e-69,6.243681106595609e-12,3.3336618034738415e-16,5.619748515016342e-16
1.2665454545454547e-05,-7.96531402176844e-70,6.798469972203317e-12,3.6800727370123546e-16,6.138755571075204e-16
1.2673636363636366e-05,-5.5771437296904494e-70,7.318908196025814e-12,4.01352397650709e-16,6.708890462604071e-16
1.2681818181818184e-05,-3.8426384804481274e-70,7.786203041358414e-12,4.3246464547066936e-16,7.328806737203685e-16
1.2690000000000002e-05,-2.598043575903454e-70,8.177625386610129e-12,4.602703951604602e-16,7.997559159152721e-16
1.269818181818182e-05,-1.7166154962330947e-70,8.464429720379706e-12,4.835543818392185e-16,8.714618418007833e-16
1.2706363636363639e-05,-1.1014090059873508e-70,8.611757842938448e-12,5.009582211934732e-16,9.479872819860752e-16
1.2714545454545457e-05,-6.7910553191526435e-71,8.58040158973558e-12,5.109801084781028e-16,1.0293631603348127e-15
1.2722727272727275e-05,-3.9486551590732854e-71,8.328568076715277e-12,5.119783533186219e-16,1.1156631126843391e-15
1.2730909090909093e-05,-2.0812233785342623e-71,7.811852352711747e-12,5.021782251713358e-16,1.2070055505294464e-15
1.2739090909090912e-05,-8.920457667756874e-72,6.981418320641329e-12,4.796823366879494e-16,1.3035561797836369e-15
1.274727272727273e-05,-1.6664055577727068e-72,5.782201023852208e-12,4.424864449458091e-16,1.405533104066524e-15
1.2755454545454547e-05,2.4809427940471814e-72,4.153040482692077e-12,3.884990734723313e-16,1.513211290559077e-15
1.2763636363636365e-05,4.599538052924475e-72,2.0289511473380015e-12,3.1556801231764744e-16,1.6269301464788933e-15
1.2771818181818183e-05,5.436701148158065e-72,-6.56141994969777e-13,2.2151173831259838e-16,1.747101406763256e-15
1.2780000000000001e-05,5.501345814636885e-72,-3.968117646777846e-12,1.0415792901227647e-16,1.874217787289826e-15
1.278818181818182e-05,5.132670151763124e-72,-7.97312921333704e-12,-3.861118398788891e-17,2.0088638688277532e-15
1.2796363636363638e-05,4.550749191717813e-72,-1.2738213840571877e-11,-2.0880629145329802e-16,2.151726668988407e-15
1.2804545454545456e-05,3.8933685573042204e-72,-1.8330020761676928e-11,-4.082711297161989e-16,2.3036078538661682e-15
1.2812727272727274e-05,3.2425164736379305e-72,-2.4811141634724163e-11,-6.386144989980548e-16,2.465435714497217e-15
1.2820909090909093e-05,2.6431893985632863e-72,-3.2235486634022076e-11,-9.011348952393704e-16,2.63827793308008e-15
1.2829090909090911e-05,2.1165492437704794e-72,-4.064469737752728e-11,-1.1967375166999574e-15,2.8233547190729393e-15
1.2837272727272729e-05,1.668978200622406e-72,-5.006620984085467e-11,-1.5258444101627063e-15,3.022050697174539e-15
1.2845454545454547e-05,1.2981907344560762e-72,-6.051161103518666e-11,-1.8882967434389986e-15,3.235927385365095e-15
1.2853636363636366e-05,9.97262697759814e-73,-7.197326661457172e-11,-2.28325239165169e-15,3.466734056054695e-15
1.2861818181818184e-05,7.57208047030567e-73,-8.441847101155237e-11,-2.7090778144751707e-15,3.716418511867977e-15
1.2870000000000002e-05,5.68559945985463e-73,-9.77823635218522e-11,-3.1632359686090253e-15,3.987136058307832e-15
1.287818181818182e-05,4.222830372138005e-73,-1.1196165812477484e-10,-3.642172398473967e-15,4.281257911302783e-15
1.2886363636363639e-05,3.102474698830844e-73,-1.2681009556734747e-10,-4.141200913128936e-15,4.601378758021732e-15
1.2894545454545457e-05,2.254249115673487e-73,-1.4213455823445565e-10,-4.654390833643987e-15,4.950322661921137e-15
1.2902727272727275e-05,1.6191592702407406e-73,-1.5768990243788655e-10,-5.1744589497926466e-15,5.331150381423701e-15
1.2910909090909093e-05,1.1488183402846747e-73,-1.7317162900247793e-10,-5.692668584317289e-15,5.747164331644041e-15
1.2919090909090912e-05,8.04286319614554e-74,-1.8820752619476138e-10,-6.198739135618858e-15,6.201915939957648e-15
1.292727272727273e-05,5.54729342934593e-74,-2.0235046595395256e-10,-6.680770427578642e-15,6.69921311802265e-15
1.2935454545454548e-05,3.760782935659916e-74,-2.150736321139997e-10,-7.125184366500755e-15,7.243128902173492e-15
1.2943636363636365e-05,2.497861159248562e-74,-2.2576749910505532e-10,-7.51668948441399e-15,7.838012099488748e-15
1.2951818181818183e-05,1.6173164855621152e-74,-2.337367713262992e-10,-7.838272730721812e-15,8.488500471820887e-15
1.2960000000000001e-05,1.0128564793621503e-74,-2.38196332148803e-10,-8.0712226114701e-15,9.199535434131596e-15
1.296818181818182e-05,6.053569468333541e-75,-2.3826726600711e-10,-8.195189934260959e-15,9.976380494756672e-15
1.2976363636363638e-05,3.3656398997470226e-75,-2.329753076017453e-10,-8.188289497710415e-15,1.0824641121109571e-14
1.2984545454545456e-05,1.640663257753977e-75,-2.2125343073231612e-10,-8.027250655849897e-15,1.1750288383645753e-14
1.2992727272727274e-05,5.734267724996842e-76,-2.019483561483815e-10,-7.687618715953556e-15,1.275968584959769e-14
1.3000909090909093e-05,-5.303416210372036e-77,-1.7382940805031624e-10,-7.144014995569489e-15,1.3859618365830897e-14
1.300909090909091e-05,-3.909095262915214e-76,-1.3559869623814788e-10,-6.370458531640554e-15,1.5057324469568397e-14
1.3017272727272729e-05,-5.4538003745338594e-76,-8.590354036259267e-11,-5.340754485799853e-15,1.6360532596624093e-14
1.3025454545454547e-05,-5.879106759532313e-76,-2.3353543875102932e-11,-4.028952495369479e-15,1.777749807127923e-14
1.3033636363636366e-05,-5.660876514156106e-76,5.345564856157647e-11,-2.4098793008842505e-15,1.931704600056973e-14
1.3041818181818184e-05,-5.1081649063084275e-76,1.4591175788404237e-10,-4.597457758090972e-16,2.0988616172831893e-14
1.3050000000000002e-05,-4.415289715227974e-76,2.553498950496665e-10,1.8431691296501987e-15,2.2802311013490416e-14
1.305818181818182e-05,-3.699045745828685e-76,3.8301248571760204e-10,4.517758352013988e-15,2.4768948040132685e-14
1.3066363636363639e-05,-3.024960504590149e-76,5.300046445032586e-10,7.579252396318122e-15,2.690011573670989e-14
1.3074545454545457e-05,-2.425556176198539e-76,6.972429691976013e-10,1.1038314321015046e-14,2.9208232998010877e-14
1.3082727272727275e-05,-1.9128484474035552e-76,8.853958758156953e-10,1.4900069480266684e-14,3.170661398331174e-14
1.3090909090909093e-05,-1.486741208448098e-76,1.0948154082451688e-09,1.9163077887918752e-14,3.4409535432049295e-14
1.3099090909090912e-05,-1.1405372548976391e-76,1.3254623004067115e-09,2.3818258100776423e-14,3.733231059925292e-14
1.310727272727273e-05,-8.644521089653845e-77,1.5768263205188947e-09,2.884777733707289e-14,4.049136800886191e-14
1.3115454545454548e-05,-6.477683412610112e-77,1.8478425236248992e-09,3.4223920837376816e-14,4.390433399733196e-14
1.3123636363636366e-05,-4.8008259566947966e-77,2.1368025272894617e-09,3.9907959318374554e-14,4.7590122219088205e-14
1.3131818181818183e-05,-3.519617621372477e-77,2.441259970202066e-09,4.5849035844925015e-14,5.156902880704454e-14
1.3140000000000001e-05,-2.5522636292792943e-77,2.7579310990976214e-09,5.1983095994805686e-14,5.5862833982384334e-14
1.314818181818182e-05,-1.8300878449164623e-77,3.08259349388353e-09,5.823188777949289e-14,6.049490907244753e-14
1.3156363636363638e-05,-1.2968421046767574e-77,3.4099865887313287e-09,6.450206173942485e-14,6.549033257009188e-14
1.3164545454545456e-05,-9.07374297929796e-78,3.733716579104986e-09,7.068440384790773e-14,7.087601125003575e-14
1.3172727272727274e-05,-6.260491405312412e-78,4.0461668978434845e-09,7.66532370134039e-14,7.668081055192261e-14
1.3180909090909093e-05,-4.2515554754222586e-78,4.3384154149572144e-09,8.226602951162006e-14,8.293569386850557e-14
1.318909090909091e-05,-2.8342921290605165e-78,4.600161263791123e-09,8.736324881077217e-14,8.96738680378597e-14
1.3197272727272729e-05,-1.8475166777920863e-78,4.819666411587894e-09,9.17685048370596e-14,9.693093968508847e-14
1.3205454545454547e-05,-1.1704564533994132e-78,4.983718014926311e-09,9.528902407261631e-14,1.0474508080072566e-13
1.3213636363636366e-05,-7.136245048439997e-79,5.077616707363224e-09,9.771649869823372e-14,1.1315720437544071e-13
1.3221818181818184e-05,-4.114420565813722e-79,5.0851944689800244e-09,9.882835322753055e-14,1.2221115091058977e-13
1.3230000000000002e-05,-2.163816919838594e-79,4.988865395835607e-09,9.838947146419096e-14,1.3195388485496486e-13
1.323818181818182e-05,-9.438985416054238e-80,4.769714135360835e-09,9.615442400976299e-14,1.424357046072109e-13
1.3246363636363639e-05,-2.1358568848778204e-80,4.407628831333009e-09,9.187023251869213e-14,1.5371046442572445e-13
1.3254545454545457e-05,1.955980703135499e-80,3.8814863014612754e-09,8.52797040735368e-14,1.658358084287801e-13
1.3262727272727275e-05,3.9972089365999286e-80,3.1693960845479595e-09,7.612536364658567e-14,1.7887341940773632e-13
1.3270909090909093e-05,4.774587730852852e-80,2.2490079575059275e-09,6.415400298352658e-14,1.928892825838541e-13
1.3279090909090912e-05,4.811369343649932e-80,1.0978863438983755e-09,4.912186022970052e-14,2.079539631997048e-13
1.328727272727273e-05,4.447584855052156e-80,-3.0604443314935555e-10,3.080043160709638e-14,2.2414290178039502e-13
1.3295454545454548e-05,3.8977611992992205e-80,-1.9839787999214373e-09,8.982906616071487e-15,2.4153672588089417e-13
1.3303636363636366e-05,3.2919213966783196e-80,-3.9556270094689575e-09,-1.650879534226224e-14,2.6022157985397886e-13
1.3311818181818185e-05,2.7043407080979608e-80,-6.238527044744863e-09,-4.581642203810327e-14,2.8028947396956006e-13
1.3320000000000001e-05,2.173435297947628e-80,-8.847270929521735e-09,-7.903727087583935e-14,3.0183865283280434e-13
1.332818181818182e-05,1.7153029948966042e-80,-1.1792647728544137e-08,-1.162156259416924e-13,3.2497398569688153e-13
1.3336363636363638e-05,1.3327750963613882e-80,-1.5080706649452275e-08,-1.5733383634297386e-13,3.4980737884520774e-13
1.3344545454545456e-05,1.0213353998942755e-80,-1.8711743898757937e-08,-2.0230314110991204e-13,3.764582106329408e-13
1.3352727272727274e-05,7.728846190748484e-81,-2.2679218082952727e-08,-2.5095436912619563e-13,4.0505379300668734e-13
1.3360909090909093e-05,5.780473707547585e-81,-2.696860217351906e-08,-3.030286609849143e-13,4.357298579263682e-13
1.336909090909091e-05,4.275124379496841e-81,-3.155618482358355e-08,-3.5816838081301534e-13,4.686310710332321e-13
1.3377272727272729e-05,3.1274698142424336e-81,-3.640783837514057e-08,-4.1590840980669466e-13,5.039115749091835e-13
1.3385454545454547e-05,2.2631761706251486e-81,-4.147777393643836e-08,-4.756680315001922e-13,5.417355625318854e-13
1.3393636363636366e-05,1.6197481717034238e-81,-4.670730582920015e-08,-5.3674364033924e-13,5.822778822616705e-13
1.3401818181818184e-05,1.1460354288524242e-81,-5.2023650167123105e-08,-5.983025237400212e-13,6.257246777252562e-13
1.3410000000000002e-05,8.010604045975295e-82,-5.7338786626600186e-08,-6.593779838594694e-13,6.72274061808489e-13
1.341818181818182e-05,5.525761391600565e-82,-6.254841824622409e-08,-7.188660810322366e-13,7.221368287833983e-13
1.3426363636363639e-05,3.755943834125902e-82,-6.753106961737354e-08,-7.755242906525314e-13,7.755372049206747e-13
1.3434545454545457e-05,2.510156351655331e-82,-7.2147367605044e-08,-8.279723752725511e-13,8.327136408757991e-13
1.3442727272727275e-05,1.6442347563964685e-82,-7.623955085170314e-08,-8.746957743265557e-13,8.939196463755211e-13
1.3450909090909093e-05,1.0506352703739357e-82,-7.963125625812816e-08,-9.140518138707029e-13,9.594246699934694e-13
1.3459090909090912e-05,6.500314826386046e-83,-8.212763375896322e-08,-9.442790326533532e-13,1.0295150273136726e-12
1.346727272727273e-05,3.845531120425969e-83,-8.351584481701202e-08,-9.635099037492738e-13,1.1044948781462185e-12
1.3475454545454548e-05,2.124462710383597e-83,-8.35660034597186e-08,-9.69787214471224e-13,1.1846872556530504e-12
1.3483636363636366e-05,1.0392322285573671e-83,-8.203261968179765e-08,-9.610843355481188e-13,1.2704351501860078e-12
1.3491818181818185e-05,3.7981941642221473e-84,-7.865660342306388e-08,-9.353295776879006e-13,1.3621026500317626e-12
1.3500000000000001e-05,-1.5822970402128454e-97,-7.316788441115397e-08,-8.904347860158624e-13,1.4600761421503874e-12
1.350818181818182e-05,-2.0064037002067359e-84,-6.528870035294029e-08,-8.243282724554092e-13,1.5647655743353146e-12
1.3516363636363638e-05,-2.8999794633895055e-84,-5.473760326663217e-08,-7.349921202813367e-13,1.6766057833951964e-12
1.3524545454545456e-05,-3.1316454418221453e-84,-4.123422959139753e-08,-6.205038265093548e-13,1.7960578914322572e-12
1.3532727272727274e-05,-2.9944768637237584e-84,-2.4504872296284282e-08,-4.790821641878744e-13,1.923610772962505e-12
1.3540909090909092e-05,-2.673869335408602e-84,-4.2888820955350544e-09,-3.0913705866323966e-13,2.0597825960689035e-12
1.354909090909091e-05,-2.2829632667624677e-84,1.965408873650978e-08,-1.0932317304762346e-13,2.2051224413606846e-12
1.3557272727272729e-05,-1.8873477582677082e-84,4.753600100551452e-08,1.2140320856642845e-13,2.360212001247028e-12
1.3565454545454547e-05,-1.5220539159692292e-84,7.953151790084722e-08,3.837245238635833e-13,2.525667363639551e-12
1.3573636363636366e-05,-1.2030661583414142e-84,1.1576830222664131e-07,6.77900144125722e-13,2.702140882681477e-12
1.3581818181818184e-05,-9.349829833484187e-85,1.5631657549091912e-07,1.0037032222347959e-12,2.890323141874926e-12
1.3590000000000002e-05,-7.16008210941147e-85,2.0117801754371607e-07,1.3603570699088029e-12,3.0909450108012245e-12
1.359818181818182e-05,-5.411179475984334e-85,2.502741130524511e-07,1.746472085144262e-12,3.304779802452396e-12
1.3606363636363639e-05,-4.040011034202252e-85,3.0343407965161724e-07,2.1599843775546423e-12,3.5326455311342266e-12
1.3614545454545457e-05,-2.981910281841837e-85,3.6038254124311435e-07,2.598097362161716e-12,3.775407279306045e-12
1.3622727272727275e-05,-2.1767597346950075e-85,4.2072713942102644e-07,3.0572277088754163e-12,4.033979673151208e-12
1.3630909090909093e-05,-1.571836180425858e-85,4.839463077170181e-07,3.532957144060808e-12,4.3093294757666485e-12
1.3639090909090912e-05,-1.1226984282792301e-85,5.493774675962204e-07,4.019991695976181e-12,4.602478298212067e-12
1.364727272727273e-05,-7.929677173884867e-86,6.162059403658168e-07,4.512130056755201e-12,4.914505435885685e-12
1.3655454545454548e-05,-5.535417537139331e-86,6.834549030063353e-07,5.002242796621081e-12,5.246550833106561e-12
1.3663636363636366e-05,-3.8157510057079136e-86,7.499767468272431e-07,5.48226420403583e-12,5.599818181746853e-12
1.3671818181818185e-05,-2.5942101968957547e-86,8.144462258429607e-07,5.943198543189983e-12,5.975578157185416e-12
1.3680000000000003e-05,-1.7364096473338463e-86,8.753558077236259e-07,6.375142503057809e-12,6.3751717980562165e-12
1.368818181818182e-05,-1.141321602689532e-86,9.310136640807104e-07,6.7673255664455205e-12,6.8000140357036365e-12
1.3696363636363638e-05,-7.339006065607283e-87,9.795447568973751e-07,7.1081699428333625e-12,7.251597374661479e-12
1.3704545454545456e-05,-4.590332829219309e-87,1.0188954912561914e-06,7.385371590748924e-12,7.73149573440502e-12
1.3712727272727274e-05,-2.7669056388067264e-87,1.0468424089452102e-06,7.58600368658081e-12,8.241368454106057e-12
1.3720909090909092e-05,-1.581175077385848e-87,1.061005392506278e-06,7.696643694846256e-12,8.782964467056976e-12
1.372909090909091e-05,-8.288735845125309e-88,1.058865835370212e-06,7.703524937311607e-12,9.358126652037427e-12
1.3737272727272729e-05,-3.6656452179484357e-88,1.0377902108775616e-06,7.592713262690599e-12,9.968796361942366e-12
1.3745454545454547e-05,-9.475438196797818e-89,9.950594395323822e-07,7.350309067407765e-12,1.0617018144248951e-11
1.3753636363636365e-05,5.4657283640227456e-89,9.279044069803645e-07,6.962674526138054e-12,1.1304944650803469e-11
1.3761818181818184e-05,1.2759755960702326e-88,8.335479226916216e-07,6.416685446976039e-12,1.203484174685603e-11
1.3770000000000002e-05,1.5451787380079156e-88,7.09253330696831e-07,5.700006683772054e-12,1.2809093826798569e-11
1.377818181818182e-05,1.5520583733172207e-88,5.523798899428278e-07,4.801389508685915e-12,1.3630209337811555e-11
1.3786363636363639e-05,1.4220349868032076e-88,3.604449337414647e-07,3.710988787769226e-12,1.4500826523313944e-11
1.3794545454545457e-05,1.2320744324475192e-88,1.3119269485311242e-07,2.420697203707113e-12,1.5423719388179032e-11
1.3802727272727275e-05,1.0273329326780794e-88,-1.3733045662684336e-07,9.24493151646323e-13,1.64018038934781e-11
1.3810909090909093e-05,8.325467147463779e-89,-4.4669477230291114e-07,-7.812017053619698e-13,1.743814439006632e-11
1.3819090909090912e-05,6.597099112730899e-89,-7.980004647402484e-07,-2.6971598824461338e-12,1.853596029067178e-11
1.382727272727273e-05,5.1316229667890965e-89,-1.1917863978836697e-06,-4.820985826367711e-12,1.9698632994671467e-11
1.3835454545454548e-05,3.9289268929228694e-89,-1.6279350982568477e-06,-7.146759917343318e-12,2.0929713066341366e-11
1.3843636363636366e-05,2.966304527802416e-89,-2.1055752643613903e-06,-9.664695266891013e-12,2.2232927675189536e-11
1.3851818181818185e-05,2.2112697598322095e-89,-2.622983167630931e-06,-1.2360814432377715e-11,2.361218830505709e-11
1.3860000000000003e-05,1.6290577482018752e-89,-3.1774845609302797e-06,-1.5216653684616176e-11,2.507159873874442e-11
1.3868181818181821e-05,1.1867181631462862e-89,-3.7653589365453953e-06,-1.820900291853133e-11,2.6615463323496885e-11
1.3876363636363638e-05,8.55084877525466e-90,-4.38174819947558e-06,-2.130968966249225e-11,2.8248295523663373e-11
1.3884545454545456e-05,6.094725364490757e-90,-5.020572037542821e-06,-2.448541591433859e-11,2.997482676988617e-11
1.3892727272727274e-05,4.296516836493181e-90,-5.674452472162657e-06,-2.7697656684893478e-11,3.1800015606706327e-11
1.3900909090909092e-05,2.994513073721524e-90,-6.334650258452151e-06,-3.090262915577776e-11,3.372905714700617e-11
1.390909090909091e-05,2.062021905875472e-90,-6.9910159663939145e-06,-3.405134123825596e-11,3.5767392840335256e-11
1.3917272727272729e-05,1.4014564811086493e-90,-7.631958710090098e-06,-3.708972803837284e-11,3.7920720559965336e-11
1.3925454545454547e-05,9.387534559845545e-91,-8.244435591900827e-06,-3.995888428037881e-11,4.0195005014425306e-11
1.3933636363636365e-05,6.184449933614818e-91,-8.813964984067302e-06,-4.259540009907716e-11,4.2596488490179924e-11
1.3941818181818184e-05,3.994958107562765e-91,-9.324666774976042e-06,-4.493180678034047e-11,4.5131701928429765e-11
1.3950000000000002e-05,2.518969394603755e-91,-9.759332654873224e-06,-4.6897137989754576e-11,4.7807476347547616e-11
1.395818181818182e-05,1.5394647611318856e-91,-1.0099529401558528e-05,-4.8417610779828726e-11,5.063095460651975e-11
1.3966363636363638e-05,9.012176369761817e-92,-1.0325737944517164e-05,-4.9417429217098875e-11,5.360960352453004e-11
1.3974545454545457e-05,4.944228180409235e-92,-1.0417530729031847e-05,-4.9819711797127826e-11,5.675122635462334e-11
1.3982727272727275e-05,2.4228557278121184e-92,-1.0353789563040544e-05,-4.954754195082082e-11,6.0063975617517e-11
1.3990909090909093e-05,9.173725247199648e-93,-1.0112965703714409e-05,-4.8525138875975865e-11,6.355636630217495e-11
1.3999090909090912e-05,6.574554720884978e-94,-9.673383425451722e-06,-4.667914368214463e-11,6.72372894319067e-11
1.400727272727273e-05,-3.755171327934122e-93,-9.013587705657462e-06,-4.394001342559024e-11,7.111602600305523e-11
1.4015454545454548e-05,-5.675608112284344e-93,-8.112735969211238e-06,-4.024351305419088e-11,7.520226129928811e-11
1.4023636363636366e-05,-6.150377233061884e-93,-6.951033046747221e-06,-3.553229261548075e-11,7.950609958112223e-11
1.4031818181818185e-05,-5.843684964391217e-93,-5.510207626592915e-06,-2.9757534328170893e-11,8.403807915664257e-11
1.4040000000000003e-05,-5.1649287272681635e-93,-3.77402751907007e-06,-2.28806513214794e-11,8.8809187831233e-11
1.4048181818181821e-05,-4.356649218644913e-93,-1.7288500123123616e-06,-1.4875017043369248e-11,9.38308787405823e-11
1.405636363636364e-05,-3.5544059972629726e-93,6.357975085281155e-07,-5.7277015820653386e-12,9.911508656486622e-11
1.4064545454545456e-05,-2.8269502365440624e-93,3.3266126694728923e-06,4.558811523303009e-12,1.0467424412597735e-10
1.4072727272727274e-05,-2.202734697142235e-93,6.345896138947422e-06,1.59649569283258e-11,1.1052129936664971e-10
1.4080909090909092e-05,-1.6870691872002478e-93,9.690921010018135e-06,2.8452498846467246e-11,1.1666973270936905e-10
1.408909090909091e-05,-1.272959920393488e-93,1.3353303203526276e-05,4.196305544820906e-11,1.2313357479516084e-10
1.4097272727272729e-05,-9.477506660220621e-94,1.7318383791473275e-05,5.641677134478493e-11,1.299274245970498e-10
1.4105454545454547e-05,-6.97023777691309e-94,2.156463533143906e-05,7.171117455094477e-11,1.3706646790711155e-10
1.4113636363636365e-05,-5.067515571778411e-94,2.6063105428840176e-05,8.772025521775444e-11,1.4456649619125992e-10
1.4121818181818184e-05,-3.6436079237187667e-94,3.0776911776648274e-05,1.0429380381731659e-10,1.5244392580738595e-10
1.4130000000000002e-05,-2.591465434169928e-94,3.566080383338373e-05,1.212570462822176e-10,1.6071581758185187e-10
1.413818181818182e-05,-1.8231631651429485e-94,4.066080705955268e-05,1.384106128016281e-10,1.6939989673627842e-10
1.4146363636363638e-05,-1.2684140670405794e-94,4.57139662073889e-05,1.5553087550877157e-10,1.785145731581074e-10
1.4154545454545457e-05,-8.722302373125766e-95,5.0748204514175366e-05,1.7237068810329134e-10,1.8807896200588295e-10
1.4162727272727275e-05,-5.923582686575871e-95,5.568231575120335e-05,1.8866055751847332e-10,1.9811290463960637e-10
1.4170909090909093e-05,-3.9682893009385144e-95,6.042610589637844e-05,2.0411027402363203e-10,2.0863698986546812e-10
1.4179090909090911e-05,-2.6178477828750545e-95,6.488070069902809e-05,2.1841102164497249e-10,2.1967257548450385e-10
1.418727272727273e-05,-1.696443717984584e-95,6.893903456291283e-05,2.312379854711221e-10,2.3124181013027158e-10
1.4195454545454548e-05,-1.0760289099395739e-95,7.248653496144264e-05,2.42253466308735e-10,2.433676553842547e-10
1.4203636363636366e-05,-6.643890729676673e-96,7.540201499354356e-05,2.511105062738888e-10,2.56073908151119e-10
1.4211818181818185e-05,-3.9584402492689425e-96,7.75587846699029e-05,2.5745702129467003e-10,2.693852232805427e-10
1.4220000000000003e-05,-2.2412527831766786e-96,7.882598907457572e-05,2.609404282025719e-10,2.833271364153264e-10
1.4228181818181821e-05,-1.170034088687365e-96,7.907017867090235e-05,2.6121274518028246e-10,2.979260870492513e-10
1.423636363636364e-05,-5.228997429718102e-97,7.815711371518689e-05,2.579361348907283e-10,3.1320944177289433e-10
1.4244545454545456e-05,-1.489917154090349e-97,7.59538010148937e-05,2.5078884974328053e-10,3.2920551768775886e-10
1.4252727272727274e-05,5.286487788650718e-98,7.233075713555975e-05,2.394715285697696e-10,3.459436059644248e-10
1.4260909090909092e-05,1.4949092269836238e-97,6.716448764654266e-05,2.237137836296245e-10,3.634539955203568e-10
1.426909090909091e-05,1.8424153339910552e-97,6.034016713553014e-05,2.0328100648107232e-10,3.8176799679423636e-10
1.4277272727272729e-05,1.846542082484103e-97,5.175449956257651e-05,1.7798131101426453e-10,4.009179655863278e-10
1.4285454545454547e-05,1.677600039984901e-97,4.1318733124289974e-05,1.476725220193231e-10,4.209373269393243e-10
1.4293636363636365e-05,1.437278538820652e-97,2.8961798225111903e-05,1.12269108245479e-10,4.4186059902715707e-10
1.4301818181818184e-05,1.1833317142333793e-97,1.463353148191309e-05,7.174895019781227e-11,4.6372341702255027e-10
1.4310000000000002e-05,9.460651927545048e-98,-1.692056993151067e-06,2.6159825115961606e-11,4.865625569086825e-10
1.431818181818182e-05,7.391716790163734e-98,-2.001352138092632e-05,-2.4374515100493243e-11,5.104159592002306e-10
1.4326363636363638e-05,5.667203217856601e-98,-4.029877676317086e-05,-7.964880260776751e-11,5.353227525379922e-10
1.4334545454545457e-05,4.2756387955223864e-98,-6.248201338527133e-05,-1.3937138237697897e-10,5.613232771209745e-10
1.4342727272727275e-05,3.180386749898477e-98,-8.646079206005616e-05,-2.0316014648197523e-10,5.884591079316329e-10
1.4350909090909093e-05,2.335556339728746e-98,-0.0001120933882873084,-2.7053940954932087e-10,6.1677307771903e-10
1.4359090909090911e-05,1.694861139456866e-98,-0.00013919645605859027,-3.4093785905516607e-10,6.463092996924073e-10
1.436727272727273e-05,1.216109445157419e-98,-0.0001675430848853368,-4.1368770994640514e-10,6.771131898851477e-10
1.4375454545454548e-05,8.630818100546213e-99,-0.00019686132519516336,-4.880251864550448e-10,7.092314891386544e-10
1.4383636363636366e-05,6.059206466475055e-99,-0.00022683325775423648,-5.630924448677824e-10,7.427122846621374e-10
1.4391818181818184e-05,4.207356225801366e-99,-0.0002570946820658411,-6.379410393324878e-10,7.776050311184772e-10
1.4400000000000003e-05,2.8885146743380658e-99,-0.00028723549665016375,-7.115370184715745e-10,8.139605711824355e-10
1.4408181818181821e-05,1.9594587124371544e-99,-0.0003168008406230061,-7.827677236520228e-10,8.518311555236109e-10
1.441636363636364e-05,1.3121219232524676e-99,-0.000345293060970342,-8.504503402472449e-10,8.912704621562199e-10
1.4424545454545458e-05,8.661238851288987e-100,-0.00037217456328577454,-9.133422312252135e-10,9.323336151022984e-10
1.4432727272727274e-05,5.624466980755134e-100,-0.00039687159544302494,-9.701530580217916e-10,9.75077202310441e-10
1.4440909090909092e-05,3.5827526838231656e-100,-0.00041877900368368485,-1.0195586671085738e-09,1.0195592927718583e-09
1.444909090909091e-05,2.229015378738066e-100,-0.00043726598890769715,-1.0602166921589702e-09,1.0658394527735088e-09
1.4457272727272729e-05,1.345436398885252e-100,-0.00045168287758668904,-1.0907837915470697e-09,1.1139787612278952e-09
1.4465454545454547e-05,7.792008741039682e-101,-0.0004613689067358597,-1.1099344094109553e-09,1.1640398240141122e-09
1.4473636363636365e-05,4.2428496974939745e-101,-0.00046566100586844893,-1.1163809160609723e-09,1.2160867872687551e-09
1.4481818181818184e-05,2.0797065690303696e-101,-0.00046390354094228505,-1.1088949505431148e-09,1.2701853495615328e-09
1.4490000000000002e-05,8.098673356386564e-102,-0.0004554589661522527,-1.086329755152348e-09,1.3264027728857596e-09
1.449818181818182e-05,1.0386000021055802e-102,-0.0004397193092266161,-1.047643259146792e-09,1.3848078923985525e-09
1.4506363636363638e-05,-2.5542663292921433e-102,-0.00041611839488881516,-9.919216373856755e-10,1.4454711248416126e-09
1.4514545454545457e-05,-4.08685117524164e-102,-0.0003841446896264428,-9.184030396824881e-10,1.5084644755712716e-09
1.4522727272727275e-05,-4.452993925637038e-102,-0.00034335462917702014,-8.265011589243993e-10,1.5738615441296262e-09
1.4530909090909093e-05,-4.206896033867304e-102,-0.0002933862685401268,-7.158282810725942e-10,1.6417375282816592e-09
1.4539090909090911e-05,-3.6815232646584106e-102,-0.00023397307323295445,-5.862174386418314e-10,1.7121692264491109e-09
1.454727272727273e-05,-3.0684185503310774e-102,-0.00016495765032583794,-4.377432717670359e-10,1.7852350384660167e-09
1.4555454545454548e-05,-2.47076548607885e-102,-8.63051989543799e-05,-2.70741188097903e-10,1.8610149645818141e-09
1.4563636363636366e-05,-1.9381250725663684e-102,1.8835570484400854e-06,-8.582440508488525e-11,1.939590602640977e-09
1.4571818181818184e-05,-1.488770737851193e-102,9.936020656701281e-05,1.1610154374350041e-10,2.0210451433606363e-09
1.4580000000000003e-05,-1.123743095775634e-102,0.00020571752293925728,3.3382725267258435e-10,2.1054633636346167e-09
1.4588181818181821e-05,-8.35458344848438e-103,0.0003203796432375666,5.658312411759435e-10,2.1929316177880173e-09
1.459636363636364e-05,-6.127953112212201e-103,0.0004425938336616933,8.102754902723368e-10,2.2835378267070546e-09
1.4604545454545457e-05,-4.4395170589876017e-103,0.0005714241209223221,1.0650050783339694e-09,2.3773714647703666e-09
1.4612727272727276e-05,-3.1792237551591237e-103,0.0007057470663759285,1.327552244394656e-09,2.4745235445058764e-09
1.4620909090909092e-05,-2.2515383310449477e-103,0.0008442499517665023,1.5951451671326227e-09,2.5750865989030892e-09
1.462909090909091e-05,-1.5772843372748773e-103,0.000985431632431083,1.8647217004320268e-09,2.6791546613030335e-09
1.4637272727272729e-05,-1.0929820562804279e-103,0.0011276062954860247,2.1329482519213325e-09,2.7868232427958246e-09
1.4645454545454547e-05,-7.490123143723426e-104,0.0012689103366490353,2.3962439294517115e-09,2.898189307054937e-09
1.4653636363636365e-05,-5.0737603934203546e-104,0.0014073125398641189,2.65081001254007e-09,3.0133512425355554e-09
1.4661818181818184e-05,-3.3946938460889065e-104,0.001540627708764516,2.8926647319192447e-09,3.13240883196848e-09
1.4670000000000002e-05,-2.2408053866526497e-104,0.0016665338583097438,3.117683261218457e-09,3.255463219082828e-09
1.467818181818182e-05,-1.456888176997677e-104,0.0017825930288465316,3.3216427412631337e-09,3.3826168724903265e-09
1.4686363636363638e-05,-9.307680910658911e-105,0.0018862757336565207,3.5002720704996505e-09,3.513973546666192e-09
1.4694545454545457e-05,-5.823076611918323e-105,0.0019749889951628445,3.649306105703764e-09,3.6496382399665023e-09
1.4702727272727275e-05,-3.548925389212139e-105,0.0020461078648821964,3.764543826616138e-09,3.789717149618401e-09
1.4710909090909093e-05,-2.089638254532194e-105,0.0020970102585521244,3.841909927768479e-09,3.9343176236269585e-09
1.4719090909090911e-05,-1.1718354493541765e-105,0.0021251148713729547,3.877519211919362e-09,4.083548109544227e-09
1.472727272727273e-05,-6.087209469264064e-106,0.002127921869829734,3.867743073661928e-09,4.237518100045213e-09
1.4735454545454548e-05,-2.741676808617872e-106,0.0021030559870572397,3.809277280438686e-09,4.396338075264124e-09
1.4743636363636366e-05,-8.409204334564945e-107,0.002048311579232257,3.699210182941329e-09,4.560119441841301e-09
1.4751818181818184e-05,1.6780246553707664e-107,0.0019616991321598255,3.535090419271376e-09,4.72897446863969e-09
1.4760000000000003e-05,6.42133300979064e-107,0.001841492641276306,3.314993118842952e-09,4.903016219090472e-09
1.4768181818181821e-05,8.092350132399022e-107,0.0016862772259953846,3.0375835643451296e-09,5.0823584801309725e-09
1.477636363636364e-05,8.101986967942702e-107,0.0014949962819918907,2.7021772346132344e-09,5.267115687705049e-09
1.4784545454545457e-05,7.302046860097405e-107,0.0012669974239958093,2.3087951293422042e-09,5.457402848795786e-09
1.4792727272727276e-05,6.187563214028588e-107,0.0010020764283009717,1.8582132694778356e-09,5.653335459969704e-09
1.4800909090909094e-05,5.0307279516393194e-107,0.0007005183498045196,1.3520052759204644e-09,5.855029422410732e-09
1.480909090909091e-05,3.968221347872646e-107,0.00036313496426487686,7.925769548245787e-10,6.062600953431863e-09
1.4817272727272729e-05,3.0571850150735936e-107,-8.702326190154991e-06,1.8319186098170496e-10,6.276166494454562e-09
1.4825454545454547e-05,2.3103706429986758e-107,-0.00041303498633889397,-4.72013127949661e-10,6.49584261545265e-09
1.4833636363636365e-05,1.717659697116658e-107,-0.000847296088435407,-1.1680231140087717e-09,6.7217459158615065e-09
1.4841818181818184e-05,1.2588104575746577e-107,-0.0013082961206230047,-1.8989521480262124e-09,6.953992921960212e-09
1.4850000000000002e-05,9.106680394072825e-108,-0.0017922166406690834,-2.6580625390615e-09,7.192699980738597e-09
1.485818181818182e-05,6.5096268215239296e-108,-0.00229461249384076,-3.4377970446611606e-09,7.437983150267856e-09
1.4866363636363638e-05,4.600699323053209e-108,-0.0028104232392438403,-4.229824332555461e-09,7.689958086601654e-09
1.4874545454545457e-05,3.2160393578412156e-108,-0.0033339943386001525,-5.025097939249233e-09,7.948739927233911e-09
1.4882727272727275e-05,2.223839010499353e-108,-0.0038591085554887817,-5.813928772014974e-09,8.214443171156515e-09
1.4890909090909093e-05,1.5209890814260235e-108,-0.004379027892050673,-6.5860710099054114e-09,8.487181555557328e-09
1.4899090909090911e-05,1.0285931171869013e-108,-0.004886546254868452,-7.330821058682709e-09,8.767067929209701e-09
1.490727272727273e-05,6.873762030649051e-109,-0.0053740528932954565,-8.037129006442848e-09,9.054214122612274e-09
1.4915454545454548e-05,4.534995473622529e-109,-0.005833606493329119,-8.693721813847704e-09,9.348730814940856e-09
1.4923636363636366e-05,2.9498907122796903e-109,-0.006257019639907915,-9.289237258191072e-09,9.65072739788868e-09
1.4931818181818184e-05,1.8881815543072465e-109,-0.006635953182249438,-9.812367437106277e-09,9.960311836469197e-09
1.4940000000000003e-05,1.1859893464055872e-109,-0.006962019852807158,-1.0252010428870324e-08,1.0277590526871547e-08
1.4948181818181821e-05,7.279935291720252e-110,-0.007226896303130925,-1.0597428505349153e-08,1.0602668151457648e-08
1.495636363636364e-05,4.339335679498874e-110,-0.007422442532130813,-1.0838411104160744e-08,1.0935647531008139e-08
1.4964545454545457e-05,2.4856044959855306e-110,-0.00754082749692757,-1.0965440592092624e-08,1.1276629474319101e-08
1.4972727272727276e-05,1.342653966332593e-110,-0.0075746595167532176,-1.0969858695696103e-08,1.1625712625271867e-08
1.4980909090909094e-05,6.574363617391898e-111,-0.007517119909494405,-1.0844031340678315e-08,1.1982993307493858e-08
1.498909090909091e-05,2.6178351517778847e-111,-0.007362098141781167,-1.0581509532492421e-08,1.234856536674749e-08
1.4997272727272729e-05,4.5431387166585e-112,-0.007104326630377629,-1.0177183829443224e-08,1.2722520011182618e-08
1.5005454545454547e-05,-6.283652737545255e-112,-0.006739513208368325,-9.627429909491245e-09,1.3104945649599134e-08
1.5013636363636365e-05,-1.0822554349385763e-111,-0.006264469167510862,-8.930242715236115e-09,1.3495927727875969e-08
1.5021818181818184e-05,-1.1884232882788205e-111,-0.005677230711255851,-8.085356680413699e-09,1.3895548563728265e-08
1.5030000000000002e-05,-1.1171841666566937e-111,-0.0049771716042260016,-7.094349597340108e-09,1.4303887179959398e-08
1.503818181818182e-05,-9.683209219807273e-112,-0.004165104786039755,-5.960727779301049e-09,1.47210191363877e-08
1.5046363636363638e-05,-7.975887034783562e-112,-0.0032433707325763513,-4.689990305613377e-09,1.5147016360631088e-08
1.5054545454545457e-05,-6.339306418783179e-112,-0.0022159103980383633,-3.289670310119122e-09,1.5581946977939857e-08
1.5062727272727275e-05,-4.9047689305520245e-112,-0.0010883206579601417,-1.7693514857607725e-09,1.6025875140278775e-08
1.5070909090909093e-05,-3.7143667093146787e-112,0.00013210970237676118,-1.4065822756803268e-10,1.6478860854859244e-08
1.5079090909090911e-05,-2.7631534593915336e-112,0.0014363852473868192,1.5827818778374332e-09,1.6940959812341657e-08
1.508727272727273e-05,-2.0241720597317225e-112,0.0028138119916609047,3.3854041885684396e-09,1.7412223214917334e-08
1.5095454545454548e-05,-1.4627004682510992e-112,0.004252029697527835,5.249802391630738e-09,1.7892697604503644e-08
1.5103636363636366e-05,-1.0438704498010696e-112,0.005737069452971041,7.1568533793508716e-09,1.8382424691279005e-08
1.5111818181818184e-05,-7.363298101902653e-113,0.00725343730684274,9.08587146190451e-09,1.888144118279702e-08
1.5120000000000003e-05,-5.136337553646347e-113,0.008784224401168779,1.1014791340874277e-08,1.9389778613923566e-08
1.5128181818181821e-05,-3.5440600036421195e-113,0.010311243675779576,1.2920378836818276e-08,1.9907463177843878e-08
1.5136363636363639e-05,-2.4189439858823728e-113,0.011815192832592743,1.4778467924559866e-08,2.04345155583958e-08
1.5144545454545457e-05,-1.632824863559856e-113,0.013275842840284748,1.6564222189417564e-08,2.0970950763986075e-08
1.5152727272727276e-05,-1.0895505924991973e-113,0.014672250840071836,1.8252418382314906e-08,2.1516777963354617e-08
1.5160909090909094e-05,-7.181734146577979e-114,0.01598299588564763,1.9817749328304003e-08,2.2072000323452012e-08
1.5169090909090912e-05,-4.67098829982633e-114,0.017186435521229587,2.123514303830942e-08,2.263661484970461e-08
1.5177272727272729e-05,-2.9929493704126606e-114,0.018260980777766788,2.2480094494699015e-08,2.3210612228939328e-08
1.5185454545454547e-05,-1.885022908667891e-114,0.01918538675557131,2.3529006234408166e-08,2.3793976675247803e-08
1.5193636363636365e-05,-1.1631260793963196e-114,0.019939055569065826,2.4359533545404125e-08,2.4386685779070323e-08
1.5201818181818184e-05,-6.996384123050306e-115,0.020502348063193437,2.4950929829626255e-08,2.4988710359779524e-08
1.5210000000000002e-05,-4.070489852825236e-115,0.020856900378491347,2.5284387474132725e-08,2.5600014322052593e-08
1.521818181818182e-05,-2.2601144395146986e-115,0.020985941149928453,2.5343369417488702e-08,2.622055451631489e-08
1.5226363636363638e-05,-1.167365033498401e-115,0.020874604880125033,2.5113926505298413e-08,2.685028060354215e-08
1.5234545454545457e-05,-5.2866263816056e-116,0.02051023683690009,2.4584995701368327e-08,2.748913492470835e-08
1.5242727272727275e-05,-1.7165531925208036e-116,0.019882684694100476,2.374867426264646e-08,2.8137052375166942e-08
1.5250909090909093e-05,1.4748747670440394e-117,0.018984572068588414,2.260046509925907e-08,2.87939602842497e-08
1.525909090909091e-05,1.0099405771397058e-116,0.017811549109571688,2.1139488727183716e-08,2.9459778300370042e-08
1.526727272727273e-05,1.3089978656387538e-116,0.016362515372755484,1.9368657480799227e-08,3.013441828191311e-08
1.5275454545454548e-05,1.3109048833422135e-116,0.014639810363702838,1.729480798514566e-08,3.0817784194194e-08
1.5283636363636366e-05,1.1726371519221091e-116,0.012649367363871868,1.4928788291467213e-08,3.1509772012761546e-08
1.5291818181818184e-05,9.830260142705951e-117,0.010400826459462501,1.2285496551637747e-08,3.221026963332385e-08
1.5300000000000003e-05,7.893678626655822e-117,0.007907603076649847,9.38386864336704e-09,3.291915678856529e-08
1.530818181818182e-05,6.143700998012923e-117,0.005186908784940065,6.24681275352257e-09,3.3636304972121385e-08
1.531636363636364e-05,4.667455771507587e-117,0.002259721659904113,2.9010895752382584e-09,3.436157736997492e-08
1.5324545454545457e-05,3.476898187709777e-117,-0.0008492959072237379,-6.228625315470324e-10,3.509482879952494e-08
1.5332727272727276e-05,2.547307255645456e-117,-0.0041119334085838125,-4.291157335137219e-09,3.583590565658301e-08
1.5340909090909094e-05,1.8393157195304684e-117,-0.007496623172254055,-8.066744642140425e-09,3.658464587053459e-08
1.5349090909090912e-05,1.3108424977579299e-117,-0.010968686057386132,-1.1909746704064732e-08,3.734087886790471e-08
1.535727272727273e-05,9.23000866704541e-118,-0.014490631089377629,-1.5777844716318416e-08,3.810442554455241e-08
1.536545454545455e-05,6.425412634949132e-118,-0.018022507415705668,-1.9626712223197753e-08,3.887509824671523e-08
1.5373636363636367e-05,4.424023240353418e-118,-0.021522306132330506,-2.3410491474996976e-08,3.965270076111037e-08
1.5381818181818185e-05,3.0131243480555445e-118,-0.02494640869809236,-2.708230804246301e-08,4.043702831429577e-08
1.5390000000000003e-05,2.0298653806662258e-118,-0.028250077832956758,-3.059481829117731e-08,4.1227867581478554e-08
1.539818181818182e-05,1.3521777184058845e-118,-0.031387985998394846,-3.3900783665679336e-08,4.202499670495125e-08
1.540636363636364e-05,8.901620488500974e-119,-0.03431477579789901,-3.695366514153858e-08,4.282818532232113e-08
1.5414545454545458e-05,5.786135227179418e-119,-0.03698564592590671,-3.970823068392958e-08,4.36371946046936e-08
1.5422727272727276e-05,3.7087765060477407e-119,-0.039356955647290644,-4.212116811365979e-08,4.445177730494733e-08
1.5430909090909095e-05,2.3398618865076167e-119,-0.0413868402196786,-4.4151695435305196e-08,4.52716778162357e-08
1.5439090909090913e-05,1.4491292329080656e-119,-0.04303582918913365,-4.576216043533311e-08,4.609663224083115e-08
1.544727272727273e-05,8.77548256775658e-120,-0.04426745910720995,-4.6918621217861056e-08,4.692636846941559e-08
1.5455454545454546e-05,5.1648538218583324e-120,-0.04504887194405563,-4.759139931770809e-08,4.776060627090627e-08
1.5463636363636364e-05,2.925449881402194e-120,-0.04535139031670759,-4.775559711885371e-08,4.859905739289366e-08
1.5471818181818183e-05,1.566937676918647e-120,-0.04515106062115711,-4.739157151396407e-08,4.944142567274919e-08
1.548e-05,7.655678503306453e-121,-0.04442915525662519,-4.6485356068237586e-08,5.0287407159447255e-08
1.548818181818182e-05,3.102477377556671e-121,-0.043172625364406206,-4.5029024397669124e-08,5.113669024613309e-08
1.5496363636363637e-05,6.521921857137738e-122,-0.04137449587329306,-4.3020988035362204e-08,5.198895581344402e-08
1.5504545454545456e-05,-5.548660353818792e-122,-0.03903419514859863,-4.0466222735347906e-08,5.28438773835859e-08
1.5512727272727274e-05,-1.0534175728190316e-121,-0.036157812179616215,-3.737641794530743e-08,5.3701121285139706e-08
1.5520909090909092e-05,-1.1689601882799519e-121,-0.03275827500631913,-3.377004505971332e-08,5.456034682856196e-08
1.552909090909091e-05,-1.094341006298047e-121,-0.028855444973307942,-2.9672341033554948e-08,5.542120649232674e-08
1.553727272727273e-05,-9.397846618940502e-122,-0.02447612239844776,-2.5115204982763044e-08,5.6283346119633854e-08
1.5545454545454547e-05,-7.651374718832743e-122,-0.019653960344189064,-2.013700650798933e-08,5.7146405125594705e-08
1.5553636363636365e-05,-6.003352351685757e-122,-0.014429284368154835,-1.4782305639481532e-08,5.801001671479169e-08
1.5561818181818183e-05,-4.581692269989242e-122,-0.008848817391287721,-9.101485497228e-09,5.8873808109080976e-08
1.5570000000000002e-05,-3.420828961657997e-122,-0.0029653101401093665,-3.1502999761810557e-09,5.973740078550046e-08
1.557818181818182e-05,-2.508104479850423e-122,0.003162921023576417,3.010660015702562e-09,6.06004107241204e-08
1.5586363636363638e-05,-1.8104301799684443e-122,0.009472545696140817,9.316577036030155e-09,6.14624486656577e-08
1.5594545454545456e-05,-1.288882806208715e-122,0.01589585588417889,1.5699088402503954e-08,6.232312037866163e-08
1.5602727272727275e-05,-9.061077468373256e-123,0.02236148139712242,2.2087031283111043e-08,6.318202693605185e-08
1.5610909090909093e-05,-6.295768387655486e-123,0.028795176951799877,2.8407243509813046e-08,6.403876500078216e-08
1.561909090909091e-05,-4.325678127229874e-123,0.03512067251376993,3.458541107637999e-08,6.489292712037885e-08
1.562727272727273e-05,-2.9398062325615316e-123,0.04126057723856354,4.054695241450777e-08,6.574410203008732e-08
1.5635454545454548e-05,-1.9763509869877134e-123,0.047137326319299594,4.621792879153085e-08,6.659187496434747e-08
1.5643636363636366e-05,-1.314054401455579e-123,0.052674159114628125,5.15259695515361e-08,6.743582797629388e-08
1.5651818181818184e-05,-8.637419726299179e-124,0.05779611614038109,5.6401200441594745e-08,6.827554026496843e-08
1.5660000000000003e-05,-5.608818411245823e-124,0.06243104187577122,6.077716293647148e-08,6.911058850991046e-08
1.566818181818182e-05,-3.5943335390201063e-124,0.0665105798745832,6.459171230687095e-08,6.994054721277972e-08
1.567636363636364e-05,-2.26968438883351e-124,0.06997114639539045,6.778788217422869e-08,7.076498904564498e-08
1.5684545454545457e-05,-1.4091826529330303e-124,0.07275486868172573,7.03147034631284e-08,7.15834852055652e-08
1.5692727272727276e-05,-8.575322712885566e-125,0.07481047413991299,7.212796600211829e-08,7.239560577506754e-08
1.5700909090909094e-05,-5.090480267324463e-125,0.07609411698258899,7.319091153399755e-08,7.320092008811673e-08
1.5709090909090912e-05,-2.9259123146271304e-125,0.07657012943040356,7.347484757403896e-08,7.399899710115722e-08
1.571727272727273e-05,-1.6080641857383118e-125,0.07621168529043815,7.29596723930498e-08,7.478940576879525e-08
1.572545454545455e-05,-8.253084571205184e-126,0.07500136465178854,7.163430239312434e-08,7.557171542367702e-08
1.5733636363636367e-05,-3.750592864789662e-126,0.07293160954760788,6.949699427646374e-08,7.634549616010682e-08
1.5741818181818185e-05,-1.2734579596405322e-126,0.07000506171667546,6.655555566849086e-08,7.711031922094001e-08
1.5750000000000003e-05,1.8888989328968377e-139,0.06623477504122043,6.282743923029324e-08,7.786575738727074e-08
1.575818181818182e-05,5.805853023910678e-127,0.06164429682343056,5.8339716764841284e-08,7.861138537043372e-08
1.576636363636364e-05,7.795837417701845e-127,0.05626761377034324,5.312893136738716e-08,7.934678020582061e-08
1.5774545454545458e-05,7.820969114135195e-127,0.050148960362831285,4.72408272723977e-08,8.007152164801214e-08
1.5782727272727276e-05,6.947508392582097e-127,0.043342489164307614,4.0729958685566916e-08,8.078519256671458e-08
1.5790909090909095e-05,5.763262918378844e-127,0.03591180455203903,3.3659180537241554e-08,8.148737934298699e-08
1.5799090909090913e-05,4.571379843465455e-127,0.027929363300737017,2.6099025729762843e-08,8.217767226523652e-08
1.580727272727273e-05,3.5109160779901474e-127,0.019475747385651103,1.8126975052328206e-08,8.285566592445782e-08
1.581545454545455e-05,2.630381184833528e-127,0.01063881627154651,9.826627479671872e-09,8.352095960818688e-08
1.5823636363636368e-05,1.9315159404220165e-127,0.001512747785528493,1.286780032281571e-09,8.417315769263991e-08
1.5831818181818183e-05,1.3945453008012385e-127,-0.007803021593022706,-7.399572266049559e-09,8.481187003250035e-08
1.584e-05,9.921265140064823e-128,-0.017204944580889184,-1.613630456368156e-08,8.543671234782378e-08
1.584818181818182e-05,6.965641608532812e-128,-0.026586585172481123,-2.4825285629738107e-08,8.604730660752528e-08
1.5856363636363637e-05,4.831387505734142e-128,-0.035839899763130116,-3.336754278704624e-08,8.66432814089146e-08
1.5864545454545456e-05,3.312867197196805e-128,-0.04485656103440721,-4.166445378839392e-08,8.722427235275163e-08
1.5872727272727274e-05,2.246674122877371e-128,-0.05352930744994926,-4.961895053282478e-08,8.778992241329121e-08
1.5880909090909092e-05,1.5071518206711922e-128,-0.061753300572075696,-5.7136719156932154e-08,8.833988230279668e-08
1.588909090909091e-05,1.0000759183418967e-128,-0.06942747201809092,-6.412738088266055e-08,8.887381082999773e-08
1.589727272727273e-05,6.562140061454824e-129,-0.07645584174031284,-7.050563806284542e-08,8.939137525198445e-08
1.5905454545454547e-05,4.25559713217791e-129,-0.08274878944147074,-7.619237014045374e-08,8.989225161902749e-08
1.5913636363636365e-05,2.7252746918880726e-129,-0.08822426132915308,-8.111566472594588e-08,9.037612511182739e-08
1.5921818181818183e-05,1.72129596812311e-129,-0.0928088950674014,-8.521176969496654e-08,9.084269037070064e-08
1.593e-05,1.0703423591417019e-129,-0.09643904669421856,-8.842595310819078e-08,9.129165181622395e-08
1.593818181818182e-05,6.535799100075534e-130,-0.0990617044305476,-9.071325884608224e-08,9.172272396086342e-08
1.5946363636363638e-05,3.9043436568094435e-130,-0.10063527569512763,-9.203914712015882e-08,9.213563171113199e-08
1.5954545454545456e-05,2.268689702099698e-130,-0.10113023524275114,-9.238001045296414e-08,9.25301106598255e-08
1.5962727272727275e-05,1.2704143944304708e-130,-0.10052962413953509,-9.172355729267004e-08,9.290590736790629e-08
1.5970909090909093e-05,6.744521623638286e-131,-0.09882939125336494,-9.006905712417414e-08,9.326277963561238e-08
1.597909090909091e-05,3.2845783347927104e-131,-0.09603857104330149,-8.74274427338337e-08,9.360049676238699e-08
1.598727272727273e-05,1.3494658151834722e-131,-0.09217929364862286,-8.382126715507712e-08,9.391883979523628e-08
1.5995454545454548e-05,3.240640797436422e-132,-0.08728662557445695,-7.92845147412399e-08,9.421760176514567e-08
1.6003636363636366e-05,-1.7365998924611328e-132,-0.08140824161326572,-7.386226775335189e-08,9.449658791119416e-08
1.6011818181818184e-05,-3.7662940778680185e-132,-0.07460393099537295,-6.761023178699982e-08,9.475561589202822e-08
1.6020000000000002e-05,-4.237119535010457e-132,-0.06694494309239829,-6.059412526641307e-08,9.499451598437443e-08
1.602818181818182e-05,-3.95384989351133e-132,-0.058513180270047725,-5.288894007847021e-08,9.521313126828747e-08
1.603636363636364e-05,-3.3654453414097685e-132,-0.04940024766699773,-4.457808217797753e-08,9.541131779885279e-08
1.6044545454545457e-05,-2.7088773310218494e-132,-0.03970637173153939,-3.5752402642994864e-08,9.558894476407672e-08
1.6052727272727276e-05,-2.0983780631396663e-132,-0.029539201245845557,-2.6509131171319032e-08,9.574589462872716e-08
1.6060909090909094e-05,-1.5797969540151623e-132,-0.019012506280011665,-1.6950725364433503e-08,9.58820632639006e-08
1.6069090909090912e-05,-1.1629627467136886e-132,-0.008244792017885305,-7.183650323446211e-09,9.599736006211515e-08
1.607727272727273e-05,-8.404031433075087e-133,0.002642154339270718,2.6828959346371515e-09,9.60917080377523e-08
1.608545454545455e-05,-5.977602190155128e-133,0.013524764376970526,1.2538294957156335e-08,9.616504391269216e-08
1.6093636363636367e-05,-4.1926530945920485e-133,0.024279217028845175,2.2271841395309302e-08,9.621731818700888e-08
1.6101818181818185e-05,-2.9035884188517813e-133,0.03478297449191425,3.1774080440797e-08,9.624849519461502e-08
1.6110000000000003e-05,-1.987238269996644e-133,0.044916304931668045,4.0938131906998755e-08,9.625855314376777e-08
1.611818181818182e-05,-1.3448727235773386e-133,0.05456377154682166,4.966098384788032e-08,9.624748414237321e-08
1.612636363636364e-05,-9.002496380144359e-134,0.06361566799125444,5.784473898831193e-08,9.621529420804566e-08
1.6134545454545458e-05,-5.961121911807859e-134,0.07196938086626053,6.539779784964683e-08,9.616200326290775e-08
1.6142727272727276e-05,-3.904006344232105e-134,0.07953066098968366,7.22359632859525e-08,9.608764511313441e-08
1.6150909090909095e-05,-2.527786230982973e-134,0.08621478640540159,7.828345218766879e-08,9.599226741327208e-08
1.6159090909090913e-05,-1.6170652286200002e-134,0.09194760159852826,8.34738013461034e-08,9.587593161538339e-08
1.616727272727273e-05,-1.0210194467521951e-134,0.09666641910642029,8.775065588665448e-08,9.57387129030959e-08
1.617545454545455e-05,-6.353690855924866e-135,0.10032077163750926,9.106843025098958e-08,9.558070011065057e-08
1.6183636363636368e-05,-3.8886221249098895e-135,0.10287300490052345,9.339283341633723e-08,9.540199562707668e-08
1.6191818181818186e-05,-2.3336032874590342e-135,0.10429870357465197,9.4701251859368e-08,9.520271528563417e-08
1.62e-05,-1.3669663468879526e-135,0.10458694518341184,9.498298567705142e-08,9.498298823869212e-08
1.620818181818182e-05,-7.761127495111595e-136,0.1037403790366414,9.423933524040206e-08,9.474295681823146e-08
1.6216363636363637e-05,-4.220898235405423e-136,0.10177512984040588,9.24835377513732e-08,9.448277638218461e-08
1.6224545454545456e-05,-2.1512646379533168e-136,0.0987205280074884,8.974055507017174e-08,9.420261514684278e-08
1.6232727272727274e-05,-9.793614850443932e-137,0.09461867109552563,8.604671615181821e-08,9.390265400558434e-08
1.6240909090909092e-05,-3.444937355806725e-137,0.08952382312041823,8.144921934919812e-08,9.358308633420096e-08
1.624909090909091e-05,-2.2936232275137268e-138,0.08350166070535872,7.600550167833959e-08,9.324411778310922e-08
1.625727272727273e-05,1.2170421613426586e-137,0.07662837709842062,6.978248387466887e-08,9.28859660567642e-08
1.6265454545454547e-05,1.7088675447984895e-137,0.06898965699418923,6.285570167262772e-08,9.250886068060691e-08
1.6273636363636365e-05,1.7203542650294866e-137,0.06067953680018934,5.5308335193360905e-08,9.211304275589177e-08
1.6281818181818183e-05,1.5185289045816207e-137,0.05179916647285126,4.723014960657303e-08,9.169876470276564e-08
1.629e-05,1.2468687331530059e-137,0.04245549028995939,3.871636132606066e-08,9.126628999197621e-08
1.629818181818182e-05,9.77077761644499e-138,0.032759864910278005,2.986644488962059e-08,9.08158928656142e-08
1.6306363636363638e-05,7.405658849613508e-138,0.02282663378374447,2.0782896351792346e-08,9.034785804730057e-08
1.6314545454545456e-05,5.471859859161597e-138,0.012771677408890906,1.156996947416145e-08,8.986248044224995e-08
1.6322727272727275e-05,3.9609478899289526e-138,0.002710959083965689,2.3324012279202907e-09,8.936006482764947e-08
1.6330909090909093e-05,2.818317797496143e-138,-0.007240914335094864,-6.825856874431296e-09,8.884092553381381e-08
1.633909090909091e-05,1.975567774150017e-138,-0.016972097568496762,-1.580288532516016e-08,8.830538611657777e-08
1.634727272727273e-05,1.3664427326141443e-138,-0.0263748595182993,-2.450000519676997e-08,8.77537790214062e-08
1.6355454545454548e-05,9.336090738724763e-139,-0.035346865864250884,-3.282293355590191e-08,8.718644523971203e-08
1.6363636363636366e-05,6.3056911591880855e-139,-0.043792375346227395,-4.0682871383594815e-08,8.660373395787611e-08
1.6371818181818184e-05,4.212009825250504e-139,-0.05162333482789576,-4.799751071619109e-08,8.600600219947632e-08
1.6380000000000002e-05,2.7830646292222666e-139,-0.05876035983099331,-5.469194893839181e-08,8.539361446123843e-08
1.638818181818182e-05,1.818961650235981e-139,-0.06513358899498439,-6.069949952913777e-08,8.476694234322828e-08
1.639636363636364e-05,1.1756530864737347e-139,-0.07068340282452236,-6.596239006122111e-08,8.412636417380833e-08
1.6404545454545457e-05,7.510509681434611e-140,-0.07536099910698561,-7.04323398642368e-08,8.347226462989016e-08
1.6412727272727275e-05,4.738521558555482e-140,-0.07912881948293204,-7.40710114537795e-08,8.280503435301393e-08
1.6420909090909094e-05,2.94904816341577e-140,-0.08196082380138003,-7.685033158283784e-08,8.212506956178977e-08
1.6429090909090912e-05,1.807353329382087e-140,-0.0838426110568391,-7.875267955873422e-08,8.143277166124022e-08
1.643727272727273e-05,1.0880735732274978e-140,-0.08477138785366768,-7.977094226510774e-08,8.072854684957718e-08
1.644545454545455e-05,6.411547734246274e-141,-0.08475578744404813,-7.990843710795832e-08,8.001280572295422e-08
1.6453636363636367e-05,3.6777445017890754e-141,-0.08381554440827912,-7.917870584283489e-08,7.928596287872829e-08
1.6461818181818185e-05,2.0356508985042362e-141,-0.08198103196150854,-7.760518391297502e-08,7.85484365177649e-08
1.6470000000000003e-05,1.0707551770371343e-141,-0.07929267065288265,-7.522075151297692e-08,7.780064804631803e-08
1.647818181818182e-05,5.1929960182323734e-142,-0.07580021884727205,-7.206717406838862e-08,7.704302167801034e-08
1.648636363636364e-05,2.1560460700611552e-142,-0.07156195682497254,-6.819444116929372e-08,7.627598403643604e-08
1.6494545454545458e-05,5.707183839081482e-143,-0.06664377758290403,-6.36600141985636e-08,7.549996375890375e-08
1.6502727272727276e-05,-1.8812525809784979e-143,-0.06111819845701455,-5.8527993938289796e-08,7.471539110182564e-08
1.6510909090909095e-05,-4.94213758344127e-143,-0.05506330849853174,-5.2868220308914026e-08,7.392269754825902e-08
1.6519090909090913e-05,-5.658582890890721e-143,-0.048561667118706055,-4.6755317085311996e-08,7.31223154180913e-08
1.652727272727273e-05,-5.268651659487857e-143,-0.041699169863754784,-4.0267694935923095e-08,7.231467748135504e-08
1.653545454545455e-05,-4.446812703182486e-143,-0.03456389729350973,-3.3486526441139486e-08,7.150021657514486e-08
1.6543636363636368e-05,-3.539333479774755e-143,-0.02724496281706233,-2.649470686460241e-08,7.067936522460727e-08
1.6551818181818186e-05,-2.707117966307882e-143,-0.019831374993239025,-1.9375814377623872e-08,6.985255526844938e-08
1.6560000000000004e-05,-2.0106749858182126e-143,-0.012410929243079197,-1.2213083177237708e-08,6.902021748941414e-08
1.6568181818181822e-05,-1.4594400601058245e-143,-0.005069143158755239,-5.088402499531477e-09,6.8182781250148e-08
1.6576363636363637e-05,-1.039512854072047e-143,0.0021117513555052427,1.9186460784289786e-09,6.734067413487761e-08
1.6584545454545455e-05,-7.285883463618114e-144,0.00905374699154895,8.731701420713252e-09,6.649432159729876e-08
1.6592727272727274e-05,-5.034789067484348e-144,0.015683920139327297,1.5278474980905163e-08,6.564414661506431e-08
1.6600909090909092e-05,-3.434882036351928e-144,0.021935200716330372,2.1491532636473922e-08,6.47905693512466e-08
1.660909090909091e-05,-2.3156650149429052e-144,0.02774704474773853,2.7308997676993554e-08,6.393400682313025e-08
1.661727272727273e-05,-1.5435987115968463e-144,0.033066003286904365,3.2675167654292476e-08,6.307487257867958e-08
1.6625454545454547e-05,-1.0177329682233902e-144,0.03784618288333664,3.754103911548031e-08,6.221357638100605e-08
1.6633636363636365e-05,-6.63770220662902e-145,0.04204959444880585,4.186473560519038e-08,6.135052390114658e-08
1.6641818181818183e-05,-4.281849819026461e-145,0.045646389016416024,4.561183572087616e-08,6.048611641944655e-08
1.665e-05,-2.7309695542261252e-145,0.04861498050802308,4.875559941416586e-08,5.962075053582275e-08
1.665818181818182e-05,-1.7210699856087304e-145,0.050942057198775606,5.127709213196685e-08,5.875481788916615e-08
1.6666363636363638e-05,-1.0706727251041313e-145,0.05262248507171598,5.316520776366169e-08,5.788870488612576e-08
1.6674545454545456e-05,-6.565725116894007e-146,0.05365910766988656,5.4416592686647655e-08,5.702279243949848e-08
1.6682727272727275e-05,-3.9609940155853834e-146,0.05406244835976608,5.5035474464066087e-08,5.615745571642909e-08
1.6690909090909093e-05,-2.3440117174066913e-146,0.05385032210182667,5.503339992962109e-08,5.529306389661165e-08
1.669909090909091e-05,-1.354802991015906e-146,0.0530473648676473,5.442888848023908e-08,5.44299799406596e-08
1.670727272727273e-05,-7.597074552082597e-147,0.05168448973696437,5.3247007375057215e-08,5.3568560368799105e-08
1.6715454545454548e-05,-4.087453078009669e-147,0.049798279443544674,5.151887669782459e-08,5.270915505001839e-08
1.6723636363636366e-05,-2.0676695399569356e-147,0.04743032570978355,4.928111237024199e-08,5.1852107001790546e-08
1.6731818181818184e-05,-9.41554969601434e-148,0.044626526113129755,4.657521619913487e-08,5.099775220046734e-08
1.6740000000000002e-05,-3.406258731588204e-148,0.04143634946216788,4.344692239586645e-08,5.014641940242621e-08
1.674818181818182e-05,-4.058188377279329e-149,0.03791208072840655,3.994551031943457e-08,4.9298429976031364e-08
1.675636363636364e-05,9.271931098797751e-149,0.0341080564859769,3.6123093364767604e-08,4.8454097744456456e-08
1.6764545454545457e-05,1.3782023107112574e-148,0.030079901562335896,3.20338939464515e-08,4.7613728839395885e-08
1.6772727272727275e-05,1.3950712446647297e-148,0.025883777207650446,2.7733514419079784e-08,4.677762156567818e-08
1.6780909090909094e-05,1.2244081093564099e-148,0.021575650559718842,2.3278213534146047e-08,4.594606627677284e-08
1.6789090909090912e-05,9.954331529607398e-149,0.01721059452768769,1.8724197667147435e-08,4.511934526117181e-08
1.679727272727273e-05,7.707602072455345e-149,0.012842126455521498,1.4126935566226405e-08,4.4297732639606044e-08
1.680545454545455e-05,5.765757132152761e-149,0.008521593070435766,9.540504785537057e-09,4.348149427304433e-08
1.6813636363636367e-05,4.201716558960827e-149,0.004297608288468767,5.016977284119647e-09,4.267088768140406e-08
1.6821818181818185e-05,2.9984230655559895e-149,0.00021554945581055314,6.058509069548284e-10,4.1866161972891476e-08
1.6830000000000003e-05,2.1025786785466103e-149,-0.0036828834324744027,-3.646467367598851e-09,4.106755778387108e-08
1.683818181818182e-05,1.4522124459522122e-149,-0.0073600420579628695,-7.697121416654277e-09,4.027530722915274e-08
1.684636363636364e-05,9.895572396791865e-150,-0.010782635242904074,-1.1507205127595851e-08,3.9489633862568223e-08
1.6854545454545458e-05,6.660109193517303e-150,-0.013921964212648151,-1.504209760117401e-08,3.87107526477011e-08
1.6862727272727276e-05,4.430847969682698e-150,-0.01675408735923276,-1.827173224926862e-08,3.793886993861116e-08
1.6870909090909094e-05,2.9151790390277974e-150,-0.019259915214312126,-2.1170798595030785e-08,3.717418347039602e-08
1.6879090909090913e-05,1.8972126510577273e-150,-0.02142523729399855,-2.3718876528221177e-08,3.6416882359408464e-08
1.688727272727273e-05,1.2213473289623358e-150,-0.023240683369273568,-2.5900503684573635e-08,3.566714711294416e-08
1.689545454545455e-05,7.775623906910988e-151,-0.024701622532617647,-2.7705177492936246e-08,3.4925149648201414e-08
1.6903636363636368e-05,4.8932384090314765e-151,-0.025808004165186544,-2.9127294256771154e-08,3.419105332030494e-08
1.6911818181818186e-05,3.041495433615641e-151,-0.026564145551675664,-3.016602839747011e-08,3.3465012959175927e-08
1.6920000000000004e-05,1.8651373930498707e-151,-0.026978471436123103,-3.0825155677245484e-08,3.274717491502195e-08
1.6928181818181822e-05,1.126556666245952e-151,-0.02706321125720552,-3.1112824831797265e-08,3.2037677112212806e-08
1.693636363636364e-05,6.686339785197792e-152,-0.026834060143707202,-3.104128257163815e-08,3.133664911129892e-08
1.6944545454545455e-05,3.886150307177878e-152,-0.026309809989115616,-3.06265573514176e-08,3.064421217892298e-08
1.6952727272727274e-05,2.2003111156548927e-152,-0.02551195705967782,-2.9888107655806055e-08,2.996047936536971e-08
1.6960909090909092e-05,1.2035897138433515e-152,-0.024464292625255547,-2.884844080689954e-08,2.9285555589490577e-08
1.696909090909091e-05,6.270383779471426e-153,-0.023192483040901803,-2.753270846152979e-08,2.8619537730736338e-08
1.697727272727273e-05,3.025978731473987e-153,-0.021723645554525006,-2.5968285038502097e-08,2.7962514728025425e-08
1.6985454545454547e-05,1.2661466683611074e-153,-0.020085925878760146,-2.4184335298136636e-08,2.7314567685172522e-08
1.6993636363636365e-05,3.607802849316956e-154,-0.018308083250702337,-2.221137719325173e-08,2.667576998259638e-08
1.7001818181818183e-05,-6.688155516619748e-155,-0.01641908831980647,-2.0080845926716314e-08,2.60461873950243e-08
1.701e-05,-2.3776797109741484e-154,-0.014447738761033915,-1.782466489171285e-08,2.5425878214908213e-08
1.701818181818182e-05,-2.7837033859967007e-154,-0.012422297016760673,-1.5474828843564128e-08,2.481489338126499e-08
1.7026363636363638e-05,-2.5891664235721668e-154,-0.010370154036911971,-1.3063004263794186e-08,2.42132766136515e-08
1.7034545454545456e-05,-2.167869700351138e-154,-0.008317522322276477,-1.0620151436014031e-08,2.362106455098673e-08
1.7042727272727274e-05,-1.706586643015733e-154,-0.006289160990992658,-8.176172267704725e-09,2.3038286894929285e-08
1.7050909090909093e-05,-1.2890200108716903e-154,-0.004308134992637699,-5.759587370764864e-09,2.2464966557523656e-08
1.705909090909091e-05,-9.445932759104995e-155,-0.002395609997720137,-3.397245365725544e-09,2.1901119812823146e-08
1.706727272727273e-05,-6.760686790447503e-155,-0.0005706839017628408,-1.1140668087566376e-09,2.1346756452204968e-08
1.7075454545454548e-05,-4.746471584977009e-155,0.0011497446889305943,1.0671754341784246e-09,2.0801879943090994e-08
1.7083636363636366e-05,-3.2782833421314756e-155,0.0027510711704851337,3.1260381168182452e-09,2.0266487590790973e-08
1.7091818181818184e-05,-2.2319776278373966e-155,0.0042210435506641756,5.044551163867217e-09,1.974057070318838e-08
1.7100000000000002e-05,-1.5000637754264474e-155,0.005549786129888225,6.807322713856325e-09,1.9224114757990505e-08
1.710818181818182e-05,-9.961525582218654e-156,0.0067297898657786995,8.401606052338043e-09,1.8717099572269908e-08
1.711636363636364e-05,-6.540542120865111e-156,0.00775587142162596,9.817329333704047e-09,1.8219499474028396e-08
1.7124545454545457e-05,-4.247480408950832e-156,0.008625103237253266,1.1047089454269934e-08,1.7731283475516517e-08
1.7132727272727275e-05,-2.7285599947194467e-156,0.00933671724579635,1.2086111863381686e-08,1.7252415448051853e-08
1.7140909090909094e-05,-1.7337097559464287e-156,0.009891985090485923,1.2932178478910615e-08,1.6782854298078145e-08
1.7149090909090912e-05,-1.089216079953053e-156,0.010294077871081374,1.3585526205226171e-08,1.632255414421777e-08
1.715727272727273e-05,-6.76215399307035e-157,0.0105479085705194,1.4048718833022546e-08,1.5871464495075266e-08
1.716545454545455e-05,-4.144647074509637e-157,0.010659960379806401,1.4326495329543873e-08,1.542953042755525e-08
1.7173636363636367e-05,-2.5045906649216613e-157,0.01063810415516375,1.4425597703956773e-08,1.4996692765465232e-08
1.7181818181818185e-05,-1.4893429546821935e-157,0.010491408208594923,1.4354581755838266e-08,1.4572888258181313e-08
1.7190000000000003e-05,-8.69064252039111e-158,0.010229943554663806,1.4123614085730156e-08,1.4158049759163022e-08
1.719818181818182e-05,-4.9558568231289e-158,0.009864587616164497,1.3744258766945989e-08,1.3752106404110524e-08
1.720636363636364e-05,-2.744319128561955e-158,0.009406829233770531,1.3229257049458857e-08,1.33549837885675e-08
1.7214545454545458e-05,-1.460372091896713e-158,0.008868577634265216,1.2592303392522688e-08,1.2966604144779521e-08
1.7222727272727276e-05,-7.328510793303282e-159,0.008261977793414355,1.1847821005989025e-08,1.258688651762983e-08
1.7230909090909094e-05,-3.333692107161143e-159,0.007599234387947832,1.1010739924848398e-08,1.2215746939482223e-08
1.7239090909090913e-05,-1.233201927660567e-159,0.006892446271536683,1.0096280451511491e-08,1.185309860377146e-08
1.724727272727273e-05,-1.988236447872412e-160,0.006153453137139853,9.119744580195013e-09,1.1498852037194403e-08
1.725545454545455e-05,2.55472608920817e-160,0.00539369574760284,8.096317772182778e-09,1.1152915270362147e-08
1.7263636363636367e-05,4.087728812281475e-160,0.0046240908326981136,7.0408831845002855e-09,1.08151940067909e-08
1.7271818181818186e-05,4.1700723304379563e-160,0.0038549214684439497,5.967850172552896e-09,1.0485591790115345e-08
1.7280000000000004e-05,3.641810468137918e-160,0.0030957434777662348,4.8909985943884565e-09,1.0164010169429364e-08
1.7288181818181822e-05,2.9324594609553135e-160,0.0023553081242713393,3.823340145227791e-09,9.850348862666185e-09
1.729636363636364e-05,2.243943043960544e-160,0.001641501116581393,2.776997650369374e-09,9.54450591794922e-09
1.730454545454546e-05,1.6568939539968334e-160,0.0009612977024254002,1.7631029469176266e-09,9.246377872858411e-09
1.7312727272727277e-05,1.190944860052703e-160,0.0003207334121108832,7.917136941235672e-10,8.955859911576385e-09
1.7320909090909092e-05,8.378726496958982e-161,-0.0002751101877114195,-1.2825082773397017e-10,8.672846019894617e-09
1.732909090909091e-05,5.790530785303925e-161,-0.0008221055452326235,-9.89055135615297e-10,8.397229138080786e-09
1.733727272727273e-05,3.94076855423796e-161,-0.0013170659472262227,-1.7841746331607465e-09,8.128901311630075e-09
1.7345454545454547e-05,2.6455077441679595e-161,-0.0017577202107401835,-2.5083050537404016e-09,7.86775383994242e-09
1.7353636363636365e-05,1.7539627832560591e-161,-0.0021426764410154295,-3.1573551458601766e-09,7.613677422998846e-09
1.7361818181818183e-05,1.1493870167949303e-161,-0.002471376131951485,-3.72842367210839e-09,7.366562306127153e-09
1.737e-05,7.448478951765445e-162,-0.002744039939121156,-4.219761950109934e-09,7.1262984229845165e-09
1.737818181818182e-05,4.774580691229157e-162,-0.002961606485474278,-4.630723295199218e-09,6.892775536910207e-09
1.7386363636363638e-05,3.027471869969518e-162,-0.003125665567603703,-4.9617008293066946e-09,6.66588338083473e-09
1.7394545454545456e-05,1.8985150457993664e-162,-0.0032383871171897238,-5.2140551988448446e-09,6.445511795970194e-09
1.7402727272727274e-05,1.1769065318410236e-162,-0.0033024472396433495,-5.390033796545014e-09,6.231550869540195e-09
1.7410909090909093e-05,7.206825888730602e-163,-0.0033209526018800617,-5.492683108961162e-09,6.023891071853909e-09
1.741909090909091e-05,4.3545533795393e-163,-0.0032973643755698076,-5.525755813767795e-09,5.822423393066316e-09
1.742727272727273e-05,2.5921154644852204e-163,-0.0032354228632274014,-5.493614230390068e-09,5.627039480016459e-09
1.7435454545454547e-05,1.5166722438970905e-163,-0.003139073844294034,-5.401131685509183e-09,5.437631773580719e-09
1.7443636363636366e-05,8.694047998283842e-164,-0.003012397579101638,-5.253593293412009e-09,5.254093647028139e-09
1.7451818181818184e-05,4.858352468021667e-164,-0.0028595413024805286,-5.056597571986002e-09,5.0763195459152196e-09
1.7460000000000002e-05,2.6259241884726966e-164,-0.0026846559278928235,-4.8159602205426596e-09,4.904205130105378e-09
1.746818181818182e-05,1.3545220236504892e-164,-0.002491837569396388,-4.537621277801315e-09,4.737647418547862e-09
1.747636363636364e-05,6.499537518098797e-165,-0.0022850743744042747,-4.227556759576051e-09,4.576544937495118e-09
1.7484545454545457e-05,2.7344785872507645e-165,-0.0020681990469066268,-3.891695748276437e-09,4.420797872874882e-09
1.7492727272727275e-05,8.248468259021911e-166,-0.0018448473302153118,-3.5358437725565515e-09,4.270308227561615e-09
1.7500909090909094e-05,-6.584022719022737e-167,-0.00161842261185721,-3.1656131775594113e-09,4.124979984306166e-09
1.7509090909090912e-05,-4.1884383787371286e-166,-0.0013920667122818556,-2.786361046376456e-09,3.98471927508485e-09
1.751727272727273e-05,-5.0433067122391586e-166,-0.0011686368246776706,-2.4031350936169604e-09,3.849434557587778e-09
1.7525454545454548e-05,-4.692105379832543e-166,-0.0009506884863301618,-2.0206278143132087e-09,3.719036799517667e-09
1.7533636363636367e-05,-3.8992435211805594e-166,-0.0007404643833325697,-1.6431390375242816e-09,3.5934396712571403e-09
1.7541818181818185e-05,-3.036699753489163e-166,-0.0005398887206105225,-1.2745469055921518e-09,3.472559747311458e-09
1.7550000000000003e-05,-2.265355775849504e-166,-0.0003505668284993445,-9.182871784619163e-10,3.3563167167093685e-09
1.755818181818182e-05,-1.6379746711697925e-166,-0.00017378962569446769,-5.773406490798692e-10,3.2446336022423573e-09
1.756636363636364e-05,-1.1560522289502135e-166,-1.0542516298620767e-05,-2.542283516777708e-10,3.1374369880335066e-09
1.7574545454545458e-05,-8.000356712450033e-167,0.00013848173421899187,4.89858493785314e-11,3.034657254416432e-09
1.7582727272727276e-05,-5.4452627919845186e-167,0.0002728666233258387,3.3068578587853686e-10,2.936228818480477e-09
1.7590909090909094e-05,-3.6526993507458675e-167,0.0003924525306259697,5.896871950278842e-10,2.842090377869068e-09
1.7599090909090913e-05,-2.4184008753527835e-167,0.0004973148340130051,8.252162400889033e-10,2.752185154504801e-09
1.760727272727273e-05,-1.5819764749342628e-167,0.0005877400247898349,1.0368830196788825e-09,2.6664611338458735e-09
1.761545454545455e-05,-1.0231023181138353e-167,0.0006642003168993836,1.2246507801899826e-09,2.5848712940767937e-09
1.7623636363636367e-05,-6.544185165918791e-168,0.0007273272324009661,1.3888015714673574e-09,2.5073738183018444e-09
1.7631818181818186e-05,-4.1407152687685204e-168,0.0007778846268950236,1.5298991003337973e-09,2.43393228140873e-09
1.7640000000000004e-05,-2.591467002554252e-168,0.0008167415954809818,1.648749540211534e-09,2.3645158018558503e-09
1.7648181818181822e-05,-1.603734069429444e-168,0.0008448456727649572,1.7463610484813713e-09,2.299099147311041e-09
1.765636363636364e-05,-9.80816556788516e-169,0.0008631967101377222,1.823902726959875e-09,2.23766278198161e-09
1.766454545454546e-05,-5.922804894996872e-169,0.0008728217807129056,1.8826637356526728e-09,2.1801928427779595e-09
1.7672727272727277e-05,-3.526871560974388e-169,0.0008747514276078652,1.9240132365058276e-09,2.1266810313647547e-09
1.7680909090909095e-05,-2.0671373682655683e-169,0.0008699975352775929,1.949361803026935e-09,2.0771244099009534e-09
1.768909090909091e-05,-1.189340931827902e-169,0.0008595330669371358,1.9601248842035274e-09,2.0315250900726734e-09
1.769727272727273e-05,-6.69099013589168e-170,0.0008442738742348846,1.957688857964027e-09,1.9898898080993435e-09
1.7705454545454547e-05,-3.658453587712655e-170,0.0008250627487099276,1.943380151351613e-09,1.952229382855132e-09
1.7713636363636365e-05,-1.9250956434978594e-170,0.0008026558485587025,1.9184378424736945e-09,1.9185580601144314e-09
1.7721818181818183e-05,-9.579249960433319e-171,0.0007777115991622388,1.8839900939883283e-09,1.8888927530459244e-09
1.773e-05,-4.34794061079565e-171,0.0007507821319369219,1.841034700220086e-09,1.8632521970626217e-09
1.773818181818182e-05,-1.6369245918014296e-171,0.0007223072935628993,1.7904239607601829e-09,1.8416560454070375e-09
1.7746363636363638e-05,-3.1968022659779656e-172,0.0006926112266549412,1.7328540233722398e-09,1.8241239395916717e-09
1.7754545454545456e-05,2.5266696196820962e-172,0.0006619014935602468,1.668858768934229e-09,1.8106745950986949e-09
1.7762727272727274e-05,4.4563676149067993e-172,0.0006302706872406169,1.5988082417052028e-09,1.8013249466194595e-09
1.7770909090909093e-05,4.594098523698095e-172,0.0005977004471290299,1.5229115600734081e-09,1.7960893977350374e-09
1.777909090909091e-05,3.995520754338997e-172,0.000564067773420648,1.441224176766021e-09,1.7949792168266878e-09
1.778727272727273e-05,3.187639531735582e-172,0.0005291535104233532,1.3536592938537437e-09,1.7980021140476293e-09
1.7795454545454547e-05,2.41101802208634e-172,0.0004926528482983068,1.2600031773458178e-09,1.8051620238421227e-09
1.7803636363636366e-05,1.7574175237827963e-172,0.0004541876727057165,1.1599340592476683e-09,1.8164591047034855e-09
1.7811818181818184e-05,1.2460261838666434e-172,0.0004133205734741683,1.0530442621490687e-09,1.8318899539196408e-09
1.7820000000000002e-05,8.642765830413797e-173,0.0003695703063802787,9.388651331673737e-10,1.8514480214662208e-09
1.782818181818182e-05,5.886906571398639e-173,0.00032242848642134687,8.168943308283233e-10,1.8751241953813077e-09
1.783636363636364e-05,3.947693565694088e-173,0.0002713772765718339,6.8662497060895e-10,1.902907522040348e-09
1.7844545454545457e-05,2.6109299308762313e-173,0.00021590782294642833,5.475761027648752e-10,1.9347860194128777e-09
1.7852727272727275e-05,1.705225285064544e-173,0.00015553917558884251,3.99323970049565e-10,1.9707475398272936e-09
1.7860909090909093e-05,1.1007046380187955e-173,8.983742383734696e-05,2.4153347331124374e-10,2.010780640656335e-09
1.7869090909090912e-05,7.025809791546308e-174,1.8434766488227848e-05,7.398925998971147e-11,2.0548754260346127e-09
1.787727272727273e-05,4.435892648503326e-174,-5.8951770077033986e-05,-1.0337415552503088e-10,2.103024329322018e-09
1.7885454545454548e-05,2.7704258425372905e-174,-0.0001425022578465698,-2.9044382967510856e-10,2.1552228136348494e-09
1.7893636363636366e-05,1.7112597421157491e-174,-0.00023227673242804168,-4.869019673714345e-10,2.211469975512624e-09
1.7901818181818185e-05,1.0449770346486592e-174,-0.0003281992937043814,-6.922022055391466e-10,2.2717690440201674e-09
1.7910000000000003e-05,6.303971415271085e-175,-0.00043004373638892484,-9.055491455355378e-10,2.3361277738133767e-09
1.791818181818182e-05,3.7530241970356346e-175,-0.00053742100058393,-1.1258816468792936e-09,2.4045587357031148e-09
1.792636363636364e-05,2.201651590119013e-175,-0.00064976872501975,-1.3518603568180362e-09,2.477079511930022e-09
1.7934545454545458e-05,1.2699029869541674e-175,-0.0007663431749232094,-1.5818599050879765e-09,2.5537128058061196e-09
1.7942727272727276e-05,7.179163805514546e-176,-0.0008862138021766384,-1.8139661409765623e-09,2.634486476722369e-09
1.7950909090909094e-05,3.959152969115667e-176,-0.0010082606773464723,-2.04597873075684e-09,2.7194335119727957e-09
1.7959090909090913e-05,2.114097262978093e-176,-0.001131175011075888,-2.275419368082824e-09,2.8085919466184587e-09
1.796727272727273e-05,1.0794118221968133e-176,-0.0012534629560841965,-2.4995457784502816e-09,2.9020047419101165e-09
1.797545454545455e-05,5.1465976789641805e-177,-0.0013734528504812074,-2.7153716218884563e-09,2.999719631768842e-09
1.7983636363636367e-05,2.17282115524475e-177,-0.0014893060282303778,-2.9196923162714857e-09,3.1017889456577542e-09
1.7991818181818186e-05,6.853758600191339e-178,-0.0015990312833905034,-3.1091167177633375e-09,3.20826941494008e-09
1.8000000000000004e-05,-1.6424519790343898e-190,-0.0017005030313193808,-3.2801045057530714e-09,3.3192219686297504e-09
1.8008181818181822e-05,-2.6968109082719437e-178,-0.0017914831625080365,-3.429009028123156e-09,3.4347115233065794e-09
1.801636363636364e-05,-3.3640881384983324e-178,-0.0018696465333980215,-3.5521252698280784e-09,3.554806770962568e-09
1.802454545454546e-05,-3.1353447191605987e-178,-0.0019326099837815686,-3.6457425146491125e-09,3.6795799676519245e-09
1.8032727272727277e-05,-2.587461757533006e-178,-0.0019779647126593114,-3.706201177801948e-09,3.809106725064264e-09
1.8040909090909095e-05,-1.9940379784429996e-178,-0.002003311784297531,-3.729953197062347e-09,3.943465806496116e-09
1.8049090909090913e-05,-1.4693742873702733e-178,-0.002006300474352694,-3.713625283539869e-09,4.082738928185966e-09
1.805727272727273e-05,-1.0483968538408319e-178,-0.001984669103082115,-3.6540842515260746e-09,4.227010566548829e-09
1.8065454545454547e-05,-7.296995583144185e-179,-0.001936287939699374,-3.5485035713472997e-09,4.3763677715277265e-09
1.8073636363636365e-05,-4.977873137185607e-179,-0.0018592036998140522,-3.3944302212552217e-09,4.530899986020273e-09
1.8081818181818183e-05,-3.3388606038638474e-179,-0.001751685097647768,-3.189850855476285e-09,4.690698871158067e-09
1.809e-05,-2.2067485550731706e-179,-0.0016122688574385367,-2.933256256960248e-09,4.8558581370752434e-09
1.809818181818182e-05,-1.4393521276676021e-179,-0.001439805535281762,-2.623703006431577e-09,5.026473378716391e-09
1.8106363636363638e-05,-9.27465863622341e-180,-0.0012335044547954598,-2.260871275274513e-09,5.202641916173399e-09
1.8114545454545456e-05,-5.908132442684812e-180,-0.0009929770186473267,-1.8451176397081884e-09,5.384462639009628e-09
1.8122727272727274e-05,-3.7222574892866716e-180,-0.0007182776243498537,-1.3775218186360003e-09,5.572035854022154e-09
1.8130909090909093e-05,-2.31976218909143e-180,-0.00040994138800166735,-8.599262583446771e-10,5.7654631358959264e-09
1.813909090909091e-05,-1.4300116188837359e-180,-6.90178649662656e-05,-2.949675245703984e-10,5.96484718022141e-09
1.814727272727273e-05,-8.717103966898089e-181,0.0003029000470996785,3.1390148316421844e-10,6.170291658371267e-09
1.8155454545454547e-05,-5.251790233663314e-181,0.0007036528289540906,9.62399408327102e-10,6.381901073762608e-09
1.8163636363636366e-05,-3.124476628744467e-181,0.0011304974688600598,1.6454152295724082e-09,6.599780619067301e-09
1.8171818181818184e-05,-1.833338599966309e-181,0.001580097749617587,2.357018686419704e-09,6.824036033964041e-09
1.8180000000000002e-05,-1.059082952794185e-181,0.002048522393813173,3.090482933551213e-09,7.054773463066447e-09
1.818818181818182e-05,-6.007946993061409e-182,0.0025312517037375617,3.8383198799953305e-09,7.292099313696355e-09
1.819636363636364e-05,-3.3342301059920226e-182,0.0030231932539136665,4.592328515692354e-09,7.536120113207847e-09
1.8204545454545457e-05,-1.799876741966197e-182,0.0035187071010807343,5.34365636058362e-09,7.78694236560088e-09
1.8212727272727275e-05,-9.363391983244836e-183,0.004011640869138078,6.082873992030178e-09,8.044672407198177e-09
1.8220909090909093e-05,-4.618054818816613e-183,0.004495374945563682,6.800062416942893e-09,8.309416261188387e-09
1.822909090909091e-05,-2.0893331263859187e-183,0.004962877892062704,7.484912857637847e-09,8.581279490870688e-09
1.823727272727273e-05,-7.974621645033167e-184,0.005406772026820066,8.126838317533457e-09,8.860367051462404e-09
1.8245454545454548e-05,-1.779095366119351e-184,0.005819408980161736,8.715096087005234e-09,9.146783140358504e-09
1.8253636363636366e-05,8.857032468482995e-185,0.0061929548613773415,9.238920143861773e-09,9.440631045754116e-09
1.8261818181818185e-05,1.7845257864894684e-184,0.0065194845038938675,9.687662200004704e-09,9.742012993568937e-09
1.8270000000000003e-05,1.8650885262320393e-184,0.006791084081138513,1.0050939949046421e-08,1.0051029992629094e-08
1.827818181818182e-05,1.6168474469459516e-184,0.00699996120874342,1.0318790882222726e-08,1.036778167808648e-08
1.828636363636364e-05,1.2785318250129914e-184,0.007138561472890852,1.0481829865158214e-08,1.0692366153071701e-08
1.8294545454545458e-05,9.56045306654301e-185,0.007199690152419121,1.05314085092203e-08,1.102487982859535e-08
1.8302727272727276e-05,6.880072361610057e-185,0.007176637736795095,1.0459774231594866e-08,1.1365417261729882e-08
1.8310909090909094e-05,4.812056017077021e-185,0.007063307686297824,1.0260226780986992e-08,1.1714070992121714e-08
1.8319090909090912e-05,3.290904950276293e-185,0.006854344737895266,9.927269913992486e-09,1.207093137689211e-08
1.832727272727273e-05,2.209313455094164e-185,0.006545261933486721,9.456755843503521e-09,1.2436086424008377e-08
1.833545454545455e-05,1.4598788350803371e-185,0.006132564439539443,8.846020047513271e-09,1.280962162421219e-08
1.8343636363636367e-05,9.512591920861178e-186,0.005613868141684719,8.094004026591265e-09,1.3191619781608601e-08
1.8351818181818186e-05,6.120193111500535e-186,0.004988010937416937,7.201363632934622e-09,1.358216084303251e-08
1.8360000000000004e-05,3.891348670639788e-186,0.0042551546173046784,6.170560664675671e-09,1.3981321726317652e-08
1.8368181818181822e-05,2.4465355052519556e-186,0.0034168752224477367,5.0059355269860325e-09,1.438917614760633e-08
1.837636363636364e-05,1.521435082797437e-186,0.0024762397953397575,3.713758906897004e-09,1.4805794447846942e-08
1.838454545454546e-05,9.359197422686607e-187,0.0014378675044801057,2.3022605915462564e-09,1.5231243418638557e-08
1.8392727272727277e-05,5.694311919554351e-187,0.00030797322124128225,7.816337790893027e-10,1.5665586127589486e-08
1.8400909090909095e-05,3.4252416455915794e-187,-0.0009056082386254718,-8.359865134946551e-10,1.6108881743368344e-08
1.8409090909090913e-05,2.0356286007833286e-187,-0.0021934188266698137,-2.536572052876556e-09,1.6561185360630896e-08
1.841727272727273e-05,1.1940572584852606e-187,-0.0035443963390836214,-4.304277789594616e-09,1.7022547825018042e-08
1.842545454545455e-05,6.902991723841935e-188,-0.004945917032242446,-6.121546495709289e-09,1.7493015558426572e-08
1.8433636363636365e-05,3.924886922659977e-188,-0.006383862676035828,-7.96924170743566e-09,1.797263038476273e-08
1.8441818181818183e-05,2.1881574455712008e-188,-0.007842712640821642,-9.826808647953827e-09,1.846142935639637e-08
1.845e-05,1.1907744191991853e-188,-0.00930566128212143,-1.1672462397806303e-08,1.8959444581536926e-08
1.845818181818182e-05,6.280824014990227e-189,-0.010754760530954591,-1.3483402162257762e-08,1.9466703052763273e-08
1.8466363636363638e-05,3.173341579778959e-189,-0.012171087221059,-1.5236050062329615e-08,1.9983226476944824e-08
1.8474545454545456e-05,1.5025395512230658e-189,-0.013534934291807885,-1.6906312454903626e-08,2.0509031106793125e-08
1.8482727272727274e-05,6.354702573593654e-190,-0.014826024602582085,-1.8469861373560477e-08,2.1044127574295026e-08
1.8490909090909093e-05,2.076603924413189e-190,-0.016023745686342076,-1.9902433282113562e-08,2.158852072627567e-08
1.849909090909091e-05,1.2844421627481477e-191,-0.017107403363225793,-2.1180141953667073e-08,2.2142209462352727e-08
1.850727272727273e-05,-6.331669422996929e-191,-0.018056491735571664,-2.2279801936005564e-08,2.2705186575539466e-08
1.8515454545454547e-05,-8.259260116198659e-191,-0.018850976700478708,-2.3179258745669386e-08,2.3277438595763106e-08
1.8523636363636366e-05,-7.724506881284647e-191,-0.01947158975166983,-2.3857721654447048e-08,2.3858945636566285e-08
1.8531818181818184e-05,-6.33426272379112e-191,-0.019900128505874016,-2.4296094699163893e-08,2.4449681245261032e-08
1.8540000000000002e-05,-4.83185482999157e-191,-0.020119760086982644,-2.4477301364124758e-08,2.5049612256811537e-08
1.854818181818182e-05,-3.5175672207555205e-191,-0.02011532324048407,-2.4386598260394408e-08,2.565869865171718e-08
1.855636363636364e-05,-2.4768352064125795e-191,-0.01987362483746805,-2.4011873061703048e-08,2.6276893418174363e-08
1.8564545454545457e-05,-1.7001549725558083e-191,-0.01938372626773712,-2.334392195684577e-08,2.6904142418793586e-08
1.8572727272727275e-05,-1.1433331782925076e-191,-0.018637215120656563,-2.2376701945920513e-08,2.754038426214898e-08
1.8580909090909093e-05,-7.557597772556152e-192,-0.017628457515061823,-2.1107553444643665e-08,2.818555017943906e-08
1.858909090909091e-05,-4.921595061628535e-192,-0.01635482646980679,-1.9537388868387792e-08,2.883956390653522e-08
1.859727272727273e-05,-3.1624634404524422e-192,-0.014816901807496324,-1.7670843145568302e-08,2.950234157169197e-08
1.8605454545454548e-05,-2.007332314347686e-192,-0.013018637257761149,-1.5516382457602457e-08,3.017379158919388e-08
1.8613636363636366e-05,-1.2595257234877987e-192,-0.010967490674217529,-1.3086367917803088e-08,3.085381455921192e-08
1.8621818181818185e-05,-7.815987475055851e-193,-0.008674513601008254,-1.0397071381111104e-08,3.154230317413495e-08
1.8630000000000003e-05,-4.797753208723142e-193,-0.006154396819372052,-7.468641116259878e-09,3.2239142131646384e-08
1.863818181818182e-05,-2.9131194252397393e-193,-0.0034254689696480976,-4.325015666477997e-09,3.2944208054801576e-08
1.864636363636364e-05,-1.7491782493772108e-193,-0.000509645875866892,-9.937848678193811e-10,3.365736941936698e-08
1.8654545454545458e-05,-1.0381125082114285e-193,0.002567671206252063,2.4940023216906404e-09,3.437848648867044e-08
1.8662727272727276e-05,-6.084683711559459e-194,0.005777749547559454,6.104082811938057e-09,3.510741125621081e-08
1.8670909090909094e-05,-3.5180106208544e-194,0.009088731541547233,9.799276078721647e-09,3.584398739626374e-08
1.8679090909090912e-05,-2.0029886016901362e-194,0.012465893631455907,1.3539830704216207e-08,3.658805022271928e-08
1.868727272727273e-05,-1.1202470539020119e-194,0.0158719564924947,1.7283818135882636e-08,3.733942665637333e-08
1.869545454545455e-05,-6.132514187090876e-195,0.019267444603622612,2.0987570288697668e-08,3.8097935200893746e-08
1.8703636363636367e-05,-3.267964800912448e-195,0.022611092544370243,2.4606156882857295e-08,3.8863385927668455e-08
1.8711818181818185e-05,-1.6804254491774993e-195,0.025860294555676015,2.8093897706102153e-08,3.963558046973453e-08
1.8720000000000004e-05,-8.211571246091745e-196,0.0289715931219661,3.140490432781902e-08,4.041431202497904e-08
1.8728181818181822e-05,-3.699765562466057e-196,0.03190120157734775,3.449364518219806e-08,4.1199365368792445e-08
1.873636363636364e-05,-1.4270342156354224e-196,0.03460555502456719,3.7315527390728814e-08,4.1990516876341055e-08
1.874454545454546e-05,-3.5092826196258276e-197,0.03704188319399692,3.982748822040695e-08,4.278753455461855e-08
1.8752727272727277e-05,1.0746417912368644e-197,0.03916879827377823,4.198858868270418e-08,4.359017808442253e-08
1.8760909090909095e-05,2.6227179099952377e-197,0.040946890223279894,4.376060147823339e-08,4.43981988723876e-08
1.8769090909090913e-05,2.7897453746235383e-197,0.042339321651466054,4.510858529070294e-08,4.521134011319803e-08
1.877727272727273e-05,2.4131065780699522e-197,0.04331241400990396,4.600143733755853e-08,4.602933686208678e-08
1.878545454545455e-05,1.8921082917815346e-197,0.043836216626178766,4.6412416098708924e-08,4.685191611771582e-08
1.8793636363636368e-05,1.399067825355225e-197,0.04388504999529829,4.631962627249164e-08,4.767879691551508e-08
1.8801818181818186e-05,9.941332502246354e-198,0.043438014760656375,4.570645825159105e-08,4.85096904315481e-08
1.881e-05,6.859610037048206e-198,0.04247945795701128,4.4561974771328336e-08,4.9344300096953255e-08
1.881818181818182e-05,4.625556059036229e-198,0.04099938835865916,4.2881237857296126e-08,5.018232172299591e-08
1.8826363636363638e-05,3.0607487674272268e-198,0.03899383317755747,4.066556978561536e-08,5.102344363675199e-08
1.8834545454545456e-05,1.992967301983455e-198,0.03646512888758822,3.79227424623532e-08,5.186734682742344e-08
1.8842727272727274e-05,1.2794383584476667e-198,0.033422139609387495,3.4667090422288287e-08,5.2713705103275935e-08
1.8850909090909092e-05,8.1090512809875e-199,0.02988039727004968,3.0919543533019727e-08,5.356218525916932e-08
1.885909090909091e-05,5.078717873425925e-199,0.025862158646292172,2.6707576458520332e-08,5.4412447254632475e-08
1.886727272727273e-05,3.145088674752104e-199,0.021396375399032434,2.2065072975277133e-08,5.5264144402421354e-08
1.8875454545454547e-05,1.9264265902345327e-199,0.016518574300494526,1.7032104331369754e-08,5.6116923567480924e-08
1.8883636363636365e-05,1.167230208815922e-199,0.011270646028768202,1.1654621980217598e-08,5.697042537621063e-08
1.8891818181818184e-05,6.995041880032532e-200,0.005700542144304971,5.984066191215229e-09,5.782428443592223e-08
1.8900000000000002e-05,4.144726523166076e-200,-0.0001381188482801922,7.689322313681287e-11,5.8678129564355754e-08
1.890818181818182e-05,2.4265971668675292e-200,-0.00618653412929662,-6.005975073550557e-09,5.953158402910445e-08
1.891636363636364e-05,1.402413321097285e-200,-0.01238128432703503,-1.219977419947876e-08,6.038426579678006e-08
1.8924545454545457e-05,7.989546321237756e-201,-0.018654981531787455,-1.8436586346028e-08,6.123578779173742e-08
1.8932727272727275e-05,4.4777902095163606e-201,-0.024936991379020952,-2.4646088916013986e-08,6.20857581641515e-08
1.8940909090909093e-05,2.4617246144188346e-201,-0.03115422176887113,-3.075635401346338e-08,6.29337805672326e-08
1.894909090909091e-05,1.3218311135247797e-201,-0.03723196960628693,-3.6694689782005046e-08,6.377945444333703e-08
1.895727272727273e-05,6.885989327622912e-202,-0.04309481585151794,-4.238851366578687e-08,6.462237531872563e-08
1.8965454545454548e-05,3.4418573821829596e-202,-0.048667558183453086,-4.776624697829499e-08,6.546213510669506e-08
1.8973636363636366e-05,1.6174890681687198e-202,-0.053876169716786756,-5.2758219605841945e-08,6.629832241879774e-08
1.8981818181818185e-05,6.842676962424857e-203,-0.05864877149490166,-5.7297573255047246e-08,6.713052288384424e-08
1.8990000000000003e-05,2.299736744568105e-203,-0.06291660591880463,-6.132115138680996e-08,6.795831947437192e-08
1.899818181818182e-05,2.545381174289254e-204,-0.06661499788152253,-6.477036387055583e-08,6.878129284024048e-08
1.900636363636364e-05,-5.402701262574357e-204,-0.06968429016788395,-6.75920144472642e-08,6.959902164900874e-08
1.9014545454545458e-05,-7.460601890340903e-204,-0.07207073965990209,-6.973907931101758e-08,7.041108293272335e-08
1.9022727272727276e-05,-7.015803438741258e-204,-0.07372736106365299,-7.11714255072791e-08,7.1217052440743e-08
1.9030909090909094e-05,-5.7204126287235786e-204,-0.07461470524735958,-7.185645840005158e-08,7.201650499820035e-08
1.9039090909090912e-05,-4.320493876152984e-204,-0.07470155985210053,-7.176968817533264e-08,7.280901486970026e-08
1.904727272727273e-05,-3.107854737546841e-204,-0.07396556060284813,-7.089520621819303e-08,7.359415612782855e-08
1.905545454545455e-05,-2.1598217242697614e-204,-0.07239370270198837,-6.922606321634185e-08,7.437150302604491e-08
1.9063636363636367e-05,-1.462205611020443e-204,-0.06998274282060324,-6.676454199281072e-08,7.514063037551048e-08
1.9071818181818185e-05,-9.693815229598304e-205,-0.06673948350211224,-6.352231934083803e-08,7.590111392540043e-08
1.9080000000000004e-05,-6.315012538154684e-205,-0.0626809332430127,-5.952051250953227e-08,7.665253074623304e-08
1.9088181818181822e-05,-4.052026240767952e-205,-0.05783433709835581,-5.478960745199426e-08,7.739445961574267e-08
1.909636363636364e-05,-2.565093196433034e-205,-0.05223707435469564,-4.9369267479179534e-08,7.812648140681139e-08
1.910454545454546e-05,-1.603849863259515e-205,-0.045936421597783036,-4.330802254244392e-08,7.884817947696819e-08
1.9112727272727277e-05,-9.912640234891081e-206,-0.038989181351576856,-3.666284097387709e-08,7.955914005895873e-08
1.9120909090909095e-05,-6.058817368404005e-206,-0.03146117835299017,-2.949858712387107e-08,8.025895265187707e-08
1.9129090909090913e-05,-3.6631843463191125e-206,-0.023426627425784715,-2.188736992708624e-08,8.094721041234957e-08
1.913727272727273e-05,-2.1907967262152008e-206,-0.014967378799017755,-1.390778897814465e-08,8.162351054525391e-08
1.914545454545455e-05,-1.2957412246944238e-206,-0.0061720485519422864,-5.644086184262675e-09,8.228745469345595e-08
1.9153636363636368e-05,-7.575294818483817e-207,0.0028649563701124044,2.8147875385281923e-09,8.293864932603705e-08
1.9161818181818186e-05,-4.374319149471199e-207,0.012044507463405926,1.1376179767218187e-08,8.357670612449066e-08
1.9170000000000005e-05,-2.4920357014434042e-207,0.02126390565904606,1.994480634944413e-08,8.420124236635705e-08
1.917818181818182e-05,-1.3983523162988625e-207,0.030418099985207232,2.8423870517005017e-08,8.481188130577123e-08
1.9186363636363638e-05,-7.710315344876518e-208,0.03940095868021878,3.671621754071326e-08,8.54082525503989e-08
1.9194545454545456e-05,-4.163163100801499e-208,0.04810657653534472,4.472551045486725e-08,8.598999243423277e-08
1.9202727272727274e-05,-2.1898181846929323e-208,0.05643060145981642,5.2357411892140237e-08,8.655674438572617e-08
1.9210909090909092e-05,-1.1128139628744696e-208,0.06427156270669537,5.952075678145294e-08,8.710815929074593e-08
1.921909090909091e-05,-5.385900861228113e-209,0.07153218288857234,6.612870057923523e-08,8.76438958498281e-08
1.922727272727273e-05,-2.41462802652884e-209,0.07812065585552705,7.209982783229905e-08,8.816362092922768e-08
1.9235454545454547e-05,-9.386172168931799e-210,0.08395187270900897,7.735920620924986e-08,8.86670099052569e-08
1.9243636363636365e-05,-2.4846626430189255e-210,0.0889485786852934,8.183937168479564e-08,8.915374700141514e-08
1.9251818181818184e-05,4.279087131870407e-211,0.09304244435790318,8.548123131226993e-08,8.962352561782191e-08
1.9260000000000002e-05,1.4132475860101653e-210,0.09617503557287285,8.823487096592587e-08,9.007604865247346e-08
1.926818181818182e-05,1.5371207728039378e-210,0.09829866773306269,9.006025656491466e-08,9.051102881385222e-08
1.927636363636364e-05,1.3282050710735233e-210,0.0993771314731924,9.092781859136973e-08,9.092818892442747e-08
1.9284545454545457e-05,1.0331383352724477e-210,0.09938627839753394,9.081891116907917e-08,9.132726221460132e-08
1.9292727272727275e-05,7.555683840164398e-211,0.09831445736557569,8.972613855785643e-08,9.170799260666351e-08
1.9300909090909093e-05,5.301823036967263e-211,0.09616279378267134,8.765354362076518e-08,9.207013498833328e-08
1.930909090909091e-05,3.6093629146888385e-211,0.09294530645522171,8.461665461383301e-08,9.241345547547701e-08
1.931727272727273e-05,2.3999193756881495e-211,0.08868885877348859,8.06423885062909e-08,9.273773166361037e-08
1.9325454545454548e-05,1.5652973663287279e-211,0.08343294325802116,7.576881093799852e-08,9.304275286780464e-08
1.9333636363636366e-05,1.0043673582597265e-211,0.07722930081480443,7.004475483308778e-08,9.332832035063922e-08
1.9341818181818185e-05,6.352666750125029e-212,0.07014137835565372,6.352930158805819e-08,9.359424753784929e-08
1.9350000000000003e-05,3.9663962022415895e-212,0.062243630719758664,5.6291130611689044e-08,9.384036022134527e-08
1.935818181818182e-05,2.44699092248383e-212,0.05362067504548838,4.84077447866428e-08,9.406649674929496e-08
1.936636363636364e-05,1.4925895067765748e-212,0.04436630785518793,3.9964581122790425e-08,9.427250820297613e-08
1.9374545454545458e-05,9.004884676451023e-213,0.034582397097563125,3.1054017455502036e-08,9.445825856013122e-08
1.9382727272727276e-05,5.374034025553189e-213,0.02437766321197433,2.1774287485391803e-08,9.462362484457078e-08
1.9390909090909094e-05,3.1722209658542185e-213,0.013866364908415947,1.2228317738144237e-08,9.47684972617966e-08
1.9399090909090912e-05,1.851489339584422e-213,0.00316690677074726,2.52250112517302e-09,9.489277932043708e-08
1.940727272727273e-05,1.0678551879534326e-213,-0.007599613033394324,-7.234577308429183e-09,9.49963879393043e-08
1.941545454545455e-05,6.0804398168581836e-214,-0.018310895733369675,-1.6933446166520216e-08,9.5079253539907e-08
1.9423636363636367e-05,3.4135347633449785e-214,-0.02884495577676589,-2.6465068257990742e-08,9.51413201242755e-08
1.9431818181818185e-05,1.8857426403748162e-214,-0.0390816352756497,-3.572215892234007e-08,9.518254533797854e-08
1.9440000000000004e-05,1.0222561354121956e-214,-0.048904098786216085,-4.460048510630077e-08,9.520290051822954e-08
1.9448181818181822e-05,5.415601804111222e-215,-0.05820028834514655,-5.300012839179635e-08,9.520237072701024e-08
1.945636363636364e-05,2.7860103127540325e-215,-0.06686431918980515,-6.082669562491649e-08,9.518095476915294e-08
1.946454545454546e-05,1.3773102051742663e-215,-0.0747977973753779,-6.79924614697925e-08,9.51386651953545e-08
1.9472727272727277e-05,6.42102123153405e-216,-0.08191104155916902,-7.44174281011203e-08,9.507552829011528e-08
1.9480909090909095e-05,2.7135260460338497e-216,-0.08812419253530072,-8.003028834231337e-08,9.499158404461687e-08
1.9489090909090913e-05,9.32530051669395e-217,-0.09336819565288233,-8.476927983764673e-08,9.488688611457926e-08
1.949727272727273e-05,1.3967439724386148e-217,-0.09758564301453179,-8.85829192983019e-08,9.476150176315693e-08
1.950545454545455e-05,-1.6672980861148844e-217,-0.1007314643038762,-9.143060746349357e-08,9.461551178896277e-08
1.9513636363636368e-05,-2.478398390153769e-217,-0.10277345720137514,-9.32830971462468e-08,9.444901043932449e-08
1.9521818181818186e-05,-2.34883637367622e-217,-0.10369265058612648,-9.412281856445422e-08,9.426210530890544e-08
1.9530000000000004e-05,-1.9056654020647735e-217,-0.10348349605392702,-9.394405806567634e-08,9.405491722384128e-08
1.9538181818181823e-05,-1.4255467358510715e-217,-0.10215388567406132,-9.275298831175735e-08,9.382758011156878e-08
1.954636363636364e-05,-1.0134011808014414e-217,-0.09972499632351692,-9.056754996906165e-08,9.358024085654178e-08
1.9554545454545456e-05,-6.951594379207784e-218,-0.09623096334171331,-8.741718692404722e-08,9.331305914205142e-08
1.9562727272727274e-05,-4.641961115862783e-218,-0.09171838860579593,-8.334243898421625e-08,9.302620727839216e-08
1.9570909090909092e-05,-3.033947012141559e-218,-0.08624569040132776,-7.83943979039813e-08,9.271987001762819e-08
1.957909090909091e-05,-1.9479082002658718e-218,-0.07988230462242721,-7.263403436742455e-08,9.239424435524345e-08
1.958727272727273e-05,-1.2315475188888558e-218,-0.07270774884756238,-6.613140524038129e-08,9.204953931896897e-08
1.9595454545454547e-05,-7.680675470806094e-219,-0.0648105626732136,-5.896475194957888e-08,9.168597574510888e-08
1.9603636363636365e-05,-4.73075967031602e-219,-0.056287139321178556,-5.1219502235559e-08,9.130378604269749e-08
1.9611818181818184e-05,-2.8800294756086277e-219,-0.04724046494337374,-4.2987188740044944e-08,9.090321394584047e-08
1.9620000000000002e-05,-1.7338773521026933e-219,-0.037778783211111326,-3.436429891112261e-08,9.04845142546113e-08
1.962818181818182e-05,-1.0325382526579874e-219,-0.028014203678397208,-2.5451071527806443e-08,9.004795256488565e-08
1.963636363636364e-05,-6.082346574543282e-220,-0.018061273039280373,-1.6350255748983185e-08,8.95938049875187e-08
1.9644545454545457e-05,-3.543441140239363e-220,-0.008035528750399819,-7.165848973292682e-09,8.912235785727757e-08
1.9652727272727275e-05,-2.0406723809070307e-220,0.0019479454413414352,1.9981700476329817e-09,8.863390743196129e-08
1.9660909090909093e-05,-1.1609017798168192e-220,0.011775942738222904,1.1039096470520155e-08,8.812875958214786e-08
1.966909090909091e-05,-6.516511999498313e-221,0.02133851645800485,1.9856726918227164e-08,8.760722947202767e-08
1.967727272727273e-05,-3.6036786544236185e-221,0.03053030503978783,2.835454376721741e-08,8.706964123178407e-08
1.9685454545454548e-05,-1.9588608516557685e-221,0.03925178180684241,3.644084131797086e-08,8.651632762200202e-08
1.9693636363636366e-05,-1.0431674204818714e-221,0.047410413642752995,4.4029779918078025e-08,8.594762969058943e-08
1.9701818181818184e-05,-5.41553209823672e-222,0.054921714189508905,5.104235520607546e-08,8.536389642270584e-08
1.9710000000000003e-05,-2.719283154773631e-222,0.061710178817901,5.740727090701102e-08,8.476548438420152e-08
1.971818181818182e-05,-1.3031021251973429e-222,0.06771009042519649,6.306170501882645e-08,8.415275735907524e-08
1.972636363636364e-05,-5.808914321832281e-223,0.07286618705384094,6.795196076059134e-08,8.352608598146898e-08
1.9734545454545457e-05,-2.2704250846655274e-223,0.07713418436744494,7.203399528650601e-08,8.288584736271647e-08
1.9742727272727276e-05,-6.36247502575851e-224,0.08048114813491988,7.527382087929558e-08,8.223242471397252e-08
1.9750909090909094e-05,4.718068451582806e-225,0.08288571402801331,7.764777509818353e-08,8.15662069649478e-08
1.9759090909090912e-05,2.7883364801279146e-224,0.08433815419916314,7.914265814463864e-08,8.088758837928119e-08
1.976727272727273e-05,3.119094729275309e-224,0.08484029224338833,7.975573749802415e-08,8.019696816707918e-08
1.977545454545455e-05,2.6958832159140464e-224,0.08440527022854837,7.949462163795137e-08,7.949475009515328e-08
1.9783636363636367e-05,2.0812958120920664e-224,0.08305717347274374,7.83770063860049e-08,7.878134209548521e-08
1.9791818181818185e-05,1.505828244814128e-224,0.08083052062768321,7.643029904306632e-08,7.805715587244858e-08
1.9800000000000004e-05,1.0435905464923869e-224,0.07776962836648972,7.369112704756793e-08,7.732260650931403e-08
1.9808181818181822e-05,7.010048677684938e-225,0.07392786155020821,7.020473931418062e-08,7.657811207455933e-08
1.981636363636364e-05,4.596332529741783e-225,0.06936678113865868,6.602430971317223e-08,7.582409322850373e-08
1.982454545454546e-05,2.9550407249960335e-225,0.06415520330086326,6.121015330162875e-08,7.506097283077797e-08
1.9832727272727277e-05,1.868499976413258e-225,0.05836818415407603,5.582886690502125e-08,7.428917554913934e-08
1.9840909090909095e-05,1.1644164006852622e-225,0.05208594530802002,4.995240645988433e-08,7.35091274701298e-08
1.9849090909090913e-05,7.162140087887751e-226,0.045392755905505164,4.365711415704219e-08,7.272125571207171e-08
1.985727272727273e-05,4.3524588573612614e-226,0.0383757871290776,3.7022708864055444e-08,7.192598804088386e-08
1.986545454545455e-05,2.61501302198849e-226,0.031123955186317248,3.0131253552380974e-08,7.112375248919325e-08
1.9873636363636368e-05,1.553926596068995e-226,0.02372676859803555,2.3066113508997473e-08,7.03149769792076e-08
1.9881818181818186e-05,9.134198015120883e-227,0.016273195201560228,1.591091897659899e-08,6.950008894980194e-08
1.9890000000000004e-05,5.310811307891088e-227,0.008850563656430575,8.74854554623637e-09,6.867951498826406e-08
1.9898181818181823e-05,3.0532873399991173e-227,0.001543513416093917,1.6601251294303128e-09,6.785368046712837e-08
1.990636363636364e-05,1.7347753544888134e-227,-0.005566993876732912,-5.27590032638038e-09,6.702300918651706e-08
1.991454545454546e-05,9.732020508624471e-228,-0.012404589782397949,-1.1984671032101517e-08,6.618792302239183e-08
1.9922727272727274e-05,5.383755972555456e-228,-0.01889833076666418,-1.839573707011792e-08,6.53488415811114e-08
1.9930909090909092e-05,2.931468244208738e-228,-0.02498343716543793,-2.444381231451754e-08,6.450618186066792e-08
1.993909090909091e-05,1.566903877455933e-228,-0.0306019318892239,-3.0069446430874436e-08,6.366035791896727e-08
1.994727272727273e-05,8.189294944187536e-229,-0.03570317293956437,-3.521960809862976e-08,6.281178054949934e-08
1.9955454545454547e-05,4.159812988882321e-229,-0.040244275449068764,-3.9848173936223934e-08,6.196085696472827e-08
1.9963636363636365e-05,2.0335211871384343e-229,-0.044190420614896635,-4.391631899249673e-08,6.110799048752105e-08
1.9971818181818184e-05,9.400436712490839e-230,-0.04751505054754659,-4.739280607693861e-08,6.025358025091158e-08
1.9980000000000002e-05,3.963877832892103e-230,-0.05019994967809568,-5.025417261567697e-08,5.939802090648275e-08
1.998818181818182e-05,1.3863901511144686e-230,-0.05223521493430724,-5.2484815119532205e-08,5.854170234163214e-08
1.999636363636364e-05,2.5153168448750522e-231,-0.05361911838740939,-5.407697271565164e-08,5.768500940596931e-08
2.0004545454545457e-05,-1.8469090822727802e-231,-0.05435786746672528,-5.503061250665208e-08,5.682832164707583e-08
2.0012727272727275e-05,-3.02620400411017e-231,-0.05446526912062334,-5.535322076358176e-08,5.59720130558425e-08
2.0020909090909093e-05,-2.89826191792978e-231,-0.053962305453623696,-5.505950511550466e-08,5.511645182157569e-08
2.002909090909091e-05,-2.3416978122726022e-231,-0.05287662937756586,-5.417101395486819e-08,5.4262000097055596e-08
2.003727272727273e-05,-1.7355886326218965e-231,-0.05124198966872006,-5.271568022162436e-08,5.34090137737014e-08
2.0045454545454548e-05,-1.2195459918674707e-231,-0.049097595514502844,-5.0727297549836244e-08,5.2557842266990386e-08
2.0053636363636366e-05,-8.258341020379407e-232,-0.04648743115766171,-4.824493744978559e-08,5.170882831225201e-08
2.0061818181818184e-05,-5.4395774203216545e-232,-0.04345953159978938,-4.5312316750087827e-08,5.0862307770944214e-08
2.0070000000000003e-05,-3.505184427478126e-232,-0.040065230509880596,-4.197712493387284e-08,5.001860944750185e-08
2.007818181818182e-05,-2.2180197262689927e-232,-0.03635839150003521,-3.829032126872526e-08,4.917805491682833e-08
2.008636363636364e-05,-1.38178930940976e-232,-0.03239463378451485,-3.4305411751964494e-08,4.834095836248391e-08
2.0094545454545457e-05,-8.490118365363971e-233,-0.02823056293768214,-3.007771587323495e-08,4.750762642560761e-08
2.0102727272727276e-05,-5.151342493769994e-233,-0.023923017020534613,-2.5663633039514758e-08,4.667835806459322e-08
2.0110909090909094e-05,-3.08908310220488e-233,-0.019528337766150736,-2.111991821966194e-08,4.5853444425521873e-08
2.0119090909090912e-05,-1.831788452805248e-233,-0.015101675814627187,-1.650297595435665e-08,4.503316872333684e-08
2.012727272727273e-05,-1.0744348585017035e-233,-0.010696338182645074,-1.1868181352188991e-08,4.421780613373404e-08
2.013545454545455e-05,-6.233984610504747e-234,-0.006363185257427408,-7.269236064497396e-09,4.340762369571827e-08
2.0143636363636367e-05,-3.5772991828652716e-234,-0.002150083636146218,-2.7575665123665505e-09,4.2602880224768454e-08
2.0151818181818185e-05,-2.0293932404425352e-234,0.0018985798930434075,1.618229158091541e-09,4.180382623653304e-08
2.0160000000000003e-05,-1.1373492149998e-234,0.005742318995817699,5.812879777724376e-09,4.101070388096658e-08
2.0168181818181822e-05,-6.290441025042235e-235,0.009344899914869791,9.78488081097604e-09,4.022374688680004e-08
2.017636363636364e-05,-3.4282182098704916e-235,0.012674623013358841,1.3496871212039387e-08,3.944318051622999e-08
2.0184545454545458e-05,-1.8370058633977866e-235,0.015704532757698966,1.6915944693932876e-08,3.866922152968972e-08
2.0192727272727277e-05,-9.647926673190076e-236,0.01841255620806289,2.0013893599091275e-08,3.7902078160560054e-08
2.0200909090909095e-05,-4.942908223356462e-236,0.020781571091716224,2.2767384527818223e-08,3.7141950099661665e-08
2.0209090909090913e-05,-2.4520276467438733e-236,0.02279940548503076,2.5158065827774446e-08,3.6389028489359254e-08
2.021727272727273e-05,-1.16307495120261e-236,0.02445877201268614,2.7172607960831203e-08,3.5643495927096545e-08
2.022545454545455e-05,-5.151822430322841e-237,0.025757140276620287,2.8802678631250017e-08,3.490552647817055e-08
2.0233636363636368e-05,-2.020620619593547e-237,0.026696551943827557,3.0044855370490615e-08,3.417528569754247e-08
2.0241818181818186e-05,-5.921200087472615e-238,0.027283383543939718,3.090047901939962e-08,3.345293066047566e-08
2.0250000000000004e-05,1.8784669540034748e-250,0.02752806254922938,3.137545221979326e-08,3.273861000177812e-08
2.0258181818181823e-05,2.010813056155435e-238,0.02744474272759407,3.147998761758595e-08,3.203246396341865e-08
2.026636363636364e-05,2.330283175267047e-238,0.027050945071316723,3.1228310983129754e-08,3.133462445028267e-08
2.027454545454546e-05,2.017654332298233e-238,0.026367170810777312,3.063832486726978e-08,3.0645215093819937e-08
2.0282727272727277e-05,1.5468761402130366e-238,0.025416493124280945,2.9731238731214433e-08,2.996435132333452e-08
2.0290909090909096e-05,1.107478134004521e-238,0.024224134155798625,2.853117171354569e-08,2.929214044465727e-08
2.029909090909091e-05,7.5814854199075825e-239,0.022817033856159727,2.70647343288551e-08,2.862868172593788e-08
2.030727272727273e-05,5.025366158884329e-239,0.021223416975871847,2.5360595431248357e-08,2.7974066490286953e-08
2.0315454545454547e-05,3.2494227657799787e-239,0.01947236426621475,2.3449040725271627e-08,2.7328378214998928e-08
2.0323636363636365e-05,2.0593306974134476e-239,0.017593393597498026,2.136152897082428e-08,2.669169263707038e-08
2.0331818181818184e-05,1.2832187314811826e-239,0.01561605628815052,1.9130251812583764e-08,2.6064077864741864e-08
2.0340000000000002e-05,7.879077770172714e-240,0.013569553465037385,1.6787702874581465e-08,2.5445594494774293e-08
2.034818181818182e-05,4.7743002085330395e-240,0.011482376753963415,1.4366261403897458e-08,2.483629573517631e-08
2.0356363636363638e-05,2.8579902141067204e-240,0.009381977039896156,1.1897795331733973e-08,2.423622753309573e-08
2.0364545454545457e-05,1.691348721422166e-240,0.007294464449319605,9.413288153700255e-09,2.364542870758386e-08
2.0372727272727275e-05,9.899413908980042e-241,0.0052443421025427615,6.942493522721081e-09,2.3063931086947878e-08
2.0380909090909093e-05,5.731478527573687e-241,0.0032542755717519132,4.513620906552081e-09,2.2491759650398642e-08
2.038909090909091e-05,3.282335002575087e-241,0.0013448993707593716,2.1530550965644994e-09,2.1928932673705398e-08
2.039727272727273e-05,1.8588129834480343e-241,-0.00046533879609047526,-1.1488822567170225e-10,2.1375461878570964e-08
2.0405454545454548e-05,1.04037756019247e-241,-0.002160295877025399,-2.2681692434968287e-09,2.08313525854409e-08
2.0413636363636366e-05,5.7501744315437045e-242,-0.0037262138101062563,-4.287192044711074e-09,2.0296603869459295e-08
2.0421818181818184e-05,3.134487589963333e-242,-0.005151763273157283,-6.154933480585239e-09,1.9771208719292285e-08
2.0430000000000003e-05,1.6821858811738416e-242,-0.006428052240563315,-7.857032932904048e-09,1.9255154198535863e-08
2.043818181818182e-05,8.865234581384756e-243,-0.007548601171011728,-9.381843605333666e-09,1.8748421609435473e-08
2.044636363636364e-05,4.5706697386939125e-243,-0.008509287030188302,-1.0720446450862159e-08,1.8250986658641178e-08
2.0454545454545457e-05,2.292171834810076e-243,-0.009308258679270289,-1.1866628304578902e-08,1.776281962473004e-08
2.0462727272727276e-05,1.1077907772645938e-243,-0.009945826431644648,-1.2816826205773245e-08,1.7283885527232066e-08
2.0470909090909094e-05,5.075791310377272e-244,-0.010424328795443359,-1.3570040261220844e-08,1.6814144296897936e-08
2.0479090909090912e-05,2.1334010163207404e-244,-0.010747979578007483,-1.4127717719438169e-08,1.6353550946954917e-08
2.048727272727273e-05,7.564757809330314e-245,-0.01092269863094516,-1.4493611191349925e-08,1.590205574509936e-08
2.049545454545455e-05,1.567849252596264e-245,-0.010955929562553916,-1.4673614164824464e-08,1.545960438598262e-08
2.0503636363636367e-05,-7.25125946135041e-246,-0.010856447740324144,-1.4675577118358378e-08,1.502613816395248e-08
2.0511818181818185e-05,-1.3572760005087951e-245,-0.010634161853010653,-1.4509107643092153e-08,1.4601594145814826e-08
2.0520000000000003e-05,-1.3178467988831674e-245,-0.010299912202944348,-1.4185358033400714e-08,1.418590534339394e-08
2.052818181818182e-05,-1.0613402984294122e-245,-0.00986526875896513,-1.371680380629277e-08,1.3779000885667907e-08
2.053636363636364e-05,-7.796816008034802e-246,-0.009342331823120584,-1.3117016561255045e-08,1.338080619026895e-08
2.0544545454545458e-05,-5.41632044146357e-246,-0.008743537954946838,-1.2400434498032885e-08,1.299124313414184e-08
2.0552727272727276e-05,-3.621087473095603e-246,-0.008081473560808414,-1.1582133773749577e-08,1.261023022316233e-08
2.0560909090909095e-05,-2.352863962592636e-246,-0.0073686982976355255,-1.0677603706754058e-08,1.2237682760523619e-08
2.0569090909090913e-05,-1.4948637695559545e-246,-0.006617580165714039,-9.702528627055852e-09,1.1873513013707835e-08
2.057727272727273e-05,-9.323173114100438e-247,-0.005840143879164049,-8.67257893682081e-09,1.1517630379864434e-08
2.058545454545455e-05,-5.723258432010517e-247,-0.005047933810468282,-7.603213684047166e-09,1.116994154942893e-08
2.0593636363636368e-05,-3.464539717708815e-247,-0.004251892511757919,-6.509496673183588e-09,1.0830350667817667e-08
2.0601818181818186e-05,-2.070770347227227e-247,-0.0034622555251354486,-5.405927843115882e-09,1.049875949504826e-08
2.0610000000000004e-05,-1.2231707616017293e-247,-0.0026884629113868106,-4.306291340586732e-09,1.0175067563137288e-08
2.0618181818181823e-05,-7.144282213103908e-248,-0.0019390876549049514,-3.223521410584557e-09,9.859172331137864e-09
2.062636363636364e-05,-4.127438766555595e-248,-0.0012217808459928075,-2.1695869191824967e-09,9.550969337688833e-09
2.063454545454546e-05,-2.358771949215946e-248,-0.0005432333029645483,-1.1553950231498956e-09,9.250352350948676e-09
2.0642727272727277e-05,-1.3332412210317504e-248,9.084692182426623e-05,-1.9071420848931068e-10,8.957213515803751e-09
2.0650909090909096e-05,-7.450386946213935e-249,0.0006757419036441369,7.158833593648045e-10,8.671443498241129e-09
2.0659090909090914e-05,-4.1134506470002924e-249,0.0012077169980284747,1.5570604942492608e-09,8.392931626788286e-09
2.066727272727273e-05,-2.2415737567935657e-249,0.0016840008540870662,2.326735221677953e-09,8.12156603092487e-09
2.0675454545454547e-05,-1.2038860076161808e-249,0.0021027534788007705,3.020083372419419e-09,7.857233776385495e-09
2.0683636363636365e-05,-6.359094762041523e-250,0.00246302363718385,3.6335245237635547e-09,7.599820997274398e-09
2.0691818181818183e-05,-3.2935696279932816e-250,0.0027646969420150177,4.16469244884144e-09,7.349213024924803e-09
2.0700000000000002e-05,-1.6650907617861037e-250,0.0030084360305298336,4.612391381880232e-09,7.1052945134355954e-09
2.070818181818182e-05,-8.159154810321432e-251,0.003195614245038456,4.976539527798558e-09,6.867949561834902e-09
2.0716363636363638e-05,-3.8297066101318274e-251,0.00332824423120493,5.258101337849526e-09,6.637061832821118e-09
2.0724545454545456e-05,-1.6845919788176092e-251,0.003408902843292602,5.459010139279748e-09,6.41251466803688e-09
2.0732727272727275e-05,-6.618874978482145e-252,0.003440653701871085,5.582082746787356e-09,6.194191199844756e-09
2.0740909090909093e-05,-2.0093831374162084e-252,0.0034269686883061133,5.630927697867042e-09,5.981974459572398e-09
2.074909090909091e-05,-1.1546324789687117e-253,0.0033716495839694904,5.609848744200939e-09,5.775747482208227e-09
2.075727272727273e-05,5.2877094372637506e-253,0.0032787509727639076,5.5237451986487204e-09,5.575393407530417e-09
2.0765454545454548e-05,6.407824781945453e-253,0.0031525054255608473,5.378010683921103e-09,5.380795577659169e-09
2.0773636363636366e-05,5.567502000751167e-253,0.0029972518768129185,5.178431756700962e-09,5.191837631025603e-09
2.0781818181818184e-05,4.241366711240731e-253,0.0028173679892100206,4.931087791993179e-09,5.008403592763137e-09
2.0790000000000003e-05,3.0056870646940277e-253,0.00261720718402363,4.642253409126999e-09,4.830377961525574e-09
2.079818181818182e-05,2.0327895700809786e-253,0.00240104089485297,4.318304605498564e-09,4.6576457927434016e-09
2.080636363636364e-05,1.3297416259330664e-253,0.0021730064828558685,3.965629639229326e-09,4.490092778335001e-09
2.0814545454545457e-05,8.479666955778906e-254,0.0019370611340724779,3.5905455698579703e-09,4.3276053228968175e-09
2.0822727272727276e-05,5.297649549606262e-254,0.0016969419458190528,3.1992212293442513e-09,4.170070616397751e-09
2.0830909090909094e-05,3.2532266922323233e-254,0.0014561323008437056,2.797607256356319e-09,4.017376703407058e-09
2.0839090909090912e-05,1.968142611688587e-254,0.0012178345263027816,2.391373687233428e-09,3.869412548892553e-09
2.084727272727273e-05,1.1748876356999177e-254,0.0009849487407395923,1.9858554592362547e-09,3.726068100626513e-09
2.085545454545455e-05,6.9280374946701125e-255,0.0007600577070256398,1.5860060476262104e-09,3.587234348245678e-09
2.0863636363636367e-05,4.038481787094563e-255,0.0005454174333508087,1.196359329497656e-09,3.452803379006172e-09
2.0871818181818185e-05,2.3281720727090907e-255,0.00034295319831214075,8.209996456640568e-10,3.3226684302864443e-09
2.0880000000000003e-05,1.3276672998480277e-255,0.00015426062024248674,4.635399186180202e-10,3.196723938891739e-09
2.088818181818182e-05,7.489102541543098e-256,-1.9388654754041795e-05,1.271075807803817e-10,3.074865587214143e-09
2.089636363636364e-05,4.1775887967649494e-256,-0.000177037107100809,-1.8566202616144743e-10,2.9569903463067493e-09
2.0904545454545458e-05,2.3033300784673193e-256,-0.0003180278269899722,-4.726252023472002e-10,2.8429965159341256e-09
2.0912727272727276e-05,1.2542089533486236e-256,-0.00044198782917117543,-7.321228835277675e-10,2.732783761663041e-09
2.0920909090909095e-05,6.736730416111933e-257,-0.0005488087088151086,-9.629676286746795e-10,2.626253149058742e-09
2.0929090909090913e-05,3.5632856080992484e-257,-0.0006386251464358462,-1.1644251994753526e-09,2.5233071750525706e-09
2.093727272727273e-05,1.8514248984284634e-257,-0.0007117917605442612,-1.3361913648569012e-09,2.423849796554349e-09
2.094545454545455e-05,9.415664703630775e-258,-0.0007688587903942713,-1.4783645871969076e-09,2.3277864563791565e-09
2.0953636363636368e-05,4.661330824405964e-258,-0.0008105470686954013,-1.5914152592541205e-09,2.2350241065606867e-09
2.0961818181818186e-05,2.2267524579854183e-258,-0.0008377227163553865,-1.676152162667527e-09,2.145471229126116e-09
2.0970000000000004e-05,1.0108788012351838e-258,-0.0008513719590607851,-1.7336868108155998e-09,2.0590378544081093e-09
2.0978181818181822e-05,4.23123516296634e-259,-0.0008525764296809804,-1.7653963217069034e-09,1.97563557697195e-09
2.098636363636364e-05,1.5161685274094667e-259,-0.0008424892819587644,-1.7728854412561439e-09,1.8951775692321355e-09
2.099454545454546e-05,3.46379012859529e-260,-0.0008223124005693323,-1.7579483047488832e-09,1.8175785928404668e-09
2.1002727272727277e-05,-9.854102694465119e-261,-0.0007932749511901937,-1.7225304854922492e-09,1.7427550079217246e-09
2.1010909090909095e-05,-2.2342155692822015e-260,-0.000756613472479481,-1.6686918356135033e-09,1.6706247802392888e-09
2.1019090909090914e-05,-2.2077921850580563e-260,-0.000713553670505477,-1.5985705757332795e-09,1.6011074863708167e-09
2.1027272727272732e-05,-1.774149702174361e-260,-0.0006652940358392613,-1.514349038815846e-09,1.5341243169734176e-09
2.103545454545455e-05,-1.2923492099732374e-260,-0.0006129913647799301,-1.4182214198947388e-09,1.469598078220151e-09
2.1043636363636365e-05,-8.877543223556598e-261,-0.0005577482295187785,-1.3123638285454336e-09,1.4074531914927763e-09
2.1051818181818183e-05,-5.860285300507999e-261,-0.0005006024078793848,-1.1989068858292693e-09,1.3476156914085601e-09
2.106e-05,-3.75658933066402e-261,-0.0004425182519321111,-1.0799110528338488e-09,1.2900132222678782e-09
2.106818181818182e-05,-2.353305858020471e-261,-0.00038437994653680766,-9.573448246502722e-10,1.2345750330029424e-09
2.1076363636363638e-05,-1.446645911744727e-261,-0.00032698658390711724,-8.330658723725344e-10,1.1812319707144865e-09
2.1084545454545456e-05,-8.750943257138457e-262,-0.00027104895873477643,-7.088051670958397e-10,1.1299164728790302e-09
2.1092727272727275e-05,-5.219082897102443e-262,-0.00021718797031675065,-5.861540744733431e-10,1.0805625583129478e-09
2.1100909090909093e-05,-3.073017323153616e-262,-0.00016593450348273214,-4.665543666040487e-10,1.0331058169793254e-09
2.110909090909091e-05,-1.7880068707066328e-262,-0.00011773064885891942,-3.5129106023770084e-10,9.874833987270464e-10
2.111727272727273e-05,-1.0286511679883125e-262,-7.293211500945815e-05,-2.4148795675771967e-10,9.436340010496051e-10
2.1125454545454548e-05,-5.853394922995279e-263,-3.181168011008814e-05,-1.3810573033480188e-10,9.014978559553412e-10
2.1133636363636366e-05,-3.2948224381172674e-263,5.436471166503708e-06,-4.194238612337117e-11,8.61016716043159e-10
2.1141818181818184e-05,-1.834365816159743e-263,3.869167916462477e-05,4.636410956188169e-11,8.221338398806281e-10
2.1150000000000002e-05,-1.0097448422615831e-263,6.790115962892562e-05,1.2633124056814206e-10,7.847939767841174e-10
2.115818181818182e-05,-5.492038626359732e-264,9.307391812749801e-05,1.976256181986409e-10,7.489433511027755e-10
2.116636363636364e-05,-2.948709973856291e-264,0.00011427436651077789,2.6005515571552866e-10,7.145296461204086e-10
2.1174545454545457e-05,-1.5606240058954824e-264,0.00013161577064273178,3.135599740443763e-10,6.815019876875757e-10
2.1182727272727276e-05,-8.125686077873886e-265,0.00014525364858463562,3.582022716915425e-10,6.498109277069356e-10
2.1190909090909094e-05,-4.1500745607352723e-265,0.00015537922734349218,3.9415538748906637e-10,6.194084276051523e-10
2.1199090909090912e-05,-2.0702011000304106e-265,0.00016221305449389578,4.216922772991314e-10,5.902478419339745e-10
2.120727272727273e-05,-1.0018969251098146e-265,0.00016599884870987226,4.411736156149429e-10,5.622839022537155e-10
2.121545454545455e-05,-4.652321325781757e-266,0.00016699766075212248,4.53035720458778e-10,5.354727014734173e-10
2.1223636363636367e-05,-2.0311328016620377e-266,0.00016548240397663147,4.577784854912659e-10,5.097716788350639e-10
2.1231818181818185e-05,-7.982577378686498e-267,0.00016173280117104212,4.5595348718863344e-10,4.851396057511096e-10
2.1240000000000003e-05,-2.4923863103598087e-267,0.000156030782671068,4.4815241770609625e-10,4.6153657273520987e-10
2.124818181818182e-05,-2.562773320811705e-268,0.00014865635942354303,4.349959759868552e-10,4.3892397769308087e-10
2.125636363636364e-05,5.053455600743068e-268,0.0001398839840856486,4.171233311539211e-10,4.1726451587796166e-10
2.1264545454545458e-05,6.48293249824819e-268,0.00012997940349760632,3.951822535709381e-10,3.9652217185763366e-10
2.1272727272727276e-05,5.663633999708371e-268,0.0001191969970298087,3.6981999048248874e-10,3.766622138973585e-10
2.1280909090909095e-05,4.290078684365609e-268,0.00010777758745129104,3.416749451234087e-10,3.5765119121611714e-10
2.1289090909090913e-05,3.0101728088949993e-268,9.594670413801422e-05,3.1136920087834373e-10,3.3945693465443277e-10
2.129727272727273e-05,2.011587274700089e-268,8.391327265966436e-05,2.795019156817588e-10,3.220485613686927e-10
2.130545454545455e-05,1.298722028247293e-268,7.18687000572487e-05,2.466435965794659e-10,3.0539648427506424e-10
2.1313636363636368e-05,8.16820975101322e-269,5.9986321437830154e-05,2.133312503550273e-10,2.8947242707156955e-10
2.1321818181818186e-05,5.030756609642721e-269,4.8421170837438044e-05,1.8006439349917284e-10,2.742494458040389e-10
2.1330000000000004e-05,3.044618764635077e-269,3.731003759302526e-05,1.473018936365766e-10,2.5970195808415963e-10
2.1338181818181822e-05,1.8148932496220717e-269,2.6771768660906523e-05,1.1545960488855793e-10,2.4580578122806757e-10
2.134636363636364e-05,1.0673383607993569e-269,1.6907777354394524e-05,8.490875155927646e-11,2.3253818074812413e-10
2.135454545454546e-05,6.199873305888263e-270,7.802719772304075e-06,5.597500798796236e-11,2.1987793078980753e-10
2.1362727272727277e-05,3.5598244477286985e-270,-4.7469832822674453e-07,2.893821738039212e-11,2.0780538823878844e-10
2.1370909090909095e-05,2.0213765924974098e-270,-7.870819382670317e-06,4.032688865094026e-12,1.9630258228083553e-10
2.1379090909090914e-05,1.1353722593058015e-270,-1.4346069177030186e-05,-1.8551990157065063e-11,1.8535332115031917e-10
2.1387272727272732e-05,6.308145777361228e-271,-1.9873958897087338e-05,-3.866969018403451e-11,1.7494331750473839e-10
2.139545454545455e-05,3.4660757326421117e-271,-2.4440080331807958e-05,-5.621608780340421e-11,1.6506033324100585e-10
2.140363636363637e-05,1.882519331057961e-271,-2.8041116938089787e-05,-7.112668802292092e-11,1.5569434333581487e-10
2.1411818181818183e-05,1.0098817047428211e-271,-3.06838897689851e-05,-8.337458052610529e-11,1.4683771621708787e-10
2.142e-05,5.344836591847658e-272,-3.238445349447272e-05,-9.296798650363494e-11,1.3848540481381693e-10
2.142818181818182e-05,2.786229665575562e-272,-3.316725398062379e-05,-9.994764889290254e-11,1.3063513729372463e-10
2.1436363636363638e-05,1.4272254457806256e-272,-3.3064355212791e-05,-1.0438411451587941e-10,1.2328758903988406e-10
2.1444545454545456e-05,7.15919181655326e-273,-3.2114739817806e-05,-1.0637495185481706e-10,1.1644650714807472e-10
2.1452727272727275e-05,3.4983943628388084e-273,-3.0363684117613992e-05,-1.0604194320026288e-10,1.1011874562626988e-10
2.1460909090909093e-05,1.6515944183683452e-273,-2.7862205582745907e-05,-1.0352828475757419e-10,1.0431415440936357e-10
2.146909090909091e-05,7.426074962186722e-274,-2.466657779188392e-05,-9.899582314035401e-11,9.90452510284701e-11
2.147727272727273e-05,3.0929389275072495e-274,-2.0837905580635664e-05,-9.262235160792899e-11,9.432659575227665e-11
2.1485454545454548e-05,1.1169397761204569e-274,-1.644175100911638e-05,-8.459898453679583e-11,9.017379809363755e-11
2.1493636363636366e-05,2.746811171580614e-275,-1.1547799117020213e-05,-7.512762402438483e-11,8.660211574409557e-11
2.1501818181818184e-05,-4.394734448983702e-276,-6.2295511809833265e-06,-6.441852830061778e-11,8.362467539555367e-11
2.1510000000000002e-05,-1.3484035715042278e-275,-5.640323484406334e-07,-5.268798781492412e-11,8.125044759877585e-11
2.151818181818182e-05,-1.3624788430753607e-275,5.3684999057094616e-06,-4.015611153951803e-11,7.948222478821385e-11
2.152636363636364e-05,-1.09372223963431e-275,1.148486007451391e-05,-2.7044723209776364e-11,7.831494075985695e-11
2.1534545454545457e-05,-7.903519320738342e-276,1.769926486701998e-05,-1.3575364939432906e-11,7.773467964967872e-11
2.1542727272727275e-05,-5.369773326815496e-276,2.392370185678418e-05,3.2596094156256285e-14,7.771862084324884e-11
2.1550909090909094e-05,-3.50047949290367e-276,3.0068347870963874e-05,1.356376339450508e-11,7.823596989442653e-11
2.1559090909090912e-05,-2.213874486038486e-276,3.604204702710134e-05,2.6808415489057827e-11,7.924970254343185e-11
2.156727272727273e-05,-1.3675374524689722e-276,4.175285660042114e-05,3.9564125202658016e-11,8.071878484512868e-11
2.157545454545455e-05,-8.286279253155752e-277,4.7108666925886055e-05,5.163729988628016e-11,8.260048180570092e-11
2.1583636363636367e-05,-4.939414065324679e-277,5.201789934571186e-05,6.28446478940746e-11,8.485242736818357e-11
2.1591818181818185e-05,-2.9024119367420096e-277,5.6390283846666034e-05,7.301457548932629e-11,8.743425344898526e-11
2.1600000000000003e-05,-1.6835235856798627e-277,6.013771553779194e-05,8.198851693641796e-11,9.030870820331496e-11
2.160818181818182e-05,-9.648851075925973e-278,6.317518654666275e-05,8.962219884769536e-11,9.344229481904587e-11
2.161636363636364e-05,-5.46768848050242e-278,6.542178731069412e-05,9.578683798484297e-11,9.680551881386561e-11
2.1624545454545458e-05,-3.0645144083726933e-278,6.680176865886514e-05,1.003702697176924e-10,1.0037284994345532e-10
2.1632727272727276e-05,-1.6990417773339725e-278,6.724565356668284e-05,1.032780023010355e-10,1.0412249794012079e-10
2.1640909090909095e-05,-9.317238459271946e-279,6.669138507083491e-05,1.0443419009911624e-10,1.0803608252519086e-10
2.1649090909090913e-05,-5.052020788704287e-279,6.508549459694557e-05,1.0378251695125704e-10,1.1209825658091724e-10
2.165727272727273e-05,-2.7069261569188287e-279,6.238427293084226e-05,1.0128697908171147e-10,1.1629632201480892e-10
2.166545454545455e-05,-1.4319213834166832e-279,5.8554924295314666e-05,9.693255538133867e-11,1.20619862578019e-10
2.1673636363636368e-05,-7.468074539233361e-280,5.357668252112293e-05,9.072575158242514e-11,1.2506040687974892e-10
2.1681818181818186e-05,-3.8327180235818326e-280,4.7441867158738684e-05,8.269500386088415e-11,1.2961112743543797e-10
2.1690000000000004e-05,-1.9302088697358305e-280,4.015685659717781e-05,7.289092677963398e-11,1.342665769164e-10
2.1698181818181822e-05,-9.499733872011488e-281,3.174295486568541e-05,6.138639025790688e-11,1.3902246004853438e-10
2.170636363636364e-05,-4.540122469361061e-281,2.2237128816451176e-05,4.827641045818746e-11,1.4387543818174765e-10
2.171454545454546e-05,-2.0851473352911987e-281,1.1692592840269977e-05,3.367784012716698e-11,1.4882296295474055e-10
2.1722727272727277e-05,-9.030862325048945e-282,1.7921916349924299e-07,1.7728845034082402e-11,1.5386313536731824e-10
2.1730909090909095e-05,-3.545514319679933e-282,-1.221624688264525e-05,5.881547059795112e-13,1.5899458675203935e-10
2.1739090909090914e-05,-1.1319525419125567e-282,-2.5390185444280435e-05,-1.7565922332088632e-11,1.6421637844160804e-10
2.1747272727272732e-05,-1.5750789312177819e-283,-3.922233118483212e-05,-3.653672616829594e-11,1.695279172969242e-10
2.175545454545455e-05,1.7467023384011118e-283,-5.357624675494871e-05,-5.611072048751159e-11,1.7492888463039715e-10
2.176363636363637e-05,2.41210884912851e-283,-6.830005163596447e-05,-7.605921624419079e-11,1.8041917640997064e-10
2.1771818181818187e-05,2.1237269630129432e-283,-8.322741390758256e-05,-9.614034182102689e-11,1.8599885294512529e-10
2.1780000000000005e-05,1.6007101549516906e-283,-9.817880877148282e-05,-1.1610125367450052e-10,1.9166809653432306e-10
2.178818181818182e-05,1.1124170699210917e-283,-0.00011296304366352257,-1.3568057746996417e-10,1.9742717579726957e-10
2.1796363636363638e-05,7.346622490989254e-284,-0.0001273790455598981,-1.5461106555966012e-10,2.0327641561582423e-10
2.1804545454545456e-05,4.68177863079838e-284,-0.00014121790168340124,-1.726224524366986e-10,2.0921617178462498e-10
2.1812727272727275e-05,2.904344194707016e-284,-0.00015426514030544988,-1.8944448557409203e-10,2.1524680961815832e-10
2.1820909090909093e-05,1.7634969400103597e-284,-0.00016630323378361112,-2.0481010491284188e-10,2.2136868588586767e-10
2.182909090909091e-05,1.0518536985010283e-284,-0.00017711430144372786,-2.1845874026929765e-10,2.2758213354544826e-10
2.183727272727273e-05,6.178145893158616e-285,-0.00018648298548528688,-2.3013969217338445e-10,2.3388744883331574e-10
2.1845454545454548e-05,3.5795343557829606e-285,-0.00019419946883477004,-2.396155582018388e-10,2.402848803418521e-10
2.1853636363636366e-05,2.0482272466908393e-285,-0.00020006259987046305,-2.466656638098942e-10,2.467746197749977e-10
2.1861818181818184e-05,1.1584153920823787e-285,-0.0002038830852682972,-2.5108945406179553e-10,2.5335679412095566e-10
2.1870000000000002e-05,6.478968886567934e-286,-0.00020548670894521417,-2.527098005853652e-10,2.600314590219526e-10
2.187818181818182e-05,3.5843780086356283e-286,-0.00020471753227620812,-2.5137617658798183e-10,2.667985931606495e-10
2.188636363636364e-05,1.9615480474245863e-286,-0.000201441028502641,-2.469676519244096e-10,2.736580935074726e-10
2.1894545454545457e-05,1.061629906929142e-286,-0.00019554710259636366,-2.393956600454686e-10,2.8060977130138396e-10
2.1902727272727275e-05,5.679908526363253e-287,-0.00018695294685271464,-2.2860648921960984e-10,2.8765334865138e-10
2.1910909090909094e-05,3.001813217480247e-287,-0.0001756056822030019,-2.1458345173240911e-10,2.9478845567132517e-10
2.1919090909090912e-05,1.5653934829237896e-287,-0.00016148473570225017,-1.9734868684145984e-10,3.0201462807108964e-10
2.192727272727273e-05,8.042193403198251e-288,-0.00014460390589075717,-1.7696455610624985e-10,3.0933130513697855e-10
2.193545454545455e-05,4.061179414688652e-288,-0.0001250130697686177,-1.5353459331111195e-10,3.167378280496264e-10
2.1943636363636367e-05,2.009198003491383e-288,-0.00010279948796953486,-1.2720397553520893e-10,3.242334384938406e-10
2.1951818181818185e-05,9.690138642756126e-289,-7.808866836925e-05,-9.815948695790318e-11,3.318172775229244e-10
2.1960000000000003e-05,4.520260071518064e-289,-5.1044752796150186e-05,-6.662895268216387e-11,3.394883846456275e-10
2.196818181818182e-05,2.012368806784447e-289,-2.1870396695205458e-05,-3.288012614821636e-11,3.4724569710919384e-10
2.197636363636364e-05,8.333822154490852e-290,9.193882512649687e-06,2.78097947246622e-12,3.5508804935741716e-10
2.1984545454545458e-05,3.0260532588403836e-290,4.187090609117789e-05,4.001231825035916e-11,3.6301417264768994e-10
2.1992727272727276e-05,7.87799344670048e-291,7.584859425978501e-05,7.843859156540372e-11,3.7102269480920204e-10
2.2000909090909094e-05,-5.427175874668107e-292,0.00011078228903886413,1.1765456812055235e-10,3.791121401313326e-10
2.2009090909090913e-05,-2.979716682796611e-291,0.00014629763460148184,1.5722892273028837e-10,3.872809293761404e-10
2.201727272727273e-05,-3.0965528038155337e-291,0.00018199400173091223,1.967085646579609e-10,3.9552737990207023e-10
2.202545454545455e-05,-2.4864007829461856e-291,0.00021744843446504537,2.3562341830207194e-10,4.0384970589718934e-10
2.2033636363636368e-05,-1.7832983303288192e-291,0.0002522200884251166,2.7349161126568455e-10,4.122460187141259e-10
2.2041818181818186e-05,-1.1986317163358749e-291,0.00028585512180448117,3.098250174111554e-10,4.2071432730597546e-10
2.2050000000000004e-05,-7.717214935367664e-292,0.0003178919916658201,3.4413509551737834e-10,4.2925253875937e-10
2.2058181818181822e-05,-4.815835314954524e-292,0.00034786710019885,3.75938957750928e-10,4.3785845892173423e-10
2.206636363636364e-05,-2.933473490968612e-292,0.00037532072806318277,4.047655964386104e-10,4.4652979312391236e-10
2.207454545454546e-05,-1.7520816094739525e-292,0.0003998031850180752,4.301621927141187e-10,4.5526414699692437e-10
2.2082727272727277e-05,-1.029210222013912e-292,0.00042088110185300917,4.5170042658815377e-10,4.6405902738077516e-10
2.2090909090909095e-05,-5.958534271902193e-293,0.00043814378230439617,4.68982704965331e-10,4.729118433275917e-10
2.2099090909090914e-05,-3.4048193370253975e-293,0.0004512095292907604,4.816482221777652e-10,4.818199071992011e-10
2.2107272727272732e-05,-1.922233180744446e-293,0.00045973185652904957,4.893787667865941e-10,4.907804358581768e-10
2.211545454545455e-05,-1.0729151667094816e-293,0.00046340549450395467,4.91904188781147e-10,4.997905519548489e-10
2.212363636363637e-05,-5.9230058574114944e-294,0.000461972098930853,4.890074429041629e-10,5.088472853092498e-10
2.2131818181818187e-05,-3.2344632277237734e-294,0.00045522557034401927,4.805291266778136e-10,5.179475743900381e-10
2.2140000000000005e-05,-1.7470800348938127e-294,0.0004430168952990249,4.663714358005916e-10,5.270882678913166e-10
2.2148181818181823e-05,-9.331248173300943e-295,0.00042525842292667813,4.4650146490037123e-10,5.362661264056358e-10
2.2156363636363638e-05,-4.925331207701572e-295,0.00040192749522101795,4.209537881439091e-10,5.45477824196416e-10
2.2164545454545456e-05,-2.566937802501112e-295,0.0003730693554706251,3.898322618480139e-10,5.547199510702835e-10
2.2172727272727275e-05,-1.3192218336596541e-295,0.000338799266613209,3.5331099994602486e-10,5.639890143465658e-10
2.2180909090909093e-05,-6.67325608960979e-296,0.0002993037799467927,3.1163448283962573e-10,5.732814409283493e-10
2.218909090909091e-05,-3.313714486348341e-296,0.0002548411044824632,2.651167707034049e-10,5.825935794715349e-10
2.219727272727273e-05,-1.6089382540312833e-296,0.00020574053816778642,2.141398035820176e-10,5.919217026551515e-10
2.2205454545454548e-05,-7.592535041239588e-297,0.00015240093412126755,1.5915078247985304e-10,6.012620095496985e-10
2.2213636363636366e-05,-3.4481157286385736e-297,9.528818775274143e-05,1.0065863795515272e-10,6.106106280842338e-10
2.2221818181818184e-05,-1.4808166723211252e-297,3.493174404025793e-05,3.922960530697428e-11,6.199636176133988e-10
2.2230000000000002e-05,-5.800877043044195e-298,-2.8079861888296918e-05,-2.4518061864440684e-11,6.293169715806172e-10
2.223818181818182e-05,-1.8848595624112908e-298,-9.310440355477279e-05,-8.992019533691476e-11,6.386666202773602e-10
2.224636363636364e-05,-3.1769206354295275e-299,-0.00015945225974820968,-1.5627357644357066e-10,6.48008433699469e-10
2.2254545454545457e-05,2.1671018201797416e-299,-0.00022639355327599232,-2.2284349209819234e-10,6.573382244963079e-10
2.2262727272727275e-05,3.298770750511021e-299,-0.0002931660623878163,-2.8887190273490415e-10,6.666517510119865e-10
2.2270909090909094e-05,2.935024274914393e-299,-0.00035898382219666915,-3.5358613175446486e-10,6.759447204174053e-10
2.2279090909090912e-05,2.203053535829165e-299,-0.00042304632098499407,-4.162079765659793e-10,6.852127919311623e-10
2.228727272727273e-05,1.516914600092763e-299,-0.0004845481848400145,-4.759631329538246e-10,6.944515801270724e-10
2.229545454545455e-05,9.902221829368422e-300,-0.0005426892338141245,-5.320908174260545e-10,7.036566583240667e-10
2.2303636363636367e-05,6.229417151200442e-300,-0.0005966847839452785,-5.838534665509341e-10,7.128235620583757e-10
2.2311818181818185e-05,3.8118859436247655e-300,-0.0006457760621727117,-6.305463881779168e-10,7.219477926345444e-10
2.2320000000000003e-05,2.2819479930216884e-300,-0.0006892405956003938,-6.715072369639225e-10,7.310248207519213e-10
2.232818181818182e-05,1.3414682761578846e-300,-0.0007264024328288038,-7.06125185864815e-10,7.400500902016938e-10
2.233636363636364e-05,7.76384692911736e-301,-0.0007566420533057804,-7.338496662535464e-10,7.490190216344493e-10
2.2344545454545458e-05,4.431686337213102e-301,-0.0007794058209232085,-7.541985521183318e-10,7.579270163933242e-10
2.2352727272727276e-05,2.498019525575507e-301,-0.0007942148404617188,-7.667656683818015e-10,7.667694604076406e-10
2.2360909090909094e-05,1.391634313543988e-301,-0.0008006730799818487,-7.712275097374192e-10,7.755417281440377e-10
2.2369090909090913e-05,7.666391390241312e-302,-0.0007984746288663038,-7.673490644731963e-10,7.842391866116543e-10
2.237727272727273e-05,4.177494569126173e-302,-0.0007874099698912748,-7.54988647467348e-10,7.928571994179866e-10
2.238545454545455e-05,2.251757735958053e-302,-0.0007673711543706396,-7.341016577940574e-10,8.013911308672392e-10
2.2393636363636367e-05,1.2004147815592737e-302,-0.0007383557819684077,-7.047431890422647e-10,8.098363501004601e-10
2.2401818181818186e-05,6.326484004223381e-303,-0.0007004697010723122,-6.670694343754415e-10,8.18188235270684e-10
2.2410000000000004e-05,3.293898182874304e-303,-0.0006539283614936847,-6.213378433721963e-10,8.264421777508294e-10
2.2418181818181822e-05,1.6924567024730565e-303,-0.0005990567685053736,-5.679060035977036e-10,8.345935863648265e-10
2.242636363636364e-05,8.568899773221605e-304,-0.0005362880056250366,-5.072292364525534e-10,8.426378916420921e-10
2.243454545454546e-05,4.265670266693969e-304,-0.0004661603128484904,-4.3985691390881873e-10,8.505705500862985e-10
2.2442727272727277e-05,2.0812817061091308e-304,-0.00038931272697072077,-3.6642752003682925e-10,8.583870484553603e-10
2.2450909090909095e-05,9.906028047900351e-305,-0.00030647931091786396,-2.876624985105021e-10,8.660829080468431e-10
2.2459090909090914e-05,4.56522831923374e-305,-0.00021848201935617393,-2.0435894430817704e-10,8.736536889829513e-10
2.2467272727272732e-05,2.011708153991926e-305,-0.0001262222679398527,-1.1738121435327954e-10,8.810949944897172e-10
2.247545454545455e-05,8.278245332229748e-306,-3.067129310274976e-05,-2.7651547622100787e-11,8.884024751651355e-10
2.2483636363636368e-05,3.0163540852013354e-306,6.714059201320193e-05,6.386019995666588e-11,8.955718332304735e-10
2.2491818181818187e-05,8.211592915779612e-307,0.0001661357223621565,1.5614758688898888e-10,9.025988267602314e-10
2.2500000000000005e-05,-1.9107e-319,0.00026520164729626353,2.481792527002628e-10,9.094792738826373e-10
2.2508181818181823e-05,-2.4067425610052816e-307,0.00036320438472803724,3.3891107806912163e-10,9.162090569464433e-10
2.251636363636364e-05,-2.5911155155182e-307,0.00045900219706330537,4.2729868809867053e-10,9.227841266500369e-10
2.252454545454546e-05,-2.084226786606733e-307,0.0005514597125343293,5.123101414875632e-10,9.292005061249155e-10
2.2532727272727274e-05,-1.484478401727594e-307,0.0006394622076460247,5.929386436050738e-10,9.35454294966488e-10
2.2540909090909093e-05,-9.873556970911411e-308,0.0007219298610534599,6.682151188829587e-10,9.415416732114334e-10
2.254909090909091e-05,-6.2793243110740885e-308,0.0007978317864383053,7.372204775719999e-10,9.474589052519225e-10
2.255727272727273e-05,-3.86675320525967e-308,0.0008661996519305653,7.990974138137239e-10,9.53202343682707e-10
2.2565454545454547e-05,-2.3227640503490653e-308,0.0009261406963750104,8.530615761505985e-10,9.587684330750187e-10
2.2573636363636366e-05,-1.3675559515707315e-308,0.000976849958272421,8.984119580068473e-10,9.641537136714068e-10
2.2581818181818184e-05,-7.916620646477465e-309,0.0010176215414936535,9.345403642598072e-10,9.693548249997376e-10
2.2590000000000002e-05,-4.51579964343568e-309,0.0010478587527857643,9.60939820686616e-10,9.743685093956106e-10
2.259818181818182e-05,-2.542079540911103e-309,0.0010670829595384069,9.772118056903995e-10,9.79191615430724e-10
2.260636363636364e-05,-1.413709844888273e-309,0.0010749410320903476,9.83072198129323e-10,9.838211012451146e-10
2.2614545454545457e-05,-7.77235874690684e-310,0.0010712112528275426,9.783558510986388e-10,9.882540377716317e-10
2.2622727272727275e-05,-4.2261926978425e-310,0.0010558075942172188,9.630197189494736e-10,9.924876118549106e-10
2.2630909090909094e-05,-2.27314225723347e-310,0.0010287822894647863,9.371444834303956e-10,9.965191292547111e-10
2.2639090909090912e-05,-1.2093805603389e-310,0.0009903266423707422,9.00934644360227e-10,1.000346017532851e-09
2.264727272727273e-05,-6.3626188864024e-311,0.0009407700468774397,8.547170604119534e-10,1.0039658288172749e-09
2.265545454545455e-05,-3.308349043006e-311,0.0008805772113868356,7.989379461362645e-10,1.0073762424399527e-09
2.2663636363636367e-05,-1.6987188242285e-311,0.0008103436078429647,7.341583519818743e-10,1.0105750674442867e-09
2.2671818181818185e-05,-8.60254926733e-312,0.0007307891904411799,6.610481744984863e-10,1.0135602449590007e-09
2.2680000000000003e-05,-4.288987010727e-312,0.0006427504532804445,5.803787638369324e-10,1.0163298504332736e-09
2.268818181818182e-05,-2.099863733156e-312,0.0005471709199474562,4.9301421481441e-10,1.0188820957315548e-09
2.269636363636364e-05,-1.005775046273e-312,0.0004450901805530658,3.999014459063383e-10,1.021215331083777e-09
2.2704545454545458e-05,-4.68584932965e-313,0.00033763161278868294,3.020591873051701e-10,1.0233280468882779e-09
2.2712727272727276e-05,-2.1038706111e-313,0.00022598894281041266,2.0056601439938487e-10,1.0252188753643348e-09
2.2720909090909094e-05,-8.955403807e-314,0.00011141181889404518,9.6547576455305e-11,1.0268865920522792e-09
2.2729090909090913e-05,-3.496826194e-314,-4.809414433641946e-06,-8.836818273174848e-12,1.0283301171591897e-09
2.273727272727273e-05,-1.1519051265e-314,-0.00012135954192743788,-1.1440809049811764e-10,1.0295485167462632e-09
2.274545454545455e-05,-2.217921237e-315,-0.00023691469361045083,-2.1898157341324545e-10,1.0305410037580424e-09
2.2753636363636367e-05,9.5296159e-316,-0.00035015873561397576,-3.213813096933701e-10,1.0313069388916428e-09
2.2761818181818186e-05,1.65710586e-315,-0.00045979961694468056,-4.20454277791763e-10,1.031845831303448e-09
2.2770000000000004e-05,1.49474512e-315,-0.0005645854530570457,-5.150843637688249e-10,1.0321573391535128e-09
2.2778181818181822e-05,1.118348103e-315,-0.0006633201300562753,-6.0420589781592e-10,1.032241269984642e-09
2.278636363636364e-05,7.63237624e-316,-0.0007548782194160343,-6.868165800613588e-10,1.0320975809395045e-09
2.279454545454546e-05,4.9256888e-316,-0.0008382190021872975,-7.619896280767282e-10,1.0317263788112229e-09
2.2802727272727277e-05,3.0592979e-316,-0.0009123994136728104,-8.28884988644953e-10,1.0311279199301359e-09
2.2810909090909095e-05,1.8467142e-316,-0.00097658573427366,-8.867594686604582e-10,1.030302609885383e-09
2.2819090909090913e-05,1.08999533e-316,-0.0010300638694651556,-9.34975654342209e-10,1.0292510030823209e-09
2.2827272727272732e-05,6.315488e-317,-0.0010722480813754808,-9.730095040450964e-10,1.0279738021375121e-09
2.283545454545455e-05,3.6016926e-317,-0.0011026880559355974,-1.0004565176316455e-09,1.026471857110156e-09
2.2843636363636368e-05,2.025485e-317,-0.001121074212725983,-1.017036404365905e-09,1.0247461645717065e-09
2.2851818181818186e-05,1.124697e-317,-0.0011272411891221717,-1.022596191345276e-09,1.0227978665170984e-09
2.2860000000000005e-05,6.17179e-318,-0.001121169455772604,-1.0171117353082617e-09,1.0206282491171204e-09
2.2868181818181823e-05,3.3489e-318,-0.0011029850464498714,-1.000687621955046e-09,1.0182387413138196e-09
2.287636363636364e-05,1.7974e-318,-0.0010729574115131257,-9.735554583967841e-10,1.0156309132625452e-09
2.288454545454546e-05,9.5427e-319,-0.001031495430217246,-9.360705856945036e-10,1.0128064746219953e-09
2.2892727272727278e-05,5.01086e-319,-0.0009791416425198212,-8.887072593696731e-10,1.0097672726958217e-09
2.2900909090909093e-05,2.60135e-319,-0.0009165647854961059,-8.320523659687931e-10,1.0065152904271142e-09
2.290909090909091e-05,1.33427e-319,-0.0008445507426153204,-7.667977629604896e-10,1.0030526442494776e-09
2.291727272727273e-05,6.755e-320,-0.0007639920356201167,-6.937313471705645e-10,9.993815818001038e-10
2.2925454545454547e-05,3.37e-320,-0.0006758760082728351,-6.137269733671371e-10,9.955044794944498e-10
2.2933636363636366e-05,1.6536e-320,-0.0005812718685079587,-5.277333592787766e-10,9.914238399689264e-10
2.2941818181818184e-05,7.96e-321,-0.00048131677031701175,-4.367621260530559e-10,9.87142289395218e-10
2.2950000000000002e-05,3.735e-321,-0.000377201128786049,-3.4187513378093027e-10,9.826625746700788e-10
2.295818181818182e-05,1.7e-321,-0.00027015337094407865,-2.4417128008286453e-10,9.779875604826646e-10
2.296636363636364e-05,7.4e-322,-0.0001614243313443138,-1.447729357704087e-10,9.731202262680988e-10
2.2974545454545457e-05,3e-322,-5.227150451665655e-05,-4.481219519235226e-11,9.680636630488552e-10
2.2982727272727275e-05,1.1e-322,5.6056633424926504e-05,5.4582879985966644e-11,9.62821070168518e-10
2.2990909090909093e-05,3e-323,0.00016233602463874242,1.5230184613848355e-10,9.57395751923721e-10
2.2999090909090912e-05,0.0,0.0002653819473739486,2.4726511847212326e-10,9.517911141005209e-10
2.300727272727273e-05,-5e-324,0.00036406325699380707,3.384366996450172e-10,9.460106604176753e-10
2.3015454545454548e-05,-1e-323,0.0004573157668984435,4.24836236918887e-10,9.40057988882557e-10
2.3023636363636367e-05,-5e-324,0.000544154600007154,5.055502589880565e-10,9.339367880667808e-10
2.3031818181818185e-05,-5e-324,0.0006236853577050999,5.797424559989113e-10,9.27650833307038e-10
2.3040000000000003e-05,-0.0,0.0006951139714169433,6.466628803909361e-10,9.212039828332244e-10
2.304818181818182e-05,-5e-324,0.0007577551219461645,7.056559618429983e-10,9.146001738315495e-10
2.305636363636364e-05,-0.0,0.0008110391330971402,7.561672465585933e-10,9.078434184513341e-10
2.3064545454545458e-05,-0.0,0.0008545172685445433,7.97748789111157e-10,9.00937799755755e-10
2.3072727272727276e-05,-0.0,0.000887865384085887,8.300631438427425e-10,8.938874676249436e-10
2.3080909090909094e-05,-0.0,0.0009108859109549219,8.528859220885634e-10,8.866966346165685e-10
2.3089090909090913e-05,-0.0,0.0009235081694307446,8.661069010019293e-10,8.793695717925344e-10
2.309727272727273e-05,-0.0,0.0009257870351990238,8.697296892127687e-10,8.719106045132266e-10
2.310545454545455e-05,-0.0,0.0009179000034679034,8.638699736829578e-10,8.643241082050784e-10
2.3113636363636367e-05,-0.0,0.0009001427173884777,8.487523906753162e-10,8.566145041123738e-10
2.3121818181818186e-05,-0.0,0.0008729230475751558,8.247060814493614e-10,8.487862550356974e-10
2.3130000000000004e-05,-0.0,0.0008367538281851595,7.921590099263102e-10,8.408438610590444e-10
2.3138181818181822e-05,-0.0,0.0007922443718466775,7.516311348930552e-10,8.327918552790399e-10
2.314636363636364e-05,-0.0,0.000740090900501503,7.0372654314225e-10,8.246347995358256e-10
2.315454545454546e-05,-0.0,0.0006810660417660412,6.491246621092671e-10,8.163772801542914e-10
2.3162727272727277e-05,-0.0,0.0006160075505687849,5.885706809114355e-10,8.080239036984274e-10
2.3170909090909095e-05,-0.0,0.0005458064234866102,5.228653171103373e-10,7.995792927471091e-10
2.3179090909090913e-05,-0.0,0.00047139457830960423,4.5285407290806447e-10,7.910480816964113e-10
2.318727272727273e-05,-0.0,0.00039373227388681995,3.794161288041835e-10,7.82434912589671e-10
2.319545454545455e-05,-0.0,0.0003137954452551536,3.0345302495056335e-10,7.737444309856074e-10
2.3203636363636368e-05,-0.0,0.0002325631264822229,2.258772805510864e-10,7.649812818681221e-10
2.3211818181818186e-05,-0.0,0.00015100512865233603,1.4760109969844958e-10,7.561501055997927e-10
2.3220000000000005e-05,-0.0,7.00701331190583e-05,6.952530808819636e-11,7.472555339260503e-10
2.3228181818181823e-05,-0.0,-9.325649302800284e-06,-7.471340814440234e-12,7.383021860370341e-10
2.323636363636364e-05,-0.0,-8.63091139417922e-05,-8.254235923129789e-11,7.29294664687832e-10
2.324454545454546e-05,-0.0,-0.0001600600665618254,-1.5488309652791457e-10,7.202375523814849e-10
2.3252727272727278e-05,0.0,-0.00022982008489817952,-2.2373957783129431e-10,7.111354076217956e-10
2.3260909090909096e-05,0.0,-0.00029490034191709627,-2.884165110618564e-10,7.019927612401987e-10
2.3269090909090914e-05,0.0,-0.0003546883121902695,-3.4828437682306524e-10,6.928141127958347e-10
2.327727272727273e-05,0.0,-0.0004086533003995823,-4.027855296878819e-10,6.836039270567062e-10
2.3285454545454547e-05,0.0,-0.00045635074904401015,-4.514392541953403e-10,6.743666305658628e-10
2.3293636363636366e-05,0.0,-0.0004974253006310486,-4.938457340958013e-10,6.651066082950145e-10
2.3301818181818184e-05,0.0,-0.000531612607724835,-5.296889088462305e-10,6.558282003852316e-10
2.3310000000000002e-05,0.0,-0.0005587399019254266,-5.587382068262982e-10,6.465356989829495e-10
2.331818181818182e-05,0.0,-0.000578725349913547,-5.808491600040087e-10,6.37233345174247e-10
2.332636363636364e-05,0.0,-0.0005915762408744409,-5.959629196155386e-10,6.279253260143393e-10
2.3334545454545457e-05,0.0,-0.0005973860646962759,-6.041047066395098e-10,6.186157716608855e-10
2.3342727272727275e-05,0.0,-0.0005963305541294388,-6.053812442543645e-10,6.09308752608963e-10
2.3350909090909093e-05,0.0,-0.0005886627764247206,-5.99977231895461e-10,6.000082770346145e-10
2.335909090909091e-05,0.0,-0.0005747073706984149,-5.88150931829e-10,5.907182882434506e-10
2.336727272727273e-05,0.0,-0.0005548540362861644,-5.702289491951216e-10,5.814426622291358e-10
2.3375454545454548e-05,0.0,-0.000529550384560282,-5.466002951412335e-10,5.721852053440154e-10
2.3383636363636366e-05,0.0,-0.0004992942720438746,-5.177098298667024e-10,5.629496520805779e-10
2.3391818181818185e-05,0.0,-0.0004646257361372036,-4.84051188084063e-10,5.537396629669938e-10
2.3400000000000003e-05,0.0,-0.0004261186563845961,-4.4615929351740485e-10,5.445588225763946e-10
2.340818181818182e-05,0.0,-0.0003843722639886325,-4.04602571590804e-10,5.354106376525772e-10
2.341636363636364e-05,0.0,-0.0003400026202831582,-3.5997497042249683e-10,5.262985353482089e-10
2.3424545454545458e-05,0.0,-0.00029363418119420404,-3.1288789965474716e-10,5.172258615829676e-10
2.3432727272727276e-05,0.0,-0.0002458915594587941,-2.6396219456853245e-10,5.081958795149267e-10
2.3440909090909094e-05,0.0,-0.00019739158966835702,-2.1382020943373022e-10,4.992117681299618e-10
2.3449090909090913e-05,0.0,-0.0001487357932065268,-1.6307813921019317e-10,4.902766209451786e-10
2.345727272727273e-05,0.0,-0.00010050333102488895,-1.1233866265804543e-10,4.813934448297701e-10
2.346545454545455e-05,0.0,-5.324452211973559e-05,-6.218399275135385e-11,4.72565158941456e-10
2.3473636363636367e-05,0.0,-7.474994721691149e-06,-1.3169412162805974e-11,4.637945937748306e-10
2.3481818181818186e-05,0.0,3.632947422178923e-05,3.41826373737877e-11,4.5508449032560837e-10
2.3490000000000004e-05,0.0,7.77373875100051e-05,7.938785263805995e-11,4.464374993666298e-10
2.3498181818181822e-05,0.0,0.00011636519235075737,1.2200470439818954e-10,4.378561808372452e-10
2.350636363636364e-05,-0.0,0.0001518801614915756,1.6163837224179452e-10,4.293430033385083e-10
2.351454545454546e-05,-0.0,0.0001840024829371493,1.9794395091390387e-10,4.209003437418154e-10
2.3522727272727277e-05,-0.0,0.000212506561871096,2.306289110405697e-10,4.125304869021354e-10
2.3530909090909095e-05,-0.0,0.00023722154939836233,2.5945480772784983e-10,4.0423562547805543e-10
2.3539090909090913e-05,-0.0,0.0002580311230727847,2.842382408735174e-10,3.9601785985317986e-10
2.354727272727273e-05,-0.0,0.00027487255374113715,3.0485108097475386e-10,3.878791981619841e-10
2.355545454545455e-05,-0.0,0.0002877351019068188,3.21219983628453e-10,3.798215564137807e-10
2.3563636363636368e-05,-0.0,0.00029665779449928,3.333252246904144e-10,3.718467587140579e-10
2.3571818181818186e-05,-0.0,0.0003017266395551585,3.411988960773698e-10,3.639565375799936e-10
2.3580000000000005e-05,-0.0,0.00030307134181856854,3.449225093830332e-10,3.5615253435190133e-10
2.3588181818181823e-05,-0.0,0.00030086158661408655,3.4462406074387084e-10,3.484362996909309e-10
2.359636363636364e-05,-0.0,0.0002953029625185077,3.404746157044113e-10,3.408092941669852e-10
2.360454545454546e-05,-0.0,0.00028663259535771743,3.3268447712433585e-10,3.3327288893077706e-10
2.3612727272727278e-05,-0.0,0.0002751145669037438,3.214990024339142e-10,3.2582836646820134e-10
2.3620909090909096e-05,-0.0,0.0002610351913827295,3.071941387710736e-10,3.1847692143424893e-10
2.3629090909090914e-05,-0.0,0.00024469822158090906,2.9007174571859835e-10,3.1121966156415503e-10
2.3637272727272732e-05,-0.0,0.00022642005401936848,2.704547755358767e-10,3.040576086576015e-10
2.3645454545454547e-05,-0.0,0.0002065249994377708,2.4868237997739653e-10,2.969916996342215e-10
2.3653636363636366e-05,-0.0,0.000185340680771832,2.2510501105912858e-10,2.900227876571269e-10
2.3661818181818184e-05,-0.0,0.00016319361602858845,2.000795805335118e-10,2.8315164332143923e-10
2.3670000000000002e-05,-0.0,0.00014040503806453906,1.7396473943751026e-10,2.7637895590455305e-10
2.367818181818182e-05,-0.0,0.00011728699736615885,1.471163349606694e-10,2.6970533467472223e-10
2.368636363636364e-05,-0.0,9.413878763326105e-05,1.1988309713789907e-10,2.6313131025703727e-10
2.3694545454545457e-05,-0.0,7.124372738636831e-05,9.260260258267746e-11,2.5665733605130586e-10
2.3702727272727275e-05,-0.0,4.886632407198875e-05,6.559755675647109e-11,2.50283789698649e-10
2.3710909090909093e-05,-0.0,2.72498403351849e-05,3.917243020333647e-11,2.4401097459653885e-10
2.371909090909091e-05,-0.0,6.61427537428802e-06,1.3610477870649037e-11,2.3783912145717056e-10
2.372727272727273e-05,-0.0,-1.2845232310837532e-05,-1.0828835805094408e-11,2.3176838990531747e-10
2.3735454545454548e-05,-0.0,-3.0959580825192724e-05,-3.3911989857742125e-11,2.2579887011446395e-10
2.3743636363636366e-05,-0.0,-4.7586465520358686e-05,-5.543312804309339e-11,2.1993058447745807e-10
2.3751818181818185e-05,0.0,-6.261073608337203e-05,-7.52153449213705e-11,2.141634893104859e-10
2.3760000000000003e-05,0.0,-7.594436694950575e-05,-9.311153937572277e-11,2.0849747658197051e-10
2.376818181818182e-05,0.0,-8.752606255889687e-05,-1.0900484393581814e-10,2.0293237567133994e-10
2.377636363636364e-05,0.0,-9.732052305402006e-05,-1.2280864366852146e-10,1.9746795514846758e-10
2.3784545454545458e-05,0.0,-0.00010531739949362287,-1.3446620335249864e-10,1.9210392457420653e-10
2.3792727272727276e-05,0.0,-0.00011152997051870606,-1.4394992612866577e-10,1.8683993631839318e-10
2.3800909090909094e-05,0.0,-0.00011599357463813563,-1.5126027076362976e-10,1.8167558739223688e-10
2.3809090909090912e-05,0.0,-0.00011876383390566277,-1.5642435804927317e-10,1.7661042129441853e-10
2.381727272727273e-05,0.0,-0.00011991470574549243,-1.594942996634789e-10,1.7164392986395618e-10
2.382545454545455e-05,0.0,-0.00011953640006816077,-1.605452850251526e-10,1.6677555514367858e-10
2.3833636363636367e-05,0.0,-0.00011773319862976051,-1.5967346328316783e-10,1.6200469124607663e-10
2.3841818181818185e-05,0.0,-0.00011462121286144516,-1.5699365858844121e-10,1.5733068622286162e-10
2.3850000000000004e-05,0.0,-0.00011032611517525933,-1.5263695722990283e-10,1.5275284393359353e-10
2.3858181818181822e-05,0.0,-0.00010498087708384932,-1.4674820508508566e-10,1.4827042591322903e-10
2.386636363636364e-05,0.0,-9.872354540597616e-05,-1.3948345317212865e-10,1.4388265323556444e-10
2.387454545454546e-05,0.0,-9.169508542056805e-05,-1.3100738793390702e-10,1.3958870836947008e-10
2.3882727272727277e-05,0.0,-8.403731713604095e-05,-1.2149078127182268e-10,1.353877370272819e-10
2.3890909090909095e-05,0.0,-7.589096791785874e-05,-1.1110799332145701e-10,1.312788500049954e-10
2.3899090909090913e-05,0.0,-6.739386162532791e-05,-1.0003455857956336e-10,1.2726112500831108e-10
2.390727272727273e-05,0.0,-5.86792612063007e-05,-8.844488329900731e-11,1.2333360846587693e-10
2.391545454545455e-05,0.0,-4.987437844078333e-05,-7.651007912141333e-11,1.1949531732904726e-10
2.3923636363636368e-05,0.0,-4.109906126352937e-05,-6.439595476975707e-11,1.1574524085350037e-10
2.3931818181818186e-05,0.0,-3.246466588127088e-05,-5.2261184334711004e-11,1.1208234236316975e-10
2.3940000000000005e-05,0.0,-2.4073117779448037e-05,-4.025566730823168e-11,1.0850556099621795e-10
2.3948181818181823e-05,0.0,-1.6016162729420112e-05,-2.85190921009503e-11,1.0501381342962504e-10
2.395636363636364e-05,0.0,-8.37480609792914e-06,-1.7179711381940392e-11,1.0160599558267169e-10
2.396454545454546e-05,0.0,-1.2189361574192467e-06,-6.3533342382728924e-12,9.828098429798845e-11
2.3972727272727278e-05,0.0,5.392875275841555e-06,3.857463078602836e-12,9.50376390005218e-11
2.3980909090909096e-05,0.0,1.1413403668322454e-05,1.3363909133339598e-11,9.187480333090042e-11
2.3989090909090914e-05,0.0,1.6806644703584234e-05,2.2091396230031897e-11,8.879130675561801e-11
2.3997272727272732e-05,0.0,2.15475415373942e-05,2.997963317299131e-11,8.578596615176301e-11
2.400545454545455e-05,-0.0,2.5621579869388835e-05,3.698260120455541e-11,8.285758736705581e-11
2.401363636363637e-05,-0.0,2.9024265322754773e-05,4.3068324630256375e-11,8.000496675352071e-11
2.4021818181818184e-05,-0.0,3.1760498337227855e-05,4.8218469539808236e-11,7.722689267619662e-11
2.4030000000000002e-05,-0.0,3.3843862221770484e-05,5.242778563454113e-11,7.452214699656117e-11
2.403818181818182e-05,-0.0,3.529584019326676e-05,5.5703407472792994e-11,7.188950653123012e-11
2.404636363636364e-05,-0.0,3.614497716068071e-05,5.8064032449111205e-11,6.932774448368613e-11
2.4054545454545457e-05,-0.0,3.642600171775979e-05,5.953899352623894e-11,6.683563185550518e-11
2.4062727272727275e-05,-0.0,3.617892330245293e-05,6.01672451519809e-11,6.441193883183095e-11
2.4070909090909093e-05,-0.0,3.544811879138002e-05,5.999628092272433e-11,6.205543614481206e-11
2.407909090909091e-05,-0.0,3.4281421947661225e-05,5.908100142535851e-11,5.976489641708525e-11
2.408727272727273e-05,-0.0,3.272922815467178e-05,5.7482550302387844e-11,5.753909548496096e-11
2.4095454545454548e-05,-0.0,3.084362577083897e-05,5.5267135974750197e-11,5.537681370506372e-11
2.4103636363636366e-05,-0.0,2.8677564255608116e-05,5.250485563915259e-11,5.327683724356068e-11
2.4111818181818185e-05,-0.0,2.6284067968948013e-05,4.9268537154410086e-11,5.123795935364925e-11
2.4120000000000003e-05,-0.0,2.3715503261050142e-05,4.56326132728072e-11,4.925898164240921e-11
2.412818181818182e-05,-0.0,2.1022905168643892e-05,4.1672041383241876e-11,4.733871532968387e-11
2.413636363636364e-05,-0.0,1.8255368740495847e-05,3.746128053524374e-11,4.547598250377133e-11
2.4144545454545458e-05,-0.0,1.5459508745439513e-05,3.3073336040612205e-11,4.366961737678438e-11
2.4152727272727276e-05,-0.0,1.2678990288174283e-05,2.857888041989383e-11,4.191846754515911e-11
2.4160909090909094e-05,-0.0,9.954131686581598e-06,2.404545790409029e-11,4.0221395259771356e-11
2.4169090909090912e-05,-0.0,7.321579863759749e-06,1.9536778141957495e-11,3.8577278710709495e-11
2.417727272727273e-05,-0.0,4.814057490418325e-06,1.5112103218937892e-11,3.698501333486274e-11
2.418545454545455e-05,-0.0,2.4601801874443357e-06,1.0825730588804846e-11,3.5443513150253e-11
2.4193636363636367e-05,-0.0,2.8434126986127376e-07,6.726573070467356e-12,3.395171212852402e-11
2.4201818181818185e-05,-0.0,-1.693339214571725e-06,2.8578356888965295e-12,3.2508565610083485e-11
2.4210000000000004e-05,-0.0,-3.4570050238190413e-06,-7.432121462468096e-13,3.111305177306701e-11
2.4218181818181822e-05,-0.0,-4.994998229072929e-06,-4.045371818944189e-12,2.976417316647333e-11
2.422636363636364e-05,-0.0,-6.29974249893956e-06,-7.023561805825945e-12,2.84609583150547e-11
2.423454545454546e-05,-0.0,-7.3675802815666705e-06,-9.658779820471005e-12,2.720246340989369e-11
2.4242727272727277e-05,-0.0,-8.198569222737185e-06,-1.1937986355252546e-11,2.598777409270476e-11
2.4250909090909095e-05,0.0,-8.796243284409877e-06,-1.3853915880268807e-11,2.481600734667143e-11
2.4259090909090913e-05,0.0,-9.167344070905475e-06,-1.5404822529940344e-11,2.3686313502899503e-11
2.426727272727273e-05,0.0,-9.321527835060053e-06,-1.659416755864412e-11,2.2597878368342242e-11
2.427545454545455e-05,0.0,-9.271053530644462e-06,-1.7430256165258654e-11,2.154992548514412e-11
2.4283636363636368e-05,0.0,-9.03045710793879e-06,-1.7925831485922563e-11,2.054171851692658e-11
2.4291818181818186e-05,0.0,-8.616217025772813e-06,-1.809763363653281e-11,1.9572563758593313e-11
2.4300000000000005e-05,0.0,-8.046415685236628e-06,-1.796593166098025e-11,1.8641812750260918e-11
2.4308181818181823e-05,0.0,-7.340401186301762e-06,-1.7554036109422874e-11,1.7748864967306414e-11
2.431636363636364e-05,0.0,-6.51845347592e-06,-1.6887799751887475e-11,1.689317053334265e-11
2.432454545454546e-05,0.0,-5.601458601091224e-06,-1.5995113622717633e-11,1.607423287766565e-11
2.4332727272727278e-05,0.0,-4.610594409531801e-06,-1.4905405216225174e-11,1.5291611227255384e-11
2.4340909090909096e-05,0.0,-3.567030661282486e-06,-1.364914520502237e-11,1.4544922770472992e-11
2.4349090909090914e-05,0.0,-2.4916461341511393e-06,-1.2257368559184572e-11,1.383384427871153e-11
2.4357272727272732e-05,0.0,-1.4047649301847344e-06,-1.0761215401780229e-11,1.3158112897632137e-11
2.436545454545455e-05,0.0,-3.2591382330147637e-07,-9.191496363546928e-12,1.2517525737666374e-11
2.437363636363637e-05,0.0,7.263978676573036e-07,-7.578286601799464e-12,1.1911937800852542e-11
2.4381818181818187e-05,0.0,1.7348747383617887e-06,-5.950552037981537e-12,1.1341257689842891e-11
2.4390000000000002e-05,0.0,2.6836072741182614e-06,-4.3358107526330345e-12,1.0805440458297931e-11
2.439818181818182e-05,0.0,3.558218829061768e-06,-2.759831862112284e-12,1.030447690944269e-11
2.440636363636364e-05,0.0,4.3459873807578005e-06,-1.2463735994466666e-12,9.838378668602825e-12
2.4414545454545457e-05,0.0,5.035942092085484e-06,1.8303826336104547e-13,9.407158459504387e-12
2.4422727272727275e-05,0.0,5.6189349514526975e-06,1.5092910761253878e-12,9.010805274278248e-12
2.4430909090909093e-05,0.0,6.087687981225525e-06,2.715825011965057e-12,8.649254564334575e-12
2.443909090909091e-05,0.0,6.436816702760446e-06,3.788732268096262e-12,8.322354214856806e-12
2.444727272727273e-05,0.0,6.662830723988365e-06,4.716816685469752e-12,8.029827863038282e-12
2.4455454545454548e-05,0.0,6.764112472079773e-06,5.491615131765397e-12,7.7712379962853e-12
2.4463636363636366e-05,0.0,6.740875230738086e-06,6.107382372452063e-12,7.545952053330575e-12
2.4471818181818185e-05,0.0,6.595101761622049e-06,6.561041494056606e-12,7.35311522566132e-12
2.4480000000000003e-05,0.0,6.330464894548208e-06,6.852102233660355e-12,7.191633602061927e-12
2.448818181818182e-05,0.0,5.952231562434653e-06,6.982549820951808e-12,7.060170586949723e-12
2.449636363636364e-05,0.0,5.467151834245515e-06,6.956707142568669e-12,6.9571581598070715e-12
2.4504545454545458e-05,-0.0,4.883334562356406e-06,6.781073196867065e-12,6.88082274297369e-12
2.4512727272727276e-05,-0.0,4.210111310743624e-06,6.4641409286235734e-12,6.829223580034063e-12
2.4520909090909094e-05,-0.0,3.4578902691308887e-06,6.016197610332627e-12,6.800300012877939e-12
2.4529090909090912e-05,-0.0,2.638001887427685e-06,5.449110974147886e-12,6.791923171451079e-12
2.453727272727273e-05,-0.0,1.7625379848709271e-06,4.776104300757192e-12,6.801947521485748e-12
2.454545454545455e-05,-0.0,8.441860983433267e-07,4.0115236416582066e-12,6.828258339534961e-12
2.4553636363636367e-05,-0.0,-1.039391666913203e-07,3.1706002842512425e-12,6.868812267993517e-12
2.4561818181818185e-05,-0.0,-1.068466031437467e-06,2.2692114766008883e-12,6.921669347942884e-12
2.4570000000000004e-05,-0.0,-2.0359349565080195e-06,1.3236423107779375e-12,6.985016096197646e-12
2.4578181818181822e-05,-0.0,-2.9929658752503744e-06,3.503515175697662e-13,7.0571800955976915e-12
2.458636363636364e-05,-0.0,-3.926421591941077e-06,-6.342562368780328e-13,7.136637164072662e-12
2.459454545454546e-05,-0.0,-4.823565741037783e-06,-1.6140491467506628e-12,7.22201246430169e-12
2.4602727272727277e-05,-0.0,-5.672213767780957e-06,-2.5733759440914487e-12,7.312076983604088e-12
2.4610909090909095e-05,-0.0,-6.460875467161521e-06,-3.4972604625741735e-12,7.405740713667266e-12
2.4619090909090913e-05,-0.0,-7.1788877067374625e-06,-4.3715813098985975e-12,7.502043674730056e-12
2.462727272727273e-05,-0.0,-7.816536057760097e-06,-5.183235102924278e-12,7.600145715425988e-12
2.463545454545455e-05,-0.0,-8.365164168166402e-06,-5.920281953987962e-12,7.699315802271658e-12
2.4643636363636368e-05,-0.0,-8.817269830915255e-06,-6.5720721343048225e-12,7.798921310139088e-12
2.4651818181818186e-05,-0.0,-9.166586832742742e-06,-7.129353080760344e-12,7.898417678904173e-12
2.4660000000000004e-05,-0.0,-9.408151811398419e-06,-7.584356150906838e-12,7.997338660164592e-12
2.4668181818181823e-05,-0.0,-9.538355501997636e-06,-7.930862764387121e-12,8.095287286348544e-12
2.467636363636364e-05,-0.0,-9.554977912857392e-06,-8.164249803108766e-12,8.191927624147031e-12
2.468454545454546e-05,-0.0,-9.457207136337645e-06,-8.281514363856162e-12,8.286977323294357e-12
2.4692727272727277e-05,-0.0,-9.245641670218696e-06,-8.281278174363515e-12,8.380200939974381e-12
2.4700909090909096e-05,-0.0,-8.922276299787012e-06,-8.163772190461094e-12,8.471403992087113e-12
2.4709090909090914e-05,-0.0,-8.490471768866748e-06,-7.93080208721144e-12,8.560427694066744e-12
2.4717272727272732e-05,-0.0,-7.954908646767361e-06,-7.585695539257728e-12,8.647144311869872e-12
2.472545454545455e-05,-0.0,-7.321525974006031e-06,-7.133232355568293e-12,8.731453077585826e-12
2.473363636363637e-05,-0.0,-6.597445439851178e-06,-6.5795586883368054e-12,8.813276605748397e-12
2.4741818181818187e-05,-0.0,-5.7908820077507325e-06,-5.932086675063833e-12,8.892557757202744e-12
2.4750000000000005e-05,0.0,-4.91104205984826e-06,-5.199380992373726e-12,8.969256895997544e-12
2.4758181818181824e-05,0.0,-3.968010277751239e-06,-4.391033910118166e-12,9.043349496123893e-12
2.476636363636364e-05,0.0,-2.972626610843723e-06,-3.517530515454333e-12,9.114824054572534e-12
2.4774545454545457e-05,0.0,-1.936354802311535e-06,-2.590105849425289e-12,9.183680272431855e-12
2.4782727272727275e-05,0.0,-8.711440439100495e-07,-1.620595745356998e-12,9.249927472205519e-12
2.4790909090909093e-05,0.0,2.107145878183355e-07,-6.212831911689103e-13,9.31358322024123e-12
2.479909090909091e-05,0.0,1.2967351986594727e-06,3.9525795379923455e-13,9.374672130674417e-12
2.480727272727273e-05,0.0,2.3743858887269395e-06,1.416320059450653e-12,9.433224823918143e-12
2.4815454545454548e-05,0.0,3.4312375281406693e-06,2.429217846613133e-12,9.489277026298673e-12
2.4823636363636366e-05,0.0,4.455110714830768e-06,3.4214417735840334e-12,9.542868785298826e-12
2.4831818181818184e-05,0.0,5.434219156319625e-06,4.380806993292417e-12,9.594043791949246e-12
2.4840000000000003e-05,0.0,6.357307764212305e-06,5.295596267987233e-12,9.642848793456478e-12
2.484818181818182e-05,0.0,7.213783818762239e-06,6.1546953197482236e-12,9.68933308553373e-12
2.485636363636364e-05,0.0,7.993839649401212e-06,6.947719205648645e-12,9.733548073570925e-12
2.4864545454545458e-05,0.0,8.688565384583693e-06,7.66512842770758e-12,9.775546893956272e-12
2.4872727272727276e-05,0.0,9.290050450572818e-06,8.298333624727649e-12,9.815384089569292e-12
2.4880909090909094e-05,0.0,9.791472643401188e-06,8.839787834980989e-12,9.853115328569313e-12
2.4889090909090912e-05,0.0,1.0187173759214781e-05,9.283065473972156e-12,9.888797164090254e-12
2.489727272727273e-05,0.0,1.0472720942180457e-05,9.62292733447751e-12,9.922486829316519e-12
2.490545454545455e-05,0.0,1.0644953092512371e-05,9.855371079866198e-12,9.954242060549598e-12
2.4913636363636367e-05,0.0,1.0702011867341633e-05,9.977666872076505e-12,9.984120948070255e-12
2.4921818181818185e-05,0.0,1.0643357002594089e-05,9.988377949340937e-12,1.0012181807981379e-11
2.4930000000000004e-05,0.0,1.046976588325115e-05,9.887366138172623e-12,1.0038483074457012e-11
2.4938181818181822e-05,0.0,1.0183317489701271e-05,9.675782452192152e-12,1.0063083207813598e-11
2.494636363636364e-05,0.0,9.787361045450355e-06,9.356043098395272e-12,1.0086040617032899e-11
2.495454545454546e-05,0.0,9.286469882204749e-06,8.931791367148403e-12,1.0107413594736182e-11
2.4962727272727277e-05,0.0,8.686381219369089e-06,8.40784603563127e-12,1.0127260262287367e-11
2.4970909090909095e-05,0.0,7.993922724837e-06,7.790137054793326e-12,1.0145638522752848e-11
2.4979090909090913e-05,0.0,7.216926881591188e-06,7.085629422429363e-12,1.0162606022887023e-11
2.498727272727273e-05,0.0,6.364134328300665e-06,6.3022362619145095e-12,1.017822011924757e-11
2.499545454545455e-05,0.0,5.445087468971366e-06,5.448722234148204e-12,1.0192537850978316e-11
2.5003636363636368e-05,-0.0,4.470015753827885e-06,4.534598497383977e-12,1.0205615915178039e-11
2.5011818181818186e-05,-0.0,3.4497141192444785e-06,3.570010509331896e-12,1.0217510646222641e-11
2.5020000000000004e-05,-0.0,2.3954161386194795e-06,2.5656200225328843e-12,1.0228277997155723e-11
2.5028181818181823e-05,-0.0,1.3186634793232118e-06,1.5324826675136017e-12,1.0237973524160044e-11
2.503636363636364e-05,-0.0,2.3117328347638443e-07,4.819225457576072e-13,1.0246652369255639e-11
2.504454545454546e-05,-0.0,-8.552949084323725e-07,-5.745947355301146e-13,1.025436924764844e-11
2.5052727272727277e-05,-0.0,-1.929071093191819e-06,-1.6255891647198366e-12,1.0261178433024695e-11
2.5060909090909096e-05,-0.0,-2.9787040452558905e-06,-2.6596921599145484e-12,1.0267133743179069e-11
2.5069090909090914e-05,-0.0,-3.993086371253943e-06,-3.665769772608878e-12,1.0272288526048376e-11
2.5077272727272732e-05,-0.0,-4.961573969761941e-06,-4.6330419518079165e-12,1.027669564489302e-11
2.508545454545455e-05,-0.0,-5.8740985848452145e-06,-5.551196626501679e-12,1.0280407463607278e-11
2.509363636363637e-05,-0.0,-6.72127225373126e-06,-6.410497440481285e-12,1.028347582915428e-11
2.5101818181818187e-05,-0.0,-7.4944825746632705e-06,-7.201884069275413e-12,1.0285952055712182e-11
2.5110000000000005e-05,-0.0,-8.185977859121818e-06,-7.917064148451394e-12,1.0287886905713967e-11
2.5118181818181823e-05,-0.0,-8.788941380329173e-06,-8.548595951015155e-12,1.028933057110941e-11
2.5126363636363642e-05,-0.0,-9.297554083562494e-06,-9.089961069775542e-12,1.0290332651918375e-11
2.5134545454545457e-05,-0.0,-9.70704528009208e-06,-9.535626484539743e-12,1.0290942135621569e-11
2.5142727272727275e-05,-0.0,-1.0013731003657898e-05,-9.881095518239465e-12,1.0291207373990656e-11
2.5150909090909093e-05,-0.0,-1.0215039865316402e-05,-1.0122947314899767e-11,1.0291176058207147e-11
2.515909090909091e-05,-0.0,-1.0309526397862773e-05,-1.0258864605225277e-11,1.0290895194549864e-11
2.516727272727273e-05,-0.0,-1.0296872032282458e-05,-1.0287649650654603e-11,1.0290411078011693e-11
2.5175454545454548e-05,-0.0,-1.0177873992467084e-05,-1.0209228385210142e-11,1.028976926455705e-11
2.5183636363636366e-05,-0.0,-9.954422527968425e-06,-1.0024642897867249e-11,1.0289014542036505e-11
2.5191818181818184e-05,-0.0,-9.62946702662084e-06,-9.736032515742946e-12,1.0288190902542852e-11
2.5200000000000003e-05,-0.0,-9.206971659425682e-06,-9.346603859631749e-12,1.0287341510826837e-11
2.520818181818182e-05,-0.0,-8.691861309100602e-06,-8.860590350283336e-12,1.0286508673322829e-11
2.521636363636364e-05,-0.0,-8.089958620036092e-06,-8.283201738420002e-12,1.0285733807043023e-11
2.5224545454545457e-05,-0.0,-7.407913079140229e-06,-7.62056432128245e-12,1.028505740755356e-11
2.5232727272727276e-05,-0.0,-6.653123092718465e-06,-6.879652585336621e-12,1.0284519014968934e-11
2.5240909090909094e-05,-0.0,-5.833652064208169e-06,-6.068213084983873e-12,1.0284157181902508e-11
2.5249090909090912e-05,-0.0,-4.95813950275827e-06,-5.194681423515767e-12,1.0284009440456995e-11
2.525727272727273e-05,0.0,-4.03570820496305e-06,-4.268093252016957e-12,1.0284112267185165e-11
2.526545454545455e-05,0.0,-3.075868552150521e-06,-3.2979902379456596e-12,1.0284501050507071e-11
2.5273636363636367e-05,0.0,-2.088420953085974e-06,-2.294321982859603e-12,1.0285210057249968e-11
2.5281818181818185e-05,0.0,-1.0833574365103027e-06,-1.2673448844518563e-12,1.0286272398566324e-11
2.5290000000000004e-05,0.0,-7.076336065210916e-08,-2.275189457592979e-13,1.0287719997207559e-11
2.5298181818181822e-05,0.0,9.392798398091641e-07,8.145964690892936e-13,1.028958355487817e-11
2.530636363636364e-05,0.0,1.9367900021927125e-06,1.8484469447463e-12,1.0291892519932513e-11
2.5314545454545458e-05,0.0,2.911976870916078e-06,2.8635864216706532e-12,1.0294675054718403e-11
2.5322727272727277e-05,0.0,3.855331273538749e-06,3.8497787609423885e-12,1.0297958006512254e-11
2.5330909090909095e-05,0.0,4.757710159712873e-06,4.797096562360315e-12,1.0301766876352242e-11
2.5339090909090913e-05,0.0,5.610416896240387e-06,5.696016370975045e-12,1.030612578865475e-11
2.534727272727273e-05,0.0,6.405276283934487e-06,6.53750945652604e-12,1.0311057464752315e-11
2.535545454545455e-05,0.0,7.134703833170268e-06,7.313127402267978e-12,1.03165831959737e-11
2.5363636363636368e-05,0.0,7.791768903361629e-06,8.015081793637286e-12,1.0322722815263109e-11
2.5371818181818186e-05,0.0,8.37025137706066e-06,8.636317360476521e-12,1.0329494674423699e-11
2.5380000000000004e-05,0.0,8.864691602483206e-06,9.170577989675871e-12,1.0336915621554469e-11
2.5388181818181823e-05,0.0,9.270433398878823e-06,9.61246508577761e-12,1.0345000976597495e-11
2.539636363636364e-05,0.0,9.583659976003343e-06,9.957487833193445e-12,1.0353764512956985e-11
2.540454545454546e-05,0.0,9.801422670404063e-06,1.0202104975388292e-11,1.0363218439018779e-11
2.5412727272727277e-05,0.0,9.921662446629561e-06,1.0343757799209987e-11,1.0373373379924702e-11
2.5420909090909096e-05,0.0,9.943224151633352e-06,1.0380894084458418e-11,1.0384238362097497e-11
2.5429090909090914e-05,0.0,9.865863547070714e-06,1.0312982847955658e-11,1.0395820801454163e-11
2.5437272727272732e-05,0.0,9.690247177825639e-06,1.014051978205404e-11,1.0408126490623532e-11
2.544545454545455e-05,0.0,9.417945165712848e-06,9.865023359715553e-12,1.0421159588189375e-11
2.545363636363637e-05,0.0,9.051417044143397e-06,9.489021648207878e-12,1.0434922613406773e-11
2.5461818181818187e-05,0.0,8.593990772652276e-06,9.016029940022065e-12,1.0449416438721458e-11
2.5470000000000005e-05,0.0,8.04983509095715e-06,8.450519382942043e-12,1.046464028563663e-11
2.5478181818181823e-05,0.0,7.423925392727456e-06,7.797876854604624e-12,1.04805917249018e-11
2.548636363636364e-05,0.0,6.72200332092206e-06,7.064356394110504e-12,1.049726667567848e-11
2.549454545454546e-05,0.0,5.950530309469153e-06,6.2570225698159684e-12,1.0514659407698816e-11
2.5502727272727278e-05,-0.0,5.116635319504281e-06,5.3836862234416575e-12,1.0532762547422434e-11
2.5510909090909093e-05,-0.0,4.228057042174541e-06,4.45283309202699e-12,1.0551567084219638e-11
2.551909090909091e-05,-0.0,3.293080865258613e-06,3.4735458700105095e-12,1.0571062378527115e-11
2.552727272727273e-05,-0.0,2.320470929341162e-06,2.4554203298160162e-12,1.0591236174837404e-11
2.5535454545454548e-05,-0.0,1.3193976321271927e-06,1.4084761711366712e-12,1.0612074614384895e-11
2.5543636363636366e-05,-0.0,2.993609762339244e-07,3.430633242543754e-13,1.0633562249788241e-11
2.5551818181818184e-05,-0.0,-7.298898050869413e-07,-7.302355229399874e-13,1.0655682063823683e-11
2.5560000000000003e-05,-0.0,-1.7584398696079785e-06,-1.8007053616869268e-12,1.0678415490322893e-11
2.556818181818182e-05,-0.0,-2.7762951190941034e-06,-2.8576014083782174e-12,1.0701742433448283e-11
2.557636363636364e-05,-0.0,-3.77347072406907e-06,-3.8902528733453516e-12,1.0725641293525608e-11
2.5584545454545457e-05,-0.0,-4.74008121497882e-06,-4.888167039263025e-12,1.0750088994241983e-11
2.5592727272727276e-05,-0.0,-5.666431487197763e-06,-5.8411327100423666e-12,1.0775061009094899e-11
2.5600909090909094e-05,-0.0,-6.543108021392733e-06,-6.739322078334265e-12,1.0800531391573328e-11
2.5609090909090912e-05,-0.0,-7.361069578413609e-06,-7.57339005121878e-12,1.082647280966357e-11
2.561727272727273e-05,-0.0,-8.111736590151503e-06,-8.334570072853721e-12,1.0852856578078031e-11
2.562545454545455e-05,-0.0,-8.78707843451343e-06,-9.014765490132906e-12,1.0879652694262123e-11
2.5633636363636367e-05,-0.0,-9.379697753736657e-06,-9.606635525797577e-12,1.0906829877514016e-11
2.5641818181818185e-05,-0.0,-9.882910952001292e-06,-1.0103674948489713e-11,1.0934355608430992e-11
2.5650000000000003e-05,-0.0,-1.0290823993316987e-05,-1.050028656435268e-11,1.0962196169657561e-11
2.5658181818181822e-05,-0.0,-1.0598402616575881e-05,-1.0791845700607213e-11,1.0990316689788435e-11
2.566636363636364e-05,-0.0,-1.08015360927007e-05,-1.0974755906445568e-11,1.1018681188375116e-11
2.5674545454545458e-05,-0.0,-1.0897093668634016e-05,-1.1046495160936403e-11,1.1047252621387867e-11
2.5682727272727276e-05,-0.0,-1.0882972873799885e-05,-1.1005651953327814e-11,1.1075992930239726e-11
2.5690909090909095e-05,-0.0,-1.0758138906925465e-05,-1.0851950683268938e-11,1.1104863090506655e-11
2.5699090909090913e-05,-0.0,-1.0522654376301178e-05,-1.0586265923256888e-11,1.1133823162334251e-11
2.570727272727273e-05,-0.0,-1.0177698736358782e-05,-1.0210625185860934e-11,1.1162832343612091e-11
2.571545454545455e-05,-0.0,-9.725576848176531e-06,-9.728199947317172e-12,1.1191849022514628e-11
2.5723636363636368e-05,-0.0,-9.16971618973592e-06,-9.143284794538464e-12,1.1220830831569418e-11
2.5731818181818186e-05,-0.0,-8.514652351270993e-06,-8.46126468541317e-12,1.1249734704613435e-11
2.5740000000000004e-05,-0.0,-7.766002570411259e-06,-7.688570435706191e-12,1.1278516932009208e-11
2.5748181818181823e-05,-0.0,-6.9304271908067814e-06,-6.832622677314319e-12,1.1307133218471108e-11
2.575636363636364e-05,0.0,-6.015579066646289e-06,-5.9017646626588445e-12,1.133553874185011e-11
2.576454545454546e-05,0.0,-5.030041082910852e-06,-4.905184420354233e-12,1.1363688212902487e-11
2.5772727272727277e-05,0.0,-3.983252114596688e-06,-3.852826898232793e-12,1.1391535932857312e-11
2.5780909090909096e-05,0.0,-2.8854219038689905e-06,-2.755296856329497e-12,1.1419035856234692e-11
2.5789090909090914e-05,0.0,-1.7474354891785284e-06,-1.6237533928481118e-12,1.1446141651927748e-11
2.5797272727272732e-05,0.0,-5.807479731552222e-07,-4.697971032676188e-13,1.1472806761753576e-11
2.580545454545455e-05,0.0,6.027294343619471e-07,6.946490203790448e-13,1.1498984465458223e-11
2.581363636363637e-05,0.0,1.7907510171754666e-06,1.857463748519288e-12,1.1524627941933886e-11
2.5821818181818187e-05,0.0,2.970864579938771e-06,3.0064555402556273e-12,1.1549690330105538e-11
2.5830000000000005e-05,0.0,4.130544559721947e-06,4.129492876582716e-12,1.1574124792669802e-11
2.5838181818181823e-05,0.0,5.257328770801127e-06,5.2146355805022434e-12,1.159788457816582e-11
2.584636363636364e-05,0.0,6.338957239462862e-06,6.25026566370193e-12,1.1620923083002032e-11
2.585454545454546e-05,0.0,7.363511511185112e-06,7.225216211038396e-12,1.1643193912962272e-11
2.5862727272727278e-05,0.0,8.319552756626904e-06,8.128896809734459e-12,1.1664650946308359e-11
2.5870909090909096e-05,0.0,9.196256967444712e-06,8.951414038254894e-12,1.1685248393566767e-11
2.5879090909090915e-05,0.0,9.98354552076739e-06,9.683685560246665e-12,1.1704940859544307e-11
2.588727272727273e-05,0.0,1.0672209404199806e-05,1.03175464164642e-11,1.1723683403121128e-11
2.5895454545454548e-05,0.0,1.1254025431738544e-05,1.0845846175171855e-11,1.174143159707826e-11
2.5903636363636366e-05,0.0,1.1721862843788123e-05,1.1262535686175875e-11,1.1758141586837663e-11
2.5911818181818184e-05,0.0,1.2069778770275419e-05,1.1562742286283654e-11,1.177377014878088e-11
2.5920000000000003e-05,0.0,1.2293101144333103e-05,1.1742832424663973e-11,1.17882747470231e-11
2.592818181818182e-05,0.0,1.2388497785522313e-05,1.1800460811000166e-11,1.1801613589838093e-11
2.593636363636364e-05,0.0,1.2354030525857279e-05,1.1734605339219223e-11,1.1813745684797378e-11
2.5944545454545457e-05,0.0,1.2189193427057718e-05,1.1545587200874792e-11,1.1824630891474702e-11
2.5952727272727276e-05,0.0,1.1894934330056393e-05,1.123507577569398e-11,1.1834229975210926e-11
2.5960909090909094e-05,0.0,1.1473659184186197e-05,1.0806078066568006e-11,1.1842504658147746e-11
2.5969090909090912e-05,0.0,1.0929218820996325e-05,1.0262912633573232e-11,1.1849417667433678e-11
2.597727272727273e-05,0.0,1.026687806457166e-05,9.611168173357883e-12,1.1854932785015294e-11
2.598545454545455e-05,0.0,9.493267304567483e-06,8.857647080097021e-12,1.1859014894269642e-11
2.5993636363636367e-05,0.0,8.61631689652531e-06,8.010294517465354e-12,1.1861630023132573e-11
2.6001818181818185e-05,-0.0,7.645174991646279e-06,7.0781137152826034e-12,1.1862745388524743e-11
2.6010000000000003e-05,-0.0,6.590109630211208e-06,6.071068386919495e-12,1.1862329438435827e-11
2.601818181818182e-05,-0.0,5.462396155621056e-06,4.999973331937183e-12,1.1860351889802468e-11
2.602636363636364e-05,-0.0,4.274191217332172e-06,3.8763744509591964e-12,1.1856783766137776e-11
2.6034545454545458e-05,-0.0,3.0383948287770154e-06,2.712419541649419e-12,1.1851597434735391e-11
2.6042727272727276e-05,-0.0,1.7685021276813729e-06,1.5207213767145378e-12,1.1844766639338548e-11
2.6050909090909095e-05,-0.0,4.784466468540925e-07,3.142146743272164e-13,1.1836266530503849e-11
2.6059090909090913e-05,-0.0,-8.175629605835533e-07,-8.939913364381903e-13,1.1826073696805076e-11
2.606727272727273e-05,-0.0,-2.105210689087719e-06,-2.0907629843996212e-12,1.1814166191545998e-11
2.607545454545455e-05,-0.0,-3.370243309024009e-06,-3.263093038901819e-12,1.1800523557072894e-11
2.6083636363636368e-05,-0.0,-4.598640670811642e-06,-4.398250565799528e-12,1.1785126848678283e-11
2.6091818181818186e-05,-0.0,-5.7767839772633325e-06,-5.483927912703557e-12,1.1767958654989975e-11
2.6100000000000004e-05,-0.0,-6.891619824210965e-06,-6.508383007648855e-12,1.1749003116068836e-11
2.6108181818181822e-05,-0.0,-7.930817849649481e-06,-7.460575203294221e-12,1.172824594027806e-11
2.611636363636364e-05,-0.0,-8.882919904467403e-06,-8.330292970503607e-12,1.1705674417938122e-11
2.612454545454546e-05,-0.0,-9.737478761580578e-06,-9.108271842240794e-12,1.168127743303146e-11
2.6132727272727277e-05,-0.0,-1.0485184512055513e-05,-9.786301126747609e-12,1.1655045473009865e-11
2.6140909090909096e-05,-0.0,-1.1117976954146974e-05,-1.0357318045117783e-11,1.1626970635957196e-11
2.6149090909090914e-05,-0.0,-1.1629142462776014e-05,-1.0815488106129566e-11,1.1597046635601414e-11
2.6157272727272732e-05,-0.0,-1.2013394031899067e-05,-1.115627070454867e-11,1.1565268804177635e-11
2.616545454545455e-05,-0.0,-1.226693340838372e-05,-1.1376469115618434e-11,1.1531634093425607e-11
2.617363636363637e-05,-0.0,-1.2387494479420053e-05,-1.1474264257346291e-11,1.1496141072509046e-11
2.6181818181818187e-05,-0.0,-1.2374367330999355e-05,-1.144923180127858e-11,1.1458789925453744e-11
2.6190000000000005e-05,-0.0,-1.222840265785868e-05,-1.1302342425483311e-11,1.1419582444569768e-11
2.6198181818181823e-05,-0.0,-1.1951996472217704e-05,-1.1035945220146822e-11,1.1378522023080971e-11
2.620636363636364e-05,-0.0,-1.1549055327248319e-05,-1.0653734477188539e-11,1.1335613645756123e-11
2.621454545454546e-05,-0.0,-1.1024942538615596e-05,-1.0160700304654467e-11,1.1290863876489386e-11
2.6222727272727278e-05,-0.0,-1.0386406149210518e-05,-9.563063720424981e-12,1.1244280844809659e-11
2.6230909090909096e-05,-0.0,-9.641489632942863e-06,-8.868197077648562e-12,1.1195874231418635e-11
2.6239090909090915e-05,-0.0,-8.799426568274339e-06,-8.08453086236067e-12,1.1145655249709211e-11
2.6247272727272733e-05,-0.0,-7.870520727840638e-06,-7.2214480805915675e-12,1.1093636626618691e-11
2.6255454545454548e-05,0.0,-6.866013225302258e-06,-6.289167608459708e-12,1.103983258295116e-11
2.6263636363636366e-05,0.0,-5.797938532862153e-06,-5.298618018430578e-12,1.0984258809513968e-11
2.6271818181818184e-05,0.0,-4.6789713300571e-06,-4.2613035142822035e-12,1.092693244409191e-11
2.6280000000000002e-05,0.0,-3.5222662629975955e-06,-3.1891637018602624e-12,1.0867872044923327e-11
2.628818181818182e-05,0.0,-2.341292780251166e-06,-2.0944289992179393e-12,1.0807097564231049e-11
2.629636363636364e-05,0.0,-1.149667265868616e-06,-9.894735320880315e-13,1.0744630319403705e-11
2.6304545454545457e-05,0.0,3.901528775736778e-08,1.1333260952365787e-13,1.0680492962586727e-11
2.6312727272727276e-05,0.0,1.2113478333023403e-06,1.2017698856390302e-12,1.0614709450495369e-11
2.6320909090909094e-05,0.0,2.354273853650712e-06,2.2639127468395817e-12,1.0547305010209538e-11
2.6329090909090912e-05,0.0,3.4552438545581985e-06,3.2882682119519285e-12,1.0478306107520904e-11
2.633727272727273e-05,0.0,4.502363741988929e-06,4.2639078669843e-12,1.0407740410280973e-11
2.634545454545455e-05,0.0,5.484533192149622e-06,5.18059166936568e-12,1.0335636753259153e-11
2.6353636363636367e-05,0.0,6.391572279370247e-06,6.028882062188355e-12,1.0262025101113997e-11
2.6361818181818185e-05,0.0,7.214334806504613e-06,6.800247040675301e-12,1.0186936510928988e-11
2.6370000000000003e-05,0.0,7.94480698130015e-06,7.487150971374967e-12,1.0110403092544992e-11
2.637818181818182e-05,0.0,8.57619029808442e-06,8.083132133929431e-12,1.0032457969490072e-11
2.638636363636364e-05,0.0,9.102967715071154e-06,8.582866142568824e-12,9.953135238583162e-12
2.6394545454545458e-05,0.0,9.520952460370782e-06,8.982214594260213e-12,9.872469928914035e-12
2.6402727272727276e-05,0.0,9.827319049737314e-06,9.278258494635451e-12,9.790497959448153e-12
2.6410909090909095e-05,0.0,1.0020616351096968e-05,9.469316215488283e-12,9.70725609751394e-12
2.6419090909090913e-05,0.0,1.0100762780795832e-05,9.554945945013662e-12,9.62278191565431e-12
2.642727272727273e-05,0.0,1.0069023961450003e-05,9.535932795070735e-12,9.537113747141871e-12
2.643545454545455e-05,0.0,9.927973409007973e-06,9.4142609321891e-12,9.45029064385148e-12
2.6443636363636368e-05,0.0,9.68143704418567e-06,9.193071287643904e-12,9.362352331381584e-12
2.6451818181818186e-05,0.0,9.33442253676489e-06,8.876605588428625e-12,9.273339163268466e-12
2.6460000000000004e-05,0.0,8.89303468608225e-06,8.47013762031379e-12,9.18329207796869e-12
2.6468181818181822e-05,0.0,8.364378214210582e-06,7.97989278738389e-12,9.092252552896802e-12
2.647636363636364e-05,0.0,7.756449498348309e-06,7.412957176063373e-12,9.00026255922404e-12
2.648454545454546e-05,0.0,7.078018895232396e-06,6.77717744900121e-12,8.9073645163451e-12
2.6492727272727277e-05,0.0,6.338505412098663e-06,6.081052996570475e-12,8.813601247203858e-12
2.6500909090909095e-05,-0.0,5.547845554049144e-06,5.333621854645421e-12,8.719015932240523e-12
2.6509090909090914e-05,-0.0,4.716358224666927e-06,4.544341954139504e-12,8.623652063657427e-12
2.6517272727272732e-05,-0.0,3.8546075744643766e-06,3.722969305917606e-12,8.527553401197581e-12
2.652545454545455e-05,-0.0,2.973265681141225e-06,2.87943473578797e-12,8.430763926136827e-12
2.653363636363637e-05,-0.0,2.082976908674875e-06,2.0237207804057944e-12,8.333327796309182e-12
2.6541818181818187e-05,-0.0,1.1942257307839657e-06,1.1657403177427172e-12,8.23528930230468e-12
2.6550000000000005e-05,-0.0,3.1720971916739955e-07,3.1521846218335993e-13,8.136692821622035e-12
2.6558181818181823e-05,-0.0,-5.382807114375132e-07,-5.184208231551423e-13,8.037582776005446e-12
2.656636363636364e-05,-0.0,-1.3629743396442106e-06,-1.326162030552663e-12,7.938003586454667e-12
2.657454545454546e-05,-0.0,-2.148221642924934e-06,-2.0994980699436988e-12,7.83799963109934e-12
2.6582727272727278e-05,-0.0,-2.886086624478943e-06,-2.8305217537583623e-12,7.737615202058317e-12
2.6590909090909096e-05,-0.0,-3.5694269897605327e-06,-3.5120078017998396e-12,7.636894463191635e-12
2.6599090909090915e-05,-0.0,-4.191961885997313e-06,-4.137484512511199e-12,7.535881408222307e-12
2.6607272727272733e-05,-0.0,-4.748326610327256e-06,-4.701294400273399e-12,7.434619820833574e-12
2.661545454545455e-05,-0.0,-5.234113889637786e-06,-5.1986432608302055e-12,7.33315323361108e-12
2.662363636363637e-05,-0.0,-5.645901534425797e-06,-5.625637290942992e-12,7.231524888323244e-12
2.6631818181818184e-05,-0.0,-5.9812664657512086e-06,-5.9793080582161326e-12,7.129777698764126e-12
2.6640000000000002e-05,-0.0,-6.238785304777468e-06,-6.257625279517017e-12,7.027954210931763e-12
2.664818181818182e-05,-0.0,-6.418021896045344e-06,-6.4594975336000905e-12,6.9260965678660206e-12
2.665636363636364e-05,-0.0,-6.519502307264e-06,-6.584761187892298e-12,6.8242464726796535e-12
2.6664545454545457e-05,-0.0,-6.544678008754998e-06,-6.6341579721498096e-12,6.722445154005111e-12
2.6672727272727275e-05,-0.0,-6.49587808246548e-06,-6.6093017711847146e-12,6.620733332115868e-12
2.6680909090909094e-05,-0.0,-6.376251440606025e-06,-6.512635339553521e-12,6.519151185411434e-12
2.6689090909090912e-05,-0.0,-6.189700144878148e-06,-6.347377756739271e-12,6.417738319557411e-12
2.669727272727273e-05,-0.0,-5.940805007939806e-06,-6.117463546510384e-12,6.31653373621084e-12
2.670545454545455e-05,-0.0,-5.634744729695826e-06,-5.827474468912095e-12,6.2155758040248864e-12
2.6713636363636367e-05,-0.0,-5.277209872912155e-06,-5.482565067263571e-12,6.114902230136468e-12
2.6721818181818185e-05,-0.0,-4.874313015311881e-06,-5.088383105562562e-12,6.0145500334251165e-12
2.6730000000000003e-05,-0.0,-4.432496427564546e-06,-4.650986071445693e-12,5.914555518490862e-12
2.673818181818182e-05,-0.0,-3.958438617566425e-06,-4.176754938137372e-12,5.814954251802202e-12
2.674636363636364e-05,-0.0,-3.4589610518113844e-06,-3.672306384280055e-12,5.7157810379994615e-12
2.6754545454545458e-05,0.0,-2.9409363167715175e-06,-3.144404657279105e-12,5.617069899061841e-12
2.6762727272727276e-05,0.0,-2.411198919751364e-06,-2.5998742354882704e-12,5.518854053008273e-12
2.6770909090909095e-05,0.0,-1.876459851378519e-06,-2.045514402436038e-12,5.421165895327182e-12
2.6779090909090913e-05,0.0,-1.3432259412364332e-06,-1.4880167869909427e-12,5.324036981628304e-12
2.678727272727273e-05,0.0,-8.177249344705853e-07,-9.338868524281715e-13,5.2274980112865064e-12
2.679545454545455e-05,0.0,-3.0583710208027184e-07,-3.8937023553974853e-13,5.131578812292005e-12
2.6803636363636368e-05,0.0,1.869659258081387e-07,1.3961525668623226e-13,5.036308328573962e-12
2.6811818181818186e-05,0.0,6.556745424486097e-07,6.475412842066522e-13,4.941714607442968e-12
2.6820000000000004e-05,0.0,1.0957863315561934e-06,1.1293236467479158e-12,4.847824789046601e-12
2.6828181818181822e-05,0.0,1.5033427186209368e-06,1.5803695029248088e-12,4.7546650973058885e-12
2.683636363636364e-05,0.0,1.8749569373305656e-06,1.996616765660124e-12,4.662260832225906e-12
2.684454545454546e-05,0.0,2.20783327225987e-06,2.3745654189301634e-12,4.570636362812897e-12
2.6852727272727277e-05,0.0,2.499777665650258e-06,2.711300617765447e-12,4.4798151225829696e-12
2.6860909090909095e-05,0.0,2.7491998958899974e-06,3.004507550291253e-12,4.389819605311493e-12
2.6869090909090914e-05,0.0,2.9551076458589295e-06,3.25247815002153e-12,4.300671362433038e-12
2.6877272727272732e-05,0.0,3.1170928799303512e-06,3.4541098550030606e-12,4.212391001676486e-12
2.688545454545455e-05,0.0,3.235311039441655e-06,3.60889671016481e-12,4.124998187628243e-12
2.689363636363637e-05,0.0,3.310453647752212e-06,3.7169132013995666e-12,4.0385116420278304e-12
2.6901818181818187e-05,0.0,3.3437149862683466e-06,3.778791295564693e-12,3.9529491463439186e-12
2.6910000000000005e-05,0.0,3.336753560029234e-06,3.795691235018781e-12,3.86832754520916e-12
2.6918181818181823e-05,0.0,3.2916491143353683e-06,3.769266698342386e-12,3.78466275100817e-12
2.692636363636364e-05,0.0,3.210855992791693e-06,3.7016249953919474e-12,3.70196974881332e-12
2.693454545454546e-05,0.0,3.0971536435065387e-06,3.5952830052376036e-12,3.620262603910096e-12
2.6942727272727278e-05,0.0,2.9535950853057012e-06,3.4531195968866795e-12,3.5395544683711054e-12
2.6950909090909096e-05,0.0,2.7834541398044605e-06,3.2783252945254343e-12,3.4598575897145988e-12
2.6959090909090914e-05,0.0,2.5901722173372916e-06,3.074349955223059e-12,3.3811833203574628e-12
2.6967272727272733e-05,0.0,2.3773054148538e-06,2.8448492245608005e-12,3.3035421275069004e-12
2.697545454545455e-05,0.0,2.148472643152001e-06,2.5936305253760098e-12,3.226943604258954e-12
2.698363636363637e-05,0.0,1.9073054515574177e-06,2.3245993073478894e-12,3.1513964805104075e-12
2.6991818181818188e-05,0.0,1.6574001625320396e-06,2.041706257679911e-12,3.076908636055528e-12
2.7000000000000002e-05,-0.0,1.4022728676898343e-06,1.7488961279193778e-12,3.0034871132959195e-12
2.700818181818182e-05,-0.0,1.1453177702954355e-06,1.4500587865434675e-12,2.9311381300543027e-12
2.701636363636364e-05,-0.0,8.897692877349838e-07,1.1489830518944057e-12,2.8598670948580562e-12
2.7024545454545457e-05,-0.0,6.386682521117128e-07,8.493137973027948e-13,2.7896786204871117e-12
2.7032727272727275e-05,-0.0,3.9483247052811367e-07,5.545127587756857e-13,2.720576538984386e-12
2.7040909090909094e-05,-0.0,1.608318310947076e-07,2.6782340517687276e-13,2.652563918368264e-12
2.7049090909090912e-05,-0.0,-6.103193269885888e-08,-7.759839521671728e-15,2.585643077142132e-12
2.705727272727273e-05,-0.0,-2.687407780494811e-07,-2.695178016956813e-13,2.519815600839621e-12
2.706545454545455e-05,-0.0,-4.605712177713715e-07,-5.150280451117447e-13,2.4550823591793568e-12
2.7073636363636367e-05,-0.0,-6.351006093923748e-07,-7.4218156240864e-13,2.3914435220856995e-12
2.7081818181818185e-05,-0.0,-7.912090257946162e-07,-9.491946629581355e-13,2.3288985770891176e-12
2.7090000000000003e-05,-0.0,-9.280769201304636e-07,-1.1346161141601802e-12,2.2674463466525438e-12
2.709818181818182e-05,-0.0,-1.0451788457599766e-06,-1.2973296567448738e-12,2.2070850059761335e-12
2.710636363636364e-05,-0.0,-1.142273533416586e-06,-1.4365520708263182e-12,2.147812099600422e-12
2.7114545454545458e-05,-0.0,-1.2193906637314212e-06,-1.5518270221049969e-12,2.089624560339425e-12
2.7122727272727276e-05,-0.0,-1.2768147035996645e-06,-1.6430149667906663e-12,2.0325187269386985e-12
2.7130909090909094e-05,-0.0,-1.3150661983911733e-06,-1.7102794316575572e-12,1.9764903616333805e-12
2.7139090909090913e-05,-0.0,-1.334880927314288e-06,-1.7540700227234457e-12,1.921534668477224e-12
2.714727272727273e-05,-0.0,-1.3371873361931e-06,-1.775102543985221e-12,1.867646311957655e-12
2.715545454545455e-05,-0.0,-1.3230826618939488e-06,-1.7743366284401084e-12,1.814819434825744e-12
2.7163636363636368e-05,-0.0,-1.2938081574691051e-06,-1.752951298140481e-12,1.7630476758386488e-12
2.7171818181818186e-05,-0.0,-1.2507238176335953e-06,-1.7123188817113175e-12,1.7123241895512156e-12
2.7180000000000004e-05,-0.0,-1.1952829899047746e-06,-1.6539777137980024e-12,1.6626416636816964e-12
2.7188181818181822e-05,-0.0,-1.1290072366209928e-06,-1.5796040435015911e-12,1.6139923368617066e-12
2.719636363636364e-05,-0.0,-1.0534617871268975e-06,-1.4909835643133701e-12,1.566368018489291e-12
2.720454545454546e-05,-0.0,-9.702318892252862e-07,-1.3899829642109146e-12,1.5197601060587567e-12
2.7212727272727277e-05,-0.0,-8.809003367592682e-07,-1.2785218766040702e-12,1.4741596034509267e-12
2.7220909090909095e-05,-0.0,-7.87026417275926e-07,-1.1585455846835272e-12,1.4295571398904582e-12
2.7229090909090914e-05,-0.0,-6.90126489980281e-07,-1.0319988066785969e-12,1.3859429882739302e-12
2.7237272727272732e-05,-0.0,-5.916563686956471e-07,-9.008008581676802e-13,1.3433070824139481e-12
2.724545454545455e-05,-0.0,-4.929956470877942e-07,-7.668224511533573e-13,1.3016390368862679e-12
2.725363636363637e-05,0.0,-3.9543406525371434e-07,-6.318643562790881e-13,1.2609281641715104e-12
2.7261818181818187e-05,0.0,-3.0015998001327956e-07,-4.976381176738149e-13,1.2211634930390567e-12
2.7270000000000005e-05,0.0,-2.0825096731682938e-07,-3.6574896941684176e-13,1.1823337877595376e-12
2.7278181818181823e-05,0.0,-1.2066655399633698e-07,-2.3768106637107573e-13,1.1444275651877077e-12
2.728636363636364e-05,0.0,-3.8243046531955976e-08,-1.147851069433982e-13,1.1074331129163346e-12
2.729454545454546e-05,0.0,3.83096041105509e-08,1.7316183191531549e-15,1.0713385089798524e-12
2.7302727272727278e-05,0.0,1.0840898949314726e-07,1.1081274550985983e-13,1.0361316378055359e-12
2.7310909090909096e-05,0.0,1.715995941537076e-07,2.1155795576587797e-13,1.0018002098315325e-12
2.7319090909090914e-05,0.0,2.275504401633218e-07,3.032257551915803e-13,9.683317798084504e-13
2.7327272727272733e-05,0.0,2.7605117118689507e-07,3.8523400632839814e-13,9.35713763419773e-13
2.733545454545455e-05,0.0,3.1700673315300037e-07,4.571583267354263e-13,9.039334559702023e-13
2.734363636363637e-05,0.0,3.504308185190088e-07,5.187284963911935e-13,8.729780522532096e-13
2.7351818181818187e-05,0.0,3.7643824905136853e-07,5.698230293635391e-13,8.428346607637185e-13
2.7360000000000006e-05,0.0,3.952364768053197e-07,6.104620874796699e-13,8.134903245012485e-13
2.7368181818181824e-05,0.0,4.0711638353161124e-07,6.407989239168498e-13,7.84932039288554e-13
2.737636363636364e-05,0.0,4.1244255532265566e-07,6.611100525144859e-13,7.571467688824769e-13
2.7384545454545457e-05,0.0,4.1164320342587247e-07,6.717843492972042e-13,7.301214648649993e-13
2.7392727272727275e-05,0.0,4.0519989528333585e-07,6.733112924519812e-13,7.03843085406459e-13
2.7400909090909094e-05,0.0,3.936372522953752e-07,6.662685470121635e-13,6.782986096496967e-13
2.7409090909090912e-05,0.0,3.775127616278603e-07,6.513091006014947e-13,6.534750590439958e-13
2.741727272727273e-05,0.0,3.5740683760491587e-07,6.291481479185259e-13,6.293595141751233e-13
2.742545454545455e-05,0.0,3.339132540166873e-07,6.005499138566236e-13,6.059391303259126e-13
2.7433636363636367e-05,0.0,3.076300534416422e-07,5.66314599463639e-13,5.83201158351593e-13
2.7441818181818185e-05,0.0,2.7915102500025694e-07,5.272656144722356e-13,5.611329608143853e-13
2.7450000000000003e-05,0.0,2.49057828294487e-07,4.842372556941045e-13,5.397220288955425e-13
2.745818181818182e-05,0.0,2.1791282783021988e-07,4.380629695449556e-13,5.189560022864112e-13
2.746636363636364e-05,0.0,1.8625268789447968e-07,3.895643209209382e-13,4.988226852206927e-13
2.7474545454545458e-05,0.0,1.545827625873783e-07,3.3954077832211807e-13,4.793100634060014e-13
2.7482727272727276e-05,0.0,1.2337230067813718e-07,2.887604036758153e-13,4.60406324370725e-13
2.7490909090909094e-05,0.0,9.305047164815762e-08,2.379515174692347e-13,4.420998719583199e-13
2.7499090909090913e-05,0.0,6.400320820927895e-08,1.8779539744954319e-13,4.2437934536488337e-13
2.750727272727273e-05,-0.0,3.657085092352265e-08,1.3892004530721936e-13,4.072336364317552e-13
2.751545454545455e-05,-0.0,1.104657106217897e-08,9.189504448555412e-14,3.906519051545186e-13
2.7523636363636367e-05,-0.0,-1.2324461851318662e-08,4.722751387105166e-14,3.746235982425218e-13
2.7531818181818186e-05,-0.0,-3.334521036248613e-08,5.359147104052848e-15,3.591384648814099e-13
2.7540000000000004e-05,-0.0,-5.186624675909082e-08,-3.333568496325915e-14,3.4418657125209777e-13
2.7548181818181822e-05,-0.0,-6.778463196724683e-08,-6.855080533960661e-14,3.29758317116965e-13
2.755636363636364e-05,-0.0,-8.104225219276713e-08,-1.0004812427431426e-13,3.158444493817183e-13
2.756454545454546e-05,-0.0,-9.162367213102851e-08,-1.2765661068981638e-13,3.024360735478484e-13
2.7572727272727277e-05,-0.0,-9.955356614975353e-08,-1.5127040989330919e-13,2.895246660669788e-13
2.7580909090909095e-05,-0.0,-1.0489379103261872e-07,-1.7084618117245199e-13,2.771020835594564e-13
2.7589090909090914e-05,-0.0,-1.0774016438916314e-07,-1.8639973392089195e-13,2.651605663426467e-13
2.7597272727272732e-05,-0.0,-1.0821901113361979e-07,-1.9800204794560197e-13,2.536927437205358e-13
2.760545454545455e-05,-0.0,-1.0648353729649006e-07,-2.0577476447987552e-13,2.4269163153207296e-13
2.7613636363636368e-05,-0.0,-1.0271008731609714e-07,-2.098852368422733e-13,2.321506238546597e-13
2.7621818181818187e-05,-0.0,-9.709433867473594e-08,-2.1054123151778655e-13,2.2206348214722556e-13
2.7630000000000005e-05,-0.0,-8.984748575917301e-08,-2.0798536792572157e-13,2.1242431342123437e-13
2.7638181818181823e-05,-0.0,-8.119246185387898e-08,-2.0248938462764484e-13,2.0322754040940568e-13
2.764636363636364e-05,-0.0,-7.136024351447441e-08,-1.9434831813338243e-13,1.9446786376869769e-13
2.765454545454546e-05,-0.0,-6.058627587281696e-08,-1.838746739358158e-13,1.8614021011435328e-13
2.7662727272727278e-05,-0.0,-4.9107052170674645e-08,-1.7139266945740193e-13,1.782396698298418e-13
2.7670909090909096e-05,-0.0,-3.7156876962131576e-08,-1.5723262059619897e-13,1.707614215829724e-13
2.7679090909090914e-05,-0.0,-2.496483953978648e-08,-1.4172553855499232e-13,1.6370064357118845e-13
2.7687272727272733e-05,-0.0,-1.275202087562913e-08,-1.2519800136197493e-13,1.570524137141076e-13
2.769545454545455e-05,-0.0,-7.289527974075044e-10,-1.079673525980835e-13,1.5081160041589156e-13
2.770363636363637e-05,-0.0,1.0906657308925649e-08,-9.033727923317627e-14,1.449727460403501e-13
2.7711818181818187e-05,-0.0,2.197192782359973e-08,-7.259381125525812e-14,1.3952995362079268e-13
2.7720000000000006e-05,-0.0,3.230052495522454e-08,-5.50017796828849e-14,1.3447677940162451e-13
2.7728181818181824e-05,-0.0,4.174410201342404e-08,-3.780176308786564e-14,1.2980614357329137e-13
2.7736363636363642e-05,-0.0,5.0173454131995633e-08,-2.120754821483205e-14,1.25510274824816e-13
2.7744545454545457e-05,-0.0,5.7479389629793325e-08,-5.404121191283129e-15,1.2158069609286218e-13
2.7752727272727275e-05,0.0,6.357332313406453e-08,9.453797393124709e-15,1.1800827009916395e-13
2.7760909090909094e-05,0.0,6.838759912875102e-08,2.324266770981235e-14,1.147833208791151e-13
2.7769090909090912e-05,0.0,7.187555645554436e-08,3.587049555856143e-14,1.1189583877797507e-13
2.777727272727273e-05,0.0,7.401134455961109e-08,4.727665057355698e-14,1.0933578144885393e-13
2.778545454545455e-05,0.0,7.4789502312511e-08,5.743114824894217e-14,1.0709348073130691e-13
2.7793636363636367e-05,0.0,7.422431146604915e-08,6.633341009977341e-14,1.0516014840124848e-13
2.7801818181818185e-05,0.0,7.234893930709747e-08,7.401052013845199e-14,1.0352848364633362e-13
2.7810000000000003e-05,0.0,6.92143876163899e-08,8.051500265409379e-14,1.0219337205319177e-13
2.781818181818182e-05,0.0,6.488826612789171e-08,8.592214784050837e-14,1.0115265628216423e-13
2.782636363636364e-05,0.0,5.9453408095545754e-08,9.032691827391851e-14,1.0040796501202054e-13
2.7834545454545458e-05,0.0,5.3006344519667e-08,9.38404721456734e-14,9.996556858389277e-14
2.7842727272727276e-05,0.0,4.56556536194893e-08,9.658634256899893e-14,9.983722948438119e-14
2.7850909090909094e-05,0.0,3.752020370539876e-08,9.869631833476414e-14,1.0004100462689474e-13
2.7859090909090913e-05,0.0,2.8727309637709532e-08,1.0030607360896631e-13,1.0060195192084054e-13
2.786727272727273e-05,0.0,1.941082399706008e-08,1.0155059759959598e-13,1.0155267713846372e-13
2.787545454545455e-05,0.0,9.70918334935622e-09,1.0255948187852136e-13,1.029336632749647e-13
2.7883636363636367e-05,0.0,-2.365715008951002e-10,1.0345212355480281e-13,1.0479332315663335e-13
2.7891818181818186e-05,0.0,-1.0284783045198369e-08,1.043329087938934e-13,1.071877278478677e-13
2.7900000000000004e-05,0.0,-2.0295153291893208e-08,1.0528644477522248e-13,1.1018000249618672e-13
2.7908181818181822e-05,0.0,-3.0130687919798156e-08,1.0637291097277717e-13,1.1383941848541354e-13
2.791636363636364e-05,0.0,-3.965958671701899e-08,1.0762360524629227e-13,1.1824025670864967e-13
2.792454545454546e-05,0.0,-4.8757059368064575e-08,1.0903676494306247e-13,1.2346057583854012e-13
2.7932727272727277e-05,0.0,-5.7307047362360096e-08,1.1057374400475896e-13,1.2958103177420835e-13
2.7940909090909095e-05,0.0,-6.520383405470295e-08,1.121556325662735e-13,1.3668390179275046e-13
2.7949090909090913e-05,0.0,-7.235352480252337e-08,1.1366040799199557e-13,1.448524351193531e-13
2.7957272727272732e-05,0.0,-7.867537811267848e-08,1.149207055901842e-13,1.5417059500452896e-13
2.796545454545455e-05,0.0,-8.410296823948751e-08,1.1572230400253614e-13,1.647231973516282e-13
2.7973636363636368e-05,0.0,-8.85851606659274e-08,1.1580341547107236e-13,1.7659640100219206e-13
2.7981818181818187e-05,0.0,-9.208688404712511e-08,1.148548735097944e-13,1.898784633705527e-13
2.7990000000000005e-05,0.0,-9.458968422993094e-08,1.1252130976322218e-13,2.046606750530188e-13
2.7998181818181823e-05,0.0,-9.609204691041471e-08,1.0840340593825366e-13,2.2103838173056014e-13
2.800636363636364e-05,-0.0,-9.660947559729263e-08,1.0206130479884521e-13,2.3911202857830905e-13
2.801454545454546e-05,-0.0,-9.617431201543047e-08,9.301925707315567e-14,2.5898818482083026e-13
2.8022727272727278e-05,-0.0,-9.4835287904854e-08,8.077157186639656e-14,2.8078051731273934e-13
2.8030909090909096e-05,-0.0,-9.265680020464145e-08,6.478992914133511e-14,3.04610710727547e-13
2.8039090909090914e-05,-0.0,-8.971790476333849e-08,4.4532100578248916e-14,3.306093392930133e-13
2.8047272727272733e-05,-0.0,-8.611102603656072e-08,1.9452106413467652e-14,3.5891669453597204e-13
2.805545454545455e-05,-0.0,-8.194038183656449e-08,-1.0988177103818408e-14,3.8968358642585373e-13
2.806363636363637e-05,-0.0,-7.73201241443838e-08,-4.730596877041724e-14,4.230721350542199e-13
2.8071818181818187e-05,-0.0,-7.237220023706906e-08,-8.998312473711925e-14,4.592565588899865e-13
2.8080000000000006e-05,-0.0,-6.7223942851293e-08,-1.3945032862297933e-13,4.984239785203924e-13
2.8088181818181824e-05,-0.0,-6.200540280011964e-08,-1.9607001727566565e-13,5.407752450738293e-13
2.8096363636363642e-05,-0.0,-5.684644145433997e-08,-2.601181620757529e-13,5.865257989432998e-13
2.810454545454546e-05,-0.0,-5.187360385859187e-08,-3.3176505743698503e-13,6.359065712883942e-13
2.811272727272728e-05,-0.0,-4.72067969676739e-08,-4.1105530910397186e-13,6.891649328624068e-13
2.8120909090909093e-05,-0.0,-4.2955802494116386e-08,-4.978872508887065e-13,7.465656942654527e-13
2.8129090909090912e-05,-0.0,-3.921666009484533e-08,-5.91992060290119e-13,8.083921656114189e-13
2.813727272727273e-05,-0.0,-3.6067963075514086e-08,-6.92912887094511e-13,8.749472804825711e-13
2.8145454545454548e-05,-0.0,-3.356711445735434e-08,-7.999843504088666e-13,9.465547834019786e-13
2.8153636363636367e-05,-0.0,-3.174659611558149e-08,-9.123128028531079e-13,1.0235604923929618e-12
2.8161818181818185e-05,-0.0,-3.061030872186659e-08,-1.0287578059682272e-12,1.1063336361471977e-12
2.8170000000000003e-05,-0.0,-3.013004636843914e-08,-1.147915298601613e-12,1.1952682691952255e-12
2.817818181818182e-05,-0.0,-3.024217697234435e-08,-1.2681029820569471e-12,1.2907847737996402e-12
2.818636363636364e-05,-0.0,-3.084460675036778e-08,-1.3873484800799487e-12,1.3933314485627891e-12
2.8194545454545458e-05,-0.0,-3.179411302535823e-08,-1.503380862715223e-12,1.5033861887083905e-12
2.8202727272727276e-05,-0.0,-3.2904134152634944e-08,-1.6136261510298633e-12,1.6214582674298927e-12
2.8210909090909094e-05,-0.0,-3.394310930750932e-08,-1.715207434579519e-12,1.748090213892653e-12
2.8219090909090913e-05,-0.0,-3.463346524623894e-08,-1.8049502483114443e-12,1.8838598033313507e-12
2.822727272727273e-05,-0.0,-3.4651351946714775e-08,-1.879393853038266e-12,2.0293821569132476e-12
2.823545454545455e-05,-0.0,-3.362723306987434e-08,-1.9348090560305677e-12,2.1853119588686077e-12
2.8243636363636367e-05,-0.0,-3.114743902243847e-08,-1.9672231850173854e-12,2.3523457992964956e-12
2.8251818181818186e-05,0.0,-2.6756789530119714e-08,-1.972452792869987e-12,2.531224644467265e-12
2.8260000000000004e-05,0.0,-1.9962389737220415e-08,-1.9461446195594294e-12,2.7227364412861536e-12
2.8268181818181822e-05,0.0,-1.0238699940243194e-08,-1.883825272956359e-12,2.92771886838869e-12
2.827636363636364e-05,0.0,2.966025752192365e-09,-1.7809600012205229e-12,3.1470622306080295e-12
2.828454545454546e-05,0.0,2.022184342666774e-08,-1.6330208327949552e-12,3.381712510438788e-12
2.8292727272727277e-05,0.0,4.2107688182097104e-08,-1.4355642364661892e-12,3.6326745857646416e-12
2.8300909090909095e-05,0.0,6.920034487012638e-08,-1.1843183110182622e-12,3.901015612249143e-12
2.8309090909090913e-05,0.0,1.0206177671122686e-07,-8.752793609330935e-13,4.187868587387976e-12
2.831727272727273e-05,0.0,1.412247893470538e-07,-5.048175284445204e-13,4.494436101036008e-12
2.832545454545455e-05,0.0,1.871770319010079e-07,-6.979095767259974e-14,4.821994278230166e-12
2.8333636363636368e-05,0.0,2.403433639568975e-07,4.323322476815112e-13,5.171896926665891e-12
2.8341818181818186e-05,0.0,3.0106664952766283e-07,1.0033452488653918e-12,5.545579898148507e-12
2.8350000000000005e-05,0.0,3.695870768245933e-07,1.6441680986555728e-12,5.94456566854e-12
2.8358181818181823e-05,0.0,4.4602014528831907e-07,2.354709249035098e-12,6.370468152651992e-12
2.836636363636364e-05,0.0,5.303335074418741e-07,3.1337246932391645e-12,6.824997758490648e-12
2.837454545454546e-05,0.0,6.223229017197604e-07,3.978676765539768e-12,7.30996669457773e-12
2.8382727272727278e-05,0.0,7.215874638140069e-07,4.885594904441699e-12,7.82729453952479e-12
2.8390909090909096e-05,0.0,8.275047592549829e-07,5.8489409602190204e-12,8.37901408682321e-12
2.8399090909090914e-05,0.0,9.392059392641611e-07,6.861481895443207e-12,8.967277472402566e-12
2.8407272727272733e-05,0.0,1.055551484229216e-06,7.914172983852346e-12,9.594362602650295e-12
2.841545454545455e-05,0.0,1.1751080622473237e-06,8.996054850274225e-12,1.026267988906803e-11
2.842363636363637e-05,0.0,1.2961270921039555e-06,1.0094167905371793e-11,1.0974779306900836e-11
2.8431818181818187e-05,0.0,1.4165256600361459e-06,1.1193487907442864e-11,1.1733357788198138e-11
2.8440000000000006e-05,0.0,1.533870497749238e-06,1.2276886522909343e-11,1.2541266961740038e-11
2.8448181818181824e-05,0.0,1.6453657850290325e-06,1.3325120849209813e-11,1.3401521257976139e-11
2.8456363636363642e-05,0.0,1.7478455920428014e-06,1.4316855898614928e-11,1.4317306387821062e-11
2.846454545454546e-05,0.0,1.8377718209275371e-06,1.5228724017088953e-11,1.5291988212948728e-11
2.847272727272728e-05,0.0,1.9112385404309344e-06,1.603542511339657e-11,1.6329122021777033e-11
2.8480909090909097e-05,0.0,1.963983629265933e-06,1.6709871399643094e-11,1.7432462226397648e-11
2.848909090909091e-05,0.0,1.9914086525950916e-06,1.72233800851565e-11,1.8605972495583433e-11
2.849727272727273e-05,0.0,1.988607890676343e-06,1.7545917113936144e-11,1.9853836341744428e-11
2.8505454545454548e-05,-0.0,1.950407416903551e-06,1.7646394588869055e-11,2.118046817544427e-11
2.8513636363636366e-05,-0.0,1.8714150807476242e-06,1.7493023977085423e-11,2.25905248469169e-11
2.8521818181818185e-05,-0.0,1.7460821858930895e-06,1.7053726537453376e-11,2.408891769048929e-11
2.8530000000000003e-05,-0.0,1.5687775628531598e-06,1.629660165142171e-11,2.568082508963368e-11
2.853818181818182e-05,-0.0,1.3338746176320007e-06,1.519045287160623e-11,2.7371705581086923e-11
2.854636363636364e-05,-0.0,1.0358517930744479e-06,1.3705370528723142e-11,2.916731151614879e-11
2.8554545454545458e-05,-0.0,6.694067060842892e-07,1.1813368665825864e-11,3.107370329673047e-11
2.8562727272727276e-05,-0.0,2.2958401961402465e-07,9.489072894062152e-12,3.3097264208172956e-11
2.8570909090909094e-05,-0.0,-2.880831289508403e-07,6.7104545073596974e-12,3.524471586383568e-11
2.8579090909090913e-05,-0.0,-8.874185923899139e-07,3.4596048542261125e-12,3.752313428483244e-11
2.858727272727273e-05,-0.0,-1.5714363241614597e-06,-2.764574376139746e-13,3.993996663434692e-11
2.859545454545455e-05,-0.0,-2.342162221667423e-06,-4.504955240259937e-12,4.25030486232287e-11
2.8603636363636367e-05,-0.0,-3.200446151315341e-06,-9.22650804746672e-12,4.522062261331824e-11
2.8611818181818186e-05,-0.0,-4.145765993427227e-06,-1.4434285271494738e-11,4.810135643406125e-11
2.8620000000000004e-05,-0.0,-5.176025958971236e-06,-2.0113171024310296e-11,5.115436293580413e-11
2.8628181818181822e-05,-0.0,-6.287351865353762e-06,-2.623895513120855e-11,5.4389220302299664e-11
2.863636363636364e-05,-0.0,-7.4738865092414525e-06,-3.277756648907926e-11,5.781599313914218e-11
2.864454545454546e-05,-0.0,-8.727588733130412e-06,-3.9684366150833896e-11,6.144525436600424e-11
2.8652727272727277e-05,-0.0,-1.0038040241346503e-05,-4.690351864603872e-11,6.528810792955528e-11
2.8660909090909095e-05,-0.0,-1.1392264672786465e-05,-5.436746101046188e-11,6.935621235959765e-11
2.8669090909090913e-05,-0.0,-1.2774563874035275e-05,-6.199648975489207e-11,7.366180519438144e-11
2.867727272727273e-05,-0.0,-1.4166376727941804e-05,-6.969848651606962e-11,7.821772828982153e-11
2.868545454545455e-05,-0.0,-1.5546166267505796e-05,-7.736880336943364e-11,8.303745404134301e-11
2.8693636363636368e-05,-0.0,-1.688934112965176e-05,-8.489032870301845e-11,8.813511253629852e-11
2.8701818181818186e-05,-0.0,-1.8168217664521433e-05,-9.213375412086709e-11,9.352551966117495e-11
2.8710000000000005e-05,-0.0,-1.9352029200283275e-05,-9.895806202826252e-11,9.922420618059881e-11
2.8718181818181823e-05,-0.0,-2.040698905838996e-05,-1.0521125232412274e-10,1.052474478176958e-10
2.872636363636364e-05,-0.0,-2.129641390625391e-05,-1.1073132495004551e-10,1.1161229634810212e-10
2.873454545454546e-05,-0.0,-2.19809139087679e-05,-1.1534753291110135e-10,1.1833661173530832e-10
2.8742727272727278e-05,-0.0,-2.2418655881737384e-05,-1.1888191776274593e-10,1.2543909532537298e-10
2.8750909090909096e-05,0.0,-2.2565705244787704e-05,-1.2115113644282522e-10,1.3293932411960657e-10
2.8759090909090914e-05,0.0,-2.237645200635399e-05,-1.2196858471754082e-10,1.4085778614930467e-10
2.8767272727272732e-05,0.0,-2.180412527865388e-05,-1.2114681839909482e-10,1.4921591696843692e-10
2.877545454545455e-05,0.0,-2.080139990702602e-05,-1.1850026890316473e-10,1.580361372823186e-10
2.878363636363637e-05,0.0,-1.9321097697457407e-05,-1.1384824466077927e-10,1.673418917367499e-10
2.8791818181818187e-05,0.0,-1.7316984431825884e-05,-1.0701820441425428e-10,1.7715768887465974e-10
2.8800000000000005e-05,0.0,-1.4744662368740914e-05,-9.784928255847712e-11,1.8750914228671266e-10
2.8808181818181824e-05,0.0,-1.1562556239618773e-05,-8.619604047944836e-11,1.9842301296744152e-10
2.8816363636363642e-05,0.0,-7.732988870026447e-06,-7.193241136792309e-11,2.099272528883146e-10
2.882454545454546e-05,0.0,-3.223340494401192e-06,-5.495579931922291e-11,2.2205104980919096e-10
2.883272727272728e-05,0.0,1.9927163997139982e-06,-3.5191286749701586e-11,2.34824873336042e-10
2.8840909090909097e-05,0.0,7.93391724769502e-06,-1.2595897386407097e-11,2.4828052223303536e-10
2.8849090909090915e-05,0.0,1.4610053672453052e-05,1.2837144595303392e-11,2.62451173010511e-10
2.8857272727272733e-05,0.0,2.2020585529448416e-05,4.1074225167394605e-11,2.7737142978467584e-10
2.8865454545454548e-05,0.0,3.0153235118150732e-05,7.203729275498715e-11,2.930773754236373e-10
2.8873636363636366e-05,0.0,3.898258467147167e-05,1.0560002984894645e-10,3.0960662398757936e-10
2.8881818181818185e-05,0.0,4.8468700947523526e-05,1.4158432650002837e-10,3.269983744593571e-10
2.8890000000000003e-05,0.0,5.855581340004049e-05,1.797571424673527e-10,3.452934657742093e-10
2.889818181818182e-05,0.0,6.917107494154503e-05,2.1982784806772976e-10,3.6453443315028807e-10
2.890636363636364e-05,0.0,8.022343667749638e-05,2.6144613595902696e-10,3.847655657096182e-10
2.8914545454545458e-05,0.0,9.160267011537004e-05,3.042005970447412e-10,4.0603296539783336e-10
2.8922727272727276e-05,0.0,0.00010317857217125475,3.4761805327851416e-10,4.283846071879076e-10
2.8930909090909094e-05,0.0,0.00011480038973766567,3.911637382102055e-10,4.5187040056221893e-10
2.8939090909090912e-05,0.0,0.00012629650156864613,4.342424125591214e-10,4.765422522665009e-10
2.894727272727273e-05,0.0,0.00013747439570991325,4.762004967870944e-10,5.024541303153363e-10
2.895545454545455e-05,0.0,0.00014812098058006727,5.163292954908896e-10,5.296621292398106e-10
2.8963636363636367e-05,0.0,0.00015800326702131853,5.538693793673665e-10,5.582245365560226e-10
2.8971818181818185e-05,0.0,0.00016686945711516578,5.880161794752022e-10,5.882019004313373e-10
2.8980000000000004e-05,0.0,0.0001744504732360582,6.179268354954479e-10,6.196570985295225e-10
2.8988181818181822e-05,0.0,0.00018046195763817067,6.427283246974706e-10,6.526554079999407e-10
2.899636363636364e-05,0.0,0.00018460676878962,6.615268813822694e-10,6.872645765846766e-10
2.900454545454546e-05,-0.0,0.0001865779956466195,6.734186977753351e-10,7.235548948098724e-10
2.9012727272727277e-05,-0.0,0.00018606250506973356,6.775018767974438e-10,7.61599269218813e-10
2.9020909090909095e-05,-0.0,0.0001827450306114233,6.728895850052845e-10,8.014732966093417e-10
2.9029090909090913e-05,-0.0,0.00017631280295086772,6.587243304550259e-10,8.43255339231035e-10
2.903727272727273e-05,-0.0,0.0001664607133399318,6.341932655457912e-10,8.870266008868212e-10
2.904545454545455e-05,-0.0,0.00015289699159440554,5.985443893237351e-10,9.328712038947258e-10
2.9053636363636368e-05,-0.0,0.00013534936947866933,5.51103497579474e-10,9.808762668467517e-10
2.9061818181818186e-05,-0.0,0.000113571688871948,4.912917027344416e-10,1.0311319831017317e-09
2.9070000000000005e-05,-0.0,8.735090197489593e-05,4.186433193623856e-10,1.0837316999544363e-09
2.9078181818181823e-05,-0.0,5.6514398145458966e-05,3.3282388567198916e-10,1.1387719984013388e-09
2.908636363636364e-05,-0.0,2.0937578897446716e-05,2.3364806685625407e-10,1.1963527734343119e-09
2.909454545454546e-05,-0.0,-1.944841066615075e-05,1.2109716336784057e-10,1.2565773147805653e-09
2.9102727272727278e-05,-0.0,-6.464889897702747e-05,-4.664073562761501e-12,1.3195523880042321e-09
2.9110909090909096e-05,-0.0,-0.00011459797171594081,-1.43271634979056e-10,1.3853883158813144e-09
2.9119090909090914e-05,-0.0,-0.00016915095272394958,-2.941477866062362e-10,1.4541990599536855e-09
2.9127272727272732e-05,-0.0,-0.00022807722455567414,-4.564882826918779e-10,1.5261023021617131e-09
2.913545454545455e-05,-0.0,-0.00029105354194033077,-6.292516104402217e-10,1.601219526453724e-09
2.914363636363637e-05,-0.0,-0.0003576580009198021,-8.1115061658229e-10,1.6796761002601288e-09
2.9151818181818187e-05,-0.0,-0.00042736483431065855,-1.000646864818661e-09,1.7616013557185934e-09
2.9160000000000005e-05,-0.0,-0.0004995402100753309,-1.195948064460242e-09,1.8471286705318751e-09
2.9168181818181824e-05,-0.0,-0.0005734392128729718,-1.3950088961813333e-09,1.9363955483284486e-09
2.9176363636363642e-05,-0.0,-0.0006482041901836192,-1.5955355400736764e-09,2.0295436983999857e-09
2.918454545454546e-05,-0.0,-0.0007228646426600926,-1.7949941838980171e-09,2.1267191146762284e-09
2.919272727272728e-05,-0.0,-0.000796338833476515,-1.9906237554063055e-09,2.2280721537961254e-09
2.9200909090909097e-05,-0.0,-0.0008674372831501045,-2.1794530817740233e-09,2.3337576121281714e-09
2.9209090909090915e-05,-0.0,-0.0009348683043853321,-2.358322631572449e-09,2.44393480158726e-09
2.9217272727272733e-05,-0.0,-0.0009972457157369468,-2.5239109404579477e-09,2.5587676240885408e-09
2.922545454545455e-05,-0.0,-0.001053098853166167,-2.6727657611131777e-09,2.678424644476435e-09
2.9233636363636366e-05,-0.0,-0.0011008849747794333,-2.8013399113341207e-09,2.8030791617575485e-09
2.9241818181818185e-05,-0.0,-0.0011390041261571439,-2.906031722006677e-09,2.9329092784633743e-09
2.9250000000000003e-05,0.0,-0.0011658165017328955,-2.983229909717923e-09,3.0680979679630703e-09
2.925818181818182e-05,0.0,-0.0011796623017780125,-3.0293626176534558e-09,3.208833139541262e-09
2.926636363636364e-05,0.0,-0.0011788840448670626,-3.0409502841582307e-09,3.355307701048156e-09
2.9274545454545458e-05,0.0,-0.0011618512525164942,-3.014661911909334e-09,3.5077196189293288e-09
2.9282727272727276e-05,0.0,-0.001126987376355326,-2.9473742232186343e-09,3.6662719754304853e-09
2.9290909090909094e-05,0.0,-0.0010727987891475427,-2.8362330998190414e-09,3.831173022775155e-09
2.9299090909090912e-05,0.0,-0.0009979056097750869,-2.6787166199561858e-09,4.002636234103054e-09
2.930727272727273e-05,0.0,-0.0009010740795347517,-2.4726989231659706e-09,4.180880350953805e-09
2.931545454545455e-05,0.0,-0.0007812501535190104,-2.2165140553035416e-09,4.3661294270757745e-09
2.9323636363636367e-05,0.0,-0.0006375939172429037,-1.9090188747749487e-09,4.558612868338694e-09
2.9331818181818185e-05,0.0,-0.0004695143859290039,-1.5496540371424294e-09,4.758565468519871e-09
2.9340000000000004e-05,0.0,-0.0002767041929243909,-1.1385020209441068e-09,4.966227440732743e-09
2.9348181818181822e-05,0.0,-5.9173625615161466e-05,-6.763411143078461e-10,5.18184444426163e-09
2.935636363636364e-05,0.0,0.00018271657700382664,-1.6469425132392838e-10,5.40566760656701e-09
2.936454545454546e-05,0.0,0.0004482242901422743,3.94128429342141e-10,5.637953540215068e-09
2.9372727272727277e-05,0.0,0.0007361975904980555,9.969944320484174e-10,5.878964354490019e-09
2.9380909090909095e-05,0.0,0.0010450495488594253,1.639922270569256e-09,6.1289676614414665e-09
2.9389090909090913e-05,0.0,0.0013727369292204725,2.3180644320751247e-09,6.388236576116678e-09
2.939727272727273e-05,0.0,0.0017167435034429327,3.025700964872031e-09,6.657049710726782e-09
2.940545454545455e-05,0.0,0.0020740686877892068,3.756244643931411e-09,6.935691162496705e-09
2.9413636363636368e-05,0.0,0.0024412221934343036,4.502258576132841e-09,7.2244504949416205e-09
2.9421818181818186e-05,0.0,0.0028142253564775836,5.255486994897444e-09,7.523622712317727e-09
2.9430000000000005e-05,0.0,0.003188619773284445,6.006899861661477e-09,7.83350822699423e-09
2.9438181818181823e-05,0.0,0.0035594838136109377,6.746751739860213e-09,8.154412819489142e-09
2.944636363636364e-05,0.0,0.003921457516492961,7.464655236582824e-09,8.486647590917089e-09
2.945454545454546e-05,0.0,0.004268776292104861,8.149669118953987e-09,8.830528907597704e-09
2.9462727272727278e-05,0.0,0.004595313756715981,8.79040100811431e-09,9.18637833757105e-09
2.9470909090909096e-05,0.0,0.004894633917741464,9.375124335283016e-09,9.554522578774518e-09
2.9479090909090914e-05,0.0,0.005160052802195199,9.891909014028456e-09,9.935293378632527e-09
2.9487272727272732e-05,0.0,0.00538470948537916,1.0328765043135145e-08,1.032902744481774e-08
2.949545454545455e-05,0.0,0.005561646328437669,1.0673798008268268e-08,1.0736066346944864e-08
2.950363636363637e-05,-0.0,0.005683898074808032,1.091537520124052e-08,1.1156756408961973e-08
2.9511818181818187e-05,-0.0,0.005744589288241034,1.1042300826617741e-08,1.1591448592008228e-08
2.9520000000000005e-05,-0.0,0.0057370394408643,1.104399852044423e-08,1.2040498367517761e-08
2.9528181818181824e-05,-0.0,0.005654874780918648,1.0910699169023912e-08,1.2504265580347457e-08
2.9536363636363642e-05,-0.0,0.005492145928782433,1.0633631791126458e-08,1.298311430171911e-08
2.954454545454546e-05,-0.0,0.005243449969432635,1.0205215038969599e-08,1.3477412671773517e-08
2.955272727272728e-05,-0.0,0.0049040556325206965,9.619246686185115e-09,1.3987532731538565e-08
2.9560909090909097e-05,-0.0,0.0044700299809064085,8.871088309016736e-09,1.4513850244125705e-08
2.9569090909090915e-05,-0.0,0.0039383648680928005,7.957842234457954e-09,1.505674450497683e-08
2.9577272727272733e-05,-0.0,0.003307101277954109,6.8785177299777335e-09,1.561659814099466e-08
2.958545454545455e-05,-0.0,0.0025754495299325476,5.6341833477578756e-09,1.619379689839825e-08
2.959363636363637e-05,-0.0,0.001743903223000016,4.228102315510521e-09,1.6788729419161558e-08
2.9601818181818188e-05,-0.0,0.0008143447055985047,2.665847889105791e-09,1.7401787005899003e-08
2.9610000000000003e-05,-0.0,-0.000209860200155943,9.553956521246762e-10,1.8033363375078057e-08
2.961818181818182e-05,-0.0,-0.0013237805203090433,-8.928101337857713e-10,1.868385439845602e-08
2.962636363636364e-05,-0.0,-0.002520853792542536,-2.8658188546727987e-09,1.9353657832641522e-08
2.9634545454545458e-05,-0.0,-0.0037928373262383153,-4.94816705252992e-09,2.0043173036710142e-08
2.9642727272727276e-05,-0.0,-0.005129779235215399,-7.12190535037725e-09,2.0752800677809644e-08
2.9650909090909094e-05,-0.0,-0.0065200113002945904,-9.366660705563676e-09,2.1482942424705684e-08
2.9659090909090912e-05,-0.0,-0.007950165558526533,-1.1659735530281896e-08,2.2234000629246095e-08
2.966727272727273e-05,-0.0,-0.009405216313446683,-1.3976244798692731e-08,2.300637799572673e-08
2.967545454545455e-05,-0.0,-0.010868549015959409,-1.6289291796409545e-08,2.3800477238169258e-08
2.9683636363636367e-05,-0.0,-0.012322057178942475,-1.8570182664439678e-08,2.461670072553652e-08
2.9691818181818185e-05,-0.0,-0.013746268161661072,-2.078867935088506e-08,2.5455450114929364e-08
2.9700000000000004e-05,-0.0,-0.015120498294600285,-2.2913290015539175e-08,2.63171259728342e-08
2.9708181818181822e-05,-0.0,-0.01642303741415922,-2.491159534151633e-08,2.7202127384502968e-08
2.971636363636364e-05,-0.0,-0.01763136244338555,-2.675060860155455e-08,2.8110851551579343e-08
2.972454545454546e-05,-0.0,-0.01872237919394451,-2.8397166712647202e-08,2.904369337809473e-08
2.9732727272727277e-05,-0.0,-0.019672691080968988,-2.981834889983192e-08,3.000104504499133e-08
2.9740909090909095e-05,-0.0,-0.02045889294223476,-3.098191898743982e-08,3.098329557334237e-08
2.9749090909090913e-05,-0.0,-0.02105788764286357,-3.1856786753466634e-08,3.199083037647299e-08
2.975727272727273e-05,0.0,-0.021447222633746533,-3.2413483229802823e-08,3.3024030801198646e-08
2.976545454545455e-05,0.0,-0.02160544312395147,-3.2624644317876306e-08,3.408327365843148e-08
2.9773636363636368e-05,0.0,-0.021512458032873435,-3.246549662580842e-08,3.516893074342165e-08
2.9781818181818186e-05,0.0,-0.02114991441553937,-3.1914339029334745e-08,3.628136834593323e-08
2.9790000000000004e-05,0.0,-0.02050157561328908,-3.095301312402873e-08,3.7420946750671704e-08
2.9798181818181823e-05,0.0,-0.019553697981171743,-2.9567355479869698e-08,3.858801972831159e-08
2.980636363636364e-05,0.0,-0.018295400691969874,-2.7747624439323476e-08,3.9782934017495325e-08
2.981454545454546e-05,0.0,-0.016719022823794834,-2.5488894124470036e-08,4.1006028798201146e-08
2.9822727272727277e-05,0.0,-0.014820461712387295,-2.2791408343936543e-08,4.225763515690329e-08
2.9830909090909096e-05,0.0,-0.012599486398829214,-1.9660887221962502e-08,4.353807554397443e-08
2.9839090909090914e-05,0.0,-0.010060019935917193,-1.6108779614036373e-08,4.484766322380652e-08
2.9847272727272732e-05,0.0,-0.007210384338738001,-1.215245472896425e-08,4.618670171814973e-08
2.985545454545455e-05,0.0,-0.004063502082830369,-7.815326847184946e-09,4.755548424319974e-08
2.986363636363637e-05,0.0,-0.0006370482713827668,-3.1269076091897454e-09,4.8954293140984214e-08
2.9871818181818187e-05,0.0,0.0030464520854109564,1.877218956133152e-09,5.03833993056294e-08
2.9880000000000005e-05,0.0,0.006959586808483353,7.15550268952129e-09,5.184306160511075e-08
2.9888181818181824e-05,0.0,0.011070083901966326,1.2660617966021173e-08,5.333352629911491e-08
2.9896363636363642e-05,0.0,0.015340907477776226,1.8339740886202398e-08,5.485502645367045e-08
2.990454545454546e-05,0.0,0.019730425471727285,2.4134914028430525e-08,5.640778135322481e-08
2.991272727272728e-05,0.0,0.024192651533796322,2.998349863776919e-08,5.799199591086638e-08
2.9920909090909097e-05,0.0,0.028677562548615955,3.581871290751012e-08,5.96078600774236e-08
2.9929090909090915e-05,0.0,0.0331314922341229,4.157025374375694e-08,6.12555482501833e-08
2.9937272727272733e-05,0.0,0.037497600186921116,4.7164998107967265e-08,6.293521868200117e-08
2.994545454545455e-05,0.0,0.04171641460451179,5.25277787242509e-08,6.464701289159644e-08
2.995363636363637e-05,0.0,0.04572644573096781,5.7582227635957394e-08,6.63910550758419e-08
2.9961818181818188e-05,0.0,0.049464865859338986,6.225167981897091e-08,6.816745152487884e-08
2.9970000000000006e-05,0.0,0.05286825049793712,6.646012782706703e-08,6.997629004091308e-08
2.997818181818182e-05,0.0,0.05587337408677162,7.013321727792145e-08,7.18176393615523e-08
2.998636363636364e-05,0.0,0.058418052453904315,7.319927190717351e-08,7.369154858857676e-08
2.9994545454545458e-05,0.0,0.06044202304924995,7.55903359423595e-08,7.559804662303923e-08
3.0002727272727276e-05,-0.0,0.06188785290573253,7.72432206979644e-08,7.753714160760988e-08
3.0010909090909094e-05,-0.0,0.06270186327526642,7.810054158582153e-08,7.950882037709724e-08
3.0019090909090912e-05,-0.0,0.0628350589901715,7.811173118888313e-08,8.151304791807914e-08
3.002727272727273e-05,-0.0,0.062244049829279856,7.723401367671583e-08,8.354976683860104e-08
3.003545454545455e-05,-0.0,0.060891950541242,7.543332566176912e-08,8.561889684889663e-08
3.0043636363636367e-05,-0.0,0.05874924571330142,7.268516861817978e-08,8.77203342541001e-08
3.0051818181818185e-05,-0.0,0.055794605388437654,6.897537821881393e-08,8.9853951459925e-08
3.0060000000000004e-05,-0.0,0.05201563724174157,6.430079639788644e-08,9.201959649228508e-08
3.0068181818181822e-05,-0.0,0.047409561240404546,5.866983261938535e-08,9.421709253184144e-08
3.007636363636364e-05,-0.0,0.04198379304043708,5.210290172609055e-08,9.64462374644595e-08
3.008454545454546e-05,-0.0,0.035756422923989034,4.463272685734443e-08,9.870680344855441e-08
3.0092727272727277e-05,-0.0,0.028756577857608507,3.630449724969355e-08,1.0099853650031023e-07
3.0100909090909095e-05,-0.0,0.021024655254286973,2.7175872263390057e-08,1.0332115609774877e-07
3.0109090909090913e-05,-0.0,0.012612418247497021,1.731682469642274e-08,1.0567435480461662e-07
3.011727272727273e-05,-0.0,0.0035829437267707077,6.809318339750722e-09,1.0805779791505841e-07
3.012545454545455e-05,-0.0,-0.0059895839689258,-4.253183227061254e-09,1.1047112312002923e-07
3.0133636363636368e-05,-0.0,-0.01602023896607957,-1.576637742444844e-08,1.1291394019638818e-07
3.0141818181818186e-05,-0.0,-0.02641388263529678,-2.761595158937758e-08,1.153858307196069e-07
3.0150000000000004e-05,-0.0,-0.037065856327621424,-3.967857620619932e-08,1.1788634780100619e-07
3.0158181818181823e-05,-0.0,-0.04786283687486153,-5.182305623536708e-08,1.2041501585041834e-07
3.016636363636364e-05,-0.0,-0.05868385127533835,-6.391163190792393e-08,1.2297133036515808e-07
3.017454545454546e-05,-0.0,-0.06940144453551056,-7.580141795946268e-08,1.255547577461548e-07
3.0182727272727277e-05,-0.0,-0.07988299215490681,-8.734596793989855e-08,1.2816473514209015e-07
3.0190909090909096e-05,-0.0,-0.08999214626284958,-9.839694799076988e-08,1.3080067032234218e-07
3.0199090909090914e-05,-0.0,-0.09959040197837019,-1.0880590236591862e-07,1.3346194157952658e-07
3.0207272727272732e-05,-0.0,-0.10853876820845057,-1.1842609101981455e-07,1.3614789766238787e-07
3.021545454545455e-05,-0.0,-0.11669952486381367,-1.2711437783496122e-07,1.3885785773976456e-07
3.022363636363637e-05,-0.0,-0.12393804639542352,-1.3473314653865741e-07,1.4159111139631983e-07
3.0231818181818187e-05,-0.0,-0.13012466967749095,-1.4115222010061181e-07,1.4434691866069622e-07
3.0240000000000005e-05,-0.0,-0.13513658262162995,-1.4625075843455715e-07,1.4712451006671222e-07
3.0248181818181823e-05,-0.0,-0.13885970853741889,-1.4991910857389518e-07,1.499230867481865e-07
3.0256363636363642e-05,0.0,-0.1411905601898935,-1.5206058117459675e-07,1.527418205679297e-07
3.026454545454546e-05,0.0,-0.14203803677406568,-1.5259312723500154e-07,1.5557985428140416e-07
3.0272727272727278e-05,0.0,-0.14132513665614765,-1.514508893241215e-07,1.5843630173551061e-07
3.0280909090909097e-05,0.0,-0.13899055874201724,-1.4858560238493665e-07,1.6131024810291083e-07
3.0289090909090915e-05,0.0,-0.134990165741813,-1.4396782032915498e-07,1.6420075015225411e-07
3.0297272727272733e-05,0.0,-0.12929828341614588,-1.3758794616168664e-07,1.6710683655462132e-07
3.030545454545455e-05,0.0,-0.12190881111910759,-1.2945704525783563e-07,1.7002750822645617e-07
3.031363636363637e-05,0.0,-0.11283612059468798,-1.1960742364940374e-07,1.7296173870919788e-07
3.0321818181818188e-05,0.0,-0.10211572202858075,-1.080929557374571e-07,1.7590847458577674e-07
3.0330000000000006e-05,0.0,-0.08980467879226889,-9.498914871380108e-08,1.788666359340882e-07
3.0338181818181824e-05,0.0,-0.07598175511972766,-8.039293410934699e-08,1.8183511681749184e-07
3.0346363636363643e-05,0.0,-0.06074728410150385,-6.44221802596364e-08,1.8481278581233982e-07
3.0354545454545457e-05,0.0,-0.044222746832395715,-4.72149230452764e-08,1.8779848657247546e-07
3.0362727272727276e-05,0.0,-0.026550057267472168,-2.8928315983242354e-08,1.9079103843058214e-07
3.0370909090909094e-05,0.0,-0.007890551281063113,-9.737304565603353e-09,1.9378923703621373e-07
3.0379090909090912e-05,0.0,0.011576317466195165,1.0166966386114991e-08,1.9679185503026706e-07
3.038727272727273e-05,0.0,0.031654568021528356,3.057899971365136e-08,1.9979764275560522e-07
3.039545454545455e-05,0.0,0.05213355788302232,5.128103081333621e-08,2.0280532900347762e-07
3.0403636363636367e-05,0.0,0.07279010860362228,7.204533028027898e-08,2.0581362179531962e-07
3.0411818181818185e-05,0.0,0.09339087166342222,9.263670063241695e-08,2.0882120919945813e-07
3.0420000000000004e-05,0.0,0.11369491094876194,1.1281514013940251e-07,2.1182676018218489e-07
3.0428181818181822e-05,0.0,0.13345647430973112,1.323386437580557e-07,2.148289254925996e-07
3.043636363636364e-05,0.0,0.15242792306751074,1.509661084825957e-07,2.178263385805637e-07
3.0444545454545458e-05,0.0,0.17036278507255967,1.6846030810168426e-07,2.208176165470446e-07
3.0452727272727277e-05,0.0,0.1870188940339994,1.84590900458871e-07,2.2380136112607193e-07
3.0460909090909095e-05,0.0,0.20216157540566704,1.9913742887672607e-07,2.2677615969746338e-07
3.0469090909090913e-05,0.0,0.21556683717614633,2.118922784605799e-07,2.297405863294221e-07
3.047727272727273e-05,0.0,0.22702452251359054,2.2266354757176716e-07,2.3269320285004703e-07
3.048545454545455e-05,0.0,0.23634138039932992,2.312777948721846e-07,2.3563255994674306e-07
3.0493636363636368e-05,0.0,0.24334401017738796,2.375826230040221e-07,2.385571982924528e-07
3.0501818181818186e-05,-0.0,0.247881636371921,2.41449061185221e-07,2.414656496975913e-07
3.0510000000000004e-05,-0.0,0.24982867119398777,2.4277371076905203e-07,2.443564382864908e-07
3.051818181818182e-05,-0.0,0.24908702387614395,2.414806201236061e-07,2.472280816971298e-07
3.052636363636364e-05,-0.0,0.24558811833146263,2.3752285801415272e-07,2.5007909230285416e-07
3.053454545454546e-05,-0.0,0.2392945836159606,2.3088375799047288e-07,2.5290797845475397e-07
3.054272727272728e-05,-0.0,0.2302015852532476,2.2157781005675015e-07,2.5571324574331527e-07
3.0550909090909096e-05,-0.0,0.21833776962074172,2.0965118009030694e-07,2.5849339827790984e-07
3.0559090909090914e-05,-0.0,0.2037657982516132,1.9518184202730182e-07,2.6124693998265325e-07
3.056727272727273e-05,-0.0,0.1865824540201632,1.782793126919272e-07,2.6397237590710896e-07
3.057545454545455e-05,-0.0,0.16691830668651242,1.590839842484674e-07,2.666682135502818e-07
3.058363636363637e-05,-0.0,0.14493693110742606,1.3776605453566652e-07,2.693329641963081e-07
3.059181818181819e-05,-0.0,0.12083367749518861,1.1452406092910697e-07,2.719651442602047e-07
3.0600000000000005e-05,-0.0,0.09483399934127623,8.958302879558794e-08,2.745632766420196e-07
3.0608181818181823e-05,-0.0,0.0671913509272292,6.319225097770375e-08,2.7712589208768344e-07
3.061636363636364e-05,-0.0,0.03818467262941683,3.562271999998204e-08,2.796515305548447e-07
3.062454545454546e-05,-0.0,0.008115488393254766,7.164239743322866e-09,2.8213874258193503e-07
3.063272727272728e-05,-0.0,-0.02269535428860507,-2.1877751883237166e-08,2.8458609065870077e-07
3.0640909090909096e-05,-0.0,-0.05391126590397263,-5.1185613307996365e-08,2.8699215059640735e-07
3.0649090909090915e-05,-0.0,-0.0851837767031679,-8.043314271236681e-08,2.893555128959119e-07
3.065727272727273e-05,-0.0,-0.11615663270353532,-1.0928939096777074e-07,2.9167478411178607e-07
3.066545454545455e-05,-0.0,-0.14647007566657788,-1.3742259755987625e-07,2.9394858821065823e-07
3.067363636363637e-05,-0.0,-0.17576525321670747,-1.6450420055111859e-07,2.9617556792194026e-07
3.068181818181819e-05,-0.0,-0.20368870239245346,-1.9021286985046103e-07,2.9835438607909593e-07
3.0690000000000006e-05,-0.0,-0.22989684780257566,-2.1423851194610215e-07,3.0048372694961077e-07
3.0698181818181824e-05,-0.0,-0.2540604542471188,-2.3628619383867492e-07,3.0256229755182476e-07
3.070636363636364e-05,-0.0,-0.2758689731917974,-2.5607993420607165e-07,3.045888289567935e-07
3.071454545454546e-05,-0.0,-0.29503472287575466,-2.733663108429157e-07,3.065620775733516e-07
3.072272727272728e-05,-0.0,-0.3112968430974346,-2.8791783514415906e-07,3.0848082641457165e-07
3.07309090909091e-05,-0.0,-0.32442496785757885,-2.9953604682910745e-07,3.1034388634381186e-07
3.0739090909090916e-05,-0.0,-0.33422256202537826,-3.080542852048232e-07,3.1215009729858365e-07
3.0747272727272734e-05,-0.0,-0.34052987200338697,-3.1334009701164184e-07,3.13898329490477e-07
3.075545454545455e-05,0.0,-0.3432264449556801,-3.152972452339762e-07,3.1558748457941264e-07
3.076363636363637e-05,0.0,-0.3422331764760159,-3.1386728814301945e-07,3.1721649682051973e-07
3.077181818181819e-05,0.0,-0.3375138525406218,-3.0903070320210425e-07,3.1878433418196756e-07
3.078000000000001e-05,0.0,-0.3290761581347757,-3.008075362403856e-07,3.20289999432111e-07
3.0788181818181825e-05,0.0,-0.3169721319747441,-2.892575624094081e-07,3.2173253119435344e-07
3.079636363636364e-05,0.0,-0.3012980541692728,-2.7447995179752455e-07,3.2311100496816975e-07
3.080454545454546e-05,0.0,-0.2821937613728224,-2.5661243910199306e-07,3.24424534114768e-07
3.081272727272728e-05,0.0,-0.2598413918654458,-2.3583000335757112e-07,3.2567227080593227e-07
3.08209090909091e-05,0.0,-0.2344635709368876,-2.1234307030115401e-07,3.2685340693461537e-07
3.0829090909090916e-05,0.0,-0.206321054838092,-1.8639525642150686e-07,3.279671749859245e-07
3.0837272727272735e-05,0.0,-0.17570985927424373,-1.582606800091089e-07,3.290128488671807e-07
3.084545454545455e-05,0.0,-0.14295790583350088,-1.2824087049341545e-07,3.2998974469580356e-07
3.085363636363637e-05,0.0,-0.10842122676162128,-9.666131294673867e-08,3.308972215438188e-07
3.086181818181819e-05,0.0,-0.07247977499666294,-6.386766976355877e-08,3.31734682137861e-07
3.087000000000001e-05,0.0,-0.035532892268509135,-3.0221726115510726e-08,3.325015735136011e-07
3.0878181818181826e-05,0.0,0.0020055067477930955,3.902890233062689e-09,3.3319738762359443e-07
3.0886363636363644e-05,0.0,0.03971197184096732,3.8125160846612505e-08,3.3382166189761495e-07
3.089454545454546e-05,0.0,0.07715871031682064,7.206124377531059e-08,3.34373979754615e-07
3.090272727272728e-05,0.0,0.11391886716406488,1.0532909760578234e-07,3.348539710655141e-07
3.091090909090909e-05,0.0,0.14957182215225875,1.3755310301355765e-07,3.3526131256609784e-07
3.091909090909091e-05,0.0,0.1837084330294545,1.6836862218322127e-07,3.3559572821938723e-07
3.092727272727273e-05,0.0,0.21593615434759983,1.974264370362317e-07,3.3585698952690455e-07
3.093545454545455e-05,0.0,0.24588396281734926,2.243970085919171e-07,3.3604491578835154e-07
3.0943636363636365e-05,0.0,0.27320702246583795,2.489745019680722e-07,3.361593743092796e-07
3.0951818181818183e-05,0.0,0.29759102621099165,2.7088052447615597e-07,3.362002805564273e-07
3.096e-05,0.0,0.3187561547289666,2.8986752794334834e-07,3.3616759826046564e-07
3.096818181818182e-05,0.0,0.33646059861790556,3.057218307500387e-07,3.3606133946598066e-07
3.097636363636364e-05,0.0,0.35050359577848644,3.182662200470737e-07,3.358815645286002e-07
3.0984545454545457e-05,0.0,0.3607279425545212,3.273621001435352e-07,3.3562838205925514e-07
3.0992727272727275e-05,0.0,0.36702194440886593,3.329111590561087e-07,3.353019488156401e-07
3.100090909090909e-05,-0.0,0.36932077964530513,3.3485653160136013e-07,3.349024695410315e-07
3.100909090909091e-05,-0.0,0.36760725781211234,3.331834441028439e-07,3.3443019675068595e-07
3.101727272727273e-05,-0.0,0.3619119628177538,3.279193326818535e-07,3.338854304661368e-07
3.102545454545455e-05,-0.0,0.3523127793294935,3.1913343410667537e-07,3.3326851789777487e-07
3.1033636363636366e-05,-0.0,0.33893380958495606,3.0693585519169935e-07,3.325798530761871e-07
3.1041818181818184e-05,-0.0,0.3219436961981402,2.9147613366579793e-07,3.318198764327976e-07
3.105e-05,-0.0,0.3015533747597512,2.729413101715052e-07,3.3098907433043746e-07
3.105818181818182e-05,-0.0,0.2780132878954507,2.515535375179086e-07,3.300879785445439e-07
3.106636363636364e-05,-0.0,0.2516100998386748,2.2756725940026828e-07,3.291171656957615e-07
3.107454545454546e-05,-0.0,0.2226629573883651,2.0126599643314076e-07,3.2807725663479646e-07
3.1082727272727276e-05,-0.0,0.1915193492566797,1.7295878244292286e-07,3.269689157804403e-07
3.1090909090909094e-05,-0.0,0.1585506211785043,1.4297629845992295e-07,3.2579285041175073e-07
3.109909090909091e-05,-0.0,0.12414720867636406,1.1166675567790894e-07,3.245498099154504e-07
3.110727272727273e-05,-0.0,0.08871365298731465,7.939158175903343e-08,3.232405849896586e-07
3.111545454545455e-05,-0.0,0.052663468312868916,4.652096721313396e-08,3.218660068051469e-07
3.112363636363637e-05,-0.0,0.016413930214166032,1.3429330142819324e-08,3.204269461253611e-07
3.1131818181818185e-05,-0.0,-0.019619144377063816,-1.9509241598770248e-08,3.1892431238651625e-07
3.1140000000000003e-05,-0.0,-0.05502655542952394,-5.19255118486168e-08,3.173590527391272e-07
3.114818181818182e-05,-0.0,-0.08941074763647604,-8.34595230500755e-08,3.157321510523853e-07
3.115636363636364e-05,-0.0,-0.12239064141538875,-1.1376487217914457e-07,3.140446268828528e-07
3.116454545454546e-05,-0.0,-0.15360620399303676,-1.425127816352026e-07,3.1229753440898696e-07
3.1172727272727276e-05,-0.0,-0.18272270165384308,-1.6939591419424914e-07,3.104919613330502e-07
3.1180909090909095e-05,-0.0,-0.20943457920859107,-1.9413188494040632e-07,3.086290277520154e-07
3.118909090909091e-05,-0.0,-0.23346891845065915,-2.164664275244152e-07,3.067098849991014e-07
3.119727272727273e-05,-0.0,-0.2545884337163543,-2.3617617707876087e-07,3.0473571445762017e-07
3.120545454545455e-05,-0.0,-0.2725939695544529,-2.5307103757312105e-07,3.027077263488453e-07
3.121363636363637e-05,-0.0,-0.28732647283007473,-2.669961072400552e-07,3.006271584956441e-07
3.1221818181818186e-05,-0.0,-0.29866841922633347,-2.7783314185323075e-07,2.984952750636412e-07
3.1230000000000004e-05,-0.0,-0.30654468194689793,-2.855015420093552e-07,2.963133652817021e-07
3.123818181818182e-05,-0.0,-0.31092283834489537,-2.899588570583789e-07,2.940827421435553e-07
3.124636363636364e-05,-0.0,-0.3118129180897601,-2.912008048515506e-07,2.918047410923751e-07
3.125454545454546e-05,0.0,-0.3092666042168648,-2.892608129411517e-07,2.8948071869017185e-07
3.126272727272728e-05,0.0,-0.3033759058719918,-2.842090931786165e-07,2.8711205127384126e-07
3.1270909090909096e-05,0.0,-0.29427132865631145,-2.76151267731885e-07,2.8470013359973374e-07
3.1279090909090914e-05,0.0,-0.2821195750970568,-2.652265702952688e-07,2.8224637747860603e-07
3.128727272727273e-05,0.0,-0.26712081382263514,-2.516056516185107e-07,2.797522104028222e-07
3.129545454545455e-05,0.0,-0.24950556142657218,-2.3548802336547336e-07,2.772190741676626e-07
3.130363636363637e-05,0.0,-0.2295312256916178,-2.170991786640586e-07,2.746484234886e-07
3.131181818181819e-05,0.0,-0.2074783627547901,-1.9668743147314016e-07,2.720417246163846e-07
3.1320000000000005e-05,0.0,-0.18364670388017035,-1.745205200243078e-07,2.69400453951778e-07
3.132818181818182e-05,0.0,-0.15835100973630303,-1.5088202206067166e-07,2.6672609666174923e-07
3.133636363636364e-05,0.0,-0.1319168114301978,-1.260676313666617e-07,2.6402014529893566e-07
3.134454545454546e-05,0.0,-0.10467609802501258,-1.0038134614685422e-07,2.6128409842614986e-07
3.135272727272728e-05,0.0,-0.07696300987196676,-7.413162016408937e-08,2.5851945924767864e-07
3.1360909090909096e-05,0.0,-0.049109595840583116,-4.7627527193561216e-08,2.5572773424911404e-07
3.1369090909090915e-05,0.0,-0.021441690469362146,-2.1174988306446543e-08,2.5291043184739996e-07
3.137727272727273e-05,0.0,0.005725035772269925,4.926890210024195e-09,2.5006906105276766e-07
3.138545454545455e-05,0.0,0.03208880346318114,3.038932282413589e-08,2.4720513014418885e-07
3.139363636363637e-05,0.0,0.057365182991574004,5.4937152070499736e-08,2.4432014535993167e-07
3.140181818181819e-05,0.0,0.08129024439593888,7.831191810025994e-08,2.414156096047803e-07
3.1410000000000006e-05,0.0,0.10362336282774999,1.0027465529803112e-07,2.3849302117541815e-07
3.1418181818181824e-05,0.0,0.12414964981905205,1.2060838513047186e-07,2.3555387250544563e-07
3.142636363636364e-05,0.0,0.14268198648401376,1.3912027907030482e-07,2.325996489314499e-07
3.143454545454546e-05,0.0,0.1590626409383969,1.5564347038706578e-07,2.296318274814895e-07
3.144272727272728e-05,0.0,0.17316445848792167,1.70038498736647e-07,2.266518756873232e-07
3.14509090909091e-05,0.0,0.18489161941935423,1.8219437673910526e-07,2.236612504216409e-07
3.1459090909090915e-05,0.0,0.1941799654324144,1.9202927303140723e-07,2.2066139676151618e-07
3.1467272727272734e-05,0.0,0.20099690178532337,1.994908115428698e-07,2.1765374687923436e-07
3.147545454545455e-05,0.0,0.20534088800577854,2.0455599189219914e-07,2.1463971896159842e-07
3.148363636363637e-05,0.0,0.20724053546219254,2.0723074077553767e-07,2.1162071615876242e-07
3.149181818181819e-05,0.0,0.20675333512415392,2.0754910893820783e-07,2.0859812556356715e-07
3.150000000000001e-05,-0.0,0.20396404340140675,2.0557213273735757e-07,2.0557331722231356e-07
3.1508181818181825e-05,-0.0,0.19898275798132095,2.0138638335274768e-07,2.0254764317783345e-07
3.151636363636364e-05,-0.0,0.19194271903959184,1.9510223033932358e-07,1.995224365456614e-07
3.152454545454546e-05,-0.0,0.18299787404164608,1.8685184939596717e-07,1.9649901062405415e-07
3.153272727272728e-05,-0.0,0.17232024655725464,1.7678700691551247e-07,1.9347865803853106e-07
3.15409090909091e-05,-0.0,0.16009715106304456,1.6507665605528506e-07,1.9046264992155848e-07
3.1549090909090916e-05,-0.0,0.14652829660235875,1.5190438070677187e-07,1.8745223512792867e-07
3.1557272727272735e-05,-0.0,0.1318228224149492,1.3746572483751637e-07,1.844486394863282e-07
3.156545454545455e-05,-0.0,0.11619630825592961,1.2196544522608233e-07,1.814530650875223e-07
3.157363636363637e-05,-0.0,0.09986780111928911,1.056147256181254e-07,1.7846668960952482e-07
3.158181818181819e-05,-0.0,0.08305689849982512,8.862838981214858e-08,1.754906656800553e-07
3.159000000000001e-05,-0.0,0.0659809262102739,7.122215015864412e-08,1.7252612027652934e-07
3.1598181818181826e-05,-0.0,0.04885224616641507,5.360992645410045e-08,1.695741541637602e-07
3.1606363636363644e-05,-0.0,0.03187572651675444,3.6001268266091594e-08,1.666358413694974e-07
3.161454545454546e-05,-0.0,0.01524640308478771,1.8598911377216192e-08,1.6371222869786005e-07
3.162272727272728e-05,-0.0,-0.0008526426255786659,1.5964963286991565e-09,1.608043352806682e-07
3.16309090909091e-05,-0.0,-0.01625216757077713,-1.4823525972324567e-08,1.5791315216661955e-07
3.163909090909092e-05,-0.0,-0.03079839629827614,-3.04917798925799e-08,1.5503964194819575e-07
3.1647272727272735e-05,-0.0,-0.04435438215161146,-4.525362374878349e-08,1.521847384261336e-07
3.165545454545455e-05,-0.0,-0.056801091913177955,-5.897056693622786e-08,1.493493463112369e-07
3.1663636363636365e-05,-0.0,-0.06803820949966798,-7.152143464476351e-08,1.465343409632554e-07
3.167181818181818e-05,-0.0,-0.07798465848562869,-8.28032730521968e-08,1.4374056816650165e-07
3.168e-05,-0.0,-0.08657884724066793,-9.273199162171379e-08,1.4096884394183265e-07
3.168818181818182e-05,-0.0,-0.09377864427017496,-1.0124274279525335e-07,1.382199543945657e-07
3.169636363636364e-05,-0.0,-0.09956109489804055,-1.0829004291866584e-07,1.3549465559786098e-07
3.1704545454545456e-05,-0.0,-0.10392189367856736,-1.1384764161020297e-07,1.3279367351104944e-07
3.1712727272727275e-05,-0.0,-0.10687462983567532,-1.1790814994852663e-07,1.3011770393234564e-07
3.172090909090909e-05,-0.0,-0.10844982556943189,-1.2048244077159142e-07,1.2746741248534554e-07
3.172909090909091e-05,-0.0,-0.10869378921861717,-1.2159883700992357e-07,1.2484343463866055e-07
3.173727272727273e-05,-0.0,-0.10766730700628435,-1.213021062987238e-07,1.222463757580129e-07
3.174545454545455e-05,-0.0,-0.1054441984129862,-1.196522821000785e-07,1.1967681119007432e-07
3.1753636363636366e-05,0.0,-0.1021097611163668,-1.1672333320226797e-07,1.1713528637729238e-07
3.1761818181818184e-05,0.0,-0.09775913190977524,-1.1260170473633322e-07,1.1462231700293177e-07
3.177e-05,0.0,-0.09249559007648038,-1.0738475475504161e-07,1.121383891655075e-07
3.177818181818182e-05,0.0,-0.0864288293660039,-1.0117911095613194e-07,1.096839595817742e-07
3.178636363636364e-05,0.0,-0.07967322401660579,-9.409897230557648e-08,1.0725945581740866e-07
3.179454545454546e-05,0.0,-0.07234611321955371,-8.626438013810147e-08,1.0486527654448501e-07
3.1802727272727275e-05,0.0,-0.06456612705730137,-7.779948279668512e-08,1.0250179182484216e-07
3.1810909090909094e-05,0.0,-0.0564515753035402,-6.883081703994275e-08,1.0016934341840295e-07
3.181909090909091e-05,0.0,-0.048118918585657235,-5.948562831993405e-08,9.786824511549779e-08
3.182727272727273e-05,0.0,-0.03968133931901305,-4.98902506401261e-08,9.559878309223182e-08
3.183545454545455e-05,0.0,-0.031247427568702236,-4.016856507412189e-08,9.336121628790893e-08
3.184363636363637e-05,0.0,-0.02291999461987211,-3.044055419275703e-08,9.115577680352872e-08
3.1851818181818185e-05,0.0,-0.014795024584082212,-2.0820967644497527e-08,8.898267032035692e-08
3.186e-05,0.0,-0.0069607718777767655,-1.141811199718644e-08,8.684207653755285e-08
3.186818181818182e-05,0.0,0.0005029900803778338,-2.3327757141092856e-09,8.4734149627854e-08
3.187636363636364e-05,0.0,0.007525566055726142,6.342702159810534e-09,8.2659018710291e-08
3.188454545454546e-05,0.0,0.014045781543275307,1.452521334952857e-08,8.06167883389168e-08
3.1892727272727276e-05,0.0,0.02001227241347379,2.214150780252486e-08,7.860753900653411e-08
3.1900909090909095e-05,0.0,0.025383625525624152,2.912866558041174e-08,7.663132766240076e-08
3.190909090909091e-05,0.0,0.03012837613925279,3.5434413729478195e-08,7.468818824290005e-08
3.191727272727273e-05,0.0,0.03422486973051296,4.101729077121431e-08,7.277813221417208e-08
3.192545454545455e-05,0.0,0.03766099739332325,4.5846663427754175e-08,7.0901149125696e-08
3.193363636363637e-05,0.0,0.04043381535949267,4.990260202075896e-08,6.905720717384041e-08
3.1941818181818186e-05,0.0,0.04254906029874927,5.3175622635585497e-08,6.72462537743924e-08
3.1950000000000004e-05,0.0,0.044020572952666245,5.566630560908193e-08,6.546821614309373e-08
3.195818181818182e-05,0.0,0.044869643314250675,5.738480116592537e-08,6.372300188323328e-08
3.196636363636364e-05,0.0,0.04512429098952651,5.835023408548941e-08,6.201049957933883e-08
3.197454545454546e-05,0.0,0.044818494574494966,5.8590020122783094e-08,6.03305793960535e-08
3.198272727272728e-05,0.0,0.0439913838593984,5.813910753043849e-08,5.8683093681275366e-08
3.1990909090909095e-05,0.0,0.04268640844425246,5.703915743483952e-08,5.706787757266997e-08
3.1999090909090914e-05,0.0,0.04095049592980067,5.533767701224889e-08,5.548474960668435e-08
3.200727272727273e-05,-0.0,0.03883321225331054,5.308711939716769e-08,5.393351232920136e-08
3.201545454545455e-05,-0.0,0.036385935987770915,5.034396404489521e-08,5.241395290700934e-08
3.202363636363637e-05,-0.0,0.0336610575363328,4.716779087553161e-08,5.092584373927134e-08
3.203181818181819e-05,-0.0,0.030711213152584384,4.3620360961897985e-08,4.946894306820673e-08
3.2040000000000005e-05,-0.0,0.027588562623442104,3.9764715805281625e-08,4.8042995588223774e-08
3.204818181818182e-05,-0.0,0.024344118287307225,3.566430638834829e-08,4.66477330527621e-08
3.205636363636364e-05,-0.0,0.02102713184779631,3.138216222297642e-08,4.528287487813054e-08
3.206454545454546e-05,-0.0,0.017684544204439483,2.6980109541984036e-08,4.394812874365505e-08
3.207272727272728e-05,-0.0,0.01436050227708334,2.2518046638063346e-08,4.2643191187472517e-08
3.2080909090909096e-05,-0.0,0.011095945570062282,1.8053283151207392e-08,4.1367748197336405e-08
3.2089090909090914e-05,-0.0,0.007928264023877814,1.3639948867836397e-08,4.012147579582958e-08
3.209727272727273e-05,-0.0,0.004891027552927676,9.32847634059535e-09,3.890404061940103e-08
3.210545454545455e-05,-0.0,0.0020137865827632756,5.165160386536875e-09,3.77151004906792e-08
3.211363636363637e-05,-0.0,-0.000678058107483922,1.191796291255899e-09,3.6554304983538866e-08
3.212181818181819e-05,-0.0,-0.003163318851407541,-2.5546026455626238e-09,3.5421295980424154e-08
3.2130000000000006e-05,-0.0,-0.00542502130652027,-6.042008726314932e-09,3.4315708221469596e-08
3.2138181818181824e-05,-0.0,-0.007450345564585908,-9.243506207666642e-09,3.32371698449789e-08
3.214636363636364e-05,-0.0,-0.009230512924478766,-1.213734295462722e-08,3.218530291885573e-08
3.215454545454546e-05,-0.0,-0.010760623588407174,-1.470691086400833e-08,3.1159723962614607e-08
3.216272727272728e-05,-0.0,-0.0120394509273207,-1.694065932797592e-08,3.016004445961951e-08
3.21709090909091e-05,-0.0,-0.013069198234928489,-1.8831946706677552e-08,2.9185871359237263e-08
3.2179090909090915e-05,-0.0,-0.013855224054807908,-2.037883536762499e-08,2.823680756861815e-08
3.2187272727272734e-05,-0.0,-0.014405742225971296,-2.158383632592646e-08,2.7312452433845116e-08
3.219545454545455e-05,-0.0,-0.014731502754779687,-2.245360988270085e-08,2.6412402210228913e-08
3.220363636363637e-05,-0.0,-0.014845459492258534,-2.2998628909929994e-08,2.5536250521549094e-08
3.221181818181819e-05,-0.0,-0.014762430383720354,-2.3232811571133865e-08,2.4683588808078937e-08
3.2220000000000007e-05,-0.0,-0.014498755770998168,-2.317313030260929e-08,2.3854006763258168e-08
3.2228181818181825e-05,-0.0,-0.014071959876034957,-2.283920381496546e-08,2.3047092758911078e-08
3.223636363636364e-05,-0.0,-0.013500420187979128,-2.225287871593755e-08,2.2262434258940375e-08
3.224454545454546e-05,-0.0,-0.012803049024459775,-2.1437807110633717e-08,2.1499618221456825e-08
3.225272727272728e-05,0.0,-0.011998991051563254,-2.0419026213012985e-08,2.0758231489338945e-08
3.22609090909091e-05,0.0,-0.011107340036287165,-1.9222545611730702e-08,2.003786116925556e-08
3.2269090909090916e-05,0.0,-0.010146877579710055,-1.7874947384271365e-08,1.933809499921065e-08
3.2277272727272734e-05,0.0,-0.00913583604816124,-1.6403003755590413e-08,1.8658521704714165e-08
3.228545454545455e-05,0.0,-0.008091687392126701,-1.4833316461530796e-08,1.799873134371956e-08
3.229363636363637e-05,0.0,-0.007030959026641763,-1.319198141329869e-08,1.735831564050322e-08
3.230181818181819e-05,0.0,-0.005969077449900545,-1.1504281677315065e-08,1.6736868308713983e-08
3.231000000000001e-05,0.0,-0.004920239805330924,-9.794411194553001e-09,1.6133985363855876e-08
3.2318181818181826e-05,0.0,-0.0038973131521382732,-8.085231074311132e-09,1.5549265425524876e-08
3.2326363636363644e-05,0.0,-0.0029117608050960204,-6.398059717985741e-09,1.4982310009767717e-08
3.233454545454546e-05,0.0,-0.001973594740011675,-4.752497466850991e-09,1.443272381199068e-08
3.234272727272728e-05,0.0,-0.00109135273975012,-3.166285931437854e-09,1.3900114980910416e-08
3.23509090909091e-05,0.0,-0.0002720986789657106,-1.6552016553031258e-09,1.3384095384105496e-08
3.235909090909092e-05,0.0,0.0004785558850854411,-2.3298329841055723e-10,1.2884280865806258e-08
3.2367272727272735e-05,0.0,0.0011564108328134504,1.0887089002974518e-09,1.2400291497645446e-08
3.2375454545454554e-05,0.0,0.0017586194695677734,2.3003030015015993e-09,1.1931751823188017e-08
3.238363636363637e-05,0.0,0.0022836156300332523,3.3942965370442525e-09,1.1478291097160418e-08
3.239181818181819e-05,0.0,0.002731028201327978,4.3652112071070275e-09,1.1039543520429437e-08
3.24e-05,0.0,0.0031015853775168208,5.209523565163855e-09,1.0615148471899909e-08
3.240818181818182e-05,0.0,0.0033970109319522426,5.925574330615502e-09,1.0204750738666671e-08
3.241636363636364e-05,0.0,0.003619914733401063,6.513459095726901e-09,9.808000745914855e-09
3.2424545454545456e-05,0.0,0.003773679640910309,6.97490327053838e-09,9.42455478825704e-09
3.2432727272727275e-05,0.0,0.0038623467946334988,7.313124138838309e-09,9.054075264413787e-09
3.244090909090909e-05,0.0,0.0038905011793546143,7.532682882743833e-09,8.696230917375112e-09
3.244909090909091e-05,0.0,0.0038631591782550476,7.639329376094858e-09,8.350697082457656e-09
3.245727272727273e-05,0.0,0.0037856596606100166,7.639842451367708e-09,8.017155945965722e-09
3.246545454545455e-05,0.0,0.0036635599625442594,7.54186821512517e-09,7.695296817490324e-09
3.2473636363636366e-05,0.0,0.0035025379285569384,7.353758827402942e-09,7.384816419252695e-09
3.2481818181818184e-05,0.0,0.0033083009868895017,7.0844139753343604e-09,7.085419196271352e-09
3.249e-05,0.0,0.003086503037371418,6.743127065294323e-09,6.796817651574325e-09
3.249818181818182e-05,0.0,0.002842669739279988,6.339437935482688e-09,6.518732711095251e-09
3.250636363636364e-05,-0.0,0.0025821326018321883,5.8829936567301045e-09,6.250894123353183e-09
3.251454545454546e-05,-0.0,0.002309972103702278,5.38341874781892e-09,5.993040899459259e-09
3.2522727272727275e-05,-0.0,0.00203096990259843,4.850195887049043e-09,5.7449217993789745e-09
3.2530909090909094e-05,-0.0,0.0017495700432525508,4.292557958185407e-09,5.506295870735137e-09
3.253909090909091e-05,-0.0,0.001469848933644621,3.719392030061276e-09,5.276933046603906e-09
3.254727272727273e-05,-0.0,0.0011954937360141341,3.1391556384499133e-09,5.0566148087631835e-09
3.255545454545455e-05,-0.0,0.000929788711987322,2.559805519441274e-09,4.845134922511934e-09
3.256363636363637e-05,-0.0,0.0006756089704274708,1.988738738220212e-09,4.642300248368811e-09
3.2571818181818185e-05,-0.0,0.000435420992549311,1.4327459681667778e-09,4.447931634525034e-09
3.258e-05,-0.0,0.00021128925129753785,8.979765045215185e-10,4.261864891535742e-09
3.258818181818182e-05,-0.0,4.888200589003291e-06,3.899144460124949e-10,4.083951847173059e-09
3.259636363636364e-05,-0.0,-0.00018248111585304118,-8.663465206795037e-11,3.914061474155933e-09
3.260454545454546e-05,-0.0,-0.0003498705974937001,-5.275474580803315e-10,3.7520810762226235e-09
3.2612727272727276e-05,-0.0,-0.0004966615206340613,-9.293777685342197e-10,3.597917508198802e-09
3.2620909090909094e-05,-0.0,-0.000622538616305643,-1.289343592112829e-09,3.451498392796383e-09
3.262909090909091e-05,-0.0,-0.0007274625093660731,-1.6053074111464822e-09,3.3127732804784604e-09
3.263727272727273e-05,-0.0,-0.0008116411990038702,-1.875750640229771e-09,3.1817146785654504e-09
3.264545454545455e-05,-0.0,-0.0008755012153598413,-2.0997433035296205e-09,3.05831885209337e-09
3.265363636363637e-05,-0.0,-0.0009196590340960853,-2.276909935513132e-09,2.9426062727427545e-09
3.2661818181818186e-05,-0.0,-0.0009448932718702453,-2.4073926757918235e-09,2.8346215655249442e-09
3.2670000000000004e-05,-0.0,-0.000952118122163754,-2.4918124791951104e-09,2.734432779608308e-09
3.267818181818182e-05,-0.0,-0.0009423584240933836,-2.5312292988627254e-09,2.6421297953008517e-09
3.268636363636364e-05,-0.0,-0.0009167266879772122,-2.527102025011274e-09,2.557821681556428e-09
3.269454545454546e-05,-0.0,-0.0008764023317326665,-2.4812488771149155e-09,2.481632846647037e-09
3.270272727272728e-05,-0.0,-0.0008226133127790896,-2.395808854605509e-09,2.4136978882069197e-09
3.2710909090909095e-05,-0.0,-0.0007566202720359646,-2.2732047529559752e-09,2.354155154412594e-09
3.2719090909090914e-05,-0.0,-0.0006797032407936575,-2.1161081502303254e-09,2.3031391758525475e-09
3.272727272727273e-05,-0.0,-0.0005931508985340216,-1.92740666592999e-09,2.26077230731805e-09
3.273545454545455e-05,-0.0,-0.0004982523109433409,-1.710173691213634e-09,2.2271561063661607e-09
3.274363636363637e-05,-0.0,-0.00039629102304063126,-1.46764068922031e-09,2.202363134450442e-09
3.2751818181818187e-05,0.0,-0.0002885413330924522,-1.2031720680603982e-09,2.186429953431679e-09
3.2760000000000005e-05,0.0,-0.0001762665292579487,-9.20242538722644e-10,2.1793520675590176e-09
3.276818181818182e-05,0.0,-6.071883307152494e-05,-6.224167871766572e-10,2.181081410465206e-09
3.277636363636364e-05,0.0,5.6859237792501434e-05,-3.133312156802532e-10,2.1915267110113526e-09
3.278454545454546e-05,0.0,0.00017523240031612727,3.3225560952319348e-12,2.2105567360964696e-09
3.279272727272728e-05,0.0,0.00029316936212184317,3.238127930558765e-10,2.238006069283163e-09
3.2800909090909096e-05,0.0,0.00040943914649678486,6.443817546043777e-10,2.273682809689908e-09
3.2809090909090914e-05,0.0,0.000522807335983792,9.612592469390668e-10,2.31737741528457e-09
3.281727272727273e-05,0.0,0.0006320325832596731,1.2706760691581463e-09,2.3688718857841833e-09
3.282545454545455e-05,0.0,0.0007358637308549346,1.5688778087234548e-09,2.427948567760719e-09
3.283363636363637e-05,0.0,0.0008330378679156269,1.8521394331156886e-09,2.494398030513726e-09
3.284181818181819e-05,0.0,0.0009222796328860397,2.1167811031390277e-09,2.5680256607029534e-09
3.2850000000000006e-05,0.0,0.0010023020459657829,2.359185599719153e-09,2.6486568167291477e-09
3.2858181818181824e-05,0.0,0.0010718091247751613,2.5758177107254132e-09,2.736140543602924e-09
3.286636363636364e-05,0.0,0.0011295005011990895,2.76324586815803e-09,2.830351963366614e-09
3.287454545454546e-05,0.0,0.0011740782172622091,2.9181662598410282e-09,2.9311935244373422e-09
3.288272727272728e-05,0.0,0.001204255833546066,3.0374295647014316e-09,3.038595322719325e-09
3.28909090909091e-05,0.0,0.0012187699355635372,3.1180703779938813e-09,3.152514708040521e-09
3.2899090909090915e-05,0.0,0.0012163940721688137,3.157339303846138e-09,3.2729353717372223e-09
3.2907272727272733e-05,0.0,0.0011959551060587226,3.1527375987455703e-09,3.399866083741239e-09
3.291545454545455e-05,0.0,0.0011563519003112423,3.1020541526473276e-09,3.5333392165556546e-09
3.292363636363637e-05,0.0,0.0010965762073497582,3.0034044959679288e-09,3.6734091633719794e-09
3.293181818181819e-05,0.0,0.0010157355683986394,2.855271422561225e-09,3.820150730503113e-09
3.2940000000000006e-05,0.0,0.0009130779731305463,2.656546722681538e-09,3.973657561413572e-09
3.2948181818181825e-05,0.0,0.0007880179715633634,2.4065734277322327e-09,4.134040631126978e-09
3.295636363636364e-05,0.0,0.000640163874148733,2.10518788211607e-09,4.301426835326333e-09
3.296454545454546e-05,0.0,0.0004693456222433666,1.7527608785647505e-09,4.475957687587048e-09
3.297272727272728e-05,0.0,0.00027564286063580263,1.35023702369445e-09,4.657788130220345e-09
3.29809090909091e-05,0.0,5.9412697404343374e-05,8.991714419278994e-10,4.847085458591864e-09
3.2989090909090916e-05,0.0,-0.00017868340498887887,4.0176287995095814e-10,5.0440283549830405e-09
3.2997272727272734e-05,0.0,-0.0004376541988955721,-1.3911775795756588e-10,5.2488060256346595e-09
3.300545454545455e-05,-0.0,-0.0007161553010847648,-7.199044297184954e-10,5.461617433188904e-09
3.301363636363637e-05,-0.0,-0.0010124685637133274,-1.3363195159993396e-09,5.682670616046098e-09
3.302181818181819e-05,-0.0,-0.0013244848198715024,-1.9833648890828583e-09,5.912182085962484e-09
3.303000000000001e-05,-0.0,-0.001649690659742742,-2.6553214210704205e-09,6.150376295357675e-09
3.3038181818181826e-05,-0.0,-0.001985159886079819,-3.3457578068253604e-09,6.397485166182941e-09
3.3046363636363644e-05,-0.0,-0.0023275502795174373,-4.047549502101806e-09,6.653747672683931e-09
3.305454545454546e-05,-0.0,-0.002673106274634504,-4.752908482967331e-09,6.919409470986264e-09
3.306272727272728e-05,-0.0,-0.003017668106179663,-5.4534244191686415e-09,7.194722569021844e-09
3.30709090909091e-05,-0.0,-0.00335668793114784,-6.140117722081779e-09,7.47994503091188e-09
3.307909090909092e-05,-0.0,-0.0036852533662616762,-6.8035047782074745e-09,7.775340710519982e-09
3.3087272727272735e-05,-0.0,-0.003998118801856855,-7.433675513012032e-09,8.08117900940924e-09
3.309545454545455e-05,-0.0,-0.004289744762365391,-8.020383248804644e-09,8.397734654972903e-09
3.310363636363637e-05,-0.0,-0.004554345480904867,-8.553146626114978e-09,8.725287494959938e-09
3.311181818181819e-05,-0.0,-0.004785944741495006,-9.021363152847342e-09,9.064122305042227e-09
3.312000000000001e-05,-0.0,-0.004978439917939985,-9.414433731791701e-09,9.41452860646556e-09
3.3128181818181826e-05,-0.0,-0.005125674004471998,-9.721897297609772e-09,9.776800491152577e-09
3.3136363636363645e-05,-0.0,-0.005221515291121641,-9.933574472187592e-09,1.0151236451954492e-08
3.3144545454545456e-05,-0.0,-0.005259944187972536,-1.0039718925483252e-08,1.0538139216003112e-08
3.3152727272727274e-05,-0.0,-0.005235146548712342,-1.0031174911155103e-08,1.0937815579370613e-08
3.316090909090909e-05,-0.0,-0.005141612687176214,-9.89953923591638e-09,1.135057624146121e-08
3.316909090909091e-05,-0.0,-0.004974241123072886,-9.637325722462603e-09,1.1776735637731285e-08
3.317727272727273e-05,-0.0,-0.004728445937168228,-9.238130041758777e-09,1.2216611769535795e-08
3.318545454545455e-05,-0.0,-0.004400266464434064,-8.696792625252057e-09,1.2670526030012233e-08
3.3193636363636366e-05,-0.0,-0.0039864779087587275,-8.009557225010113e-09,1.313880302507208e-08
3.3201818181818184e-05,-0.0,-0.003484701327585093,-7.174222573525223e-09,1.3621770388673207e-08
3.321e-05,-0.0,-0.002893511312197601,-6.190284508536254e-09,1.4119758591649512e-08
3.321818181818182e-05,-0.0,-0.0022125395822699535,-5.059065874993416e-09,1.4633100743476616e-08
3.322636363636364e-05,-0.0,-0.0014425726246556567,-3.783831499259843e-09,1.5162132386413684e-08
3.323454545454546e-05,-0.0,-0.0005856414391499606,-2.369885552499351e-09,1.570719128155846e-08
3.3242727272727275e-05,-0.0,0.0003548985891339791,-8.24648683169542e-10,1.626861718639386e-08
3.3250909090909094e-05,0.0,0.0013742996874167826,8.422875955285247e-10,1.6846751623478902e-08
3.325909090909091e-05,0.0,0.0024663675466411565,2.6191316273057733e-09,1.7441937639980936e-08
3.326727272727273e-05,0.0,0.003623422966008602,4.49188961263691e-09,1.8054519557795218e-08
3.327545454545455e-05,0.0,0.004836281152597804,6.444392816045821e-09,1.8684842714044517e-08
3.3283636363636367e-05,0.0,0.006094250425904151,8.458355625946933e-09,1.9333253191781094e-08
3.3291818181818185e-05,0.0,0.007385151929436104,1.0513465785131132e-08,2.0000097540766812e-08
3.33e-05,0.0,0.008695361767687603,1.2587507742134713e-08,2.0685722488220015e-08
3.330818181818182e-05,0.0,0.01000987676691268,1.4656519667862572e-08,2.139047463947168e-08
3.331636363636364e-05,0.0,0.011312404802774892,1.6694984241563225e-08,2.2114700168482778e-08
3.332454545454546e-05,0.0,0.012585480348359742,1.8676052839877634e-08,2.285874449821996e-08
3.3332727272727276e-05,0.0,0.013810605574092716,2.0571802267276667e-08,2.3622951970904505e-08
3.3340909090909094e-05,0.0,0.014968416979328637,2.2353522651492492e-08,2.4407665508175827e-08
3.334909090909091e-05,0.0,0.016038877156968955,2.399203459994375e-08,2.521322626124725e-08
3.335727272727273e-05,0.0,0.017001490891290494,2.545803317963189e-08,2.603997325113347e-08
3.336545454545455e-05,0.0,0.017835544369754562,2.672245575104615e-08,2.688824299908729e-08
3.337363636363637e-05,0.0,0.018520365857060156,2.7756870164202892e-08,2.7758369147368977e-08
3.3381818181818186e-05,0.0,0.019035605739850154,2.8533879320337065e-08,2.865068207052787e-08
3.3390000000000004e-05,0.0,0.019361533409555903,2.9027537624472256e-08,2.956550847738007e-08
3.339818181818182e-05,0.0,0.019479348015632496,2.921377441075318e-08,3.0503171003891365e-08
3.340636363636364e-05,0.0,0.019371499699056518,2.907081902266015e-08,3.1463987797211696e-08
3.341454545454546e-05,0.0,0.019022017513906458,2.8579621882503623e-08,3.244827209110216e-08
3.342272727272728e-05,0.0,0.018416839870813485,2.7724265597154147e-08,3.3456331773058134e-08
3.3430909090909095e-05,0.0,0.01754414299784935,2.6492359927538957e-08,3.448846894340815e-08
3.3439090909090913e-05,0.0,0.016394662619784218,2.4875414305299476e-08,3.5544979466736735e-08
3.344727272727273e-05,0.0,0.014962003813231727,2.286918151761329e-08,3.6626152515967124e-08
3.345545454545455e-05,0.0,0.01324293381035528,2.0473966206241658e-08,3.773227010947842e-08
3.346363636363637e-05,0.0,0.011237652404474415,1.7694891944023913e-08,3.88636066416601e-08
3.3471818181818186e-05,0.0,0.008950034563459146,1.4542120864868044e-08,4.002042840730361e-08
3.3480000000000005e-05,0.0,0.0063878398869057105,1.1031020134135952e-08,4.1202993120293193e-08
3.348818181818182e-05,0.0,0.003562883655578405,7.1822699561642685e-09,4.2411549427032575e-08
3.349636363636364e-05,0.0,0.0004911644203308167,3.0219083241116017e-09,4.3646336415114126e-08
3.350454545454546e-05,-0.0,-0.00280705663456779,-1.4186916775810342e-09,4.490758311771778e-08
3.351272727272728e-05,-0.0,-0.006307228940555586,-6.102915509507622e-09,4.61955080142756e-08
3.3520909090909096e-05,-0.0,-0.009980542324285883,-1.098907445733502e-08,4.751031852795068e-08
3.3529090909090914e-05,-0.0,-0.013794016677063002,-1.6030648392517308e-08,4.885221052048837e-08
3.353727272727273e-05,-0.0,-0.017710654228608565,-2.117660490937772e-08,5.0221367785049106e-08
3.354545454545455e-05,-0.0,-0.021689656411936317,-2.637179472941159e-08,5.161796153760556e-08
3.355363636363637e-05,-0.0,-0.025686706501848042,-3.155742220649033e-08,5.304214990755932e-08
3.356181818181819e-05,-0.0,-0.02965431833607776,-3.6671588669713594e-08,5.449407742820642e-08
3.3570000000000006e-05,-0.0,-0.03354225049438826,-4.164990521778519e-08,5.597387452772532e-08
3.3578181818181824e-05,-0.0,-0.037297984327460204,-4.6426170444947734e-08,5.748165702137445e-08
3.358636363636364e-05,-0.0,-0.04086726320614365,-5.093310744954019e-08,5.901752560558941e-08
3.359454545454546e-05,-0.0,-0.04419468931583506,-5.510315336879765e-08,6.05815653547167e-08
3.360272727272728e-05,-0.0,-0.04722437326486681,-5.886929361469958e-08,6.217384522109326e-08
3.36109090909091e-05,-0.0,-0.04990063072536051,-6.216593197295974e-08,6.37944175392426e-08
3.3619090909090915e-05,-0.0,-0.05216871929636001,-6.492978678809185e-08,6.54433175349358e-08
3.362727272727273e-05,-0.0,-0.053975607789226755,-6.71008026091369e-08,6.712056283989611e-08
3.363545454545455e-05,-0.0,-0.05527076920165556,-6.862306592987596e-08,6.882615301293835e-08
3.364363636363637e-05,-0.0,-0.056006987786805434,-6.944571304012524e-08,7.056006906833282e-08
3.365181818181819e-05,-0.0,-0.05614116985536275,-6.952381752598567e-08,7.232227301221326e-08
3.3660000000000006e-05,-0.0,-0.0556351472878707,-6.88192446302531e-08,7.411270738783195e-08
3.3668181818181825e-05,-0.0,-0.05445646219866399,-6.730145952161418e-08,7.593129483050048e-08
3.367636363636364e-05,-0.0,-0.05257912079651987,-6.49482765328586e-08,7.777793763303373e-08
3.368454545454546e-05,-0.0,-0.049984304244636485,-6.1746536622186e-08,7.965251732254399e-08
3.369272727272728e-05,-0.0,-0.0466610242461183,-5.769270069346571e-08,8.15548942494146e-08
3.37009090909091e-05,-0.0,-0.042606711181221155,-5.2793346984229176e-08,8.348490718930336e-08
3.3709090909090916e-05,-0.0,-0.03782772290743882,-4.706556149474131e-08,8.544237295901226e-08
3.3717272727272734e-05,-0.0,-0.032339762808919946,-4.0537211385431204e-08,8.74270860470687e-08
3.372545454545455e-05,-0.0,-0.026168196350853636,-3.3247092408061725e-08,8.943881825985822e-08
3.373363636363637e-05,-0.0,-0.01934825625766738,-2.5244942750153524e-08,9.147731838414159e-08
3.374181818181819e-05,-0.0,-0.011925127488449146,-1.6591317151243425e-08,9.354231186679722e-08
3.375000000000001e-05,0.0,-0.003953904423116387,-7.357316779543746e-09,9.563350051260058e-08
3.3758181818181825e-05,0.0,0.004500585910506812,2.375827878372845e-09,9.775056220086997e-08
3.3766363636363644e-05,0.0,0.013364099157610733,1.2517321983670191e-08,9.989315062177894e-08
3.377454545454546e-05,0.0,0.022553430364418352,2.2967518064910953e-08,1.0206089503313007e-07
3.378272727272728e-05,0.0,0.03197701311223954,3.361877134996702e-08,1.0425340003837968e-07
3.37909090909091e-05,0.0,0.04153566008747029,4.43564334880703e-08,1.0647024538667163e-07
3.379909090909092e-05,0.0,0.05112344206380105,5.505997734550327e-08,1.0871098579564006e-07
3.3807272727272735e-05,0.0,0.06062870016141168,6.560424347989723e-08,1.1097515079770927e-07
3.381545454545455e-05,0.0,0.06993518410759009,7.586079686584194e-08,1.1326224461060526e-07
3.382363636363637e-05,0.0,0.07892330708486618,8.569938048948092e-08,1.1557174603277275e-07
3.383181818181819e-05,0.0,0.0874715056487055,9.498945058303816e-08,1.1790310836436345e-07
3.384000000000001e-05,0.0,0.09545769116037205,1.0360177656248348e-07,1.2025575935444225e-07
3.3848181818181826e-05,0.0,0.10276077724559013,1.114100871926752e-07,1.2262910117502758e-07
3.3856363636363645e-05,0.0,0.10926226598996631,1.1829274316283584e-07,1.250225104225557e-07
3.386454545454546e-05,0.0,0.11484787395110561,1.2413441513788202e-07,1.274353381473289e-07
3.387272727272728e-05,0.0,0.11940917763721923,1.288277454823838e-07,1.2986690991147468e-07
3.38809090909091e-05,0.0,0.12284525690337766,1.3227497125553257e-07,1.3231652587591463e-07
3.388909090909091e-05,0.0,0.12506431377780897,1.34389485766014e-07,1.347834609168002e-07
3.389727272727273e-05,0.0,0.12598524357741803,1.3509731597016521e-07,1.3726696477184314e-07
3.390545454545455e-05,0.0,0.12553913482636517,1.343384933063596e-07,1.397662622169291e-07
3.3913636363636366e-05,0.0,0.12367067447266343,1.3206829619012833e-07,1.4228055327335884e-07
3.3921818181818184e-05,0.0,0.12033943521966216,1.2825834335054902e-07,1.4480901344603567e-07
3.393e-05,0.0,0.11552102246165617,1.228975184666784e-07,1.4735079399285215e-07
3.393818181818182e-05,0.0,0.10920805934036665,1.159927081562973e-07,1.4990502222551772e-07
3.394636363636364e-05,0.0,0.10141098982106922,1.0756933726608724e-07,1.5247080184199388e-07
3.395454545454546e-05,0.0,0.09215868141758904,9.767168759590117e-08,1.5504721329068085e-07
3.3962727272727275e-05,0.0,0.08149881126251551,8.636298863855487e-08,1.576333141664457e-07
3.397090909090909e-05,0.0,0.06949802160541926,7.372527160453009e-08,1.6022813963852742e-07
3.397909090909091e-05,0.0,0.056241833504575456,5.985898089775009e-08,1.6283070291032602e-07
3.398727272727273e-05,0.0,0.04183431042823608,4.4882340279742485e-08,1.6543999571100736e-07
3.399545454545455e-05,0.0,0.026397466666140387,2.89304741669727e-08,1.68054988818835e-07
3.4003636363636366e-05,-0.0,0.010070418832101965,1.2154287808635198e-08,1.7067463261606099e-07
3.4011818181818185e-05,-0.0,-0.0069917177289162726,-5.280886554206601e-09,1.7329785767518397e-07
3.402e-05,-0.0,-0.024619182177870947,-2.3196867088606687e-08,1.759235753763086e-07
3.402818181818182e-05,-0.0,-0.0426291619185445,-4.140440955317428e-08,1.7855067855530465e-07
3.403636363636364e-05,-0.0,-0.060827613995154434,-5.97051872639904e-08,1.8117804218240437e-07
3.404454545454546e-05,-0.0,-0.07901129766985025,-7.789394375601927e-08,1.838045240708238e-07
3.4052727272727276e-05,-0.0,-0.09696999816692875,-9.576079515418901e-08,1.8642896561495173e-07
3.4060909090909094e-05,-0.0,-0.11448891820404516,-1.1309365660312935e-07,1.8905019255757648e-07
3.406909090909091e-05,-0.0,-0.13135121078583192,-1.2968076471748505e-07,1.916670157855968e-07
3.407727272727273e-05,-0.0,-0.14734062386655483,-1.4531326594740414e-07,1.9427823215358238e-07
3.408545454545455e-05,-0.0,-0.1622442249477353,-1.5978783904438082e-07,1.9688262533452324e-07
3.409363636363637e-05,-0.0,-0.1758551715127376,-1.7290931849509898e-07,1.994789666970342e-07
3.4101818181818186e-05,-0.0,-0.1879754914576756,-1.8449328489447392e-07,2.020660162082438e-07
3.4110000000000004e-05,-0.0,-0.19841883639611707,-1.943685877775871e-07,2.0464252336154728e-07
3.411818181818182e-05,-0.0,-0.20701316992764168,-2.023797664416466e-07,2.0720722812833684e-07
3.412636363636364e-05,-0.0,-0.213603352694497,-2.083893347752526e-07,2.0975886193280188e-07
3.413454545454546e-05,-0.0,-0.21805358632640928,-2.1227989707821477e-07,2.122961486488131e-07
3.414272727272728e-05,-0.0,-0.2202496792033578,-2.1395606329929221e-07,2.1481780561788506e-07
3.4150909090909095e-05,-0.0,-0.22010109835401928,-2.133461340327766e-07,2.173225446871477e-07
3.415909090909091e-05,-0.0,-0.2175427737494081,-2.104035279821289e-07,2.1980907326621958e-07
3.416727272727273e-05,-0.0,-0.21253662373415202,-2.051079273971985e-07,2.222760954018394e-07
3.417545454545455e-05,-0.0,-0.2050727733403696,-1.9746612019142877e-07,2.2472231286905357e-07
3.418363636363637e-05,-0.0,-0.19517044072122214,-1.875125210108959e-07,2.2714642627774173e-07
3.4191818181818186e-05,-0.0,-0.1828784708845339,-1.7530935741591115e-07,2.29547136193199e-07
3.4200000000000005e-05,-0.0,-0.16827550025510118,-1.6094651150049368e-07,2.3192314426947707e-07
3.420818181818182e-05,-0.0,-0.1514697402936943,-1.445410116624878e-07,2.3427315439414177e-07
3.421636363636364e-05,-0.0,-0.1325983733907598,-1.2623617379026711e-07,2.3659587384307317e-07
3.422454545454546e-05,-0.0,-0.11182655946690898,-1.0620039579006165e-07,2.388900144439078e-07
3.423272727272728e-05,-0.0,-0.08934605707876896,-8.462561407736157e-08,2.411542937466876e-07
3.4240909090909096e-05,-0.0,-0.06537346827189704,-6.172543533113155e-08,2.433874362002622e-07
3.4249090909090914e-05,-0.0,-0.04014812186340783,-3.773296139425354e-08,2.45588174332958e-07
3.425727272727273e-05,0.0,-0.013929615195067375,-1.2898329631280144e-08,2.4775524993601594e-07
3.426545454545455e-05,0.0,0.013004960408439608,1.2514004740224237e-08,2.498874152482699e-07
3.427363636363637e-05,0.0,0.04036408029224249,3.822821390920015e-08,2.519834341405298e-07
3.428181818181819e-05,0.0,0.06784509842566852,6.396023631304451e-08,2.5404208329811526e-07
3.4290000000000005e-05,0.0,0.09513777162257617,8.942107188367063e-08,2.560621533999738e-07
3.4298181818181824e-05,0.0,0.12192795323587469,1.1432019380415276e-07,2.5804245029280907e-07
3.430636363636364e-05,0.0,0.14790141031415052,1.3836903466797334e-07,2.599817961586408e-07
3.431454545454546e-05,0.0,0.17274771558239224,1.6128450325875544e-07,2.6187903067420857e-07
3.432272727272728e-05,0.0,0.19616416362802933,1.8279248706695275e-07,2.6373301216063706e-07
3.43309090909091e-05,0.0,0.2178596593798033,2.0263129515593153e-07,2.655426187217784e-07
3.4339090909090915e-05,0.0,0.23755852639263336,2.2055499609960196e-07,2.673067493696538e-07
3.434727272727273e-05,0.0,0.2550041826185195,2.363366064449903e-07,2.6902432513542143e-07
3.435545454545455e-05,0.0,0.2699626322626421,2.4977108650478803e-07,2.7069429016431e-07
3.436363636363637e-05,0.0,0.2822257239948962,2.606781022468434e-07,2.72315612792973e-07
3.437181818181819e-05,0.0,0.2916141281983898,2.6890451460070544e-07,2.7388728660772594e-07
3.4380000000000006e-05,0.0,0.29797998906471296,2.7432656061779037e-07,2.7540833148215777e-07
3.4388181818181825e-05,0.0,0.3012092111564853,2.7685169456510306e-07,2.7687779459262286e-07
3.439636363636364e-05,0.0,0.3012233445053003,2.7642006115817964e-07,2.7829475141014274e-07
3.440454545454546e-05,0.0,0.29798103734176545,2.730055776949973e-07,2.7965830666728213e-07
3.441272727272728e-05,0.0,0.2914790310982313,2.666166067800673e-07,2.8096759529858024e-07
3.44209090909091e-05,0.0,0.28175267830953954,2.572962065618347e-07,2.8222178335316674e-07
3.4429090909090916e-05,0.0,0.26887597038042815,2.451219508766468e-07,2.8342006887820716e-07
3.4437272727272734e-05,0.0,0.25296106880123914,2.3020531732458292e-07,2.845616827718803e-07
3.444545454545455e-05,0.0,0.23415734018209974,2.1269064701882425e-07,2.85645889604613e-07
3.445363636363637e-05,0.0,0.21264990234171466,1.9275368547146473e-07,2.866719884073492e-07
3.446181818181819e-05,0.0,0.1886576955298284,1.705997197243042e-07,2.876393134256757e-07
3.447000000000001e-05,0.0,0.16243109958095112,1.464613323231514e-07,2.8854723483866315e-07
3.4478181818181825e-05,0.0,0.13424912429045752,1.205957979899002e-07,2.893951594413448e-07
3.4486363636363644e-05,0.0,0.10441620647434574,9.328215379225559e-08,2.901825312897941e-07
3.449454545454546e-05,0.0,0.0732586529263297,6.481797817440349e-08,2.9090883230782204e-07
3.450272727272728e-05,-0.0,0.04112077373148314,3.551591832603439e-08,2.9157358285437067e-07
3.45109090909091e-05,-0.0,0.008360755052153258,5.7000089707937516e-09,2.9217634225072803e-07
3.451909090909092e-05,-0.0,-0.024653675504677848,-2.429817130577964e-08,2.9271670926676246e-07
3.4527272727272735e-05,-0.0,-0.05754973456353797,-5.414345764089439e-08,2.9319432256541673e-07
3.453545454545455e-05,-0.0,-0.08995416084080823,-8.350112006496216e-08,2.936088611047825e-07
3.454363636363637e-05,-0.0,-0.12149782466984352,-1.1204089683009516e-07,2.9396004449712297e-07
3.455181818181819e-05,-0.0,-0.1518203078657864,-1.3944098806485066e-07,2.9424763332428516e-07
3.456000000000001e-05,-0.0,-0.18057439267128694,-1.6539195822559405e-07,2.9447142940900755e-07
3.4568181818181826e-05,-0.0,-0.20743039946693367,-1.8960049682225284e-07,2.9463127604168906e-07
3.4576363636363644e-05,-0.0,-0.23208031474010918,-2.1179298859774385e-07,2.947270581622634e-07
3.458454545454546e-05,-0.0,-0.25424165346096844,-2.3171884671475124e-07,2.9475870249687744e-07
3.459272727272728e-05,-0.0,-0.2736610034790724,-2.4915356551982734e-07,2.947261776491557e-07
3.46009090909091e-05,-0.0,-0.2901172037811664,-2.639014530725882e-07,2.946294941458876e-07
3.460909090909092e-05,-0.0,-0.3034241133801315,-2.757980077978968e-07,2.944687044370557e-07
3.4617272727272736e-05,-0.0,-0.31343293316678544,-2.847119082840652e-07,2.9424390285018347e-07
3.4625454545454554e-05,-0.0,-0.3200340491696323,-2.905465903456877e-07,2.939552254990602e-07
3.4633636363636365e-05,-0.0,-0.3231583722438791,-2.932413909248063e-07,2.936028501469563e-07
3.4641818181818184e-05,-0.0,-0.32277815615381683,-2.92772244142501e-07,2.931869960245312e-07
3.465e-05,-0.0,-0.3189072832199749,-2.8915192075425663e-07,2.9270792360268603e-07
3.465818181818182e-05,-0.0,-0.31160101406810675,-2.8242980832321423e-07,2.9216593432069273e-07
3.466636363636364e-05,-0.0,-0.3009552054323039,-2.726912355204793e-07,2.9156137026999894e-07
3.467454545454546e-05,-0.0,-0.2871050073198175,-2.6005635000538883e-07,2.9089461383416915e-07
3.4682727272727275e-05,-0.0,-0.27022305803182095,-2.4467856524612223e-07,2.901660872854967e-07
3.469090909090909e-05,-0.0,-0.25051720244632103,-2.267425973294395e-07,2.8937625233887647e-07
3.469909090909091e-05,-0.0,-0.2282277655049137,-2.06462118198002e-07,2.885256096636108e-07
3.470727272727273e-05,-0.0,-0.20362441890816232,-1.8407705676952354e-07,2.876146983538548e-07
3.471545454545455e-05,-0.0,-0.1770026845264604,-1.5985058396426643e-07,2.866440953585016e-07
3.4723636363636366e-05,-0.0,-0.14868012289450008,-1.3406582173304848e-07,2.856144148713447e-07
3.4731818181818185e-05,-0.0,-0.11899225930803839,-1.0702231968138619e-07,2.845263076824187e-07
3.474e-05,-0.0,-0.08828830342271993,-7.90323457793459e-08,2.8338046049148956e-07
3.474818181818182e-05,-0.0,-0.056926720819408416,-5.0417039892761976e-08,2.8217759518469396e-07
3.475636363636364e-05,0.0,-0.025270716714556773,-2.1502480440879644e-08,2.809184680754119e-07
3.476454545454546e-05,0.0,0.0063163071635084014,7.3842846407768575e-09,2.7960386911047797e-07
3.4772727272727276e-05,0.0,0.037475261548612665,3.591919128421488e-08,2.7823462104291006e-07
3.4780909090909094e-05,0.0,0.06785578438810143,6.378504620513082e-08,2.768115785723632e-07
3.478909090909091e-05,0.0,0.09712050306405126,9.067529776233042e-08,2.753356274545699e-07
3.479727272727273e-05,0.0,0.1249490883649958,1.1629764306659037e-07,2.7380768358107175e-07
3.480545454545455e-05,0.0,0.15104204785539713,1.40377426179371e-07,2.722286920305714e-07
3.481363636363637e-05,0.0,0.17512421037917225,1.6266078537492862e-07,2.705996260932993e-07
3.4821818181818185e-05,0.0,0.1969478581787025,1.8291751112296523e-07,2.689214862697902e-07
3.4830000000000004e-05,0.0,0.21629546843595004,2.0094358062694013e-07,2.671952992455259e-07
3.483818181818182e-05,0.0,0.23298203186340172,2.165633393627696e-07,2.6542211684290965e-07
3.484636363636364e-05,0.0,0.24685692219856004,2.2963130503533723e-07,2.636030149520737e-07
3.485454545454546e-05,0.0,0.2578052969902761,2.4003357463284315e-07,2.6173909244204484e-07
3.486272727272728e-05,0.0,0.26574901680827884,2.476888207347672e-07,2.598314700538075e-07
3.4870909090909095e-05,0.0,0.2706470768565553,2.525488688390003e-07,2.5788128927683027e-07
3.487909090909091e-05,0.0,0.27249555182401175,2.54598853137171e-07,2.5588971121063e-07
3.488727272727273e-05,0.0,0.2713270615604238,2.538569538040686e-07,2.5385791541296364e-07
3.489545454545455e-05,0.0,0.2672097717230912,2.5037372439824847e-07,2.517870987362482e-07
3.490363636363637e-05,0.0,0.2602459498050807,2.442310233196557e-07,2.496784741538098e-07
3.4911818181818186e-05,0.0,0.2505701028403738,2.355405683632148e-07,2.475332695775772e-07
3.4920000000000004e-05,0.0,0.2383467285025163,2.2444213817605685e-07,2.453527266688248e-07
3.492818181818182e-05,0.0,0.22376771619758845,2.111014488072337e-07,2.4313809964357535e-07
3.493636363636364e-05,0.0,0.20704943903480585,1.9570773747553948e-07,2.4089065407426856e-07
3.494454545454546e-05,0.0,0.18842958118430786,1.7847108912377384e-07,2.3861166568928534e-07
3.495272727272728e-05,0.0,0.1681637480580274,1.5961954423453899e-07,2.3630241917192226e-07
3.4960909090909096e-05,0.0,0.14652190894369577,1.3939602871990715e-07,2.3396420696038279e-07
3.4969090909090914e-05,0.0,0.12378472316347253,1.1805514844016834e-07,2.3159832805034704e-07
3.497727272727273e-05,0.0,0.10023980150872866,9.5859892039472e-08,2.2920608680165926e-07
3.498545454545455e-05,0.0,0.07617795462428881,7.307828630168413e-08,2.2678879175065078e-07
3.499363636363637e-05,0.0,0.05188947919366119,4.9980048130410374e-08,2.2434775442959865e-07
3.500181818181819e-05,-0.0,0.02766053123730709,2.6833276553980324e-08,2.2188428819478644e-07
3.5010000000000005e-05,-0.0,0.0037696336152195017,3.901226868919595e-09,2.1939970706461492e-07
3.5018181818181824e-05,-0.0,-0.019515638030829716,-1.856079280811716e-08,2.1689532456917403e-07
3.502636363636364e-05,-0.0,-0.041941750096003885,-4.030836467437478e-08,2.1437245261265645e-07
3.503454545454546e-05,-0.0,-0.06327204974588979,-6.111070899826045e-08,2.118324003499644e-07
3.504272727272728e-05,-0.0,-0.08328931511937424,-8.07532047097809e-08,2.0927647307881445e-07
3.5050909090909097e-05,-0.0,-0.10179798932890256,-9.903965468260519e-08,2.0670597114862088e-07
3.5059090909090915e-05,-0.0,-0.11862607565286543,-1.1579427153204131e-07,2.041221888873837e-07
3.506727272727273e-05,-0.0,-0.13362667659294936,-1.3086336397436883e-07,2.015264135477798e-07
3.507545454545455e-05,-0.0,-0.14667916487520857,-1.4411670820484308e-07,1.989199242735991e-07
3.508363636363637e-05,-0.0,-0.1576899799237451,-1.5544859328817002e-07,1.9630399108763742e-07
3.509181818181819e-05,-0.0,-0.16659304874781067,-1.6477853414967763e-07,1.9367987390209616e-07
3.5100000000000006e-05,-0.0,-0.1733498354769398,-1.7205165034161504e-07,1.910488215525064e-07
3.5108181818181824e-05,-0.0,-0.17794902887815534,-1.7723871327226003e-07,1.8841207085613537e-07
3.511636363636364e-05,-0.0,-0.18040588202294564,-1.8033586896347547e-07,1.8577084569578994e-07
3.512454545454546e-05,-0.0,-0.18076122277401188,-1.8136404758595624e-07,1.8312635612987783e-07
3.513272727272728e-05,-0.0,-0.17908015787388626,-1.8036807495566428e-07,1.804797975295403e-07
3.51409090909091e-05,-0.0,-0.17545049708808724,-1.7741550480968576e-07,1.778323497436117e-07
3.5149090909090916e-05,-0.0,-0.16998092704129827,-1.7259519397026047e-07,1.7518517629211498e-07
3.5157272727272734e-05,-0.0,-0.16279896705153307,-1.6601564541332095e-07,1.7253942358894225e-07
3.516545454545455e-05,-0.0,-0.154048741388717,-1.5780314675030364e-07,1.6989622019432588e-07
3.517363636363637e-05,-0.0,-0.14388860394401284,-1.4809973368378733e-07,1.6725667609763904e-07
3.518181818181819e-05,-0.0,-0.13248865228712084,-1.3706100959025374e-07,1.6462188203101967e-07
3.519000000000001e-05,-0.0,-0.12002816851225295,-1.2485385350562008e-07,1.6199290881425833e-07
3.5198181818181825e-05,-0.0,-0.10669302413981557,-1.1165404943698274e-07,1.5937080673132445e-07
3.5206363636363643e-05,-0.0,-0.09267308566863217,-9.764387010007675e-08,1.567566049388722e-07
3.521454545454546e-05,-0.0,-0.07815965618918672,-8.300964789590404e-08,1.5415131090698827e-07
3.522272727272728e-05,-0.0,-0.06334298680538471,-6.793936520798064e-08,1.515559098924144e-07
3.52309090909091e-05,-0.0,-0.048409889510622056,-5.262029494586671e-08,1.4897136444440697e-07
3.5239090909090917e-05,-0.0,-0.033541480669001214,-3.723672070892739e-08,1.4639861394335342e-07
3.5247272727272735e-05,-0.0,-0.018911081414483333,-2.1967764029445168e-08,1.438385741722093e-07
3.525545454545455e-05,0.0,-0.004682298153494012,-6.985343913545868e-09,1.412921369207707e-07
3.526363636363637e-05,0.0,0.00899269700336562,7.547708627093415e-09,1.3876016962274398e-07
3.527181818181819e-05,0.0,0.02197466958892115,2.1479361126092748e-08,1.3624351502553045e-07
3.528000000000001e-05,0.0,0.03413859726386893,3.4669898329922926e-08,1.337429908925869e-07
3.5288181818181826e-05,0.0,0.045374706500768636,4.6993235123801325e-08,1.3125938973818795e-07
3.5296363636363644e-05,0.0,0.05558926623369492,5.833801306314134e-08,1.2879347859435415e-07
3.530454545454546e-05,0.0,0.06470513688546248,6.86084731128152e-08,1.263459988096821e-07
3.531272727272728e-05,0.0,0.07266207671955624,7.772510045313243e-08,1.239176658797546e-07
3.53209090909091e-05,0.0,0.07941681083913371,8.562504042317587e-08,1.215091693087745e-07
3.532909090909092e-05,0.0,0.08494287132557596,9.226228779458768e-08,1.1912117250202491e-07
3.5337272727272736e-05,0.0,0.08923021993372889,9.760765456029526e-08,1.1675431268871333e-07
3.5345454545454554e-05,0.0,0.09228466740517449,1.0164852424451327e-07,1.1440920087472694e-07
3.535363636363637e-05,0.0,0.09412710579524929,1.0438840335781128e-07,1.1208642182478236e-07
3.536181818181819e-05,0.0,0.09479257221065866,1.0584628300339151e-07,1.0978653407342561e-07
3.537000000000001e-05,0.0,0.09432916400508572,1.0605582576168136e-07,1.0751006996429666e-07
3.537818181818182e-05,0.0,0.09279682676895581,1.0506439481833783e-07,1.05257535717052e-07
3.538636363636364e-05,0.0,0.09026603737137281,1.0293194383902595e-07,1.0302941152129367e-07
3.539454545454546e-05,0.0,0.08681640486799327,9.97297873211358e-08,1.0082615165684464e-07
3.5402727272727275e-05,0.0,0.08253521228474395,9.553927206110134e-08,9.864818463966381e-08
3.541090909090909e-05,0.0,0.07751592213566526,9.045037096430435e-08,9.649591339268467e-08
3.541909090909091e-05,0.0,0.07185666805058738,8.45602206955501e-08,9.436971544083003e-08
3.542727272727273e-05,0.0,0.06565875409610585,7.797162462921463e-08,9.226994312943755e-08
3.543545454545455e-05,0.0,0.059025182296673855,7.079154222112173e-08,9.019692386531149e-08
3.5443636363636366e-05,0.0,0.052059227530207926,6.312958530468704e-08,8.815096037959506e-08
3.5451818181818184e-05,0.0,0.04486307741584336,5.5096540931164494e-08,8.613233101164852e-08
3.546e-05,0.0,0.03753655306397253,4.680293925037511e-08,8.414129001309633e-08
3.546818181818182e-05,0.0,0.03017592465558199,3.83576835892829e-08,8.217806787120008e-08
3.547636363636364e-05,0.0,0.02287283379520448,2.986675835859225e-08,8.024287165070184e-08
3.548454545454546e-05,0.0,0.015713332475828304,2.143202873134207e-08,7.833588535327187e-08
3.5492727272727276e-05,0.0,0.008777046340849259,1.3150144222646102e-08,7.64572702936888e-08
3.5500909090909094e-05,-0.0,0.002136467762713483,5.111556387396171e-09,7.460716549187875e-08
3.550909090909091e-05,-0.0,-0.004143617886024133,-2.6003411257326013e-09,7.278568807992499e-08
3.551727272727273e-05,-0.0,-0.01000657148411217,-9.909943939158392e-09,7.099293372317385e-08
3.552545454545455e-05,-0.0,-0.015404205658190461,-1.6750035523497816e-08,6.922897705454422e-08
3.553363636363637e-05,-0.0,-0.020296959145498276,-2.306225077379889e-08,6.749387212116595e-08
3.5541818181818185e-05,-0.0,-0.024653944408522945,-2.8797404313020238e-08,6.578765284245892e-08
3.5550000000000004e-05,-0.0,-0.028452874498378414,-3.391568511394547e-08,6.411033347878151e-08
3.555818181818182e-05,-0.0,-0.03167987660364854,-3.8386720792033406e-08,6.246190910977606e-08
3.556636363636364e-05,-0.0,-0.03432920097676813,-4.218951656012968e-08,6.084235612154396e-08
3.557454545454546e-05,-0.0,-0.03640283499074945,-4.531227533308296e-08,5.925163270179869e-08
3.5582727272727277e-05,-0.0,-0.037910032938770565,-4.775210681054412e-08,5.768967934214437e-08
3.5590909090909095e-05,-0.0,-0.038866772844906194,-4.951463453702056e-08,5.615641934664754e-08
3.559909090909091e-05,-0.0,-0.03929515200655927,-5.061351093006869e-08,5.465175934587522e-08
3.560727272727273e-05,-0.0,-0.039222733241598966,-5.106985107387848e-08,5.317558981558648e-08
3.561545454545455e-05,-0.0,-0.038681853872462195,-5.091159669300503e-08,5.1727785599282295e-08
3.562363636363637e-05,-0.0,-0.037708909354880735,-5.017282214914822e-08,5.0308206433827216e-08
3.5631818181818186e-05,-0.0,-0.03634362316223347,-4.889299454503899e-08,4.891669747737923e-08
3.5640000000000004e-05,-0.0,-0.034628314081679296,-4.711620007866526e-08,4.755308983887406e-08
3.564818181818182e-05,-0.0,-0.032607171480859884,-4.489034867578879e-08,4.6217201108334175e-08
3.565636363636364e-05,-0.0,-0.030325548381154824,-4.2266368648692904e-08,4.49088358872871e-08
3.566454545454546e-05,-0.0,-0.027829281343371454,-3.9297402696145205e-08,4.3627786318598575e-08
3.567272727272728e-05,-0.0,-0.025164045253219317,-3.603801598711968e-08,4.237383261504522e-08
3.5680909090909096e-05,-0.0,-0.0223747501061827,-3.254342637386095e-08,4.1146743585971965e-08
3.5689090909090914e-05,-0.0,-0.019504985853725777,-2.886876597445686e-08,3.9946277161404495e-08
3.569727272727273e-05,-0.0,-0.016596520304122092,-2.5068382468173357e-08,3.8772180912997546e-08
3.570545454545455e-05,-0.0,-0.013688853989992228,-2.1195187475888404e-08,3.7624192571238485e-08
3.571363636363637e-05,-0.0,-0.01081883483840973,-1.730005837079579e-08,3.6502040538331284e-08
3.572181818181819e-05,-0.0,-0.008020334424655301,-1.3431298798887668e-08,3.540544439622142e-08
3.5730000000000005e-05,-0.0,-0.005323986572526243,-9.634162101992136e-09,3.4334115409238326e-08
3.5738181818181823e-05,-0.0,-0.0027569880962346745,-5.950440745263846e-09,3.32877570208565e-08
3.574636363636364e-05,-0.0,-0.0003429605734371131,-2.418123772104087e-09,3.22660653441039e-08
3.575454545454546e-05,0.0,0.0018981287938039178,9.288767423142514e-10,3.1268729645162023e-08
3.576272727272728e-05,0.0,0.0039499899247386235,4.06093027847406e-09,3.029543281973605e-08
3.5770909090909096e-05,0.0,0.0057999795702685895,6.952824497443371e-09,2.9345851861785458e-08
3.5779090909090915e-05,0.0,0.007439021916153949,9.583835791929677e-09,2.8419658324239662e-08
3.578727272727273e-05,0.0,0.008861484481491592,1.193773646957862e-08,2.751651877134128e-08
3.579545454545455e-05,0.0,0.010065014091467568,1.4002742009526669e-08,2.6636095222283228e-08
3.580363636363637e-05,0.0,0.011050337982692152,1.5771402479140947e-08,2.577804558583168e-08
3.581181818181819e-05,0.0,0.011821035283245844,1.7240442750113184e-08,2.4942024085646926e-08
3.5820000000000006e-05,0.0,0.012383284201135027,1.8410556608607525e-08,2.4127681676042605e-08
3.5828181818181824e-05,0.0,0.012745590258695955,1.9286160211524184e-08,2.3334666447937204e-08
3.583636363636364e-05,0.0,0.01291850083224161,1.9875110600293444e-08,2.2562624024786306e-08
3.584454545454546e-05,0.0,0.012914311102525769,2.0188395146518987e-08,2.1811197948291914e-08
3.585272727272728e-05,0.0,0.012746766299802204,2.0239797873214262e-08,2.1080030053722542e-08
3.58609090909091e-05,0.0,0.012430764845404218,2.0045548575521924e-08,2.0368760834684327e-08
3.5869090909090916e-05,0.0,0.011982066658326858,1.9623960560971966e-08,1.967702979721354e-08
3.5877272727272734e-05,0.0,0.011417010519004657,1.8995062647825134e-08,1.9004475803079675e-08
3.588545454545455e-05,0.0,0.010752243972197113,1.8180230807937267e-08,1.835073740220356e-08
3.589363636363637e-05,0.0,0.010004468815435125,1.720182452566698e-08,1.7715453154123368e-08
3.590181818181819e-05,0.0,0.009190204767470936,1.608283257486884e-08,1.709826193844659e-08
3.591000000000001e-05,0.0,0.008325573450922216,1.4846532500635803e-08,1.6498803254262348e-08
3.5918181818181825e-05,0.0,0.007426104362684874,1.3516167639952328e-08,1.591671750848683e-08
3.592636363636364e-05,0.0,0.006506564052050865,1.2114645034712749e-08,1.5351646293149762e-08
3.593454545454546e-05,0.0,0.005580809286525195,1.0664257090388791e-08,1.4803232651630142e-08
3.594272727272728e-05,0.0,0.004661664565116874,9.186429322589983e-09,1.4271121333880578e-08
3.59509090909091e-05,0.0,0.0037608239436621458,7.701496020044249e-09,1.3754959040682173e-08
3.5959090909090916e-05,0.0,0.002888776771024719,6.228505143927205e-09,1.3254394656995389e-08
3.5967272727272735e-05,0.0,0.002054756602505501,4.7850532871974105e-09,1.2769079474481469e-08
3.597545454545455e-05,0.0,0.0012667122603749474,3.3871510402719322e-09,1.2298667403286663e-08
3.598363636363637e-05,0.0,0.0005312997532064981,2.049118656909552e-09,1.1842815173188488e-08
3.599181818181819e-05,0.0,-0.00014610645304668156,7.835114917445852e-10,1.1401182524222931e-08
3.600000000000001e-05,-0.0,-0.0007613844979580444,-3.989257070725905e-10,1.0973432386916561e-08
3.6008181818181826e-05,-0.0,-0.0013116203479744066,-1.4892769166017543e-09,1.0559231052262114e-08
3.6016363636363644e-05,-0.0,-0.0017950491002291522,-2.4804469447626744e-09,1.0158248331586201e-08
3.602454545454546e-05,-0.0,-0.0022109843546157296,-3.3671293646819674e-09,9.770157706466365e-09
3.603272727272728e-05,-0.0,-0.002559737665763924,-4.1457523416493925e-09,9.39463646886361e-09
3.60409090909091e-05,-0.0,-0.00284253007882408,-4.814404594167453e-09,9.03136585164792e-09
3.604909090909092e-05,-0.0,-0.003061397714352503,-5.372743863835004e-09,8.68003114969957e-09
3.6057272727272735e-05,-0.0,-0.0032190933011192733,-5.8218903586256944e-09,8.340321831773831e-09
3.6065454545454554e-05,-0.0,-0.0033189854645708037,-6.1643076820370396e-09,8.011931643334719e-09
3.607363636363637e-05,-0.0,-0.0033649574663734373,-6.403673768610682e-09,7.694558700550906e-09
3.608181818181819e-05,-0.0,-0.003361306960428964,-6.544744317022972e-09,7.387905575674982e-09
3.609000000000001e-05,-0.0,-0.0033126481864989743,-6.5932111482146615e-09,7.091679374012208e-09
3.609818181818183e-05,-0.0,-0.00322381786757502,-6.555557821162421e-09,6.805591802704065e-09
3.6106363636363645e-05,-0.0,-0.0030997859147630057,-6.43891471640339e-09,6.529359231547807e-09
3.611454545454546e-05,-0.0,-0.0029455718769446095,-6.250915651035869e-09,6.26270274608448e-09
3.6122727272727275e-05,-0.0,-0.0027661679048776215,-5.999557922456058e-09,6.005348193182107e-09
3.613090909090909e-05,-0.0,-0.002566468833517362,-5.693067495445175e-09,5.757026219353594e-09
3.613909090909091e-05,-0.0,-0.002351209824744387,-5.33977085225549e-09,5.517472302047199e-09
3.614727272727273e-05,-0.0,-0.002124911857653242,-4.94797482184665e-09,5.286426774148307e-09
3.615545454545455e-05,-0.0,-0.0018918352070811965,-4.5258554960693475e-09,5.063634841941401e-09
3.6163636363636366e-05,-0.0,-0.0016559409148161341,-4.081357130842352e-09,4.848846596772824e-09
3.6171818181818184e-05,-0.0,-0.0014208601332896128,-3.62210172250934e-09,4.641817020670574e-09
3.618e-05,-0.0,-0.0011898711095966765,-3.1553097465667764e-09,4.442305986167295e-09
3.618818181818182e-05,-0.0,-0.0009658834791500895,-2.6877323505603906e-09,4.250078250587126e-09
3.619636363636364e-05,-0.0,-0.0007514294536465145,-2.2255951075406665e-09,4.064903445050497e-09
3.620454545454546e-05,-0.0,-0.0005486614174955072,-1.7745532631346496e-09,3.886556058463752e-09
3.6212727272727276e-05,-0.0,-0.00035935539038339976,-1.3396582497539954e-09,3.7148154167603733e-09
3.6220909090909094e-05,-0.0,-0.00018491977092398315,-9.253350971292804e-10,3.5494656576652383e-09
3.622909090909091e-05,-0.0,-2.640874688863542e-05,-5.353702402799012e-10,3.390295701266973e-09
3.623727272727273e-05,-0.0,0.00011546025936904161,-1.7290911492874016e-10,3.237099216684634e-09
3.624545454545455e-05,-0.0,0.0002402857468081882,1.5953716334791728e-10,3.0896745851340634e-09
3.625363636363637e-05,0.0,0.0003479585237705826,4.6007681617791797e-10,2.9478248597042312e-09
3.6261818181818185e-05,0.0,0.0004386359436953156,7.27414954532471e-10,2.8113577221815394e-09
3.6270000000000003e-05,0.0,0.0005127145799715568,9.608245468895145e-10,2.680085437273917e-09
3.627818181818182e-05,0.0,0.0005708019000387034,1.1601117102386886e-09,2.5538248046178984e-09
3.628636363636364e-05,0.0,0.0006136874612575859,1.3255762413067447e-09,2.432397108988726e-09
3.629454545454546e-05,0.0,0.000642314108494041,1.45796830167647e-09,2.3156280691694988e-09
3.6302727272727276e-05,0.0,0.0006577496069603882,1.5584421536963717e-09,2.2033477860041433e-09
3.6310909090909095e-05,0.0,0.0006611590947952741,1.6285078155394205e-09,2.0953906902124734e-09
3.631909090909091e-05,0.0,0.0006537786892169417,1.6699814648615604e-09,1.991595490653244e-09
3.632727272727273e-05,0.0,0.000636890528878581,1.6849353726741833e-09,1.891805123818742e-09
3.633545454545455e-05,0.0,0.0006117994842240252,1.675648093758134e-09,1.7958667055020401e-09
3.634363636363637e-05,0.0,0.0005798117180324771,1.6445555786781353e-09,1.703631485762013e-09
3.6351818181818186e-05,0.0,0.0005422152306982133,1.5942038066494515e-09,1.6149548085557644e-09
3.6360000000000004e-05,0.0,0.0005002624797589989,1.527203469569144e-09,1.5296960777261265e-09
3.636818181818182e-05,0.0,0.0004551551213048423,1.4461871667768274e-09,1.447718731455151e-09
3.637636363636364e-05,0.0,0.00040803088260166524,1.3537694988060514e-09,1.3688902278388616e-09
3.638454545454546e-05,0.0,0.0003599525408832686,1.2525103776778187e-09,1.2930820449826933e-09
3.639272727272728e-05,0.0,0.00031189895302880465,1.1448818022071282e-09,1.2201697000062542e-09
3.6400909090909096e-05,0.0,0.0002647580548841001,1.0332382802606399e-09,1.1500327926862285e-09
3.6409090909090914e-05,0.0,0.00021932172734572488,9.197910167219617e-10,1.0825550813062342e-09
3.641727272727273e-05,0.0,0.00017628240896623934,8.065859267391391e-10,1.017624600828506e-09
3.642545454545455e-05,0.0,0.00013623132164222867,6.954854792013034e-10,9.551338370463594e-10
3.643363636363637e-05,0.0,9.965816673085902e-05,5.88154325707318e-10,8.949799754073095e-10
3.644181818181819e-05,0.0,6.695214346387883e-05,4.860486258476619e-10,8.370652503736751e-10
3.6450000000000005e-05,0.0,3.840413949835498e-05,3.904089405673892e-10,7.812974315848084e-10
3.645818181818182e-05,0.0,1.420994452905776e-05,3.0225653178481143e-10,7.275904983475996e-10
3.646636363636364e-05,0.0,-5.525658273838368e-06,2.2239287823375417e-10,6.758655766429321e-10
3.647454545454546e-05,0.0,-2.0784062029708084e-05,1.5140219455460457e-10,6.260522470084002e-10
3.648272727272728e-05,0.0,-3.162739796218388e-05,8.965672273362783e-11,5.780903837852847e-10
3.6490909090909096e-05,0.0,-3.819261036060705e-05,3.7324551807450245e-11,5.319327668362146e-10
3.6499090909090915e-05,0.0,-4.0685154867575016e-05,-5.620287069943152e-12,4.875488327267679e-10
3.650727272727273e-05,-0.0,-3.937241857916183e-05,-3.938570792713481e-11,4.4493013037635854e-10
3.651545454545455e-05,-0.0,-3.4576948352342174e-05,-6.434769866792503e-11,4.0409835728370504e-10
3.652363636363637e-05,-0.0,-2.6669561576507588e-05,-8.103494837280767e-11,3.6511733365508735e-10
3.653181818181819e-05,-0.0,-1.6062401809963994e-05,-9.011222599980074e-11,3.281109811526094e-10
3.6540000000000006e-05,-0.0,-3.2019904052308332e-06,-9.236275666819557e-11,2.9329028995338364e-10
3.6548181818181824e-05,-0.0,1.1437685187362722e-05,-8.866983338943777e-11,2.609929888142763e-10
3.655636363636364e-05,-0.0,2.736201511313177e-05,-7.999789249046593e-11,2.317385118721533e-10
3.656454545454546e-05,-0.0,4.4062519587521255e-05,-6.737327045945669e-11,2.0629276123861312e-10
3.657272727272728e-05,-0.0,6.102349364283994e-05,-5.1864848888458375e-11,1.857107210244793e-10
3.65809090909091e-05,-0.0,7.772853284069812e-05,-3.4564782909846234e-11,1.7127017603922164e-10
3.6589090909090915e-05,-0.0,9.366693227817508e-05,-1.6569497291549863e-11,1.6416998269804543e-10
3.6597272727272734e-05,-0.0,0.00010833995326036881,1.0388766124235754e-12,1.650052814653605e-10
3.660545454545455e-05,-0.0,0.00012126695248452165,1.7210460398394393e-11,1.7338896631540895e-10
3.661363636363637e-05,-0.0,0.00013199136753872,3.094483197861071e-11,1.8811990989805312e-10
3.662181818181819e-05,-0.0,0.00014008655005622373,4.130732951754199e-11,2.0772389180632332e-10
3.663000000000001e-05,-0.0,0.00014516143411422416,4.7444321475002624e-11,2.3088887160996603e-10
3.6638181818181825e-05,-0.0,0.00014686602258335383,4.859731652143364e-11,2.5662151570643077e-10
3.664636363636364e-05,-0.0,0.00014489666830883703,4.411579483720065e-11,2.842289971317707e-10
3.665454545454546e-05,-0.0,0.00013900112044733348,3.346864970092241e-11,3.1324730817873243e-10
3.666272727272728e-05,-0.0,0.0001289832992281848,1.625413546326458e-11,3.4337252826932503e-10
3.66709090909091e-05,-0.0,0.00011470775510427557,-7.791774815325162e-12,3.744093377118058e-10
3.6679090909090916e-05,-0.0,9.610376096877288e-05,-3.878871141907092e-11,4.0623568937076895e-10
3.6687272727272735e-05,-0.0,7.316897910900053e-05,-7.670699129621052e-11,4.3877930616646597e-10
3.669545454545455e-05,-0.0,4.597263811854506e-05,-1.2136453581255743e-10,4.720021360300625e-10
3.670363636363637e-05,-0.0,1.4658149361500674e-05,-1.7242568684640646e-10,5.058900065867075e-10
3.671181818181819e-05,-0.0,-2.0554911960035862e-05,-2.2940197481802343e-10,5.404456586512412e-10
3.672000000000001e-05,-0.0,-5.936953929229808e-05,-2.9165488068399476e-10,5.756839879301442e-10
3.6728181818181826e-05,-0.0,-0.00010141082056716369,-3.584006209466281e-10,6.116287462008592e-10
3.6736363636363644e-05,-0.0,-0.00014622633704868272,-4.287169702134947e-10,6.48310220479848e-10
3.674454545454546e-05,-0.0,-0.00019328751274614507,-5.015521196814071e-10,6.857635772332198e-10
3.675272727272728e-05,0.0,-0.000241991987737031,-5.75735552078853e-10,7.240276655414238e-10
3.67609090909091e-05,0.0,-0.0002916670823001201,-6.499908940722575e-10,7.631441415543944e-10
3.676909090909092e-05,0.0,-0.0003415744100091829,-7.229506859840474e-10,8.031568209338491e-10
3.6777272727272735e-05,0.0,-0.0003909156868455347,-7.931729859843869e-10,8.441111951358253e-10
3.6785454545454554e-05,0.0,-0.0004388397699639907,-8.59159701879923e-10,8.860540668198701e-10
3.679363636363637e-05,0.0,-0.00048445094405137016,-9.193765184413011e-10,9.290332727839345e-10
3.680181818181819e-05,0.0,-0.0005268184553602822,-9.72274262178659e-10,9.730974718286329e-10
3.681000000000001e-05,0.0,-0.0005649872736447004,-1.0163115189123325e-09,1.0182959811706452e-09
3.681818181818183e-05,0.0,-0.0005979900405791528,-1.049978292783509e-09,1.0646786494155453e-09
3.6826363636363645e-05,0.0,-0.0006248601400714101,-1.0718204689398059e-09,1.1122957572049454e-09
3.683454545454546e-05,0.0,-0.0006446458014900424,-1.0804648164736595e-09,1.1611979388877186e-09
3.684272727272728e-05,0.0,-0.0006564251215818692,-1.0746442438079495e-09,1.211436120197855e-09
3.68509090909091e-05,0.0,-0.0006593218651534471,-1.05322299611985e-09,1.2630614681002142e-09
3.685909090909092e-05,0.0,-0.0006525218788779736,-1.0152214641457314e-09,1.3161253498640192e-09
3.686727272727273e-05,0.0,-0.0006352899273401634,-9.59840256339853e-10,1.3706792990715492e-09
3.687545454545455e-05,0.0,-0.0006069867361498157,-8.864831724462306e-10,1.4267749867808963e-09
3.6883636363636366e-05,0.0,-0.0005670860041641695,-7.94778706596289e-10,1.4844641964318782e-09
3.6891818181818184e-05,0.0,-0.0005151911260982806,-6.845997025978462e-10,1.543798801383057e-09
3.69e-05,0.0,-0.00045105134861588936,-5.560807835818104e-10,1.6048307441917476e-09
3.690818181818182e-05,0.0,-0.000374577067920389,-4.096331830702888e-10,1.66761201692319e-09
3.691636363636364e-05,0.0,-0.00028585396543097543,-2.4595661516047667e-10,1.7321946419200125e-09
3.692454545454546e-05,0.0,-0.00018515567083143998,-6.604783819874141e-11,1.7986306525638749e-09
3.6932727272727275e-05,0.0,-7.295463908136275e-05,1.2879441076184232e-10,1.866972073660768e-09
3.6940909090909094e-05,0.0,5.006906970055907e-05,3.3696840413587446e-10,1.9372709011397558e-09
3.694909090909091e-05,0.0,0.0001830214108715997,5.565725923502606e-10,2.009579080824074e-09
3.695727272727273e-05,0.0,0.0003247906664345457,7.854131685208277e-10,2.0839484860680405e-09
3.696545454545455e-05,0.0,0.00047404671749143594,1.021016196941885e-09,2.1604308941052074e-09
3.697363636363637e-05,0.0,0.0006292435234439842,1.2606444192045175e-09,2.2390779609708206e-09
3.6981818181818185e-05,0.0,0.0007886250220612661,1.501318792534007e-09,2.319941194900798e-09
3.699e-05,0.0,0.0009502346272068551,1.7398447509135754e-09,2.4030719281214614e-09
3.699818181818182e-05,0.0,0.0011119284578784176,1.972843111397478e-09,2.488521286970148e-09
3.700636363636364e-05,-0.0,0.0012713923835514125,2.196785476500602e-09,2.576340160299564e-09
3.701454545454546e-05,-0.0,0.0014261629170405272,2.408033909566889e-09,2.6665791661332718e-09
3.7022727272727276e-05,-0.0,0.001573651927722001,2.6028845845523853e-09,2.759288616549574e-09
3.7030909090909095e-05,-0.0,0.001711175085638368,2.7776150357881514e-09,2.8545184807869458e-09
3.703909090909091e-05,-0.0,0.0018359838814888385,2.928534558157049e-09,2.9523183465653983e-09
3.704727272727273e-05,-0.0,0.0019453009996552803,3.0520372349469454e-09,3.052737379634451e-09
3.705545454545455e-05,-0.0,0.002036358752187649,3.1446570006768067e-09,3.1558242815580013e-09
3.706363636363637e-05,-0.0,0.0021064402121274955,3.203124080725368e-09,3.261627245758876e-09
3.7071818181818186e-05,-0.0,0.0021529226158179086,3.2244220899050545e-09,3.3701939118499383e-09
3.7080000000000004e-05,-0.0,0.002173322537132634,3.2058450194985513e-09,3.481571318280045e-09
3.708818181818182e-05,-0.0,0.002165342273104295,3.145053297949454e-09,3.5958058533368815e-09
3.709636363636364e-05,-0.0,0.002126916821519042,3.0401280755604485e-09,3.7129432045434545e-09
3.710454545454546e-05,-0.0,0.002056260777959767,2.8896228592929075e-09,3.8330283064977455e-09
3.711272727272728e-05,-0.0,0.001951914433798417,2.6926116110969174e-09,3.956105287204322e-09
3.7120909090909095e-05,-0.0,0.0018127883190031605,2.4487324229867388e-09,4.08221741295146e-09
3.7129090909090914e-05,-0.0,0.001638205405524595,2.1582258950575675e-09,4.211407031793314e-09
3.713727272727273e-05,-0.0,0.0014279401695611856,1.8219673693596137e-09,4.343715515699118e-09
3.714545454545455e-05,-0.0,0.0011822537051751757,1.4414922133976265e-09,4.479183201431354e-09
3.715363636363637e-05,-0.0,0.0009019240884029177,1.0190134021676372e-09,4.6178493302265026e-09
3.716181818181819e-05,-0.0,0.0005882712108914666,5.574307170473623e-10,4.759751986347933e-09
3.7170000000000005e-05,-0.0,0.00024317533573541277,6.033096325122715e-11,4.904928034583819e-09
3.717818181818182e-05,-0.0,-0.00013091132407159952,-4.680212955540839e-10,5.053413056775482e-09
3.718636363636364e-05,-0.0,-0.0005309606421873718,-1.0227028772423263e-09,5.2052412874487875e-09
3.719454545454546e-05,-0.0,-0.0009533727919935676,-1.598161266189949e-09,5.3604455486432975e-09
3.720272727272728e-05,-0.0,-0.0013939891078284658,-2.1882541816052455e-09,5.519057184016042e-09
3.7210909090909096e-05,-0.0,-0.001848113962946757,-2.7862994265445054e-09,5.6811059923210925e-09
3.7219090909090915e-05,-0.0,-0.0023105459173611374,-3.3851348664089305e-09,5.846620160349812e-09
3.722727272727273e-05,-0.0,-0.0027756182620749716,-3.977188231604649e-09,6.0156261954322705e-09
3.723545454545455e-05,-0.0,-0.0032372489496972625,-4.554556281399394e-09,6.1881488575980295e-09
3.724363636363637e-05,-0.0,-0.003688999756648686,-5.109092707034283e-09,6.364211091496035e-09
3.725181818181819e-05,0.0,-0.004124144370963256,-5.632503994186094e-09,6.543833958179516e-09
3.7260000000000006e-05,0.0,-0.00453574494412316,-6.116452310368571e-09,6.727036566859224e-09
3.7268181818181824e-05,0.0,-0.004916736487686638,-6.552664334326118e-09,6.9138360067370235e-09
3.727636363636364e-05,0.0,-0.005260018338098686,-6.9330448044454855e-09,7.104247279026349e-09
3.728454545454546e-05,0.0,-0.005558551758565655,-7.2497934342377664e-09,7.298283229275968e-09
3.729272727272728e-05,0.0,-0.005805462597882169,-7.495523727505008e-09,7.495954480107814e-09
3.73009090909091e-05,0.0,-0.005994147785338831,-7.663382126307083e-09,7.697269364489142e-09
3.7309090909090915e-05,0.0,-0.006118384311046964,-7.747165843554996e-09,7.902233859652395e-09
3.7317272727272734e-05,0.0,-0.006172439224900255,-7.741437671067995e-09,8.110851521786084e-09
3.732545454545455e-05,0.0,-0.006151179087585603,-7.641636015127482e-09,8.323123421616172e-09
3.733363636363637e-05,0.0,-0.006050177226067556,-7.444178396566717e-09,8.539048080997484e-09
3.734181818181819e-05,0.0,-0.005865817086142441,-7.146556662582711e-09,8.758621410642732e-09
3.735000000000001e-05,0.0,-0.005595389938110714,-6.7474221937599866e-09,8.981836649107969e-09
3.7358181818181825e-05,0.0,-0.005237185180202835,-6.2466594529002295e-09,9.208684303163149e-09
3.736636363636364e-05,0.0,-0.004790571499655582,-5.645446312432084e-09,9.439152089669088e-09
3.737454545454546e-05,0.0,-0.004256067194456175,-4.946299714291224e-09,9.673224879088539e-09
3.738272727272728e-05,0.0,-0.0036353980305411583,-4.153105359663349e-09,9.910884640755084e-09
3.73909090909091e-05,0.0,-0.0029315411100191494,-3.2711302948796976e-09,1.0152110390025263e-08
3.7399090909090916e-05,0.0,-0.0021487533556903,-2.3070174526408777e-09,1.039687813743965e-08
3.7407272727272734e-05,0.0,-0.0012925833751929233,-1.2687614227614143e-09,1.0645160840013999e-08
3.741545454545455e-05,0.0,-0.0003698656534592813,-1.6566496152584281e-10,1.089692835478922e-08
3.742363636363637e-05,0.0,0.000611303766751339,9.91723999146915e-10,1.1152147394754663e-08
3.743181818181819e-05,0.0,0.001641610721710373,2.1916948152527772e-09,1.14107814872751e-08
3.744000000000001e-05,0.0,0.0027105858305388397,3.4214757624112797e-09,1.1672790935130676e-08
3.7448181818181826e-05,0.0,0.00380668694153679,4.667354246993527e-09,1.1938132780298148e-08
3.7456363636363644e-05,0.0,0.004917400907880438,5.914814720580336e-09,1.2206760770580671e-08
3.746454545454546e-05,0.0,0.006029364180036332,7.148693135289969e-09,1.247862532920453e-08
3.747272727272728e-05,0.0,0.00712850139613517,8.3533464964321e-09,1.2753673527491916e-08
3.74809090909091e-05,0.0,0.008200180843364777,9.512835797536307e-09,1.3031849060720417e-08
3.748909090909092e-05,0.0,0.009229385357949177,1.0611120365480532e-08,1.3313092227271949e-08
3.7497272727272735e-05,0.0,0.01020089693342119,1.1632261404586277e-08,1.35973399111751e-08
3.7505454545454554e-05,-0.0,0.011099493021714117,1.2560632312405521e-08,1.3884525568141983e-08
3.751363636363637e-05,-0.0,0.011910152244162264,1.338113315057166e-08,1.4174579215187414e-08
3.752181818181819e-05,-0.0,0.012618266984820123,1.4079406495353874e-08,1.4467427423932934e-08
3.753000000000001e-05,-0.0,0.013209860121450964,1.4642051767918114e-08,1.4762993317672415e-08
3.7538181818181827e-05,-0.0,0.01367180296472979,1.505683505689048e-08,1.506119657228972e-08
3.7546363636363645e-05,-0.0,0.013992031327964923,1.5312891398272186e-08,1.536195342109919e-08
3.755454545454546e-05,-0.0,0.01415975654187408,1.5400916472236548e-08,1.5665176663692836e-08
3.756272727272728e-05,-0.0,0.014165668165075751,1.5313344714414934e-08,1.5970775678848834e-08
3.75709090909091e-05,-0.0,0.014002125123834657,1.504451092195116e-08,1.6278656441580195e-08
3.757909090909092e-05,-0.0,0.013663332046457664,1.4590792562191754e-08,1.658872154436362e-08
3.7587272727272736e-05,-0.0,0.013145497640104318,1.3950730164078418e-08,1.690087022261887e-08
3.7595454545454554e-05,-0.0,0.012446972091433646,1.3125123388078214e-08,1.7214998384467836e-08
3.760363636363637e-05,-0.0,0.011568360657442309,1.2117100628148689e-08,1.7530998644825013e-08
3.7611818181818184e-05,-0.0,0.010512610848220777,1.0932160296366429e-08,1.784876036384827e-08
3.762e-05,-0.0,0.009285070887485416,9.578182274396009e-09,1.8168169689775638e-08
3.762818181818182e-05,-0.0,0.007893517467110107,8.06540838220825e-09,1.8489109606174354e-08
3.763636363636364e-05,-0.0,0.006348151185118692,6.406391109048081e-09,1.8811459983609297e-08
3.764454545454546e-05,-0.0,0.004661558468531107,4.615910269692855e-09,1.9135097635743378e-08
3.7652727272727275e-05,-0.0,0.0028486392281264674,2.71085768513812e-09,1.9459896379867543e-08
3.7660909090909094e-05,-0.0,0.0009264999659175592,7.100904351417965e-10,1.9785727101853646e-08
3.766909090909091e-05,-0.0,-0.0010856874484108075,-1.3657463156483311e-09,2.011245782551577e-08
3.767727272727273e-05,-0.0,-0.003166860605570485,-3.4944254624578083e-09,2.0439953786360045e-08
3.768545454545455e-05,-0.0,-0.0052942737450125945,-5.652371173872297e-09,2.0768077509691673e-08
3.769363636363637e-05,-0.0,-0.0074437355419500195,-7.814916839159694e-09,2.109668889304545e-08
3.7701818181818185e-05,-0.0,-0.009589875222483972,-9.95658500248794e-09,2.1425645292894373e-08
3.771e-05,-0.0,-0.011706434243834158,-1.205138615234089e-08,2.1754801615584306e-08
3.771818181818182e-05,-0.0,-0.013766580308994386,-1.407313288338187e-08,2.2084010412440096e-08
3.772636363636364e-05,-0.0,-0.015743240050272396,-1.5995765636740145e-08,2.2413121978970458e-08
3.773454545454546e-05,-0.0,-0.017609446321934414,-1.779368595885226e-08,2.2741984458103632e-08
3.7742727272727276e-05,-0.0,-0.019338695695979347,-1.9442093003695396e-08,2.3070443947368314e-08
3.7750909090909094e-05,0.0,-0.020905311463806642,-2.0917318843003304e-08,2.3398344609933714e-08
3.775909090909091e-05,0.0,-0.022284807216452353,-2.2197158047646812e-08,2.372552878941077e-08
3.776727272727273e-05,0.0,-0.0234542459126076,-2.3261186963802883e-08,2.4051837128313465e-08
3.777545454545455e-05,0.0,-0.024392589251368144,-2.4091068131981295e-08,2.4377108690063404e-08
3.778363636363637e-05,0.0,-0.02508103214916566,-2.467083538669054e-08,2.4701181084429874e-08
3.7791818181818186e-05,0.0,-0.025503317180093802,-2.4987155329803055e-08,2.502389059626853e-08
3.7800000000000004e-05,0.0,-0.02564602397720747,-2.502956109087189e-08,2.5345072317437994e-08
3.780818181818182e-05,0.0,-0.025498828809476983,-2.479065457109806e-08,2.5664560281746075e-08
3.781636363636364e-05,0.0,-0.025054729843812667,-2.4266273711722602e-08,2.5982187602789115e-08
3.782454545454546e-05,0.0,-0.024310233971569825,-2.3455621728710577e-08,2.6297786614524722e-08
3.783272727272728e-05,0.0,-0.023265501520573384,-2.2361355709183912e-08,2.661118901442808e-08
3.7840909090909095e-05,0.0,-0.021924445682109307,-2.0989632465708313e-08,2.6922226009061013e-08
3.7849090909090914e-05,0.0,-0.020294784051475938,-1.9350110086026764e-08,2.7230728461889988e-08
3.785727272727273e-05,0.0,-0.01838804030341683,-1.745590419114827e-08,2.7536527043174e-08
3.786545454545455e-05,0.0,-0.016219494691881376,-1.5323498516230216e-08,2.783945238174542e-08
3.787363636363637e-05,0.0,-0.013808082767971668,-1.2972610048225394e-08,2.8139335218494927e-08
3.7881818181818187e-05,0.0,-0.011176242440726843,-1.0426009583194416e-08,2.8436006561375178e-08
3.7890000000000005e-05,0.0,-0.008349710252006759,-7.709299195553966e-09,2.8729297841724258e-08
3.789818181818182e-05,0.0,-0.00535726848810434,-4.850648732238346e-09,2.9019041071713836e-08
3.790636363636364e-05,0.0,-0.0022304454954470416,-1.8804940476085832e-09,2.930506900271767e-08
3.791454545454546e-05,0.0,0.0009968277057050817,1.1687997291078985e-09,2.9587215284396617e-08
3.792272727272728e-05,0.0,0.004288600718814799,4.263306061888151e-09,2.986531462428961e-08
3.7930909090909096e-05,0.0,0.00760732253329437,7.36793168358393e-09,3.0139202947701e-08
3.7939090909090914e-05,0.0,0.010914290700901,1.0446833307543946e-08,3.040871755766533e-08
3.794727272727273e-05,0.0,0.014170125334103407,1.3463851219325036e-08,3.067369729478393e-08
3.795545454545455e-05,0.0,0.01733526186429609,1.638295427452318e-08,3.093398269670011e-08
3.796363636363637e-05,0.0,0.02037045610818901,1.9168690582444317e-08,3.118941615701172e-08
3.797181818181819e-05,0.0,0.02323729488904123,2.1786637985548406e-08,3.1439842083382855e-08
3.7980000000000006e-05,0.0,0.02589870525191499,2.4203848354996697e-08,3.1685107054650255e-08
3.7988181818181824e-05,0.0,0.02831945520371551,2.6389279715746922e-08,3.1925059976692375e-08
3.799636363636364e-05,0.0,0.030466638902900592,2.8314210291805142e-08,3.2159552236848346e-08
3.800454545454546e-05,-0.0,0.03231013932229,2.9952628723580507e-08,3.2388437856657924e-08
3.801272727272728e-05,-0.0,0.03382306161167142,3.1281594953659756e-08,3.261157364271811e-08
3.80209090909091e-05,-0.0,0.03498213069354145,3.228156660234327e-08,3.282881933541969e-08
3.8029090909090915e-05,-0.0,0.035768047032350446,3.293668605636334e-08,3.3040037755370475e-08
3.8037272727272733e-05,-0.0,0.036165795020429915,3.323502396853132e-08,3.324509494726967e-08
3.804545454545455e-05,-0.0,0.03616489901618888,3.316877540671886e-08,3.3443860321042864e-08
3.805363636363637e-05,-0.0,0.035759622744492486,3.2734405490574286e-08,3.363620679001404e-08
3.806181818181819e-05,-0.0,0.03494910851630727,3.19327420057762e-08,3.382201090592237e-08
3.8070000000000007e-05,-0.0,0.0337374535343703,3.076901317962105e-08,3.400115299057612e-08
3.8078181818181825e-05,-0.0,0.03213372141235354,2.9252829528816975e-08,3.4173517263951375e-08
3.808636363636364e-05,-0.0,0.030151887934338078,2.7398109440379457e-08,3.433899196854288e-08
3.809454545454546e-05,-0.0,0.0278107210062129,2.522294890894174e-08,3.449746948977998e-08
3.810272727272728e-05,-0.0,0.02513359568713378,2.2749436617741834e-08,3.46488464723284e-08
3.81109090909091e-05,-0.0,0.022148246123340383,2.000341630505203e-08,3.4793023932100397e-08
3.8119090909090916e-05,-0.0,0.018886457124230264,1.701419909192408e-08,3.492990736380402e-08
3.8127272727272734e-05,-0.0,0.015383699007530102,1.3814229150102804e-08,3.505940684386912e-08
3.813545454545455e-05,-0.0,0.011678710182921694,1.0438706750427323e-08,3.518143712859436e-08
3.814363636363637e-05,-0.0,0.007813032728363922,6.92517334215707e-09,3.5295917747361744e-08
3.815181818181819e-05,-0.0,0.0038305069281666278,3.3130638632661218e-09,3.54027730907807e-08
3.816000000000001e-05,-0.0,-0.00022326862483630205,-3.5676803750249886e-10,3.5501932493625716e-08
3.8168181818181826e-05,-0.0,-0.004301504219178721,-4.042545781503626e-09,3.5593330312436804e-08
3.8176363636363644e-05,-0.0,-0.008356805922126136,-7.702080236673258e-09,3.5676905997671055e-08
3.818454545454546e-05,-0.0,-0.012341774267318808,-1.1293288047987642e-08,3.575260416028517e-08
3.819272727272728e-05,-0.0,-0.01620960659684898,-1.4774711137445181e-08,3.582037463265769e-08
3.82009090909091e-05,-0.0,-0.01991469482127672,-1.8106030540350944e-08,3.588017252374469e-08
3.820909090909092e-05,-0.0,-0.023413210380679186,-2.1248567791129955e-08,3.593195826839744e-08
3.8217272727272735e-05,-0.0,-0.02666366833003573,-2.4165767213302538e-08,3.597569767075374e-08
3.8225454545454553e-05,-0.0,-0.029627462731572293,-2.6823652702995647e-08,3.601136194164927e-08
3.823363636363637e-05,-0.0,-0.032269365911754166,-2.9191252920399623e-08,3.603892772997705e-08
3.824181818181819e-05,-0.0,-0.03455798462623798,-3.124098921456007e-08,3.605837714796417e-08
3.825000000000001e-05,0.0,-0.03646616676534036,-3.294902109815648e-08,3.606969779031014e-08
3.8258181818181826e-05,0.0,-0.03797135291688116,-3.429554465363981e-08,3.60728827471748e-08
3.8266363636363645e-05,0.0,-0.039055867872534435,-3.526503988231437e-08,3.606793061098193e-08
3.827454545454546e-05,0.0,-0.03970714800663968,-3.584646369475471e-08,3.6054845477042644e-08
3.828272727272728e-05,0.0,-0.03991790136018549,-3.603338597455342e-08,3.6033636937987305e-08
3.82909090909091e-05,0.0,-0.03968619821380396,-3.582406691734696e-08,3.600432007202601e-08
3.829909090909092e-05,0.0,-0.0390154909177774,-3.522147464232965e-08,3.5966915425050255e-08
3.8307272727272736e-05,0.0,-0.03791456274940526,-3.423324288266177e-08,3.5921448986609245e-08
3.8315454545454554e-05,0.0,-0.03639740657346353,-3.287156937269417e-08,3.586795215979905e-08
3.832363636363637e-05,0.0,-0.03448303507472131,-3.11530563521397e-08,3.580646172511263e-08
3.833181818181819e-05,0.0,-0.03219522529756322,-2.9098495388742425e-08,3.5737019798309376e-08
3.834000000000001e-05,0.0,-0.029562201152144387,-2.67325994704449e-08,3.565967378236992e-08
3.834818181818183e-05,0.0,-0.026616258415289328,-2.4083686024866523e-08,3.557447631361728e-08
3.835636363636364e-05,0.0,-0.023393337554542655,-2.118331517803166e-08,3.548148520208048e-08
3.836454545454546e-05,0.0,-0.01993255042349173,-1.8065888156501876e-08,3.538076336620849e-08
3.8372727272727275e-05,0.0,-0.016275667505097454,-1.4768211259048372e-08,3.527237876202039e-08
3.8380909090909094e-05,0.0,-0.01246657290812895,-1.1329031268535337e-08,3.515640430682167e-08
3.838909090909091e-05,0.0,-0.00855069474233432,-7.78854853564388e-09,3.50329177975879e-08
3.839727272727273e-05,0.0,-0.004574418804836007,-4.1879142386783616e-09,3.4902001824159234e-08
3.840545454545455e-05,0.0,-0.0005844936993567307,-5.687185043855246e-10,3.4763743677367464e-08
3.8413636363636367e-05,0.0,0.003372564420946302,3.027523838591828e-09,3.4618235252249414e-08
3.8421818181818185e-05,0.0,0.007251059347363289,6.559883110132198e-09,3.446557294648622e-08
3.843e-05,0.0,0.011006686576386322,9.988513571653845e-09,3.4305857554234145e-08
3.843818181818182e-05,0.0,0.01459708165267429,1.3275134694833582e-08,3.413919415550255e-08
3.844636363636364e-05,0.0,0.017982337804943717,1.6383488722193253e-08,3.3965692001254676e-08
3.845454545454546e-05,0.0,0.02112548608424448,1.9279768702905007e-08,3.378546439440022e-08
3.8462727272727276e-05,0.0,0.023992931807801956,2.193301163254615e-08,3.359862856686519e-08
3.8470909090909094e-05,0.0,0.026554841790514875,2.4315451842196675e-08,3.3405305552923754e-08
3.847909090909091e-05,0.0,0.028785477599256648,2.6402830362210575e-08,3.320562005898103e-08
3.848727272727273e-05,0.0,0.03066347088025247,2.8174656620417338e-08,3.299970033000474e-08
3.849545454545455e-05,0.0,0.03217203767405886,2.961441951383085e-08,3.27876780128025e-08
3.850363636363637e-05,-0.0,0.033299129532485934,3.070974560706164e-08,3.2569688016350164e-08
3.8511818181818186e-05,-0.0,0.034037520173193836,3.1452502948954804e-08,3.2345868369375876e-08
3.8520000000000004e-05,-0.0,0.034384827336498634,3.183884975074288e-08,3.2116360075409395e-08
3.852818181818182e-05,-0.0,0.03434347043102422,3.1869227923272294e-08,3.188130696551108e-08
3.853636363636364e-05,-0.0,0.03392056545639101,3.154830221683837e-08,3.1640855548888026e-08
3.854454545454546e-05,-0.0,0.033127759558787516,3.088484643424398e-08,3.1395154861622594e-08
3.855272727272728e-05,-0.0,0.031981008396371476,2.9891578885691615e-08,3.114435631372101e-08
3.8560909090909095e-05,-0.0,0.030500300254230495,2.8584949913380176e-08,3.088861353470794e-08
3.8569090909090913e-05,-0.0,0.028709331542403068,2.698488492523277e-08,3.062808221797816e-08
3.857727272727273e-05,-0.0,0.026635138925752366,2.5114486932886134e-08,3.036291996413289e-08
3.858545454545455e-05,-0.0,0.024307693863191406,2.2999703081673844e-08,3.009328612350933e-08
3.859363636363637e-05,-0.0,0.02175946576924296,2.0668960083644343e-08,2.981934163813194e-08
3.8601818181818186e-05,-0.0,0.0190249603481003,1.815277381353956e-08,2.9541248883291945e-08
3.8610000000000005e-05,-0.0,0.01614023988576539,1.548333859819378e-08,2.9259171508979768e-08
3.861818181818182e-05,-0.0,0.013142432417652177,1.2694101919235847e-08,2.8973274281378157e-08
3.862636363636364e-05,-0.0,0.010069236717072279,9.819330355809588e-09,2.8683722924630338e-08
3.863454545454546e-05,-0.0,0.00695842997570768,6.893672617971937e-09,2.8390683963091526e-08
3.864272727272728e-05,-0.0,0.00384738487352869,3.951725463464227e-09,2.8094324564271463e-08
3.8650909090909096e-05,-0.0,0.0007726024671366222,1.027608152804806e-09,2.7794812382669436e-08
3.8659090909090914e-05,-0.0,-0.0022307330319058507,-1.8454491165819376e-09,2.749231540470323e-08
3.866727272727273e-05,-0.0,-0.005129171956379935,-4.6354976428580875e-09,2.7187001794926863e-08
3.867545454545455e-05,-0.0,-0.007891384240627733,-7.3122387177050156e-09,2.6879039743729776e-08
3.868363636363637e-05,-0.0,-0.010488507292794,-9.847363802236432e-09,2.6568597316703632e-08
3.869181818181819e-05,-0.0,-0.012894452770132596,-1.2214862460685399e-08,2.6255842305861976e-08
3.8700000000000006e-05,-0.0,-0.015086169019709331,-1.4391294644776654e-08,2.5940942082887033e-08
3.8708181818181824e-05,-0.0,-0.01704385665331817,-1.6356024472449887e-08,2.5624063454579354e-08
3.871636363636364e-05,-0.0,-0.01875113545267716,-1.8091413224384063e-08,2.530537252067623e-08
3.872454545454546e-05,-0.0,-0.020195161537485806,-1.9582969881698314e-08,2.498503453419857e-08
3.873272727272728e-05,-0.0,-0.021366694463325276,-2.081945813927629e-08,2.4663213764485003e-08
3.87409090909091e-05,-0.0,-0.02226011463758245,-2.1792959442378063e-08,2.434007336305946e-08
3.8749090909090915e-05,-0.0,-0.02287339213896339,-2.249889220073023e-08,2.4015775232476973e-08
3.875727272727273e-05,0.0,-0.023208008689745544,-2.293598792556125e-08,2.3690479898283913e-08
3.876545454545455e-05,0.0,-0.0232688351504888,-2.3106225602910813e-08,2.3364346384220906e-08
3.877363636363637e-05,0.0,-0.02306396747617461,-2.3014726153357003e-08,2.3037532090794508e-08
3.878181818181819e-05,0.0,-0.02260452458337429,-2.2669609327052866e-08,2.271019267733126e-08
3.8790000000000006e-05,0.0,-0.021904412023872718,-2.2081815837344994e-08,2.2382481947623436e-08
3.8798181818181825e-05,0.0,-0.02098005573617958,-2.1264897940756934e-08,2.2054551739269896e-08
3.880636363636364e-05,0.0,-0.019850110448762656,-2.0234782021113797e-08,2.1726551816805788e-08
3.881454545454546e-05,0.0,-0.018535147535106763,-1.9009507027326608e-08,2.139862976870817e-08
3.882272727272728e-05,0.0,-0.01705732726957073,-1.7608942845067312e-08,2.107093090835858e-08
3.88309090909091e-05,0.0,-0.015440060504462071,-1.6054492850416136e-08,2.0743598179034728e-08
3.8839090909090916e-05,0.0,-0.013707664783967453,-1.4368784997717467e-08,2.0416772062998125e-08
3.8847272727272734e-05,0.0,-0.011885019831918161,-1.2575355834443443e-08,2.0090590494732598e-08
3.885545454545455e-05,0.0,-0.00999722720127377,-1.0698331813887306e-08,1.9765188778387904e-08
3.886363636363637e-05,0.0,-0.008069278658115457,-8.762112193939342e-09,1.944069950946997e-08
3.887181818181819e-05,0.0,-0.006125737597192738,-6.791057669818139e-09,1.9117252500813553e-08
3.888000000000001e-05,0.0,-0.004190437455789239,-4.809188694021512e-09,1.879497471286662e-08
3.8888181818181825e-05,0.0,-0.002286200714652999,-2.839897192185971e-09,1.8473990188308785e-08
3.8896363636363644e-05,0.0,-0.00043458165629593607,-9.05675093912079e-10,1.8154419991016074e-08
3.890454545454546e-05,0.0,0.0013443644001743865,9.721372316511784e-10,1.7836382149382993e-08
3.891272727272728e-05,0.0,0.0030322831443891137,2.773579908703698e-09,1.75199916039983e-08
3.89209090909091e-05,0.0,0.004612692849395245,4.480277520006434e-09,1.7205360159671547e-08
3.892909090909092e-05,0.0,0.006071124225856214,6.075616179981665e-09,1.6892596441797196e-08
3.8937272727272735e-05,0.0,0.007395227807537706,7.544892217583093e-09,1.6581805857033703e-08
3.894545454545455e-05,0.0,0.00857484861431577,8.87543140513533e-09,1.6273090558277108e-08
3.895363636363637e-05,0.0,0.00960206831901087,1.0056678105146271e-08,1.5966549413892752e-08
3.896181818181819e-05,0.0,0.010471215603192245,1.1080254138072322e-08,1.5662277981169406e-08
3.897000000000001e-05,0.0,0.011178845818474118,1.193998759408211e-08,1.5360368483950853e-08
3.8978181818181826e-05,0.0,0.011723691468161527,1.2631912215317954e-08,1.5060909794397257e-08
3.8986363636363645e-05,0.0,0.012106585384547775,1.3154238356681827e-08,1.4763987418818132e-08
3.899454545454546e-05,0.0,0.012330358795644314,1.3507296887995497e-08,1.4469683487520976e-08
3.900272727272728e-05,-0.0,0.012399716748378892,1.369345772422125e-08,1.4178076748606075e-08
3.90109090909091e-05,-0.0,0.012321093580907407,1.3717024959650883e-08,1.3889242565640753e-08
3.901909090909092e-05,-0.0,0.012102491313073623,1.3584110833530709e-08,1.3603252919135863e-08
3.9027272727272736e-05,-0.0,0.011753303950482042,1.330249096613546e-08,1.3320176411747089e-08
3.9035454545454554e-05,-0.0,0.011284130774205002,1.2881443474137284e-08,1.3040078277116812e-08
3.904363636363637e-05,-0.0,0.010706581715691483,1.233157470121948e-08,1.276302039226977e-08
3.905181818181819e-05,-0.0,0.01003307789658727,1.1664634383910983e-08,1.2489061293471484e-08
3.906000000000001e-05,-0.0,0.009276650348202015,1.0893323113872207e-08,1.2218256195454272e-08
3.906818181818183e-05,-0.0,0.008450739818175722,1.0031094957270046e-08,1.1950657013915418e-08
3.9076363636363645e-05,-0.0,0.007569000425959485,9.091958050956957e-09,1.1686312391184157e-08
3.9084545454545464e-05,-0.0,0.006645109747955519,8.090275915983596e-09,1.1425267724955914e-08
3.909272727272728e-05,-0.0,0.0056925877018655525,7.040572114072162e-09,1.1167565199988725e-08
3.9100909090909093e-05,-0.0,0.004724626362577672,5.957340725060148e-09,1.0913243822650185e-08
3.910909090909091e-05,-0.0,0.003753932583591819,4.854864946363684e-09,1.0662339458210239e-08
3.911727272727273e-05,-0.0,0.002792585023478079,3.747045912872852e-09,1.0414884870762895e-08
3.912545454545455e-05,-0.0,0.0018519068911523108,2.6472436113255605e-09,1.0170909765666975e-08
3.9133636363636366e-05,-0.0,0.0009423554317677013,1.5681315211857768e-09,9.930440834389472e-09
3.9141818181818185e-05,-0.0,7.342888156157651e-05,5.215663586049147e-10,9.69350180163648e-09
3.915e-05,-0.0,-0.0007464086703307641,-4.815259646096507e-10,9.460113474655566e-09
3.915818181818182e-05,-0.0,-0.0015097843579386298,-1.4312473247209376e-09,9.23029379459105e-09
3.916636363636364e-05,-0.0,-0.002210455668602899,-2.318806740686744e-09,9.004057889776098e-09
3.917454545454546e-05,-0.0,-0.0028433319996429927,-3.1365817952675824e-09,8.78141813084367e-09
3.9182727272727276e-05,-0.0,-0.003404479251838296,-3.878162078730868e-09,8.562384187538331e-09
3.9190909090909094e-05,-0.0,-0.0038911082867244913,-4.538374861398126e-09,8.346963087110322e-09
3.919909090909091e-05,-0.0,-0.004301548267947936,-5.113293437850056e-09,8.135159274179699e-09
3.920727272727273e-05,-0.0,-0.004635206074878585,-5.60022880569568e-09,7.926974671945952e-09
3.921545454545455e-05,-0.0,-0.004892513118026233,-5.997705542956686e-09,7.722408744638141e-09
3.922363636363637e-05,-0.0,-0.005074860999699172,-6.3054229281648175e-09,7.521458561080403e-09
3.9231818181818186e-05,-0.0,-0.0051845275494315215,-6.524202504537428e-09,7.324118859268985e-09
3.9240000000000004e-05,-0.0,-0.005224594822090592,-6.655923422759508e-09,7.130382111841997e-09
3.924818181818182e-05,-0.0,-0.005198860677801998,-6.703447005100518e-09,6.940238592335521e-09
3.925636363636364e-05,0.0,-0.005111745567848531,-6.6705320563462475e-09,6.753676442116716e-09
3.926454545454546e-05,0.0,-0.004968196130830266,-6.561742504272579e-09,6.570681737885269e-09
3.927272727272728e-05,0.0,-0.004773587160267932,-6.382348984444325e-09,6.391238559641139e-09
3.9280909090909095e-05,0.0,-0.0045336234404229885,-6.138225991668756e-09,6.21532905901353e-09
3.928909090909091e-05,0.0,-0.004254242863567261,-5.835746204489075e-09,6.042933527852531e-09
3.929727272727273e-05,0.0,-0.003941522141623567,-5.481673550994005e-09,5.874030466983088e-09
3.930545454545455e-05,0.0,-0.0036015863105191425,-5.083056525536861e-09,5.708596655027789e-09
3.931363636363637e-05,0.0,-0.0032405230993407873,-4.647123188537628e-09,5.546607217204013e-09
3.9321818181818186e-05,0.0,-0.0028643031010930848,-4.181179187405844e-09,5.3880356940051514e-09
3.9330000000000005e-05,0.0,-0.0024787065401742597,-3.692510027957343e-09,5.232854109677933e-09
3.933818181818182e-05,0.0,-0.0020892572861875274,-3.188288704796691e-09,5.081033040411876e-09
3.934636363636364e-05,0.0,-0.0017011646169027286,-2.675489668375441e-09,4.932541682157768e-09
3.935454545454546e-05,0.0,-0.001319273087455811,-2.1608099682138104e-09,4.78734791799559e-09
3.936272727272728e-05,0.0,-0.0009480207204502543,-1.6505982684960078e-09,4.645418384977883e-09
3.9370909090909096e-05,0.0,-0.0005914055945497621,-1.1507922862684391e-09,4.506718540372465e-09
3.9379090909090914e-05,0.0,-0.00025296077926319254,-6.668650560795144e-10,4.371212727236977e-09
3.938727272727273e-05,0.0,6.426255746717273e-05,-2.0378028025845248e-10,4.23886423925723e-09
3.939545454545455e-05,0.0,0.00035770415318068697,2.340431167998178e-10,4.109635384784716e-09
3.940363636363637e-05,0.0,0.000625296150241907,6.427572471441495e-10,3.983487550014702e-09
3.941181818181819e-05,0.0,0.0008654575619804297,1.0191024751465478e-09,3.8603812612459376e-09
3.9420000000000005e-05,0.0,0.0010770822516354794,1.3604158542457728e-09,3.740276246167283e-09
3.9428181818181824e-05,0.0,0.001259521031573588,1.6646311567888148e-09,3.623131494121312e-09
3.943636363636364e-05,0.0,0.001412558538386054,1.9302709667315015e-09,3.508905315296749e-09
3.944454545454546e-05,0.0,0.0015363855743746545,2.15643139040248e-09,3.397555398803307e-09
3.945272727272728e-05,0.0,0.0016315676278936854,2.3427600133094195e-09,3.2890388695899043e-09
3.94609090909091e-05,0.0,0.0016990102945195816,2.489427790657775e-09,3.183312344164292e-09
3.9469090909090915e-05,0.0,0.0017399223187236396,2.5970956057127197e-09,3.0803319850819967e-09
3.947727272727273e-05,0.0,0.001755776962437061,2.6668762633855598e-09,2.9800535541689917e-09
3.948545454545455e-05,0.0,0.0017482723835569672,2.7002927067235337e-09,2.8824324644504308e-09
3.949363636363637e-05,0.0,0.0017192916750871914,2.6992332517300456e-09,2.7874238307582738e-09
3.950181818181819e-05,-0.0,0.0016708631753573893,2.665904631747927e-09,2.6949825189939484e-09
3.9510000000000006e-05,-0.0,0.0016051216127918868,2.6027836272241194e-09,2.6050631940250634e-09
3.9518181818181825e-05,-0.0,0.001524270596211106,2.512568030921455e-09,2.5176203661994037e-09
3.952636363636364e-05,-0.0,0.0014305469048590607,2.3981276635143655e-09,2.432608436457599e-09
3.953454545454546e-05,-0.0,0.001326186972465424,2.262456111076735e-09,2.349981740035636e-09
3.954272727272728e-05,-0.0,0.001213395897844712,2.1086238053612674e-09,2.269694588745948e-09
3.95509090909091e-05,-0.0,0.0010943192519339614,1.939733011156422e-09,2.191701311825972e-09
3.9559090909090916e-05,-0.0,0.0009710178888346888,1.7588752235933926e-09,2.1159562953556156e-09
3.9567272727272734e-05,-0.0,0.0008454459073375851,1.5690914132471602e-09,2.0424140202342504e-09
3.957545454545455e-05,-0.0,0.000719431850463305,1.373335489438127e-09,1.9710290987219883e-09
3.958363636363637e-05,-0.0,0.0005946631745465502,1.1744412834252e-09,1.901756309543166e-09
3.959181818181819e-05,-0.0,0.00047267396701580343,9.75093284308947e-10,1.8345506315591978e-09
3.960000000000001e-05,-0.0,0.0003548358438604947,7.77801292459e-10,1.7693672760135889e-09
3.9608181818181825e-05,-0.0,0.00024235191430190878,5.848790891219369e-10,1.7061617173605759e-09
3.9616363636363644e-05,-0.0,0.00013625366175262747,3.984271574128383e-10,1.6448897226835312e-09
3.962454545454546e-05,-0.0,3.740055701105066e-05,2.2031942994772696e-10,1.5855073797192323e-09
3.963272727272728e-05,-0.0,-5.3517808063655806e-05,5.219398259594404e-11,1.5279711234967516e-09
3.96409090909091e-05,-0.0,-0.0001359773003717352,-1.0455245718978883e-10,1.4722377616109074e-09
3.964909090909092e-05,-0.0,-0.0002096127896556181,-2.4876636481944653e-10,1.418264498142029e-09
3.9657272727272735e-05,-0.0,-0.0002742099191143464,-3.7953585337807414e-10,1.3660089562462085e-09
3.966545454545455e-05,-0.0,-0.0003296953712468908,-4.961859408190956e-10,1.3154291994290796e-09
3.967363636363637e-05,-0.0,-0.0003761258992619034,-5.982709300106147e-10,1.2664837515313315e-09
3.968181818181819e-05,-0.0,-0.00041367639158740516,-6.855642045731427e-10,1.2191316154414917e-09
3.969000000000001e-05,-0.0,-0.00044262723015713805,-7.58045759957197e-10,1.1733322905654e-09
3.9698181818181826e-05,-0.0,-0.0004633511926706654,-8.158877999278385e-10,1.1290457890735745e-09
3.9706363636363644e-05,-0.0,-0.00047630013537996893,-8.594387337491355e-10,1.0862326509525645e-09
3.971454545454546e-05,-0.0,-0.00048199167662264564,-8.892059092171433e-10,1.044853957890564e-09
3.972272727272728e-05,-0.0,-0.000480996082785341,-9.058374116016867e-10,1.0048713460195083e-09
3.97309090909091e-05,-0.0,-0.0004739235381240238,-9.101032489699725e-10,9.662470175487607e-10
3.973909090909092e-05,-0.0,-0.0004614119583640719,-9.028762306962773e-10,9.28943751314212e-10
3.9747272727272736e-05,-0.0,-0.00044411548571061254,-8.851128287269354e-10,8.929249122781171e-10
3.9755454545454554e-05,0.0,-0.0004226937802533744,-8.578342908581816e-10,8.581544600077494e-10
3.976363636363637e-05,0.0,-0.0003978022001572815,-8.221082524254102e-10,8.245969561659195e-10
3.977181818181819e-05,0.0,-0.0003700829408632004,-7.790310679206703e-10,7.922175710471721e-10
3.978000000000001e-05,0.0,-0.00034015718211765836,-7.297110576710098e-10,7.609820891915667e-10
3.978818181818183e-05,0.0,-0.000308618271300254,-6.752528373307381e-10,7.308569141109157e-10
3.9796363636363645e-05,0.0,-0.0002760259524750691,-6.167428700565997e-10,7.018090721627554e-10
3.9804545454545464e-05,0.0,-0.0002429016330671795,-5.552363533064607e-10,6.738062156077669e-10
3.981272727272728e-05,0.0,-0.00020972466422393798,-4.917455246571895e-10,6.46816624885269e-10
3.98209090909091e-05,0.0,-0.00017692959688673642,-4.2722944427484875e-10,6.208092101472791e-10
3.982909090909092e-05,0.0,-0.00014490436345409156,-3.6258528603424933e-10,5.95753512085876e-10
3.9837272727272737e-05,0.0,-0.00011398932470274841,-2.986411450945119e-10,5.716197020950732e-10
3.984545454545455e-05,0.0,-8.447711335469743e-05,-2.361503472466901e-10,5.483785818059726e-10
3.9853636363636366e-05,0.0,-5.661319930560198e-05,-1.757872247849722e-10,5.26001582037016e-10
3.9861818181818185e-05,0.0,-3.0597097004836555e-05,-1.1814430517964464e-10,5.044607612021395e-10
3.987e-05,0.0,-6.584132712572672e-06,-6.373084257660388e-11,4.837288032196997e-10
3.987818181818182e-05,0.0,1.5312311755379533e-05,-1.2972608196066121e-11,4.6377901496763463e-10
3.988636363636364e-05,0.0,3.5018161779370115e-05,3.378715591407602e-11,4.4458532333470275e-10
3.989454545454546e-05,0.0,5.249570039004008e-05,7.628572459392927e-11,4.2612227191561857e-10
3.9902727272727276e-05,0.0,6.774038463482591e-05,1.1433793056356356e-10,4.0836501740239526e-10
3.9910909090909094e-05,0.0,8.077750201852315e-05,1.4783237525686194e-10,3.912893257291308e-10
3.991909090909091e-05,0.0,9.165873624715062e-05,1.767269287052927e-10,3.7487156802904484e-10
3.992727272727273e-05,0.0,0.0001004587058579606,2.010436383220856e-10,3.590887164659203e-10
3.993545454545455e-05,0.0,0.00010727153312651567,2.2086316525200335e-10,3.439183400110192e-10
3.994363636363637e-05,0.0,0.00011220749406753639,2.363188640780663e-10,3.293386002373205e-10
3.9951818181818185e-05,0.0,0.00011538979354466379,2.475906173331867e-10,3.1532824721432003e-10
3.9960000000000004e-05,0.0,0.00011695150261993729,2.548985306026665e-10,3.0186661559243945e-10
3.996818181818182e-05,0.0,0.0001170326884397227,2.584965872617589e-10,2.889336209766846e-10
3.997636363636364e-05,0.0,0.00011577776029082415,2.586663542312271e-10,2.765097566991195e-10
3.998454545454546e-05,0.0,0.00011333304907601816,2.557108217822035e-10,2.645760911153501e-10
3.999272727272728e-05,0.0,0.00010984463144491885,2.4994845155118194e-10,2.531142655656713e-10
4.0000909090909095e-05,-0.0,0.00010545640425062848,2.417074977297774e-10,2.421064931575627e-10
4.000909090909091e-05,-0.0,0.00010030840994561019,2.3132065704648648e-10,2.315355585543053e-10
4.001727272727273e-05,-0.0,9.453540902690921e-05,2.191200938158639e-10,2.2138481897140968e-10
4.002545454545455e-05,-0.0,8.826569172247462e-05,2.0543287714687342e-10,2.1163820662709947e-10
4.003363636363637e-05,-0.0,8.162011779493613e-05,1.9057685850342485e-10,2.0228023291354628e-10
4.0041818181818186e-05,-0.0,7.47113706318395e-05,1.748570093144563e-10,1.9329599461388004e-10
4.0050000000000004e-05,-0.0,6.764340968429986e-05,1.5856223033424376e-10,1.846711825256641e-10
4.005818181818182e-05,-0.0,6.051110378962644e-05,1.4196263703444921e-10,1.763920929254614e-10
4.006636363636364e-05,-0.0,5.3400026937973686e-05,1.253073185330071e-10,1.684456423578647e-10
4.007454545454546e-05,-0.0,4.6386397580924176e-05,1.0882256147356887e-10,1.6081938633035842e-10
4.008272727272728e-05,-0.0,3.953714258748709e-05,9.271052489106911e-11,1.5350154256281846e-10
4.0090909090909096e-05,-0.0,3.29100673814734e-05,7.714834745062271e-11,1.4648101955005455e-10
4.0099090909090914e-05,-0.0,2.6554114590012582e-05,6.228766452132303e-11,1.3974745129269715e-10
4.010727272727273e-05,-0.0,2.050969463868077e-05,4.825450933195694e-11,1.3329123915266087e-10
4.011545454545455e-05,-0.0,1.4809073084797952e-05,3.5149569929410565e-11,1.2710360189647533e-10
4.012363636363637e-05,-0.0,9.47680102747298e-06,2.304877177224249e-11,1.2117663505291424e-10
4.013181818181819e-05,-0.0,4.530176613224001e-06,1.200415451909503e-11,1.155033807478851e-10
4.0140000000000005e-05,-0.0,-2.0272585827834538e-08,2.045010835811435e-12,1.1007790911897476e-10
4.0148181818181824e-05,-0.0,-4.170294761005438e-06,-6.820745184330677e-12,1.0489541221435646e-10
4.015636363636364e-05,-0.0,-7.921413305243426e-06,-1.4605012200756242e-11,9.995231085402932e-11
4.016454545454546e-05,-0.0,-1.1280425496186611e-05,-2.1337770046706698e-11,9.524637415546407e-11
4.017272727272728e-05,-0.0,-1.4258903847247743e-05,-2.706521315508716e-11,9.077685014107011e-11
4.0180909090909097e-05,-0.0,-1.687270212526146e-05,-3.184777862893448e-11,8.654460383399626e-11
4.0189090909090915e-05,-0.0,-1.9141466786051888e-05,-3.575809727807397e-11,8.255225626410484e-11
4.019727272727273e-05,-0.0,-2.1088153531946585e-05,-3.8878894500894664e-11,7.880431360031511e-11
4.020545454545455e-05,-0.0,-2.2738547865877737e-05,-4.1300866350219455e-11,7.530727001480119e-11
4.021363636363637e-05,-0.0,-2.4120787917776945e-05,-4.312055456067658e-11,7.206966096838586e-11
4.022181818181819e-05,-0.0,-2.5264887456906225e-05,-4.44382427349931e-11,6.910203592495086e-11
4.0230000000000006e-05,-0.0,-2.6202256878179166e-05,-4.535589435738436e-11,6.641681254914725e-11
4.0238181818181824e-05,-0.0,-2.6965220054509306e-05,-4.59751518133779e-11,6.402797082927709e-11
4.024636363636364e-05,-0.0,-2.758652526857796e-05,-4.639541419668999e-11,6.19505493262244e-11
4.025454545454546e-05,0.0,-2.809884895991956e-05,-4.671201036016404e-11,6.01999215451064e-11
4.026272727272728e-05,0.0,-2.853429172713709e-05,-4.701448244630571e-11,5.879086191760775e-11
4.02709090909091e-05,0.0,-2.892386688678961e-05,-4.738499398795941e-11,5.773645750522453e-11
4.0279090909090916e-05,0.0,-2.9296982882194547e-05,-4.789687561954868e-11,5.704697529144852e-11
4.0287272727272734e-05,0.0,-2.968092192536313e-05,-4.861332044488611e-11,5.6728839288411076e-11
4.029545454545455e-05,0.0,-3.0100318409315888e-05,-4.958624017093657e-11,5.678388595241044e-11
4.030363636363637e-05,0.0,-3.0576641810907914e-05,-5.085529220407297e-11,5.720903568379849e-11
4.031181818181819e-05,0.0,-3.112768998073745e-05,-5.2447086999155774e-11,5.7996444139932247e-11
4.032000000000001e-05,0.0,-3.1767099851322166e-05,-5.4374584022116533e-11,5.913410133681647e-11
4.0328181818181825e-05,0.0,-3.250388365173424e-05,-5.6636683703841413e-11,6.060676159420153e-11
4.0336363636363643e-05,0.0,-3.334199966046846e-05,-5.92180217120681e-11,6.239704041394074e-11
4.034454545454546e-05,0.0,-3.427996732381114e-05,-6.208897070462924e-11,6.448651426638425e-11
4.035272727272728e-05,0.0,-3.5310537182369976e-05,-6.520585344431188e-11,6.685669584842303e-11
4.03609090909091e-05,0.0,-3.642042645528616e-05,-6.851136972147063e-11,6.948981053421749e-11
4.0369090909090917e-05,0.0,-3.759013130515489e-05,-7.193523793741032e-11,7.236935052742647e-11
4.0377272727272735e-05,0.0,-3.879382672524983e-05,-7.539505042439581e-11,7.548042049479705e-11
4.038545454545455e-05,0.0,-3.9999364636057955e-05,-7.879733962780896e-11,7.880990939092765e-11
4.039363636363637e-05,0.0,-4.116838013647132e-05,-8.20388501353799e-11,8.234653042476997e-11
4.040181818181819e-05,0.0,-4.225651491794211e-05,-8.500800922124571e-11,8.608076932654778e-11
4.041000000000001e-05,0.0,-4.3213765615550695e-05,-8.75865860945672e-11,9.000477470340077e-11
4.0418181818181826e-05,0.0,-4.3984963342501166e-05,-8.965152741225752e-11,9.411221644195539e-11
4.0426363636363644e-05,0.0,-4.451038884373539e-05,-9.107695386882864e-11,9.839813072503293e-11
4.043454545454546e-05,0.0,-4.472652562491088e-05,-9.17362998454777e-11,1.028587640525537e-10
4.044272727272728e-05,0.0,-4.456695108521365e-05,-9.150457521613519e-11,1.0749142396043589e-10
4.04509090909091e-05,0.0,-4.3963363133087537e-05,-9.026072552990774e-11,1.1229434072695764e-10
4.045909090909092e-05,0.0,-4.2846737026534505e-05,-8.78900639536805e-11,1.172665420600271e-10
4.0467272727272736e-05,0.0,-4.114860429406471e-05,-8.428674563538963e-11,1.2240774126709507e-10
4.0475454545454554e-05,0.0,-3.880244260359541e-05,-7.935625257996711e-11,1.2771823849469726e-10
4.048363636363637e-05,0.0,-3.5745162403543336e-05,-7.301785480353978e-11,1.331988341300366e-10
4.049181818181819e-05,0.0,-3.191867311562879e-05,-6.520701147443484e-11,1.388507531992864e-10
4.050000000000001e-05,-0.0,-2.727150866903218e-05,-5.5877674072875226e-11,1.4467557953580846e-10
4.050818181818183e-05,-0.0,-2.1760489290892445e-05,-4.500445231718299e-11,1.5067519849749066e-10
4.0516363636363645e-05,-0.0,-1.5352393771949934e-05,-3.258460282207293e-11,1.5685174710436203e-10
4.0524545454545463e-05,-0.0,-8.025613972756029e-06,-1.8639800190096125e-11,1.632075705616864e-10
4.053272727272728e-05,-0.0,2.2823881096953144e-07,-3.2176505752191536e-12,1.6974518425499892e-10
4.05409090909091e-05,-0.0,9.402807783417458e-06,1.3607091277870073e-11,1.7646724041341168e-10
4.054909090909092e-05,-0.0,1.94755783930891e-05,3.1731638880223503e-11,1.8337649874394156e-10
4.0557272727272736e-05,-0.0,3.0406614258094984e-05,5.102465974631997e-11,1.9047580043707081e-10
4.0565454545454555e-05,-0.0,4.213747596599874e-05,7.132616201259298e-11,1.9776804503124898e-10
4.057363636363637e-05,-0.0,5.459035717503947e-05,9.244781010463976e-11,2.0525616969607608e-10
4.058181818181819e-05,-0.0,6.766747154732129e-05,1.1417369314098748e-10,2.129431305615689e-10
4.059e-05,-0.0,8.125072248722396e-05,1.362615645545316e-10,2.2083188577876077e-10
4.059818181818182e-05,-0.0,9.52016854174731e-05,1.584445655521228e-10,2.289253800414867e-10
4.060636363636364e-05,-0.0,0.00010936192938818985,1.8043343854607246e-10,2.372265303433065e-10
4.061454545454546e-05,-0.0,0.00012355370117851964,2.019192296483157e-10,2.4573821277778723e-10
4.0622727272727276e-05,-0.0,0.00013758099072596158,2.2257647179390666e-10,2.544632502207533e-10
4.0630909090909094e-05,-0.0,0.00015123099172880287,2.420668321415325e-10,2.634044007574985e-10
4.063909090909091e-05,-0.0,0.00016427596564992392,2.600431991916083e-10,2.7256434674155263e-10
4.064727272727273e-05,-0.0,0.00017647551115738518,2.761541766753535e-10,2.8194568438877226e-10
4.065545454545455e-05,-0.0,0.00018757923433344309,2.900489428364981e-10,2.91550913825598e-10
4.066363636363637e-05,-0.0,0.00019732980784655966,3.013824253736184e-10,3.0138242952746606e-10
4.0671818181818185e-05,-0.0,0.00020546639980124372,3.0982073419047487e-10,3.114425110907867e-10
4.0680000000000004e-05,-0.0,0.0002117284452622216,3.150467863512477e-10,3.217333142937876e-10
4.068818181818182e-05,-0.0,0.00021585972560923992,3.167660504194689e-10,3.3225686241155214e-10
4.069636363636364e-05,-0.0,0.00021761271304441765,3.1471233081866053e-10,3.4301503775559223e-10
4.070454545454546e-05,-0.0,0.00021675312988165402,3.08653507144308e-10,3.540095734169809e-10
4.0712727272727277e-05,-0.0,0.0002130646648397101,2.9839713862994747e-10,3.6524204519572725e-10
4.0720909090909095e-05,-0.0,0.0002063537815846777,2.837958403605465e-10,3.767138637074339e-10
4.072909090909091e-05,-0.0,0.00019645454837468747,2.6475233546751194e-10,3.884262666579315e-10
4.073727272727273e-05,-0.0,0.0001832334120025055,2.412240865523792e-10,4.003803112857383e-10
4.074545454545455e-05,-0.0,0.00016659383446119335,2.1322741006361204e-10,4.125768669725871e-10
4.075363636363637e-05,0.0,0.00014648070702006155,1.8084097939010757e-10,4.2501660802516547e-10
4.0761818181818186e-05,0.0,0.00012288445382985927,1.4420862608665498e-10,4.377000066370561e-10
4.0770000000000004e-05,0.0,9.584473590339344e-05,1.0354135396292353e-10,4.506273260399445e-10
4.077818181818182e-05,0.0,6.545366645307221e-05,5.911848775215497e-11,4.637986138550296e-10
4.078636363636364e-05,0.0,3.1858450206952026e-05,1.1287886730090295e-11,4.772136956624764e-10
4.079454545454546e-05,0.0,-4.736637452524417e-06,-3.953483607326795e-11,4.908721688018652e-10
4.080272727272728e-05,0.0,-4.406901082260814e-05,-9.286813659896583e-11,5.047733964250826e-10
4.0810909090909096e-05,0.0,-8.581734645512676e-05,-1.4816743866574148e-10,5.189165018209393e-10
4.0819090909090914e-05,0.0,-0.00012960203254347604,-2.0482912869627956e-10,5.333003630337497e-10
4.082727272727273e-05,0.0,-0.00017498654985387553,-2.621956501217022e-10,5.47923607801675e-10
4.083545454545455e-05,0.0,-0.0002214798275075938,-3.1956168456896667e-10,5.627846088374479e-10
4.084363636363637e-05,0.0,-0.00026853960399600695,-3.761813894077105e-10,5.778814794818472e-10
4.085181818181819e-05,0.0,-0.0003155768095051519,-4.312766431847156e-10,5.93212069756563e-10
4.0860000000000005e-05,0.0,-0.00036196097009267534,-4.84046232156851e-10,6.087739628496239e-10
4.0868181818181823e-05,0.0,-0.0004070266176816291,-5.336758928264182e-10,6.245644720597325e-10
4.087636363636364e-05,0.0,-0.0004500806724263409,-5.793491073953378e-10,6.405806382401638e-10
4.088454545454546e-05,0.0,-0.0004904107460070746,-6.202585316759738e-10,6.568192277703427e-10
4.089272727272728e-05,0.0,-0.0005272942960890532,-6.556179185610081e-10,6.732767310954443e-10
4.0900909090909096e-05,0.0,-0.0005600085438272407,-6.846743849581182e-10,6.899493618687202e-10
4.0909090909090915e-05,0.0,-0.0005878410482206425,-7.067208564757559e-10,7.068330567376309e-10
4.091727272727273e-05,0.0,-0.0006101008136441167,-7.211085123826257e-10,7.239234758119425e-10
4.092545454545455e-05,0.0,-0.00062612979034732,-7.272590437724899e-10,7.412160038567637e-10
4.093363636363637e-05,0.0,-0.0006353146124491216,-7.246765306953764e-10,7.587057522536368e-10
4.094181818181819e-05,0.0,-0.0006370984043096613,-7.12958739532794e-10,7.763875617700919e-10
4.0950000000000006e-05,0.0,-0.0006309924744622497,-6.91807640299648e-10,7.942560061914073e-10
4.0958181818181824e-05,0.0,-0.0006165877068520782,-6.610389450294527e-10,8.123053968498814e-10
4.096636363636364e-05,0.0,-0.0005935654522580098,-6.205904730945753e-10,8.305297881120076e-10
4.097454545454546e-05,0.0,-0.0005617077187414984,-5.705291572960079e-10,8.489229838616157e-10
4.098272727272728e-05,0.0,-0.0005209064590138014,-5.110565159023413e-10,8.674785450385893e-10
4.09909090909091e-05,0.0,-0.0004711717549405078,-4.4251243048868716e-10,8.861897982787723e-10
4.0999090909090916e-05,0.0,-0.0004126387051675593,-3.6537708737475967e-10,9.050498457114097e-10
4.1007272727272734e-05,-0.0,-0.0003455728311624298,-2.802709615645162e-10,9.240515759664867e-10
4.101545454545455e-05,-0.0,-0.00027037382987091094,-1.879527461599721e-10,9.431876764483265e-10
4.102363636363637e-05,-0.0,-0.00018757751768822768,-8.931515703181345e-11,9.62450646930781e-10
4.103181818181819e-05,-0.0,-9.785583046441549e-05,1.4621428215339248e-11,9.818328145306e-10
4.104000000000001e-05,-0.0,-2.0147676739811442e-06,1.2271750660539262e-10,1.0013263501186958e-09
4.1048181818181825e-05,-0.0,9.900980452163155e-05,2.3372513805276487e-10,1.0209232862252872e-09
4.105636363636364e-05,-0.0,0.00020415854706981113,3.463007278157628e-10,1.0406155365014676e-09
4.106454545454546e-05,-0.0,0.0003122572623207336,4.59019810377035e-10,1.060394916792067e-09
4.107272727272728e-05,-0.0,0.000422027718152088,5.70393706714255e-10,1.0802531678855823e-09
4.10809090909091e-05,-0.0,0.0005321006352082833,6.788878919581221e-10,1.1001819799946235e-09
4.1089090909090916e-05,-0.0,0.000641030753258263,7.82941876383814e-10,1.120173019032015e-09
4.1097272727272735e-05,-0.0,0.0007473138547263013,8.809903701022498e-10,1.1402179547366953e-09
4.110545454545455e-05,-0.0,0.0008494055854326671,9.714854713336182e-10,1.1603084907110777e-09
4.111363636363637e-05,-0.0,0.0009457418751315932,1.0529195903184614e-09,1.1804363964242787e-09
4.112181818181819e-05,-0.0,0.001034760724212721,1.1238487963381285e-09,1.2005935412356829e-09
4.113000000000001e-05,-0.0,0.0011149250886140702,1.1829162545182033e-09,1.220771930494156e-09
4.1138181818181826e-05,-0.0,0.0011847465632587317,1.2288754025736684e-09,1.2409637437567249e-09
4.1146363636363644e-05,-0.0,0.0012428095358451075,1.2606125059047809e-09,1.261161375178618e-09
4.115454545454546e-05,-0.0,0.0012877954582419635,1.277168222845821e-09,1.281357476109009e-09
4.116272727272728e-05,-0.0,0.0013185068626814474,1.27775781077597e-09,1.3015449999325407e-09
4.11709090909091e-05,-0.0,0.001333890734976141,1.2617896084528546e-09,1.3217172491829354e-09
4.117909090909092e-05,-0.0,0.0013330608476230478,1.2288814405425842e-09,1.341867924948819e-09
4.1187272727272736e-05,-0.0,0.0013153186523419537,1.1788746069563366e-09,1.3619911785850946e-09
4.1195454545454554e-05,-0.0,0.0012801723346909013,1.1118451422915326e-09,1.3820816657265712e-09
4.120363636363637e-05,-0.0,0.0012273536431789364,1.0281120592931098e-09,1.4021346025977028e-09
4.121181818181819e-05,-0.0,0.0011568321219255955,9.282423246147218e-10,1.4221458245851278e-09
4.122000000000001e-05,-0.0,0.0010688263994580657,8.13052354955696e-10,1.4421118470359706e-09
4.122818181818183e-05,-0.0,0.0009638122166355521,6.836058664853636e-10,1.4620299282158554e-09
4.1236363636363645e-05,-0.0,0.0008425269137714269,5.412079598276114e-10,1.4818981343458305e-09
4.124454545454546e-05,-0.0,0.0007059701404900182,3.873953761766733e-10,1.50171540660985e-09
4.125272727272728e-05,0.0,0.0005554006012853551,2.2392291665401805e-10,1.521481629999246e-09
4.12609090909091e-05,0.0,0.00039232870459995466,5.274607603548731e-11,1.5411977038287148e-09
4.126909090909092e-05,0.0,0.0002185050428498684,-1.239999973739359e-10,1.560865613726169e-09
4.1277272727272736e-05,0.0,3.5904694412203345e-05,-3.040250425573091e-10,1.5804885048616779e-09
4.1285454545454555e-05,0.0,-0.00015329259471634263,-4.849114929761782e-10,1.6000707561385996e-09
4.129363636363637e-05,0.0,-0.00034672622305996915,-6.641452558665231e-10,1.6196180550286016e-09
4.130181818181819e-05,0.0,-0.0005418823431777462,-8.391491116372565e-10,1.6391374726793742e-09
4.131000000000001e-05,0.0,-0.0007361250022781822,-1.0073183268725982e-09,1.6586375388776755e-09
4.131818181818183e-05,0.0,-0.0009267304790355015,-1.1660580241625003e-09,1.6781283163903323e-09
4.1326363636363646e-05,0.0,-0.0011109244155092393,-1.3128218069274534e-09,1.6976214741507866e-09
4.133454545454546e-05,0.0,-0.001285921280512892,-1.4451510984602575e-09,1.717130358694531e-09
4.1342727272727276e-05,0.0,-0.0014489656430739179,-1.5607146224700655e-09,1.7366700631883656e-09
4.1350909090909094e-05,0.0,-0.001597374682956067,-1.6573474282410139e-09,1.7562574933267853e-09
4.135909090909091e-05,0.0,-0.0017285813207051294,-1.7330888478143828e-09,1.7759114293114953e-09
4.136727272727273e-05,0.0,-0.001840177313387709,-1.786218765936529e-09,1.7956525830617706e-09
4.137545454545455e-05,0.0,-0.0019299556350818718,-1.8152915863347188e-09,1.815503649742144e-09
4.138363636363637e-05,0.0,-0.0019959514440949194,-1.8191672905138603e-09,1.8354893526416377e-09
4.1391818181818185e-05,0.0,-0.002036480932538057,-1.7970390078614535e-09,1.855636480381684e-09
4.1400000000000003e-05,0.0,-0.002050177358838496,-1.748456548435542e-09,1.8759739153958256e-09
4.140818181818182e-05,0.0,-0.0020360235804064253,-1.6733453922213457e-09,1.89653265258721e-09
4.141636363636364e-05,0.0,-0.0019933804322050295,-1.5720206805837331e-09,1.9173458070602075e-09
4.142454545454546e-05,0.0,-0.0019220103374101352,-1.4451958166127081e-09,1.938448609818451e-09
4.1432727272727276e-05,0.0,-0.0018220955885031233,-1.2939853504329502e-09,1.9598783903460482e-09
4.1440909090909095e-05,0.0,-0.0016942508006196947,-1.1199019025085315e-09,1.9816745450310575e-09
4.144909090909091e-05,0.0,-0.0015395291131725178,-9.248469615718033e-10,2.003878490460118e-09
4.145727272727273e-05,0.0,-0.0013594217998665519,-7.110954829443869e-10,2.0265336007101246e-09
4.146545454545455e-05,0.0,-0.0011558510402208551,-4.812743064690603e-10,2.0496851278863333e-09
4.147363636363637e-05,0.0,-0.0009311557063979273,-2.3833450970266695e-10,2.0733801053225224e-09
4.1481818181818186e-05,0.0,-0.0006880701261407289,1.4482090008324037e-11,2.097667233031745e-09
4.1490000000000004e-05,0.0,-0.0004296958943865695,2.7368197293496427e-10,2.122596745230005e-09
4.149818181818182e-05,0.0,-0.0001594669209838076,5.355640857333484e-10,2.148220259985869e-09
4.150636363636364e-05,-0.0,0.00011889198191648344,7.962686400704163e-10,2.174590611329814e-09
4.151454545454546e-05,-0.0,0.00040141255367340977,1.0518299509288488e-09,2.201761664437993e-09
4.152272727272728e-05,-0.0,0.0006839360480507695,1.2982326420032697e-09,2.2297881148106906e-09
4.1530909090909096e-05,-0.0,0.0009621710645916693,1.5314704709822337e-09,2.258725272671923e-09
4.1539090909090914e-05,-0.0,0.0012317555058923841,1.7476069621272927e-09,2.2886288341206963e-09
4.154727272727273e-05,-0.0,0.0014883218246523242,1.9428369787524115e-09,2.3195546408574404e-09
4.155545454545455e-05,-0.0,0.0017275646411364764,2.113548325193871e-09,2.3515584305783634e-09
4.156363636363637e-05,-0.0,0.0019453097405045079,2.2563824377046095e-09,2.3846955803678026e-09
4.157181818181819e-05,-0.0,0.0021375834019517997,2.3682932073002594e-09,2.4190208456152744e-09
4.1580000000000005e-05,-0.0,0.002300680969213446,2.4466029756283884e-09,2.454588097133116e-09
4.158818181818182e-05,-0.0,0.0024312335459402835,2.489054757912064e-09,2.4914500592331833e-09
4.159636363636364e-05,-0.0,0.0025262716907709934,2.4938597752012905e-09,2.5296580515609278e-09
4.160454545454546e-05,-0.0,0.002583284996341898,2.4597394215747822e-09,2.569261737434945e-09
4.161272727272728e-05,-0.0,0.0026002764644606925,2.385960850357238e-09,2.610308881354393e-09
4.1620909090909096e-05,-0.0,0.0025758106363882424,2.2723654363835106e-09,2.6528451181579128e-09
4.1629090909090915e-05,-0.0,0.002509054502479938,2.119389458144859e-09,2.6969137361119426e-09
4.163727272727273e-05,-0.0,0.002399810298873904,1.928076443333703e-09,2.742555475924147e-09
4.164545454545455e-05,-0.0,0.0022485393996963376,1.7000807326721171e-09,2.7898083473723576e-09
4.165363636363637e-05,-0.0,0.0020563766302849704,1.4376619385560557e-09,2.838707464896757e-09
4.166181818181819e-05,-0.0,0.0018251344588003293,1.1436701053453305e-09,2.8892849031389797e-09
4.1670000000000006e-05,-0.0,0.0015572966685955302,8.21521515285065e-10,2.9415695730500024e-09
4.1678181818181824e-05,-0.0,0.0012560012698682693,4.751652260781884e-10,2.995587118818e-09
4.168636363636364e-05,-0.0,0.0009250125741938806,1.0904057095367135e-10,3.051359835529405e-09
4.169454545454546e-05,-0.0,0.0005686825270874508,-2.719740025206911e-10,3.108906607144122e-09
4.170272727272728e-05,-0.0,0.0001919015691328768,-6.626202349232982e-10,3.168242864086719e-09
4.17109090909091e-05,-0.0,-0.00019996052733191273,-1.0573268390936966e-09,3.229380559494704e-09
4.1719090909090915e-05,-0.0,-0.0006011232243539706,-1.45028297281753e-09,3.292328162967747e-09
4.1727272727272734e-05,-0.0,-0.001005472395837941,-1.835517482209676e-09,3.3570906704902587e-09
4.173545454545455e-05,-0.0,-0.0014066451626950573,-2.206982883895457e-09,3.423669629089125e-09
4.174363636363637e-05,-0.0,-0.0017981212804510662,-2.5586429529215232e-09,3.492063174712363e-09
4.175181818181819e-05,0.0,-0.0021733198359505925,-2.8845626969514774e-09,3.562266081779097e-09
4.176000000000001e-05,0.0,-0.002525699887732014,-3.178999427470637e-09,3.6342698228630186e-09
4.1768181818181825e-05,0.0,-0.002848863581139642,-3.436493586952816e-09,3.708062636997023e-09
4.177636363636364e-05,0.0,-0.003136660186523265,-3.651957958527969e-09,3.783629605164305e-09
4.178454545454546e-05,0.0,-0.003383289448897584,-3.820763872617661e-09,3.860952731609265e-09
4.179272727272728e-05,0.0,-0.003583402601817584,-3.93882303399882e-09,3.940011029721592e-09
4.18009090909091e-05,0.0,-0.0037321993882298457,-4.0026636231916014e-09,4.020780611345218e-09
4.1809090909090916e-05,0.0,-0.0038255194475512472,-4.009499378007346e-09,4.103234778491733e-09
4.1817272727272735e-05,0.0,-0.003859926471655162,-3.957290434257865e-09,4.187344116560657e-09
4.182545454545455e-05,0.0,-0.0038327836028243852,-3.8447947983828534e-09,4.273076588284724e-09
4.183363636363637e-05,0.0,-0.003742318643623656,-3.6716094381488797e-09,4.360397627748412e-09
4.184181818181819e-05,0.0,-0.0035876777711632587,-3.438200109284876e-09,4.449270233925641e-09
4.185000000000001e-05,0.0,-0.0033689665950298723,-3.1459191843589307e-09,4.53965506330562e-09
4.1858181818181826e-05,0.0,-0.003087277567475747,-2.7970109134099207e-09,4.631510521255002e-09
4.1866363636363644e-05,0.0,-0.002744702944089601,-2.3946037216613687e-09,4.724792851863938e-09
4.187454545454546e-05,0.0,-0.0023443327005385384,-1.9426893355905595e-09,4.819456226097725e-09
4.188272727272728e-05,0.0,-0.0018902370331285087,-1.4460887220564225e-09,4.9154528281384445e-09
4.18909090909091e-05,0.0,-0.0013874333046226942,-9.104050232641402e-10,5.0127329398678755e-09
4.189909090909092e-05,0.0,-0.0008418375384549236,-3.419638700875523e-10,5.11124502348244e-09
4.1907272727272735e-05,0.0,-0.00026020081043592045,2.522583453686227e-10,5.210935802280079e-09
4.1915454545454554e-05,0.0,0.00034996886662519086,8.647174632259685e-10,5.311750339682336e-09
4.192363636363637e-05,0.0,0.0009804983272665856,1.4873948542845465e-09,5.413632116590426e-09
4.193181818181819e-05,0.0,0.001622653633527275,2.11189988680688e-09,5.516523107183341e-09
4.194000000000001e-05,0.0,0.0022672557543483873,2.729580262881217e-09,5.620363853284931e-09
4.194818181818183e-05,0.0,0.0029048060397865163,3.33163877987576e-09,5.725093537435966e-09
4.1956363636363645e-05,0.0,0.0035256197969648906,3.9092549456763855e-09,5.830650054806535e-09
4.196454545454546e-05,0.0,0.004119966108759712,4.453709770834549e-09,5.936970084090089e-09
4.197272727272728e-05,0.0,0.004678211896172077,4.956511978477427e-09,6.0439891575143304e-09
4.19809090909091e-05,0.0,0.005190968113981464,5.409523815569051e-09,6.151641730103996e-09
4.198909090909092e-05,0.0,0.0056492358890119915,5.8050846182055606e-09,6.259861248317196e-09
4.1997272727272736e-05,0.0,0.00604455036310253,6.136130280054566e-09,6.368580218176172e-09
4.2005454545454554e-05,-0.0,0.006369119990087018,6.396306797360179e-09,6.47773027299911e-09
4.201363636363637e-05,-0.0,0.006615959058654413,6.580076116261729e-09,6.587242240834047e-09
4.202181818181819e-05,-0.0,0.006779011271197333,6.682812588212163e-09,6.697046211678334e-09
4.203000000000001e-05,-0.0,0.006853262302424993,6.700888446286567e-09,6.807071604564247e-09
4.203818181818183e-05,-0.0,0.006834839389775493,6.63174684797328e-09,6.917247234577452e-09
4.2046363636363646e-05,-0.0,0.006721096169100134,6.473961187026425e-09,7.027501379859096e-09
4.2054545454545464e-05,-0.0,0.006510681161725504,6.2272795561513666e-09,7.137761848641454e-09
4.206272727272728e-05,-0.0,0.006203588540299496,5.892653441295188e-09,7.247956046346674e-09
4.20709090909091e-05,-0.0,0.00580119004775448,5.4722499444131e-09,7.358011042774867e-09
4.207909090909091e-05,-0.0,0.005306247212764103,4.9694470617454385e-09,7.467853639396124e-09
4.208727272727273e-05,-0.0,0.0047229032923010875,4.388811785566858e-09,7.577410436747724e-09
4.209545454545455e-05,-0.0,0.0040566546730337605,3.7360610455662134e-09,7.686607901939453e-09
4.210363636363637e-05,-0.0,0.0033143017737461812,3.0180057577865968e-09,7.795372436245758e-09
4.2111818181818185e-05,-0.0,0.002503879805924272,2.2424785006442077e-09,7.903630442775307e-09
4.212e-05,-0.0,0.0016345700641643387,1.4182455850973633e-09,8.011308394181203e-09
4.212818181818182e-05,-0.0,0.0007165927271100142,5.549045257596847e-10,8.118332900386317e-09
4.213636363636364e-05,-0.0,-0.00023891755179561924,-3.3723185213026134e-10,8.224630776278502e-09
4.214454545454546e-05,-0.0,-0.001220051701249242,-1.2472632220499653e-09,8.330129109333281e-09
4.2152727272727276e-05,-0.0,-0.0022142801111152007,-2.163839839733799e-09,8.43475532711312e-09
4.2160909090909095e-05,-0.0,-0.0032086182693901997,-3.075309086342008e-09,8.53843726458711e-09
4.216909090909091e-05,-0.0,-0.004189801883087801,-3.969868508923872e-09,8.641103231213643e-09
4.217727272727273e-05,-0.0,-0.005144469031558081,-4.835723275319613e-09,8.742682077721758e-09
4.218545454545455e-05,-0.0,-0.006059346758922704,-5.661245869502371e-09,8.843103262526128e-09
4.219363636363637e-05,-0.0,-0.006921439408800613,-6.435135793318365e-09,8.942296917706021e-09
4.2201818181818186e-05,-0.0,-0.007718215941434268,-7.1465770128882525e-09,9.040193914477887e-09
4.2210000000000004e-05,-0.0,-0.008437793452181852,-7.785390893363034e-09,9.136725928087359e-09
4.221818181818182e-05,-0.0,-0.009069114131938776,-8.342182404544004e-09,9.231825502045322e-09
4.222636363636364e-05,-0.0,-0.00960211297453341,-8.808477451844362e-09,9.325426111633681e-09
4.223454545454546e-05,-0.0,-0.010027873642957921,-9.176849291425679e-09,9.417462226601087e-09
4.224272727272728e-05,-0.0,-0.010338770054207703,-9.44103212383516e-09,9.507869372973554e-09
4.2250909090909095e-05,0.0,-0.010528591429599977,-9.59602012534797e-09,9.596584193897235e-09
4.2259090909090914e-05,0.0,-0.010592648781162863,-9.63815036826734e-09,9.683544509441808e-09
4.226727272727273e-05,0.0,-0.010527861061858185,-9.565168298007326e-09,9.768689375278783e-09
4.227545454545455e-05,0.0,-0.010332819494286489,-9.376274672832387e-09,9.851959140164325e-09
4.228363636363637e-05,0.0,-0.01000782890487385,-9.072153128255486e-09,9.933295502144603e-09
4.229181818181819e-05,0.0,-0.009554925223665644,-8.654977798600754e-09,1.0012641563409753e-08
4.2300000000000005e-05,0.0,-0.008977868658690824,-8.128400709176793e-09,1.0089941883724301e-08
4.230818181818182e-05,0.0,-0.008282112413060741,-7.497518939741513e-09,1.0165142532355578e-08
4.231636363636364e-05,0.0,-0.007474747176975489,-6.768821849224342e-09,1.0238191138435207e-08
4.232454545454546e-05,0.0,-0.006564421989960782,-5.950118938683766e-09,1.030903693967855e-08
4.233272727272728e-05,0.0,-0.005561242425259848,-5.0504492099229536e-09,1.0377630829398333e-08
4.2340909090909096e-05,0.0,-0.004476647392737864,-4.079973146833455e-09,1.044392540174533e-08
4.2349090909090915e-05,0.0,-0.003323266183463904,-3.0498487013023e-09,1.0507874995114025e-08
4.235727272727273e-05,0.0,-0.0021147576831135268,-1.972092901530723e-09,1.0569435733653395e-08
4.236545454545455e-05,0.0,-0.0008656339576202765,-8.594309142555422e-10,1.0628565566822865e-08
4.237363636363637e-05,0.0,0.00040892934134598505,2.748654196332603e-10,1.0685224306943112e-08
4.238181818181819e-05,0.0,0.001693293095430135,1.417147397142394e-09,1.0739373664683975e-08
4.2390000000000006e-05,0.0,0.002971562538934686,2.5535653055408293e-09,1.0790977282446733e-08
4.2398181818181824e-05,0.0,0.0042277998278663935,3.6702479123288424e-09,1.0840000765590468e-08
4.240636363636364e-05,0.0,0.0054462383260971275,4.753483129310148e-09,1.0886411711463332e-08
4.241454545454546e-05,0.0,0.006611495539801965,5.789897362046966e-09,1.093017973619848e-08
4.242272727272728e-05,0.0,0.007708781641521753,6.766631066799155e-09,1.0971276499238362e-08
4.24309090909091e-05,0.0,0.008724100581754076,7.671508083813716e-09,1.1009675725557684e-08
4.2439090909090915e-05,0.0,0.00964444088810865,8.493196397925451e-09,1.1045353225554546e-08
4.2447272727272734e-05,0.0,0.010457953398248752,9.221358093674583e-09,1.1078286912587512e-08
4.245545454545455e-05,0.0,0.011154113360855441,9.8467864208693e-09,1.110845681813337e-08
4.246363636363637e-05,0.0,0.011723864565805951,1.036152806553919e-08,1.1135845104553813e-08
4.247181818181819e-05,0.0,0.0121597434271417,1.0758988927902104e-08,1.116043607545357e-08
4.248000000000001e-05,0.0,0.012455981236143113,1.1034021940251603e-08,1.118221618362075e-08
4.2488181818181825e-05,0.0,0.012608583122361803,1.1182995710136978e-08,1.1201174036545746e-08
4.249636363636364e-05,0.0,0.01261538260279927,1.1203843044107514e-08,1.1217300399512544e-08
4.250454545454546e-05,-0.0,0.012476070958240604,1.1096088690631853e-08,1.123058819627004e-08
4.251272727272728e-05,-0.0,0.012192201045473684,1.0860855933367775e-08,1.1241032507280182e-08
4.25209090909091e-05,-0.0,0.011767165529010406,1.0500851963434319e-08,1.1248630565562486e-08
4.2529090909090916e-05,-0.0,0.011206149890169412,1.002033225730487e-08,1.1253381750138493e-08
4.2537272727272734e-05,-0.0,0.010516060939200789,9.425044481026134e-09,1.125528757709802e-08
4.254545454545455e-05,-0.0,0.009705431911874332,8.722152727329001e-09,1.1254351688307452e-08
4.255363636363637e-05,-0.0,0.008784305570168712,7.920143165657936e-09,1.1250579837779029e-08
4.256181818181819e-05,-0.0,0.007764097042242188,7.028712442214685e-09,1.124397987573697e-08
4.257000000000001e-05,-0.0,0.006657438424970043,6.058640404063824e-09,1.123456173040184e-08
4.2578181818181826e-05,-0.0,0.005478007428689844,5.021648934779652e-09,1.1222337387535291e-08
4.2586363636363644e-05,-0.0,0.0042403425646179785,3.930248875983302e-09,1.1207320867777502e-08
4.259454545454546e-05,-0.0,0.002959647557488303,2.7975771668051164e-09,1.1189528201821528e-08
4.260272727272728e-05,-0.0,0.001651587806746132,1.6372264596417343e-09,1.1168977403466315e-08
4.26109090909091e-05,-0.0,0.00033208181720668093,4.630695638633206e-10,1.1145688440597106e-08
4.261909090909092e-05,-0.0,-0.0009829094267510264,-7.109188718063845e-10,1.1119683204142624e-08
4.2627272727272735e-05,-0.0,-0.002277592161133652,-1.8708410033316726e-09,1.1090985475060917e-08
4.2635454545454554e-05,-0.0,-0.0035365456705517867,-3.003052337758471e-09,1.1059620889412705e-08
4.264363636363637e-05,-0.0,-0.004744921379055496,-4.0943338033376885e-09,1.1025616901575351e-08
4.265181818181819e-05,-0.0,-0.005888632460332315,-5.132057043917852e-09,1.098900274566521e-08
4.266000000000001e-05,-0.0,-0.006954531386328343,-6.1043407495918044e-09,1.0949809395223643e-08
4.2668181818181827e-05,-0.0,-0.007930573032724925,-7.000195977446538e-09,1.0908069521238383e-08
4.2676363636363645e-05,-0.0,-0.008805961192712033,-7.809658586200168e-09,1.0863817448567475e-08
4.268454545454546e-05,-0.0,-0.009571276613228694,-8.523907103799126e-09,1.0817089110828195e-08
4.269272727272728e-05,-0.0,-0.010218584955945003,-9.135364564611282e-09,1.0767922003834734e-08
4.27009090909091e-05,-0.0,-0.010741523394039963,-9.637783089273977e-09,1.071635513764421e-08
4.270909090909092e-05,-0.0,-0.011135364880310965,-1.002631023193421e-08,1.0662428987298307e-08
4.2717272727272736e-05,-0.0,-0.011397059457171567,-1.0297536382674791e-08,1.0606185442326771e-08
4.2725454545454554e-05,-0.0,-0.011525252319386736,-1.0449522783429123e-08,1.0547667755095832e-08
4.273363636363637e-05,-0.0,-0.01152027868067314,-1.048180998958645e-08,1.0486920488080672e-08
4.274181818181819e-05,-0.0,-0.011384135830336733,-1.0395406882741406e-08,1.0423989460134827e-08
4.275000000000001e-05,0.0,-0.011120433090860797,-1.0192760608676172e-08,1.035892169184818e-08
4.275818181818183e-05,0.0,-0.010734320696955917,-9.877708074774122e-09,1.0291765350062559e-08
4.2766363636363646e-05,0.0,-0.010232398906505949,-9.455409888994523e-09,1.0222569691635583e-08
4.2774545454545464e-05,0.0,-0.009622608919933008,-8.932267854774938e-09,1.0151385006532455e-08
4.278272727272728e-05,0.0,-0.008914107423038223,-8.315827349613052e-09,1.0078262560323728e-08
4.27909090909091e-05,0.0,-0.00811712677612066,-7.614666106726898e-09,1.0003254536180333e-08
4.279909090909092e-05,0.0,-0.007242823046435894,-6.838271086592914e-09,9.926413976437448e-09
4.280727272727274e-05,0.0,-0.006303114219699612,-5.99690526622571e-09,9.847794723821019e-09
4.2815454545454555e-05,0.0,-0.00531051102783789,-5.101466287079819e-09,9.767451362408128e-09
4.282363636363637e-05,0.0,-0.0042779428936130185,-4.1633389862070085e-09,9.685439158410766e-09
4.2831818181818185e-05,0.0,-0.0032185815178054633,-3.194243888983962e-09,9.601814000860818e-09
4.284e-05,0.0,-0.0021456646216111673,-2.206083765028369e-09,9.516632342272602e-09
4.284818181818182e-05,0.0,-0.0010723223067144103,-1.2107903419708058e-09,9.429951139372288e-09
4.285636363636364e-05,0.0,-1.140840958425808e-05,-2.2017323512951895e-10,9.34182779395994e-09
4.286454545454546e-05,0.0,0.0010246608930828162,7.542269141258785e-10,9.252320093991906e-09
4.2872727272727276e-05,0.0,0.0020240591216969476,1.7012791910196104e-09,9.161486154953588e-09
4.2880909090909094e-05,0.0,0.002975690246937426,2.6103952686081584e-09,9.069384361598678e-09
4.288909090909091e-05,0.0,0.003869316435886041,3.471652736322946e-09,8.976073310129099e-09
4.289727272727273e-05,0.0,0.004695671293678243,4.27590741643293e-09,8.881611750884048e-09
4.290545454545455e-05,0.0,0.005446557346031563,5.0148933689768414e-09,8.78605853161346e-09
4.291363636363637e-05,0.0,0.006114926764132225,5.681309480727554e-09,8.689472541396488e-09
4.2921818181818186e-05,0.0,0.006694944598570775,6.268891740723159e-09,8.591912655279331e-09
4.2930000000000004e-05,0.0,0.007182034059044556,6.7724705205593405e-09,8.4934376796884e-09
4.293818181818182e-05,0.0,0.007572903647138248,7.188012398711019e-09,8.394106298689418e-09
4.294636363636364e-05,0.0,0.007865556216491525,7.512646291263193e-09,8.29397702114425e-09
4.295454545454546e-05,0.0,0.008059280294057199,7.74467387332821e-09,8.193108128828304e-09
4.296272727272728e-05,0.0,0.008154624244150062,7.883564492874893e-09,8.091557625564939e-09
4.2970909090909095e-05,0.0,0.008153354090062575,7.929934988626395e-09,7.989383187423964e-09
4.2979090909090914e-05,0.0,0.008058396022975828,7.885515023206563e-09,7.886642114043118e-09
4.298727272727273e-05,0.0,0.007873764821886614,7.753098729134403e-09,7.783391281112164e-09
4.299545454545455e-05,0.0,0.007604479578870394,7.536483636168136e-09,7.679687094073856e-09
4.300363636363637e-05,-0.0,0.0072564682692042685,7.240398001735537e-09,7.575585443078699e-09
4.3011818181818187e-05,-0.0,0.006836462824134932,6.870417799928408e-09,7.47114165923592e-09
4.3020000000000005e-05,-0.0,0.006351886454310898,6.432874737290963e-09,7.3664104722010625e-09
4.302818181818182e-05,-0.0,0.005810735033493994,5.934756754241739e-09,7.26144596913248e-09
4.303636363636364e-05,-0.0,0.005221454384979384,5.3836025386530725e-09,7.156301555050183e-09
4.304454545454546e-05,-0.0,0.004592815317502672,4.787391622432636e-09,7.0510299146295024e-09
4.305272727272728e-05,-0.0,0.003933788234054266,4.154431652848735e-09,6.9456829754518334e-09
4.3060909090909096e-05,-0.0,0.003253419087128097,3.493244428088079e-09,6.8403118727435134e-09
4.3069090909090914e-05,-0.0,0.0025607083790612686,2.8124522617571524e-09,6.7349669156194156e-09
4.307727272727273e-05,-0.0,0.001864494808178625,2.1206661946791867e-09,6.629697554853137e-09
4.308545454545455e-05,-0.0,0.0011733450426550194,1.4263775056323754e-09,6.524552352190964e-09
4.309363636363637e-05,-0.0,0.000495450966825126,7.378538871410378e-10,6.41957895122086e-09
4.310181818181819e-05,-0.0,-0.0001614644082022765,6.304154981749404e-11,6.31482404981099e-09
4.3110000000000006e-05,-0.0,-0.0007902313434757374,-5.905255989771979e-10,6.210333374125035e-09
4.3118181818181824e-05,-0.0,-0.0013843072301022953,-1.2158086870952406e-09,6.106151654219014e-09
4.312636363636364e-05,-0.0,-0.0019378392379550287,-1.8063376465496688e-09,6.002322601227277e-09
4.313454545454546e-05,-0.0,-0.0024457152732372573,-2.3562752955746323e-09,5.898888886132919e-09
4.314272727272728e-05,-0.0,-0.0029036029499692854,-2.8604711656077125e-09,5.795892120128882e-09
4.31509090909091e-05,-0.0,-0.003307976465369006,-3.314504664163489e-09,5.693372836558107e-09
4.3159090909090915e-05,-0.0,-0.0036561314491125106,-3.7147173247652517e-09,5.591370474431646e-09
4.3167272727272733e-05,-0.0,-0.003946188028978274,-4.058234053992896e-09,5.489923363516666e-09
4.317545454545455e-05,-0.0,-0.00417708251800159,-4.342973440974396e-09,5.389068710979348e-09
4.318363636363637e-05,-0.0,-0.004348548278838916,-4.567647344175417e-09,5.288842589575754e-09
4.319181818181819e-05,-0.0,-0.00446108645767601,-4.731750112084277e-09,5.189279927368839e-09
4.3200000000000007e-05,-0.0,-0.0045159274011088235,-4.835537926551314e-09,5.090414498962856e-09
4.3208181818181825e-05,-0.0,-0.004514983673686932,-4.879998878471916e-09,4.992278918229962e-09
4.321636363636364e-05,-0.0,-0.0044607956802562194,-4.866814493797201e-09,4.894904632508273e-09
4.322454545454546e-05,-0.0,-0.004356470965211644,-4.798313522362766e-09,4.798321918255144e-09
4.323272727272728e-05,-0.0,-0.0042056183099317005,-4.6774188817709144e-09,4.702559878122522e-09
4.32409090909091e-05,-0.0,-0.0040122777799850165,-4.507588712916162e-09,4.607646439434791e-09
4.3249090909090916e-05,-0.0,-0.0037808478854478873,-4.292752552242807e-09,4.5136083540390294e-09
4.3257272727272734e-05,0.0,-0.003516011011406108,-4.037243658319173e-09,4.420471199498541e-09
4.326545454545455e-05,0.0,-0.003222658252257614,-3.745728546860222e-09,4.3282593815992985e-09
4.327363636363637e-05,0.0,-0.002905814743848413,-3.4231347892548376e-09,4.236996138137524e-09
4.328181818181819e-05,0.0,-0.0025705665330418865,-3.0745781154746523e-09,4.1467035439555775e-09
4.329000000000001e-05,0.0,-0.002221989956503613,-2.7052898337048027e-09,4.057402517190195e-09
4.3298181818181826e-05,0.0,-0.0018650844208960469,-2.32054553708146e-09,3.969112826700119e-09
4.3306363636363644e-05,0.0,-0.001504709387055925,-1.9255960136290124e-09,3.881853100635239e-09
4.331454545454546e-05,0.0,-0.001145526262896621,-1.5256012101248917e-09,3.795640836109089e-09
4.332272727272728e-05,0.0,-0.0007919458056168552,-1.1255680255376288e-09,3.710492409939021e-09
4.33309090909091e-05,0.0,-0.00044808152520625595,-7.302926263461024e-10,3.62642309041267e-09
4.333909090909092e-05,0.0,-0.00011770947010516733,-3.4430788599976023e-10,3.543447050043293e-09
4.3347272727272735e-05,0.0,0.0001957653359540134,2.8163544421139137e-11,3.461577379271114e-09
4.3355454545454553e-05,0.0,0.0004893356476493218,3.832501260234494e-10,3.3808261010736943e-09
4.336363636363637e-05,0.0,0.000760411892037261,7.174659747828212e-10,3.301204186441533e-09
4.337181818181819e-05,0.0,0.0010068352561882073,1.0277388505750753e-09,3.222721570677351e-09
4.338000000000001e-05,0.0,0.001226884119834506,1.3114314860548155e-09,3.1453871704809253e-09
4.3388181818181826e-05,0.0,0.0014192740753209527,1.5663562463576196e-09,3.06920890177313e-09
4.3396363636363645e-05,0.0,0.001583151860002044,1.7907832042256225e-09,2.9941936982212237e-09
4.340454545454546e-05,0.0,0.0017180836000863383,1.9834418037025693e-09,2.9203475304200313e-09
4.341272727272728e-05,0.0,0.0018240378290636371,2.1435163679100473e-09,2.8476754256909845e-09
4.34209090909091e-05,0.0,0.0019013637977332931,2.2706357816581122e-09,2.7761814884548875e-09
4.342909090909092e-05,0.0,0.0019507656361395195,2.364857746926675e-09,2.7058689211356313e-09
4.3437272727272736e-05,0.0,0.0019732729602574125,2.426648067953028e-09,2.6367400455592248e-09
4.3445454545454554e-05,0.0,0.001970208538088527,2.4568554722360003e-09,2.56879632479921e-09
4.345363636363637e-05,0.0,0.0019431536411165715,2.456682513914164e-09,2.502038385435719e-09
4.346181818181819e-05,0.0,0.0018939117082010315,2.4276531364805855e-09,2.4364660401834026e-09
4.347000000000001e-05,0.0,0.0018244709404533282,2.371577492641873e-09,2.372078310848787e-09
4.347818181818183e-05,0.0,0.0017369664280801277,2.290514630432062e-09,2.308873451582572e-09
4.3486363636363646e-05,0.0,0.0016336423843389793,2.1867336566919063e-09,2.246848972381512e-09
4.3494545454545464e-05,0.0,0.0015168150284759821,2.0626739821315644e-09,2.1860016628081864e-09
4.350272727272728e-05,-0.0,0.0013888366197243496,1.920905236880457e-09,2.126327615889854e-09
4.35109090909091e-05,-0.0,0.001252061099114291,1.7640874223296435e-09,2.0678222521573146e-09
4.351909090909092e-05,-0.0,0.0011088117459934995,1.5949318348633127e-09,2.010480343794355e-09
4.352727272727274e-05,-0.0,0.0009613512028169938,1.4161632605446474e-09,1.9542960388560335e-09
4.3535454545454555e-05,-0.0,0.0008118541659694107,1.2304838978008796e-09,1.8992628855297524e-09
4.354363636363637e-05,-0.0,0.0006623829831508845,1.0405394185085248e-09,1.845373856399516e-09
4.355181818181819e-05,-0.0,0.0005148663401765862,8.488875275474038e-10,1.7926213726859382e-09
4.356000000000001e-05,-0.0,0.00037108116284991595,6.579693277610348e-10,1.740997328429396e-09
4.356818181818182e-05,-0.0,0.00023263780374934798,4.700837422840594e-10,1.690493114588356e-09
4.357636363636364e-05,-0.0,0.00010096853012576059,2.8736519025103566e-10,1.6410996430212647e-09
4.358454545454546e-05,-0.0,-2.268072163362126e-05,1.1176465589237162e-10,1.592807370327516e-09
4.3592727272727276e-05,-0.0,-0.0001372554067189879,-5.496576424432858e-11,1.5456063215186047e-09
4.3600909090909094e-05,-0.0,-0.00024189437264961216,-2.1128480492052042e-10,1.4994861134962416e-09
4.360909090909091e-05,-0.0,-0.0003359289635086054,-3.558704871086107e-10,1.454435978310581e-09
4.361727272727273e-05,-0.0,-0.00041887942481439887,-4.876251531377214e-10,1.4104447861792902e-09
4.362545454545455e-05,-0.0,-0.0004904488347697342,-6.056771960882648e-10,1.3675010682414687e-09
4.363363636363637e-05,-0.0,-0.0005505148109484126,-7.09379638508048e-10,1.3255930390299831e-09
4.3641818181818186e-05,-0.0,-0.0005991192594796848,-7.983057521813438e-10,1.2847086186403403e-09
4.3650000000000004e-05,-0.0,-0.0006364564465071218,-8.722419426310679e-10,1.244835454578114e-09
4.365818181818182e-05,-0.0,-0.0006628596792542465,-9.311781490423096e-10,1.2059609432720542e-09
4.366636363636364e-05,-0.0,-0.0006787868866221981,-9.752960321921083e-10,1.168072251231389e-09
4.367454545454546e-05,-0.0,-0.000684805387144419,-1.0049552397365987e-09,1.1311563358400544e-09
4.368272727272728e-05,-0.0,-0.0006815761256597296,-1.020678049819268e-09,1.095199965772312e-09
4.3690909090909095e-05,-0.0,-0.0006698376496186303,-1.0231327005561973e-09,1.0601897410178845e-09
4.3699090909090913e-05,-0.0,-0.0006503900819292795,-1.0131157146764104e-09,1.0261121125118369e-09
4.370727272727273e-05,-0.0,-0.0006240793301318997,-9.915335256887334e-10,9.929534013561802e-10
4.371545454545455e-05,-0.0,-0.0005917817519388045,-9.593837047066887e-10,9.606998176325175e-10
4.372363636363637e-05,-0.0,-0.0005543894752811255,-9.177360758252552e-10,9.293374787982579e-10
4.3731818181818186e-05,-0.0,-0.0005127965474562215,-8.677139931048572e-10,8.988524276655821e-10
4.3740000000000005e-05,-0.0,-0.00046788606325986,-8.104760341874154e-10,8.692306499635858e-10
4.374818181818182e-05,-0.0,-0.00042051839658897145,-7.471983447985815e-10,8.404580914831404e-10
4.375636363636364e-05,0.0,-0.0003715206343679251,-6.790578453436441e-10,8.125206748128475e-10
4.376454545454546e-05,0.0,-0.000321677286211783,-6.072164859455539e-10,7.854043156678564e-10
4.377272727272728e-05,0.0,-0.0002717223183909179,-5.328067100854522e-10,7.590949388220182e-10
4.3780909090909096e-05,0.0,-0.00022233253676395295,-4.569182599504957e-10,7.335784936576127e-10
4.3789090909090914e-05,0.0,-0.00017412232072083772,-3.805864291246602e-10,7.088409693405655e-10
4.379727272727273e-05,0.0,-0.0001276396891017465,-3.047818408121572e-10,6.848684096456623e-10
4.380545454545455e-05,0.0,-8.336365976164256e-05,-2.3040180277106643e-10,6.616469274443535e-10
4.381363636363637e-05,0.0,-4.1702847120781076e-05,-1.5826326393078416e-10,6.391627188833376e-10
4.382181818181819e-05,0.0,-2.995226819458595e-06,-8.909737262713654e-11,6.174020772770035e-10
4.3830000000000006e-05,0.0,3.2491016421776277e-05,-2.3545612808281402e-11,5.963514067447667e-10
4.3838181818181824e-05,0.0,6.455565239374121e-05,3.784252727657203e-11,5.759972356246896e-10
4.384636363636364e-05,0.0,9.3063683587721e-05,9.461041927397096e-11,5.563262296995489e-10
4.385454545454546e-05,0.0,0.00011794184737363308,1.463937749173773e-10,5.373252052746459e-10
4.386272727272728e-05,0.0,0.00013917445562515587,1.9291884076980886e-10,5.189811421467538e-10
4.38709090909091e-05,0.0,0.00015679868722991212,2.339994191477751e-10,5.012811965103949e-10
4.3879090909090915e-05,0.0,0.00017089944893719186,2.6953283748498163e-10,4.842127138459744e-10
4.388727272727273e-05,0.0,0.0001816039181882209,2.994949965701468e-10,4.677632418338534e-10
4.389545454545455e-05,0.0,0.00018907587810878875,3.2393463383600287e-10,4.5192054334439855e-10
4.390363636363637e-05,0.0,0.00019350994990125685,3.4296694124286505e-10,4.366726095462624e-10
4.391181818181819e-05,0.0,0.00019512582164354176,3.5676667837450055e-10,4.220076731708645e-10
4.3920000000000006e-05,0.0,0.00019416256518341193,3.6556092027727993e-10,4.0791422197534e-10
4.3928181818181825e-05,0.0,0.00019087312460598407,3.696215764462584e-10,3.9438101242169453e-10
4.393636363636364e-05,0.0,0.00018551905084828658,3.692578123850088e-10,3.81397083596456e-10
4.394454545454546e-05,0.0,0.00017836554763138196,3.6480849849514887e-10,3.689517713615733e-10
4.395272727272728e-05,0.0,0.00016967688416575518,3.566348028998964e-10,3.570347227234526e-10
4.39609090909091e-05,0.0,0.00015971222023773363,3.4511303537728084e-10,3.4563591037357657e-10
4.3969090909090916e-05,0.0,0.00014872187946889155,3.30627839063514e-10,3.347456473230522e-10
4.3977272727272734e-05,0.0,0.00013694409690687105,3.1356581524329124e-10,3.243546015311147e-10
4.398545454545455e-05,0.0,0.00012460225778908437,2.94309654526648e-10,3.144538103705015e-10
4.399363636363637e-05,0.0,0.0001119026354386885,2.7323283529032784e-10,3.0503469474145344e-10
4.400181818181819e-05,-0.0,9.903262790719158e-05,2.5069493759301813e-10,2.960890725922924e-10
4.401000000000001e-05,-0.0,8.615948525518533e-05,2.2703760807802248e-10,2.8760917155039416e-10
4.4018181818181825e-05,-0.0,7.342951232915e-05,2.0258119883280572e-10,2.795876403230359e-10
4.4026363636363644e-05,-0.0,6.096772559716616e-05,1.7762209094031246e-10,2.7201755846973814e-10
4.403454545454546e-05,-0.0,4.8877937081909356e-05,1.5243070171178152e-10,2.6489244411220187e-10
4.404272727272728e-05,-0.0,3.7243233692732506e-05,1.2725016344578826e-10,2.582062591121659e-10
4.40509090909091e-05,-0.0,2.6126816313899716e-05,1.0229565116635605e-10,2.519534112292173e-10
4.405909090909092e-05,-0.0,1.557315984476678e-05,7.775432723761087e-11,2.461287527837346e-10
4.4067272727272735e-05,-0.0,5.609452989834208e-06,5.378586213796274e-11,2.407275753739729e-10
4.407545454545455e-05,-0.0,-3.7527250686561036e-06,3.0523483069613565e-11,2.357456002678253e-10
4.408363636363637e-05,-0.0,-1.2515534955156973e-05,8.075495534785362e-12,2.3117896419322884e-10
4.409181818181819e-05,-0.0,-2.069285850709119e-05,-1.3472782428544244e-11,2.2702420038362616e-10
4.410000000000001e-05,-0.0,-2.8308175196190906e-05,-3.405673797455588e-11,2.232782149256638e-10
4.4108181818181826e-05,-0.0,-3.539237664282484e-05,-5.362990093831212e-11,2.1993825865160205e-10
4.4116363636363645e-05,-0.0,-4.198156099747036e-05,-7.216117093651078e-11,2.170018950660024e-10
4.412454545454546e-05,-0.0,-4.8114847227844826e-05,-8.963190486071624e-11,2.1446696502387797e-10
4.413272727272728e-05,-0.0,-5.3832247239184335e-05,-1.0603293540280484e-10,2.1233154912495991e-10
4.41409090909091e-05,-0.0,-5.917263132333903e-05,-1.21361590065561e-10,2.105939289818772e-10
4.414909090909092e-05,-0.0,-6.417181973099784e-05,-1.356187779270091e-10,2.0925254867907232e-10
4.4157272727272736e-05,-0.0,-6.886083023783047e-05,-1.488062083273475e-10,2.0830597782990747e-10
4.4165454545454554e-05,-0.0,-7.326430847327865e-05,-1.6092380165727215e-10,2.0775287762987855e-10
4.417363636363637e-05,-0.0,-7.739916454019322e-05,-1.7196734766574438e-10,2.0759197122851576e-10
4.418181818181819e-05,-0.0,-8.127343611057247e-05,-1.8192646120871073e-10,2.0782201955176625e-10
4.419000000000001e-05,-0.0,-8.488539476863609e-05,-1.9078287923643735e-10,2.0844180345048486e-10
4.419818181818183e-05,-0.0,-8.82229089135102e-05,-1.9850913614596035e-10,2.0945011273214823e-10
4.4206363636363645e-05,-0.0,-9.126307305127541e-05,-2.0506764747924396e-10,2.108457422663533e-10
4.4214545454545464e-05,-0.0,-9.397210981778372e-05,-2.1041022444712118e-10,2.1262749500393743e-10
4.422272727272728e-05,-0.0,-9.630554759470474e-05,-2.1447803395981738e-10,2.1479419139681584e-10
4.42309090909091e-05,-0.0,-9.820867312492824e-05,-2.1720201087181977e-10,2.1734468442630034e-10
4.423909090909092e-05,-0.0,-9.961725511087397e-05,-2.1850372107403216e-10,2.2027787922198323e-10
4.424727272727274e-05,-0.0,-0.00010045853139959721,-2.182966659911079e-10,2.2359275611210007e-10
4.4255454545454555e-05,0.0,-0.00010065244902977957,-2.1648801105840326e-10,2.2728839589446067e-10
4.426363636363637e-05,0.0,-0.00010011314314594251,-2.1298071295495546e-10,2.3136400613568822e-10
4.427181818181819e-05,0.0,-9.875063758433394e-05,-2.0767601284218378e-10,2.3581894739428315e-10
4.428000000000001e-05,0.0,-9.647274681508377e-05,-2.0047625569871417e-10,2.406527584042598e-10
4.428818181818183e-05,0.0,-9.318715590089628e-05,-1.9128798913383929e-10,2.458651794236248e-10
4.4296363636363646e-05,0.0,-8.880365222042561e-05,-1.800252888894881e-10,2.51456173142294e-10
4.4304545454545465e-05,0.0,-8.323647992378028e-05,-1.6661325269226918e-10,2.574259427294428e-10
4.4312727272727276e-05,0.0,-7.640678546096924e-05,-1.5099159926254548e-10,2.637749467755197e-10
4.4320909090909094e-05,0.0,-6.824512007844985e-05,-1.3311830521132288e-10,2.705039110420099e-10
4.432909090909091e-05,0.0,-5.869396294558498e-05,-1.129732093197948e-10,2.7761383705770505e-10
4.433727272727273e-05,0.0,-4.771022658683125e-05,-9.056151137121884e-11,2.851060077067252e-10
4.434545454545455e-05,0.0,-3.526770459477116e-05,-6.591709134507457e-11,2.9298199002595463e-10
4.435363636363637e-05,0.0,-2.1359420223883936e-05,-3.910557444010076e-11,3.0124363547936765e-10
4.4361818181818186e-05,0.0,-5.999833457669872e-06,-1.0227068111641202e-11,3.0989307800853447e-10
4.4370000000000004e-05,0.0,1.077313645304731e-05,2.0581500882980803e-11,3.1893273016197444e-10
4.437818181818182e-05,0.0,2.889631611925725e-05,5.3144518512118924e-11,3.2836527761189104e-10
4.438636363636364e-05,0.0,4.827975358142441e-05,8.724634959490944e-11,3.38193672340476e-10
4.439454545454546e-05,0.0,6.880550617160779e-05,1.2263059787639051e-10,3.4842112477014607e-10
4.440272727272728e-05,0.0,9.032678102283628e-05,1.5900001360580828e-10,3.5905109507393494e-10
4.4410909090909095e-05,0.0,0.00011266746645108533,1.9601709480101687e-10,3.7008728388333385e-10
4.441909090909091e-05,0.0,0.00013562208965184585,2.333054199645073e-10,3.8153362257904893e-10
4.442727272727273e-05,0.0,0.00015895623268848293,2.7045174061374225e-10,3.933942633220584e-10
4.443545454545455e-05,0.0,0.00018240743458583085,3.070088516892559e-10,4.056735689620118e-10
4.444363636363637e-05,0.0,0.00020568660247231277,3.4249924677280445e-10,4.1837610292951784e-10
4.4451818181818186e-05,0.0,0.00022847994914130932,3.764195532238205e-10,4.315066192055935e-10
4.4460000000000005e-05,0.0,0.00025045146814355816,4.0824572991984585e-10,4.4507005243759307e-10
4.446818181818182e-05,0.0,0.00027124595060536047,4.374389974296788e-10,4.590715082610839e-10
4.447636363636364e-05,0.0,0.0002904925404336198,4.634524572924322e-10,4.735162538682635e-10
4.448454545454546e-05,0.0,0.00030780881647387247,4.85738343805178e-10,4.884097088609497e-10
4.449272727272728e-05,0.0,0.00032280538160272366,5.037558385064876e-10,5.037574364053643e-10
4.4500909090909096e-05,-0.0,0.00033509092974879447,5.169793645868417e-10,5.19565134714829e-10
4.4509090909090914e-05,-0.0,0.00034427775254915145,5.249072659507896e-10,5.358386288649208e-10
4.451727272727273e-05,-0.0,0.00034998763787809915,5.270707638160612e-10,5.525838629537445e-10
4.452545454545455e-05,-0.0,0.0003518581029621636,5.230430727749351e-10,5.698068926097635e-10
4.453363636363637e-05,-0.0,0.0003495488953616897,5.12448548371823e-10,5.875138778506591e-10
4.454181818181819e-05,-0.0,0.00034274868591052915,4.949717296845187e-10,6.057110762934572e-10
4.4550000000000005e-05,-0.0,0.00033118186892654,4.703661333477858e-10,6.244048367171742e-10
4.4558181818181824e-05,-0.0,0.0003146153768111755,4.3846265011091197e-10,6.436015929752498e-10
4.456636363636364e-05,-0.0,0.0002928654087255193,3.9917739158314063e-10,6.633078582589709e-10
4.457454545454546e-05,-0.0,0.00026580396654384345,3.5251883344068593e-10,6.835302197098692e-10
4.458272727272728e-05,-0.0,0.00023336508592464156,2.985941022159236e-10,7.042753333797846e-10
4.45909090909091e-05,-0.0,0.000195550646280791,2.376142559776773e-10,7.255499195412802e-10
4.4599090909090915e-05,-0.0,0.00015243564084699437,1.698984148444052e-10,7.473607583426692e-10
4.460727272727273e-05,-0.0,0.00010417278709626656,9.587660542486e-11,7.697146858144375e-10
4.461545454545455e-05,-0.0,5.0996358595976756e-05,1.6091193974967825e-11,7.926185902221281e-10
4.462363636363637e-05,-0.0,-6.774877852827112e-06,-6.880320369363023e-11,8.160794087690965e-10
4.463181818181819e-05,-0.0,-6.873573117410276e-05,-1.5804143176612554e-10,8.401041246505629e-10
4.4640000000000006e-05,-0.0,-0.00013439376557544864,-2.5075120147871403e-10,8.64699764458378e-10
4.4648181818181825e-05,-0.0,-0.00020316968616977218,-3.4595825323783423e-10,8.89873395937576e-10
4.465636363636364e-05,-0.0,-0.0002743990149005352,-4.425933087707243e-10,9.156321260992151e-10
4.466454545454546e-05,-0.0,-0.00034733512761565437,-5.395008237489941e-10,9.41983099685005e-10
4.467272727272728e-05,-0.0,-0.0004211537076157426,-6.354495251484722e-10,9.689334979880895e-10
4.46809090909091e-05,-0.0,-0.0004949586534481932,-7.291446900652997e-10,9.964905380297582e-10
4.4689090909090916e-05,-0.0,-0.0005677894592594058,-8.192420941355731e-10,1.0246614720907716e-09
4.4697272727272734e-05,-0.0,-0.000638630064823694,-9.043635284884389e-10,1.0534535875948417e-09
4.470545454545455e-05,-0.0,-0.0007064191496506101,-9.831137546977114e-10,1.0828742073472127e-09
4.471363636363637e-05,-0.0,-0.0007700618215856641,-1.0540987379308047e-09,1.1129306901194196e-09
4.472181818181819e-05,-0.0,-0.0008284426253571529,-1.1159449698816391e-09,1.143630431580951e-09
4.473000000000001e-05,-0.0,-0.0008804397709177727,-1.167319665601615e-09,1.1749808655723379e-09
4.4738181818181825e-05,-0.0,-0.0009249404555530744,-1.2069515924914495e-09,1.2069894657099809e-09
4.4746363636363644e-05,-0.0,-0.0009608571279794796,-1.2336522659937963e-09,1.2396637473208153e-09
4.475454545454546e-05,0.0,-0.0009871445174583974,-1.2463372254111187e-09,1.2730112696917385e-09
4.476272727272728e-05,0.0,-0.0010028172267574156,-1.2440470852559495e-09,1.3070396386277728e-09
4.47709090909091e-05,0.0,-0.0010069676650586068,-1.2259680430736729e-09,1.3417565093053442e-09
4.477909090909092e-05,0.0,-0.0009987840761217176,-1.1914515141957793e-09,1.377169589403633e-09
4.4787272727272735e-05,0.0,-0.000977568398632021,-1.1400325577818588e-09,1.4132866425019824e-09
4.479545454545455e-05,0.0,-0.0009427536801669767,-1.071446757130203e-09,1.4501154917246283e-09
4.480363636363637e-05,0.0,-0.0008939207540541275,-9.856452208842062e-10,1.4876640236076078e-09
4.481181818181819e-05,0.0,-0.0008308138799919252,-8.828073806613046e-10,1.5259401921747869e-09
4.482000000000001e-05,0.0,-0.0007533550450601884,-7.633512749432507e-10,1.5649520231882394e-09
4.4828181818181826e-05,0.0,-0.000661656622011445,-6.279410288878485e-10,1.6047076185550256e-09
4.4836363636363644e-05,0.0,-0.0005560320868118206,-4.774912650414092e-10,1.6452151608551951e-09
4.484454545454546e-05,0.0,-0.00043700450753321885,-3.1316821068470863e-10,1.686482917963834e-09
4.485272727272728e-05,0.0,-0.00030531253206087796,-1.3638730354405712e-10,1.7285192477303032e-09
4.48609090909091e-05,0.0,-0.0001619136227692761,5.1192861408916183e-11,1.771332602681234e-09
4.486909090909092e-05,0.0,-7.984312350331333e-06,2.476803557235585e-10,1.8149315347065769e-09
4.4877272727272736e-05,0.0,0.0001550827137203977,4.5096357365953243e-10,1.859324699690791e-09
4.4885454545454554e-05,0.0,0.0003256848661844213,6.587287292160956e-10,1.904520862042962e-09
4.489363636363637e-05,0.0,0.0005020193493153907,8.684811459703379e-10,1.9505288990835905e-09
4.490181818181819e-05,0.0,0.0006820963776489906,1.0775702329498301e-09,1.997357805238833e-09
4.491000000000001e-05,0.0,0.0008637559334489936,1.283217979499711e-09,2.04501669599293e-09
4.491818181818183e-05,0.0,0.0010446880329731856,1.48255074118375e-09,2.0935148115495213e-09
4.4926363636363645e-05,0.0,0.001222456413512347,1.6726340280740574e-09,2.1428615201455577e-09
4.4934545454545464e-05,0.0,0.0013945254949847682,1.8505099472946963e-09,2.1930663209655223e-09
4.494272727272728e-05,0.0,0.001558290410391855,2.013236894372131e-09,2.2441388465979676e-09
4.49509090909091e-05,0.0,0.0017111098395645487,2.1579310337986752e-09,2.2960888649781784e-09
4.495909090909092e-05,0.0,0.001850341321305436,2.2818090592518035e-09,2.3489262807556006e-09
4.4967272727272737e-05,0.0,0.001973378661256558,2.382231679096242e-09,2.4026611360308555e-09
4.4975454545454555e-05,0.0,0.0020776909976311154,2.4567472341004717e-09,2.4573036103968047e-09
4.498363636363637e-05,0.0,0.0021608630353900683,2.5031348226233245e-09,2.5128640202273436e-09
4.499181818181819e-05,0.0,0.0022206359125764167,2.519446284706087e-09,2.569352817150406e-09
4.500000000000001e-05,-0.0,0.002254948121380887,2.5040463813157233e-09,2.626780585643915e-09
4.500818181818183e-05,-0.0,0.0022619758721105737,2.455650499072088e-09,2.6851580397012164e-09
4.5016363636363646e-05,-0.0,0.0022401722615215973,2.3733592147096465e-09,2.7444960184960713e-09
4.5024545454545464e-05,-0.0,0.00218830458883977,2.25668906770077e-09,2.8048054809987036e-09
4.503272727272728e-05,-0.0,0.002105489154018579,2.105598914164716e-09,2.8660974994821257e-09
4.50409090909091e-05,-0.0,0.001991222874049759,1.920511270545704e-09,2.928383251864276e-09
4.504909090909092e-05,-0.0,0.0018454110649991958,1.7023281015226239e-09,2.9916740128353007e-09
4.505727272727273e-05,-0.0,0.0016683907602967206,1.4524405630039056e-09,3.055981143719297e-09
4.506545454545455e-05,-0.0,0.0014609489699096672,1.1727322774961941e-09,3.1213160810241357e-09
4.507363636363637e-05,-0.0,0.0012243353304497344,8.655757950463602e-10,3.1876903236377025e-09
4.5081818181818185e-05,-0.0,0.0009602686528881537,5.33821977624447e-10,3.255115418627721e-09
4.5090000000000004e-05,-0.0,0.0006709369420795602,1.8078213733559972e-10,3.323602945616107e-09
4.509818181818182e-05,-0.0,0.00035899054021699923,-1.897971418501007e-10,3.393164499689937e-09
4.510636363636364e-05,-0.0,2.7528133956656665e-05,-5.737664642901292e-10,3.463811672829133e-09
4.511454545454546e-05,-0.0,-0.0003199245386399603,-9.666132211612961e-10,3.5355560338278044e-09
4.512272727272728e-05,-0.0,-0.0006794433410927357,-1.363508071856429e-09,3.6084091066942268e-09
4.5130909090909095e-05,-0.0,-0.0010467417006457607,-1.7593579400121444e-09,3.6823823475207463e-09
4.513909090909091e-05,-0.0,-0.001417213713319715,-2.148865043608377e-09,3.7574871198188015e-09
4.514727272727273e-05,-0.0,-0.0017859841068158008,-2.5265913686254146e-09,3.8337346683265905e-09
4.515545454545455e-05,-0.0,-0.0021479646558192683,-2.887027889931834e-09,3.911136091291268e-09
4.516363636363637e-05,-0.0,-0.0024979165241453185,-3.2246677432021105e-09,3.989702311250298e-09
4.5171818181818186e-05,-0.0,-0.0028305178903158226,-3.5340824595238493e-09,4.06944404432785e-09
4.5180000000000004e-05,-0.0,-0.0031404360995770124,-3.8100002916928956e-09,4.150371768080314e-09
4.518818181818182e-05,-0.0,-0.0034224034781226904,-4.047385589687997e-09,4.232495687926893e-09
4.519636363636364e-05,-0.0,-0.003671295846428418,-4.2415181240199025e-09,4.3158257022053945e-09
4.520454545454546e-05,-0.0,-0.0038822126801447434,-4.388071211007651e-09,4.4003713659117445e-09
4.521272727272728e-05,-0.0,-0.004050557790882396,-4.483187464801289e-09,4.4861418531715694e-09
4.5220909090909096e-05,-0.0,-0.004172119337279426,-4.52355098823358e-09,4.573145918513614e-09
4.5229090909090914e-05,-0.0,-0.004243147930653199,-4.506454819203972e-09,4.661391857016402e-09
4.523727272727273e-05,-0.0,-0.004260431570810506,-4.429862471891012e-09,4.750887463400351e-09
4.524545454545455e-05,-0.0,-0.004221366137501618,-4.292462453042445e-09,4.841639990156079e-09
4.525363636363637e-05,0.0,-0.00412402017259393,-4.0937146929766635e-09,4.933656104792564e-09
4.526181818181819e-05,0.0,-0.0039671927180642275,-3.8338879085706785e-09,5.026941846302633e-09
4.5270000000000005e-05,0.0,-0.003750463025817826,-3.5140870109197247e-09,5.121502580947303e-09
4.5278181818181824e-05,0.0,-0.003474231027265084,-3.1362697827422586e-09,5.217342957463452e-09
4.528636363636364e-05,0.0,-0.003139747543306122,-2.703252178905384e-09,5.314466861803593e-09
4.529454545454546e-05,0.0,-0.0027491333283238026,-2.218701746287038e-09,5.412877371527334e-09
4.530272727272728e-05,0.0,-0.0023053861740324794,-1.687118814917564e-09,5.512576709954833e-09
4.53109090909091e-05,0.0,-0.001812375449283987,-1.1138052790668083e-09,5.613566200211582e-09
4.5319090909090915e-05,0.0,-0.0012748236185461117,-5.048209624809129e-10,5.7158462192832165e-09
4.532727272727273e-05,0.0,-0.0006982744627540309,1.330722560101069e-10,5.819416152209946e-09
4.533545454545455e-05,0.0,-8.904791928079025e-05,7.924781943796377e-10,5.924274346548961e-09
4.534363636363637e-05,0.0,0.0005458183397303627,1.4654454475333682e-09,6.030418067232305e-09
4.535181818181819e-05,0.0,0.0011986402623570445,2.1435570609296395e-09,6.137843451955407e-09
4.5360000000000006e-05,0.0,0.0018611711643556825,2.8180298819650907e-09,6.246545467222878e-09
4.5368181818181824e-05,0.0,0.0025246971155090626,3.479822499864311e-09,6.356517865186663e-09
4.537636363636364e-05,0.0,0.0031801430018142864,4.119750521629886e-09,6.467753141404061e-09
4.538454545454546e-05,0.0,0.003818188097751114,4.728607781634639e-09,6.580242493646901e-09
4.539272727272728e-05,0.0,0.004429389790462167,5.2972919483919e-09,6.693975781889747e-09
4.54009090909091e-05,0.0,0.005004313919082306,5.816932876521334e-09,6.808941489601664e-09
4.5409090909090916e-05,0.0,0.005533670031096935,6.279021957298139e-09,6.9251266864692705e-09
4.5417272727272734e-05,0.0,0.006008449716758458,6.675540649565329e-09,7.042516992665017e-09
4.542545454545455e-05,0.0,0.006420066065303606,6.999086326043908e-09,7.161096544786153e-09
4.543363636363637e-05,0.0,0.006760492195775339,7.242993549691194e-09,7.280847963575274e-09
4.544181818181819e-05,0.0,0.007022396753114673,7.401448901887891e-09,7.401752323528379e-09
4.545000000000001e-05,0.0,0.007199274228919719,7.469597519629602e-09,7.523789124507238e-09
4.5458181818181825e-05,0.0,0.007285567967508615,7.4436395628847935e-09,7.64693626544737e-09
4.5466363636363644e-05,0.0,0.007276783752830223,7.3209149257707764e-09,7.771170020263449e-09
4.547454545454546e-05,0.0,0.007169591940988196,7.0999746256346325e-09,7.89646501604636e-09
4.548272727272728e-05,0.0,0.006961916206783295,6.780637451507298e-09,8.02279421363303e-09
4.54909090909091e-05,0.0,0.006653007110275188,6.364030626290562e-09,8.150128890635457e-09
4.5499090909090917e-05,0.0,0.0062434988598823,5.852613433530136e-09,8.278438627003135e-09
4.5507272727272735e-05,-0.0,0.005735447850363388,5.250182977431906e-09,8.407691293188577e-09
4.551545454545455e-05,-0.0,0.005132351784973453,4.561861481178775e-09,8.537853040981346e-09
4.552363636363637e-05,-0.0,0.004439148448422031,3.794064780524346e-09,8.668888297069674e-09
4.553181818181819e-05,-0.0,0.0036621934777209143,2.954451933688025e-09,8.80075975937967e-09
4.554000000000001e-05,-0.0,0.0028092167778403497,2.051856141064265e-09,8.933428396241537e-09
4.5548181818181826e-05,-0.0,0.001889257544107571,1.0961974452762065e-09,9.066853448421458e-09
4.5556363636363644e-05,-0.0,0.0009125781789059758,9.837795956389652e-11,9.200992434054078e-09
4.556454545454546e-05,-0.0,-0.0001094422784247576,-9.298393538061364e-10,9.33580115650322e-09
4.557272727272728e-05,-0.0,-0.0011644342576666866,-1.975967067743863e-09,9.471233715172517e-09
4.55809090909091e-05,-0.0,-0.002239182021766586,-3.026943296362419e-09,9.607242519281988e-09
4.558909090909092e-05,-0.0,-0.003319784693757131,-4.069293545035263e-09,9.74377830462055e-09
4.5597272727272736e-05,-0.0,-0.004391832049899092,-5.089302410109424e-09,9.880790153277924e-09
4.5605454545454554e-05,-0.0,-0.00544059290160826,-6.073192941531374e-09,1.0018225516352022e-08
4.561363636363637e-05,-0.0,-0.006451213633843595,-7.007311317002166e-09,1.0156030239624393e-08
4.562181818181819e-05,-0.0,-0.0074089242434603915,-7.878314342518578e-09,1.029414859219138e-08
4.563000000000001e-05,-0.0,-0.008299249032030024,-8.67335719404427e-09,1.043252329802529e-08
4.563818181818183e-05,-0.0,-0.009108218957799343,-9.380278750892262e-09,1.0571095570446102e-08
4.5646363636363645e-05,-0.0,-0.009822582544278093,-9.987781844981105e-09,1.0709805149466796e-08
4.5654545454545463e-05,-0.0,-0.010430012181265658,-1.0485605762714307e-08,1.084859034197819e-08
4.566272727272728e-05,-0.0,-0.010919302640152772,-1.0864688388504011e-08,1.0987388064730111e-08
4.56709090909091e-05,-0.0,-0.011280558660530203,-1.1117315470992176e-08,1.1126133890058349e-08
4.567909090909092e-05,-0.0,-0.011505368550208705,-1.123725462429631e-08,1.1264762094308689e-08
4.5687272727272736e-05,-0.0,-0.011586960875608385,-1.121987184595564e-08,1.1403205708895455e-08
4.5695454545454555e-05,-0.0,-0.011520341503198436,-1.1062228538931927e-08,1.1541396573934028e-08
4.570363636363637e-05,-0.0,-0.01130240848352416,-1.0763157264653663e-08,1.1679265394376896e-08
4.571181818181819e-05,-0.0,-0.010932042544797486,-1.0323314724760505e-08,1.1816741798582746e-08
4.572000000000001e-05,-0.0,-0.010410171279710773,-9.745210767428973e-09,1.1953754399238913e-08
4.572818181818183e-05,-0.0,-0.009739805462970942,-9.033212535984114e-09,1.209023085655744e-08
4.5736363636363646e-05,-0.0,-0.008926046323250909,-8.19352321851501e-09,1.2226097943655548e-08
4.5744545454545464e-05,-0.0,-0.007976063006389218,-7.234135212638304e-09,1.236128161403361e-08
4.575272727272728e-05,0.0,-0.006899039900747191,-6.164757884294293e-09,1.2495707071055022e-08
4.57609090909091e-05,0.0,-0.005706093944192874,-4.996720468185187e-09,1.262929883932855e-08
4.576909090909092e-05,0.0,-0.004410162488386136,-3.7428510246972875e-09,1.27619808378931e-08
4.577727272727274e-05,0.0,-0.0030258627527864077,-2.417332728311799e-09,1.2893676455100642e-08
4.5785454545454556e-05,0.0,-0.0015693243508371805,-1.0355391100768574e-09,1.3024308625085748e-08
4.5793636363636374e-05,0.0,-5.7996806806962214e-05,3.8614979377052007e-10,1.315379990571422e-08
4.5801818181818185e-05,0.0,0.001489565603423746,1.8305481287346517e-09,1.3282072557892873e-08
4.5810000000000004e-05,0.0,0.0030539389677476927,3.279879208313129e-09,1.3409048626126124e-08
4.581818181818182e-05,0.0,0.004615081737805622,4.7160020183261894e-09,1.3534650020198767e-08
4.582636363636364e-05,0.0,0.006152600231384715,6.120646250155779e-09,1.3658798597862478e-08
4.583454545454546e-05,0.0,0.007646023991277217,7.47565270658399e-09,1.3781416248403704e-08
4.5842727272727277e-05,0.0,0.009075087142628651,8.763215800665222e-09,1.390242497696445e-08
4.5850909090909095e-05,0.0,0.010420011734836894,9.966124791173551e-09,1.40217469894931e-08
4.585909090909091e-05,0.0,0.011661788957542786,1.1068000369437116e-08,1.4139304778190461e-08
4.586727272727273e-05,0.0,0.012782454085676007,1.2053523232887097e-08,1.4255021207325599e-08
4.587545454545455e-05,0.0,0.01376535103741367,1.2908651350757107e-08,1.4368819599287948e-08
4.588363636363637e-05,0.0,0.014595382521790368,1.3620822746643955e-08,1.4480623820743989e-08
4.5891818181818186e-05,0.0,0.015259241909051062,1.4179140789917043e-08,1.4590358368767192e-08
4.5900000000000004e-05,0.0,0.01574562317510739,1.4574539201309434e-08,1.469794845680547e-08
4.590818181818182e-05,0.0,0.016045405549061795,1.4799924234780401e-08,1.4803320100357547e-08
4.591636363636364e-05,0.0,0.016151809826120106,1.4850291794559022e-08,1.4906400202221284e-08
4.592454545454546e-05,0.0,0.016060523692785895,1.4722817579153548e-08,1.5007116637183248e-08
4.593272727272728e-05,0.0,0.015769793841589493,1.4416918708437692e-08,1.5105398336018135e-08
4.5940909090909096e-05,0.0,0.015280483122510912,1.3934285680581291e-08,1.5201175368666956e-08
4.5949090909090914e-05,0.0,0.01459609148075057,1.3278883916979598e-08,1.5294379026461765e-08
4.595727272727273e-05,0.0,0.013722739958018272,1.2456924579509599e-08,1.5384941903272596e-08
4.596545454545455e-05,0.0,0.012669117578991215,1.147680477915151e-08,1.5472797975444595e-08
4.597363636363637e-05,0.0,0.011446391497614717,1.0349017731837627e-08,1.5557882680404194e-08
4.598181818181819e-05,0.0,0.010068081330835386,9.086033849817795e-09,1.564013299380924e-08
4.5990000000000005e-05,0.0,0.008549899151430184,7.702154178349457e-09,1.5719487505120223e-08
4.5998181818181823e-05,0.0,0.0069095571381510915,6.21333799175922e-09,1.5795886491477694e-08
4.600636363636364e-05,-0.0,0.005166545381974177,4.637006743700764e-09,1.5869271989767553e-08
4.601454545454546e-05,-0.0,0.0033418828137018355,2.9918269178998715e-09,1.5939587866759712e-08
4.602272727272728e-05,-0.0,0.0014578446428804186,1.297474642392367e-09,1.6006779887213856e-08
4.6030909090909097e-05,-0.0,-0.00046232992606081574,-4.256147927419967e-10,1.6070795779842485e-08
4.6039090909090915e-05,-0.0,-0.0023947456136567177,-2.156509141223453e-09,1.613158530102818e-08
4.604727272727273e-05,-0.0,-0.004315170274056591,-3.874049571953771e-09,1.618910029619794e-08
4.605545454545455e-05,-0.0,-0.006199360849897822,-5.557125513606721e-09,1.6243294758755226e-08
4.606363636363637e-05,-0.0,-0.008023391403888436,-7.18495019887908e-09,1.6294124886480162e-08
4.607181818181819e-05,-0.0,-0.009763978501496172,-8.737333108169447e-09,1.63415491353109e-08
4.6080000000000006e-05,-0.0,-0.01139879923515097,-1.0194945540921853e-08,1.63855282704211e-08
4.6088181818181824e-05,-0.0,-0.012906797268566667,-1.1539575626282269e-08,1.642602541451585e-08
4.609636363636364e-05,-0.0,-0.014268472439101919,-1.2754369222026056e-08,1.646300609327237e-08
4.610454545454546e-05,-0.0,-0.015466149684279663,-1.3824053340030783e-08,1.6496438277855144e-08
4.611272727272728e-05,-0.0,-0.016484223352316533,-1.4735138975232742e-08,1.652629242444305e-08
4.61209090909091e-05,-0.0,-0.01730937331135516,-1.5476100499560826e-08,1.655254151070622e-08
4.6129090909090916e-05,-0.0,-0.01793074968262169,-1.6037529108665946e-08,1.6575161069182537e-08
4.6137272727272734e-05,-0.0,-0.018340123482614486,-1.6412258172551727e-08,1.6594129217501005e-08
4.614545454545455e-05,-0.0,-0.018532000961525442,-1.6595458736113782e-08,1.6609426685410634e-08
4.615363636363637e-05,-0.0,-0.018503699961565902,-1.6584703836267672e-08,1.662103683857681e-08
4.616181818181819e-05,-0.0,-0.01825538718131332,-1.6380000742532287e-08,1.6628945699110642e-08
4.617000000000001e-05,-0.0,-0.017790075811785915,-1.5983790681112615e-08,1.663314196280553e-08
4.6178181818181825e-05,-0.0,-0.017113583597584792,-1.540091606193683e-08,1.6633617013059967e-08
4.6186363636363643e-05,-0.0,-0.016234451962884682,-1.4638555686921257e-08,1.6630364931468203e-08
4.619454545454546e-05,-0.0,-0.015163827418098018,-1.3706128869148041e-08,1.6623382505069393e-08
4.620272727272728e-05,-0.0,-0.013915307019652429,-1.26151698299348e-08,1.6612669230252683e-08
4.62109090909091e-05,-0.0,-0.012504750183803365,-1.1379174157487443e-08,1.6598227313313663e-08
4.6219090909090916e-05,-0.0,-0.010950059647516462,-1.0013419500809618e-08,1.658006166767391e-08
4.6227272727272735e-05,-0.0,-0.009270934817568962,-8.534763030051545e-09,1.6558179907772544e-08
4.623545454545455e-05,-0.0,-0.007488601146238976,-6.961418514317881e-09,1.6532592339646625e-08
4.624363636363637e-05,-0.0,-0.005625519512221164,-5.312716145469244e-09,1.6503311948225898e-08
4.625181818181819e-05,0.0,-0.0037050798636132855,-3.6088484676799764e-09,1.6470354381367282e-08
4.626000000000001e-05,0.0,-0.0017512835918652532,-1.870605954205482e-09,1.6433737930665016e-08
4.6268181818181826e-05,0.0,0.00021158075153941648,-1.1910590246514852e-10,1.639348350907171e-08
4.6276363636363644e-05,0.0,0.002159263712070805,1.6244816055087146e-09,1.6349614625379467e-08
4.628454545454546e-05,0.0,0.004067878479153761,3.3392069088425226e-09,1.6302157355605213e-08
4.629272727272728e-05,0.0,0.005914217110808346,5.004609404639306e-09,1.6251140311336396e-08
4.63009090909091e-05,0.0,0.00767605496458674,6.600977967707149e-09,1.6196594605095197e-08
4.630909090909092e-05,0.0,0.009332439071551275,8.109599644288745e-09,1.613855381278544e-08
4.6317272727272736e-05,0.0,0.010863956461424707,9.512993299887788e-09,1.6077053933288575e-08
4.6325454545454554e-05,0.0,0.012252978776980613,1.0795125136942575e-08,1.60121333452821e-08
4.633363636363637e-05,0.0,0.01348387989857377,1.1941603276567232e-08,1.5943832761357103e-08
4.634181818181819e-05,0.0,0.014543223728976819,1.293984891541471e-08,1.5872195179513946e-08
4.635000000000001e-05,0.0,0.015419919757238876,1.3779241918924838e-08,1.579726583212237e-08
4.635818181818183e-05,0.0,0.016105344520396782,1.4451239090323957e-08,1.571909213243344e-08
4.6366363636363645e-05,0.0,0.016593427605400463,1.4949463754910957e-08,1.5637723618733684e-08
4.637454545454546e-05,0.0,0.01688070137211533,1.5269765715263296e-08,1.5553211896238585e-08
4.638272727272728e-05,0.0,0.01696631412313913,1.5410251058707977e-08,1.5465610576821313e-08
4.63909090909091e-05,0.0,0.01685200698881069,1.5371281727340908e-08,1.5374975216679524e-08
4.639909090909092e-05,0.0,0.016542055327720892,1.5155445186639166e-08,1.5281363252042968e-08
4.6407272727272736e-05,0.0,0.016043175956062767,1.4767494945036126e-08,1.518483393302647e-08
4.6415454545454555e-05,0.0,0.015364402005484385,1.4214263077655395e-08,1.5085448255739866e-08
4.642363636363637e-05,0.0,0.014516927661472029,1.3504546286950644e-08,1.4983268892763715e-08
4.643181818181819e-05,0.0,0.013513925446069,1.2648967385925412e-08,1.4878360122101765e-08
4.644000000000001e-05,0.0,0.012370339074048147,1.1659814410981192e-08,1.4770787754726296e-08
4.644818181818183e-05,0.0,0.01110265522545455,1.055085985690862e-08,1.466061906082959e-08
4.6456363636363646e-05,0.0,0.009728657835572871,9.337162772326542e-09,1.454792269490003e-08
4.6464545454545464e-05,0.0,0.008267168702664996,8.034856656857288e-09,1.4432768619738253e-08
4.647272727272728e-05,0.0,0.006737778352077863,6.6609262590932806e-09,1.431522802953224e-08
4.64809090909091e-05,0.0,0.005160571171365598,5.232976485235689e-09,1.4195373272109e-08
4.648909090909092e-05,0.0,0.0035558488447512944,3.768996691205934e-09,1.407327777048346e-08
4.649727272727274e-05,0.0,0.0019438560674255182,2.287123645814731e-09,1.3949015943820624e-08
4.6505454545454555e-05,-0.0,0.000344512412671093,8.054064197142172e-10,1.382266312793167e-08
4.6513636363636374e-05,-0.0,-0.0012228459396227197,-6.584236244120692e-10,1.3694295495421047e-08
4.652181818181819e-05,-0.0,-0.002739711122211102,-2.087174688760256e-09,1.3563989975602195e-08
4.653000000000001e-05,-0.0,-0.004188631923253873,-3.4644053585149176e-09,1.3431824174298646e-08
4.653818181818183e-05,-0.0,-0.005553422638669135,-4.774621699832269e-09,1.3297876293646051e-08
4.654636363636364e-05,-0.0,-0.006819349868526694,-6.003458196098966e-09,1.3162225052009398e-08
4.655454545454546e-05,-0.0,-0.007973295072083976,-7.137840351574007e-09,1.3024949604127274e-08
4.6562727272727276e-05,-0.0,-0.009003891101402222,-8.166127088672446e-09,1.2886129461597242e-08
4.6570909090909095e-05,-0.0,-0.009901631357109137,-9.07823138385482e-09,1.2745844413807446e-08
4.657909090909091e-05,-0.0,-0.010658950644761196,-9.865717922247203e-09,1.2604174449426608e-08
4.658727272727273e-05,-0.0,-0.01127027724934053,-1.0521876897458569e-08,1.2461199678551547e-08
4.659545454545455e-05,-0.0,-0.011732056181721354,-1.1041773435245553e-08,1.2317000255622948e-08
4.660363636363637e-05,-0.0,-0.012042743977683458,-1.142227247237166e-08,1.2171656303201018e-08
4.6611818181818186e-05,-0.0,-0.012202775840767085,-1.1662039269992433e-08,1.2025247836704639e-08
4.6620000000000004e-05,-0.0,-0.012214506308895104,-1.1761516079107149e-08,1.1877854690207825e-08
4.662818181818182e-05,-0.0,-0.012082124985675012,-1.1722875799251605e-08,1.172955644338178e-08
4.663636363636364e-05,-0.0,-0.011811549205656973,-1.1549953776178758e-08,1.1580432349676524e-08
4.664454545454546e-05,-0.0,-0.01141029579423563,-1.1248159165675582e-08,1.1430561265822974e-08
4.665272727272728e-05,-0.0,-0.010887334333718156,-1.0824367545247653e-08,1.1280021582740573e-08
4.6660909090909096e-05,-0.0,-0.010252924554460283,-1.0286796679969194e-08,1.1128891157927665e-08
4.6669090909090914e-05,-0.0,-0.00951844063179263,-9.644867540717174e-09,1.0977247249411368e-08
4.667727272727273e-05,-0.0,-0.008696185284409567,-8.909052830169275e-09,1.0825166451325511e-08
4.668545454545455e-05,-0.0,-0.0077991966374528566,-8.090715392839504e-09,1.0672724631190126e-08
4.669363636363637e-05,-0.0,-0.006841050833953505,-7.2019389691088144e-09,1.0519996868948543e-08
4.670181818181819e-05,-0.0,-0.005835663352612661,-6.255353799341465e-09,1.0367057397830874e-08
4.6710000000000005e-05,-0.0,-0.004797091919836453,-5.263959592985384e-09,1.021397954709483e-08
4.671818181818182e-05,-0.0,-0.0037393437918880335,-4.240948349834421e-09,1.006083568669734e-08
4.672636363636364e-05,-0.0,-0.002676190031989472,-3.199529457709621e-09,9.907697173948203e-09
4.673454545454546e-05,-0.0,-0.0016209892207455228,-2.1527593945226095e-09,9.754634302185517e-09
4.674272727272728e-05,-0.0,-0.0005865228203871694,-1.1133782353083233e-09,9.601716251518993e-09
4.6750909090909096e-05,0.0,0.0004151558315520043,-9.365500906799913e-11,9.449011041673362e-09
4.6759090909090915e-05,0.0,0.0013728571907058135,8.947562308070217e-10,9.296585486966996e-09
4.676727272727273e-05,0.0,0.002276374412653884,1.8409479617607662e-09,9.144505153451923e-09
4.677545454545455e-05,0.0,0.0031165843711015127,2.734876933521502e-09,8.99283431824331e-09
4.678363636363637e-05,0.0,0.0038855299647521523,3.5674668922292814e-09,8.841635931055216e-09
4.679181818181819e-05,0.0,0.004576483196595128,4.330695330208954e-09,8.69097157796192e-09
4.6800000000000006e-05,0.0,0.0051839888130920855,5.017663557543623e-09,8.540901447396457e-09
4.6808181818181824e-05,0.0,0.005703888587140141,5.622649647511976e-09,8.39148429839522e-09
4.681636363636364e-05,0.0,0.006133326613301155,6.141144062704218e-09,8.242777431094905e-09
4.682454545454546e-05,0.0,0.0064707362525410215,6.5698680184853074e-09,8.094836659481302e-09
4.683272727272728e-05,0.0,0.006715809612944744,6.906774881858252e-09,7.947716286389848e-09
4.68409090909091e-05,0.0,0.006869450679332437,7.151035133374236e-09,7.801469080749828e-09
4.6849090909090915e-05,0.0,0.006933713405652866,7.303005634493804e-09,7.65614625706401e-09
4.6857272727272734e-05,0.0,0.006911726257243432,7.364184139991111e-09,7.511797457112893e-09
4.686545454545455e-05,0.0,0.00680760483381969,7.3371501722383005e-09,7.368470733862531e-09
4.687363636363637e-05,0.0,0.0066263543172359754,7.225493529516457e-09,7.2262125375609154e-09
4.688181818181819e-05,0.0,0.006373763570023391,7.033731832262413e-09,7.085067703998429e-09
4.689000000000001e-05,0.0,0.006056292761374159,6.7672186181982494e-09,6.9450794449074725e-09
4.6898181818181825e-05,0.0,0.005680956417026446,6.432043578821432e-09,6.8062893404719665e-09
4.690636363636364e-05,0.0,0.005255203779321562,6.034926585398521e-09,6.668737333916214e-09
4.691454545454546e-05,0.0,0.0047867983249191655,5.583107182453806e-09,6.53246172813781e-09
4.692272727272728e-05,0.0,0.004283698222040355,5.084231231211519e-09,6.397499184350009e-09
4.69309090909091e-05,0.0,0.003753939418802637,4.546236365343891e-09,6.26388472269221e-09
4.6939090909090916e-05,0.0,0.003205522941668626,3.977237877865676e-09,6.131651724767183e-09
4.6947272727272735e-05,0.0,0.0026463078509667733,3.3854165925588365e-09,6.000831938065244e-09
4.695545454545455e-05,0.0,0.002083911151778801,2.778910187677738e-09,5.871455482222486e-09
4.696363636363637e-05,0.0,0.0015256157962948817,2.16570933587685e-09,5.743550857071754e-09
4.697181818181819e-05,0.0,0.000978287741175143,1.5535599045242204e-09,5.61714495243386e-09
4.698000000000001e-05,0.0,0.00044830284371897915,9.498723271929924e-10,5.492263059597315e-09
4.6988181818181826e-05,0.0,-5.851580309595278e-05,3.616391126551989e-10,5.368928884435163e-09
4.6996363636363644e-05,0.0,-0.0005369496812870944,-2.046386952978477e-10,5.247164562103718e-09
4.700454545454546e-05,-0.0,-0.000982425571406373,-7.430154528013094e-10,5.126990673267025e-09
4.701272727272728e-05,-0.0,-0.0013910451337878927,-1.248154753463277e-09,5.008426261791695e-09
4.70209090909091e-05,-0.0,-0.0017596034625470972,-1.7153728393612673e-09,4.8914888538529065e-09
4.702909090909092e-05,-0.0,-0.002085596887724521,-2.140671417658097e-09,4.7761944783929886e-09
4.7037272727272735e-05,-0.0,-0.0023672204493738647,-2.520759872293735e-09,4.662557688872903e-09
4.7045454545454554e-05,-0.0,-0.0026033556020582807,-2.853067011271584e-09,4.550591586257503e-09
4.705363636363637e-05,-0.0,-0.0027935488276504823,-3.1357426328878014e-09,4.440307843172046e-09
4.706181818181819e-05,-0.0,-0.0029379819373609103,-3.367649327047517e-09,4.3317167291695e-09
4.707000000000001e-05,-0.0,-0.0030374349296973823,-3.5483450490006783e-09,4.224827137046614e-09
4.707818181818183e-05,-0.0,-0.0030932423390669954,-3.6780571110756237e-09,4.119646610148279e-09
4.7086363636363645e-05,-0.0,-0.003107244059762151,-3.75764833221086e-09,4.016181370597398e-09
4.709454545454546e-05,-0.0,-0.0030817316622285887,-3.7885761644659486e-09,3.914436348387504e-09
4.710272727272728e-05,-0.0,-0.003019391233183921,-3.772845679670699e-09,3.814415211280121e-09
4.71109090909091e-05,-0.0,-0.002923243768996979,-3.712957347647778e-09,3.7161203954406685e-09
4.711909090909092e-05,-0.0,-0.002796584133650926,-3.611850569974541e-09,3.6195531367564225e-09
4.7127272727272736e-05,-0.0,-0.002642919559712619,-3.4728439502304457e-09,3.5247135027747672e-09
4.7135454545454554e-05,-0.0,-0.0024659086243203634,-3.299573283537083e-09,3.4316004251999897e-09
4.714363636363637e-05,-0.0,-0.0022693015737407086,-3.095928235580168e-09,3.340211732893483e-09
4.715181818181819e-05,-0.0,-0.002056882801112982,-2.8659886550390275e-09,3.2505441853170266e-09
4.716000000000001e-05,-0.0,-0.001832416204266879,-2.613961424452676e-09,3.1625935063604277e-09
4.716818181818183e-05,-0.0,-0.0015995940656883284,-2.3441187041775834e-09,3.07635441850298e-09
4.7176363636363646e-05,-0.0,-0.0013619900065711184,-2.0607383635170353e-09,2.991820677245642e-09
4.7184545454545464e-05,-0.0,-0.0011230164731697554,-1.7680473237187563e-09,2.9089851057693246e-09
4.719272727272728e-05,-0.0,-0.0008858871180707499,-1.4701684607803993e-09,2.8278396297603867e-09
4.72009090909091e-05,-0.0,-0.0006535843431699659,-1.1710716333879488e-09,2.7483753123551635e-09
4.720909090909092e-05,-0.0,-0.0004288321766393956,-8.745293143490805e-10,2.6705823891546626e-09
4.721727272727274e-05,-0.0,-0.0002140745644344413,-5.840772140855301e-10,2.5944503032628838e-09
4.7225454545454555e-05,-0.0,-1.1459069251828298e-05,-3.029801936116293e-10,2.51996774030072e-09
4.7233636363636374e-05,-0.0,0.00017717411252388877,-3.4203673379374384e-11,2.4471226633554743e-09
4.724181818181819e-05,-0.0,0.00035029798142695073,2.1960934522103327e-10,2.3759023478222783e-09
4.725000000000001e-05,0.0,0.000506699647538758,4.5615561576224545e-10,2.306293416099805e-09
4.725818181818183e-05,0.0,0.0006454766206899108,6.73483393084671e-10,2.2382818721053584e-09
4.7266363636363647e-05,0.0,0.0007660288265085726,8.699987209793438e-10,2.171853135573919e-09
4.7274545454545465e-05,0.0,0.0008680467405965951,1.0444664642999944e-09,2.1069920761103157e-09
4.728272727272728e-05,0.0,0.0009514960682271209,1.1960063539541592e-09,2.0436830469704194e-09
4.7290909090909095e-05,0.0,0.0010165994231463918,1.3240843712813905e-09,1.981909918545086e-09
4.729909090909091e-05,0.0,0.0010638154764510731,1.4284998485537526e-09,1.92165611152666e-09
4.730727272727273e-05,0.0,0.0010938160553628912,1.5093687043692643e-09,1.8629046297439516e-09
4.731545454545455e-05,0.0,0.0011074616724241096,1.5671032663360355e-09,1.8056380926519983e-09
4.732363636363637e-05,0.0,0.0011057759586916454,1.6023891586037506e-09,1.7498387674725214e-09
4.7331818181818186e-05,0.0,0.0010899194605112912,1.6161597485384828e-09,1.6954886009815285e-09
4.7340000000000004e-05,0.0,0.001061163239082294,1.609568655353037e-09,1.6425692509483181e-09
4.734818181818182e-05,0.0,0.0010208626860150867,1.5839608241081823e-09,1.591062117238677e-09
4.735636363636364e-05,0.0,0.000970431937227076,1.54084266158377e-09,1.5409483725970263e-09
4.736454545454546e-05,0.0,0.0009113192326302056,1.4818517166120314e-09,1.4922089931331668e-09
4.737272727272728e-05,0.0,0.0008449835309714818,1.4087263671304254e-09,1.4448247885467187e-09
4.7380909090909095e-05,0.0,0.0007728726487245113,1.3232759501177878e-09,1.3987764321289588e-09
4.7389090909090914e-05,0.0,0.000696403149911059,1.2273517394200023e-09,1.3540444905952133e-09
4.739727272727273e-05,0.0,0.0006169421709427973,1.1228191410030201e-09,1.3106094538045284e-09
4.740545454545455e-05,0.0,0.00053579132176146,1.0115314361559793e-09,1.2684517644415962e-09
4.741363636363637e-05,0.0,0.00045417276241814227,8.953053613920972e-10,1.2275518477401038e-09
4.742181818181819e-05,0.0,0.0003732175134090232,7.758987700388111e-10,1.187890141343875e-09
4.7430000000000005e-05,0.0,0.0002939560191488653,6.549905755417553e-10,1.1494471254109083e-09
4.743818181818182e-05,0.0,0.00021731094741691382,5.341631310723003e-10,1.1122033530798788e-09
4.744636363636364e-05,0.0,0.00014409217387853458,4.148871548322747e-10,1.076139481428821e-09
4.745454545454546e-05,0.0,7.499387021967683e-05,2.9850926616608387e-10,1.0412363030720054e-09
4.746272727272728e-05,0.0,1.0593587302788431e-05,1.8624215482065934e-10,1.0074747785476733e-09
4.7470909090909096e-05,0.0,-4.864679874141426e-05,7.915736500516906e-11,9.748360696622628e-10
4.7479090909090915e-05,0.0,-0.0001023784293105503,-2.181936221374788e-11,9.433015739638828e-10
4.748727272727273e-05,0.0,-0.00015036126277380907,-1.1591027977761466e-10,9.128529605226488e-10
4.749545454545455e-05,0.0,-0.0001924585104682302,-2.0248548212547496e-10,8.83472207198026e-10
4.750363636363637e-05,-0.0,-0.00022862989759709723,-2.810605608149759e-10,8.551416395662565e-10
4.751181818181819e-05,-0.0,-0.0002589239422521129,-3.5129224407031993e-10,8.278439716720266e-10
4.7520000000000006e-05,-0.0,-0.00028346944726777474,-4.1297221635003503e-10,8.015623487496001e-10
4.7528181818181824e-05,-0.0,-0.0003024663979441585,-4.660193302581641e-10,7.762803920242627e-10
4.753636363636364e-05,-0.0,-0.00031617645410611,-5.104704352751494e-10,7.519822456653968e-10
4.754454545454546e-05,-0.0,-0.00032491321779416456,-5.464700559028669e-10,7.286526259016436e-10
4.755272727272728e-05,-0.0,-0.0003290324484172761,-5.742591560251737e-10,7.062768722316873e-10
4.75609090909091e-05,-0.0,-0.00032892238576418063,-5.941632267191115e-10,6.848410005663237e-10
4.7569090909090915e-05,-0.0,-0.00032499432819948663,-6.065799316287781e-10,6.643317580181571e-10
4.7577272727272734e-05,-0.0,-0.00031767359899343415,-6.119665375749143e-10,6.447366789055194e-10
4.758545454545455e-05,-0.0,-0.00030739101837710286,-6.108273485886356e-10,6.260441413707133e-10
4.759363636363637e-05,-0.0,-0.0002945749828939913,-6.03701349338971e-10,6.082434238136e-10
4.760181818181819e-05,-0.0,-0.0002796442372349524,-5.911502492880716e-10,5.913247601162244e-10
4.761000000000001e-05,-0.0,-0.0002630014072765594,-5.73747102198223e-10,5.75279392401414e-10
4.7618181818181825e-05,-0.0,-0.00024502734674947395,-5.520656571776787e-10,5.600996198113876e-10
4.762636363636364e-05,-0.0,-0.00022607633407424697,-5.266705776358679e-10,5.45778841544248e-10
4.763454545454546e-05,-0.0,-0.0002064721406217632,-4.98108643677076e-10,5.323115921560727e-10
4.764272727272728e-05,-0.0,-0.00018650497716119483,-4.669010319312673e-10,5.196935669359426e-10
4.76509090909091e-05,-0.0,-0.00016642931169778277,-4.3353674493349257e-10,5.079216350369969e-10
4.7659090909090916e-05,-0.0,-0.00014646253939405997,-3.9846724024292586e-10,4.969938380139774e-10
4.7667272727272734e-05,-0.0,-0.00012678447389998751,-3.6210228782043144e-10,4.869093715101257e-10
4.767545454545455e-05,-0.0,-0.000107537619251366,-3.2480706305661457e-10,4.776685480950605e-10
4.768363636363637e-05,-0.0,-8.882817256869932e-05,-2.8690046249872377e-10,4.692727397051839e-10
4.769181818181819e-05,-0.0,-7.0727700114946e-05,-2.4865461000320695e-10,4.617242987857192e-10
4.770000000000001e-05,-0.0,-5.327542284395681e-05,-2.102955029426167e-10,4.550264581129875e-10
4.7708181818181826e-05,-0.0,-3.648104236613608e-05,-1.7200473140026996e-10,4.4918321031768965e-10
4.7716363636363644e-05,-0.0,-2.0328034231264507e-05,-1.3392218814087324e-10,4.4419916934803584e-10
4.772454545454546e-05,-0.0,-4.777332524331138e-06,-9.614967368408417e-11,4.4007941737941225e-10
4.773272727272728e-05,-0.0,1.0228672077016824e-05,-5.875528912140429e-11,4.3682934192416773e-10
4.77409090909091e-05,-0.0,2.4761899497157547e-05,-2.1778499487350565e-11,4.3445446898877185e-10
4.774909090909092e-05,-0.0,3.8904191376821934e-05,1.4764257429046484e-11,4.3296029893791045e-10
4.7757272727272735e-05,0.0,5.274284389891768e-05,5.087354793411104e-11,4.323521521375964e-10
4.7765454545454554e-05,0.0,6.636613849292303e-05,8.656064009083996e-11,4.3263503137648086e-10
4.777363636363637e-05,0.0,7.985894428980781e-05,1.2184105944834196e-10,4.338135074537651e-10
4.778181818181819e-05,0.0,9.329846330841728e-05,1.5672814030925892e-10,4.3589163320659005e-10
4.779000000000001e-05,0.0,0.00010675018593538373,1.912267083490282e-10,4.3887288969331607e-10
4.7798181818181827e-05,0.0,0.00012026412037497895,2.2532702695177817e-10,4.427601664018079e-10
4.7806363636363645e-05,0.0,0.00013387135544724461,2.589991344486844e-10,4.475557753723583e-10
4.781454545454546e-05,0.0,0.00014758101145004527,2.9218769262580653e-10,4.5326149722205475e-10
4.782272727272728e-05,0.0,0.00016137762881407545,3.2480745850309296e-10,4.5987865537996694e-10
4.78309090909091e-05,0.0,0.0001752190390020529,3.567394815839114e-10,4.67408213551719e-10
4.783909090909092e-05,0.0,0.00018903475655896785,3.8782811764614796e-10,4.758508905970712e-10
4.7847272727272736e-05,0.0,0.00020272492542703995,4.1787893781422894e-10,4.852072866489151e-10
4.7855454545454554e-05,0.0,0.00021615984660981958,4.4665759825377706e-10,4.95478014418193e-10
4.786363636363637e-05,0.0,0.0002291801080146133,4.738897214942369e-10,5.066638301075633e-10
4.787181818181819e-05,0.0,0.00024159733082918444,4.992618252604033e-10,5.187657591305975e-10
4.788000000000001e-05,0.0,0.00025319554010412896,5.224233189306189e-10,5.317852127756727e-10
4.788818181818183e-05,0.0,0.0002637331603225202,5.429895714910905e-10,5.457240929616596e-10
4.7896363636363646e-05,0.0,0.00027294562965081057,5.60546038283762e-10,5.605848832159509e-10
4.7904545454545464e-05,0.0,0.00028054861929115166,5.746534171213499e-10,5.763707249135488e-10
4.791272727272728e-05,0.0,0.00028624183691338767,5.848537876288218e-10,5.930854785704446e-10
4.79209090909091e-05,0.0,0.0002897133855608917,5.906776711540414e-10,6.107337706112398e-10
4.792909090909092e-05,0.0,0.00029064464173203763,5.916519324412376e-10,6.293210264792331e-10
4.793727272727274e-05,0.0,0.0002887156085804703,5.873084286674017e-10,6.488534912735796e-10
4.7945454545454555e-05,0.0,0.0002836106924037031,5.771932965885444e-10,6.693382392778541e-10
4.7953636363636373e-05,0.0,0.00027502484286319847,5.608767546154974e-10,6.907831738246252e-10
4.796181818181819e-05,0.0,0.0002626699897746349,5.379632838246609e-10,7.131970189302952e-10
4.797000000000001e-05,0.0,0.00024628170191164566,5.081020403944788e-10,7.36589304072248e-10
4.797818181818183e-05,0.0,0.00022562598617806146,4.709973419206588e-10,7.609703433740727e-10
4.7986363636363646e-05,0.0,0.00020050613882998628,4.264190616870516e-10,7.86351210332174e-10
4.7994545454545465e-05,0.0,0.0001707695542853762,3.7421275841417977e-10,8.127437090791568e-10
4.800272727272728e-05,-0.0,0.00013631439156850663,3.143093644430085e-10,8.401603430345525e-10
4.80109090909091e-05,-0.0,9.709599373050266e-05,2.4673425287843126e-10,8.686142816554003e-10
4.801909090909092e-05,-0.0,5.313295180131612e-05,1.7161550405103501e-10,8.981193258797713e-10
4.802727272727274e-05,-0.0,4.512702101873168e-06,8.919119386924124e-11,9.286898727280062e-10
4.803545454545455e-05,-0.0,-4.860345578520412e-05,-1.8446867047483915e-13,9.603408794404516e-10
4.804363636363637e-05,-0.0,-0.00010597603328945697,-9.603632031543888e-11,9.930878274346375e-10
4.8051818181818186e-05,-0.0,-0.00016728383102155447,-1.9776489439589042e-10,1.026946686291282e-09
4.8060000000000004e-05,-0.0,-0.0002321213296645551,-3.046446869018812e-10,1.0619338779248733e-09
4.806818181818182e-05,-0.0,-0.0002999970979157601,-4.158241659986096e-10,1.0980662410343243e-09
4.807636363636364e-05,-0.0,-0.0003703333155438148,-5.303276356071229e-10,1.1353609958972257e-09
4.808454545454546e-05,-0.0,-0.00044246650152840754,-6.47059043650284e-10,1.1738357095357785e-09
4.809272727272728e-05,-0.0,-0.0005156495272741386,-7.648078031974973e-10,1.2135082612581704e-09
4.8100909090909095e-05,-0.0,-0.0005890549830176916,-8.822566702051782e-10,1.2543968085616357e-09
4.8109090909090914e-05,-0.0,-0.000661779951788379,-9.979916950393965e-10,1.296519753371642e-09
4.811727272727273e-05,-0.0,-0.0007328522296765452,-1.1105142367243009e-09,1.3398957085757263e-09
4.812545454545455e-05,-0.0,-0.0008012380137849646,-1.218254999163261e-09,1.3845434648156616e-09
4.813363636363637e-05,-0.0,-0.0008658510601935924,-1.319590017750399e-09,1.4304819574884926e-09
4.8141818181818187e-05,-0.0,-0.0009255632937036665,-1.412858493169211e-09,1.4777302339088025e-09
4.8150000000000005e-05,-0.0,-0.0009792168292268974,-1.4963823371724506e-09,1.5263074205874622e-09
4.815818181818182e-05,-0.0,-0.0010256373416697208,-1.5684872631409185e-09,1.5762326905819386e-09
4.816636363636364e-05,-0.0,-0.001063648697287132,-1.6275252226993615e-09,1.6275252308734813e-09
4.817454545454546e-05,-0.0,-0.0010920887350355786,-1.6718979590719323e-09,1.6802042097328122e-09
4.818272727272728e-05,-0.0,-0.0011098260617632926,-1.700081418681492e-09,1.7342887440397743e-09
4.8190909090909096e-05,-0.0,-0.0011157777004942252,-1.7106507352167353e-09,1.789797866521682e-09
4.8199090909090914e-05,-0.0,-0.0011089274069709155,-1.7023054755234526e-09,1.846750492886251e-09
4.820727272727273e-05,-0.0,-0.0010883444464270314,-1.6738948146857211e-09,1.9051653888213275e-09
4.821545454545455e-05,-0.0,-0.0010532026006832588,-1.6244422890645715e-09,1.9650611368441616e-09
4.822363636363637e-05,-0.0,-0.001002799155532983,-1.5531697612894436e-09,2.0264561029833494e-09
4.823181818181819e-05,-0.0,-0.0009365736004449266,-1.4595202207039819e-09,2.089368403283036e-09
4.8240000000000006e-05,-0.0,-0.0008541257572964625,-1.3431790369486399e-09,2.1538158701175443e-09
4.8248181818181824e-05,-0.0,-0.000755233042593914,-1.2040932835752738e-09,2.2198160183171026e-09
4.825636363636364e-05,0.0,-0.0006398665588485097,-1.0424887531340997e-09,2.2873860111015557e-09
4.826454545454546e-05,0.0,-0.0005082057058470143,-8.588842953076317e-10,2.3565426258222517e-09
4.827272727272728e-05,0.0,-0.00036065100183911743,-6.54103125556323e-10,2.4273022195240478e-09
4.82809090909091e-05,0.0,-0.00019783480847338774,-4.29280773497084e-10,2.499680694330626e-09
4.8289090909090915e-05,0.0,-2.0629661916158205e-05,-1.8586936789007744e-10,2.573693462668067e-09
4.8297272727272733e-05,0.0,0.00016984607380636383,7.436201141756706e-11,2.649355412342983e-09
4.830545454545455e-05,0.0,0.00037222549644677606,3.493311450707955e-10,2.7266808714883745e-09
4.831363636363637e-05,0.0,0.0005848936393802397,6.366508351900802e-10,2.805683573402701e-09
4.832181818181819e-05,0.0,0.000805991341678054,9.336415519273982e-10,2.8863766213014673e-09
4.8330000000000007e-05,0.0,0.0010334226921034017,1.2373486473751086e-09,2.9687724530078556e-09
4.8338181818181825e-05,0.0,0.001264866185429273,1.544564160069388e-09,3.0528828056084e-09
4.834636363636364e-05,0.0,0.0014977896854878438,1.8518531712483061e-09,3.1387186801070314e-09
4.835454545454546e-05,0.0,0.0017294692410244747,2.155584609102172e-09,3.2262903061028824e-09
4.836272727272728e-05,0.0,0.001957011748194035,2.4519663302783282e-09,3.31560710653246e-09
4.83709090909091e-05,0.0,0.0021773813979409254,2.737084239712188e-09,3.4066776625056376e-09
4.8379090909090916e-05,0.0,0.0023874297881743035,3.0069451413908315e-09,3.499509678276437e-09
4.8387272727272734e-05,0.0,0.002583929520297395,3.257522944868441e-09,3.5941099463866634e-09
4.839545454545455e-05,0.0,0.0027636110380618566,3.484807786270206e-09,3.690484313021615e-09
4.840363636363637e-05,0.0,0.0029232024047522206,3.6848575591856356e-09,3.788637643621342e-09
4.841181818181819e-05,0.0,0.0030594716532802296,3.8538512913194036e-09,3.888573788791264e-09
4.842000000000001e-05,0.0,0.003169271283854352,3.988143748094437e-09,3.990295550555376e-09
4.8428181818181826e-05,0.0,0.003249584426494114,4.084320595639371e-09,4.093804648998839e-09
4.8436363636363644e-05,0.0,0.003297572131813466,4.139253413733829e-09,4.199101689348663e-09
4.844454545454546e-05,0.0,0.003310621204240842,4.150153815297598e-09,4.306186129538172e-09
4.845272727272728e-05,0.0,0.0032863919482060584,4.114625903784446e-09,4.415056248306739e-09
4.84609090909091e-05,0.0,0.003222865160811265,4.0307162841721665e-09,4.5257091138845585e-09
4.846909090909092e-05,0.0,0.0031183876750788477,3.896960837842594e-09,4.638140553312559e-09
4.8477272727272735e-05,0.0,0.0029717157369374696,3.712427477101767e-09,4.752345122450362e-09
4.8485454545454553e-05,0.0,0.002782055487493207,3.4767541118488764e-09,4.86831607672576e-09
4.849363636363637e-05,0.0,0.0025490998205630493,3.1901810892848423e-09,4.9860453426749496e-09
4.850181818181819e-05,-0.0,0.002273060894535019,2.853577407702692e-09,5.105523490331332e-09
4.851000000000001e-05,-0.0,0.0019546975978444485,2.4684600573020423e-09,5.226739706513068e-09
4.8518181818181826e-05,-0.0,0.0015953372990559645,2.0370059044466464e-09,5.349681769067165e-09
4.8526363636363645e-05,-0.0,0.001196891255892713,1.562055610448597e-09,5.474336022119766e-09
4.853454545454546e-05,-0.0,0.000761863112563432,1.0471091612718821e-09,5.600687352390605e-09
4.854272727272728e-05,-0.0,0.00029334998122658554,4.963126797694887e-10,5.72871916662289e-09
4.85509090909091e-05,-0.0,-0.0002049643189683949,-8.556370372944338e-11,5.858413370185376e-09
4.855909090909092e-05,-0.0,-0.0007288242036704471,-6.931570345632829e-10,5.9897503468963505e-09
4.8567272727272736e-05,-0.0,-0.00127342568640604,-1.3205517639478083e-09,6.122708940127336e-09
4.8575454545454554e-05,-0.0,-0.0018334482966112543,-1.9613288956343677e-09,6.257266435234498e-09
4.858363636363637e-05,-0.0,-0.0024030955717740405,-2.6086237907616362e-09,6.393398543373521e-09
4.859181818181819e-05,-0.0,-0.002976144021948711,-3.255192243030884e-09,6.53107938674576e-09
4.860000000000001e-05,-0.0,-0.0035460003391112258,-3.893484306513318e-09,6.670281485329684e-09
4.860818181818183e-05,-0.0,-0.0041057664947779515,-4.515725230225772e-09,6.81097574514365e-09
4.8616363636363646e-05,-0.0,-0.004648312238794008,-5.114002729020548e-09,6.953131448089558e-09
4.8624545454545464e-05,-0.0,-0.005166354382106083,-5.680359701270011e-09,7.096716243425196e-09
4.863272727272728e-05,-0.0,-0.005652542118655649,-6.206891392222551e-09,7.241696140908596e-09
4.86409090909091e-05,-0.0,-0.006099547518313578,-6.685845899713543e-09,7.388035505661365e-09
4.864909090909092e-05,-0.0,-0.006500160206113103,-7.109726827963374e-09,7.535697054791266e-09
4.865727272727274e-05,-0.0,-0.006847385135014545,-7.471396817277318e-09,7.684641855815913e-09
4.8665454545454555e-05,-0.0,-0.007134542262110121,-7.764180614228505e-09,7.834829326925892e-09
4.867363636363637e-05,-0.0,-0.007355366853542002,-7.981966299849103e-09,7.986217239125806e-09
4.868181818181819e-05,-0.0,-0.007504109073352664,-8.119303263810114e-09,8.138761720286773e-09
4.869000000000001e-05,-0.0,-0.007575631457769689,-8.17149550164897e-09,8.292417261143412e-09
4.869818181818183e-05,-0.0,-0.007565502840635155,-8.134688820694954e-09,8.447136723267421e-09
4.8706363636363646e-05,-0.0,-0.007470087279206854,-8.005950569073404e-09,8.602871349042713e-09
4.8714545454545465e-05,-0.0,-0.007286626533533543,-7.783340551412147e-09,8.759570773672958e-09
4.872272727272728e-05,-0.0,-0.007013314677922268,-7.465971864678617e-09,8.917183039238553e-09
4.87309090909091e-05,-0.0,-0.006649363470264227,-7.054060477734759e-09,9.075654610828185e-09
4.873909090909092e-05,-0.0,-0.0061950571744451635,-6.548962488152322e-09,9.234930394761446e-09
4.874727272727274e-05,-0.0,-0.005651795622684275,-5.953198118738761e-09,9.394953758915333e-09
4.8755454545454556e-05,0.0,-0.005022124418023298,-5.270461662919933e-09,9.55566655516929e-09
4.8763636363636374e-05,0.0,-0.004309751311570345,-4.505616751140766e-09,9.717009143975912e-09
4.877181818181819e-05,0.0,-0.003519547943376768,-3.6646764880149693e-09,9.878920421063979e-09
4.8780000000000004e-05,0.0,-0.0026575363085178418,-2.754768200045342e-09,1.0041337846275425e-08
4.878818181818182e-05,0.0,-0.0017308594992392246,-1.7840827340456056e-09,1.0204197474535491e-08
4.879636363636364e-05,0.0,-0.0007477364777667848,-7.618084544018005e-10,1.0367433988953536e-08
4.880454545454546e-05,0.0,0.00028259914991040063,3.0194969972047725e-10,1.0530980736045853e-08
4.881272727272728e-05,0.0,0.0013499761640416732,1.3962655210629902e-09,1.0694769763069713e-08
4.8820909090909095e-05,0.0,0.0024433781385195304,2.5095004146048405e-09,1.0858731857453277e-08
4.8829090909090913e-05,0.0,0.0035510505651918213,3.629424851232941e-09,1.1022796588307637e-08
4.883727272727273e-05,0.0,0.0046606218009042225,4.743351191616528e-09,1.1186892349993656e-08
4.884545454545455e-05,0.0,0.00575923671338188,5.838276484660222e-09,1.135094640772454e-08
4.885363636363637e-05,0.0,0.006833701679924158,6.9010336658714494e-09,1.1514884945170908e-08
4.8861818181818186e-05,0.0,0.007870639381964712,7.918449418375544e-09,1.1678633114039365e-08
4.8870000000000005e-05,0.0,0.00885665164244084,8.87750681600682e-09,1.1842115085588143e-08
4.887818181818182e-05,0.0,0.009778488375128515,9.765510746521929e-09,1.2005254104039499e-08
4.888636363636364e-05,0.0,0.010623220558986483,1.0570254015956957e-08,1.2167972541847376e-08
4.889454545454546e-05,0.0,0.01137841501925516,1.1280181964583932e-08,1.2330191956773032e-08
4.890272727272728e-05,0.0,0.012032308693443744,1.18845533826173e-08,1.2491833150719547e-08
4.8910909090909096e-05,0.0,0.012573979986956573,1.237359550120697e-08,1.2652816230269854e-08
4.8919090909090914e-05,0.0,0.012993514782124533,1.2738650852363893e-08,1.2813060668874242e-08
4.892727272727273e-05,0.0,0.013282164657561133,1.2972313840910008e-08,1.2972485370625263e-08
4.893545454545455e-05,0.0,0.01343249490332789,1.306855495248555e-08,1.3131008735554732e-08
4.894363636363637e-05,0.0,0.013438519982136255,1.302283063380558e-08,1.3288548726389216e-08
4.895181818181819e-05,0.0,0.013295824187963606,1.2832177023948719e-08,1.3445022936691938e-08
4.8960000000000006e-05,0.0,0.013001665390692505,1.249528588727614e-08,1.3600348660317401e-08
4.8968181818181824e-05,0.0,0.012555059927800285,1.2012561297905364e-08,1.3754442962102217e-08
4.897636363636364e-05,0.0,0.011956846910260176,1.1386155850365976e-08,1.3907222749714092e-08
4.898454545454546e-05,0.0,0.011209730447626543,1.06199854185611e-08,1.4058604846575511e-08
4.899272727272728e-05,0.0,0.010318298564169038,9.71972175247415e-09,1.4208506065776097e-08
4.90009090909091e-05,-0.0,0.00928901787076511,8.692762485849816e-09,1.4356843284889087e-08
4.9009090909090915e-05,-0.0,0.008130203372430467,7.548178424666334e-09,1.450353352159818e-08
4.901727272727273e-05,-0.0,0.0068519631247810405,6.296638291657051e-09,1.4648494010043626e-08
4.902545454545455e-05,-0.0,0.005466117799892142,4.95031141225294e-09,1.4791642277793211e-08
4.903363636363637e-05,-0.0,0.003986095578120874,3.52274913776006e-09,1.4932896223340806e-08
4.904181818181819e-05,-0.0,0.0024268031423766994,2.0287461079068313e-09,1.507217419403118e-08
4.9050000000000006e-05,-0.0,0.0008044739097481791,4.841827526031404e-10,1.520939506431586e-08
4.9058181818181825e-05,-0.0,-0.0008635050131191361,-1.0941492826256726e-09,1.5344478314230448e-08
4.906636363636364e-05,-0.0,-0.0025587853254292756,-2.6887368358972887e-09,1.5477344107994723e-08
4.907454545454546e-05,-0.0,-0.004262267331746899,-4.281547855796427e-09,1.560791337262874e-08
4.908272727272728e-05,-0.0,-0.005954324600875131,-5.8542445387873915e-09,1.573610787647782e-08
4.90909090909091e-05,-0.0,-0.007615040769546909,-7.388404369739e-09,1.5861850307539404e-08
4.9099090909090916e-05,-0.0,-0.00922445553958103,-8.865746300253327e-09,1.598506435148432e-08
4.9107272727272734e-05,-0.0,-0.010762816717764898,-1.0268359177252075e-08,1.6105674769262046e-08
4.911545454545455e-05,-0.0,-0.012210834989656867,-1.1578929450087386e-08,1.622360747418341e-08
4.912363636363637e-05,-0.0,-0.013549938005118951,-1.2780965140232134e-08,1.633878960836858e-08
4.913181818181819e-05,-0.0,-0.014762520287448344,-1.3859013054769744e-08,1.6451149618452475e-08
4.914000000000001e-05,-0.0,-0.015832185461555785,-1.4798866264239289e-08,1.656061733043774e-08
4.9148181818181825e-05,-0.0,-0.01674397733110161,-1.5587758947090963e-08,1.6667124023588322e-08
4.9156363636363644e-05,-0.0,-0.017484596420448462,-1.621454582664681e-08,1.6770602503250852e-08
4.916454545454546e-05,-0.0,-0.01804259873453778,-1.6669863590989e-08,1.6870987172501438e-08
4.917272727272728e-05,-0.0,-0.018408573677357536,-1.6946271889926006e-08,1.6968214102508912e-08
4.91809090909091e-05,-0.0,-0.01857529830574957,-1.7038371743848084e-08,1.7062221101509343e-08
4.918909090909092e-05,-0.0,-0.01853786537732433,-1.6942899473997353e-08,1.7152947782285836e-08
4.9197272727272735e-05,-0.0,-0.01829378297585943,-1.6658794569036725e-08,1.7240335628056714e-08
4.920545454545455e-05,-0.0,-0.017843043860679367,-1.618724023487672e-08,1.7324328056665563e-08
4.921363636363637e-05,-0.0,-0.017188163083389447,-1.553167572913825e-08,1.7404870482977092e-08
4.922181818181819e-05,-0.0,-0.016334182840593535,-1.4697779953611163e-08,1.7481910379383617e-08
4.923000000000001e-05,-0.0,-0.015288643978945667,-1.3693426162510986e-08,1.755539733432426e-08
4.9238181818181826e-05,-0.0,-0.014061524032696138,-1.2528608035881302e-08,1.7625283108729207e-08
4.9246363636363645e-05,-0.0,-0.012665142147057114,-1.1215337760584496e-08,1.7691521690298166e-08
4.925454545454546e-05,0.0,-0.011114031716232544,-9.76751715034053e-09,1.7754069345525975e-08
4.926272727272728e-05,0.0,-0.009424782035678581,-8.200783215547287e-09,1.781288466939515e-08
4.92709090909091e-05,0.0,-0.007615850726885683,-6.532329957566081e-09,1.7867928632654035e-08
4.927909090909092e-05,0.0,-0.005707349132575131,-4.780708505358059e-09,1.7919164626603296e-08
4.9287272727272736e-05,0.0,-0.00372080329374127,-2.965608029620633e-09,1.796655850532043e-08
4.9295454545454554e-05,0.0,-0.0016788935008091176,-1.1076201560334016e-09,1.801007862525145e-08
4.930363636363637e-05,0.0,0.00039482424690853073,7.720101495719499e-10,1.804969588210546e-08
4.931181818181819e-05,0.0,0.002476211241985658,2.6516440393635035e-09,1.8085383744989766e-08
4.932000000000001e-05,0.0,0.004540849650854802,4.509515230982566e-09,1.8117118287730598e-08
4.932818181818183e-05,0.0,0.006564352604477613,6.323999966662393e-09,1.8144878217324953e-08
4.9336363636363645e-05,0.0,0.008522676589447671,8.0738869304037e-09,1.8168644899474055e-08
4.9344545454545464e-05,0.0,0.010392431855924011,9.738643543000586e-09,1.818840238115897e-08
4.935272727272728e-05,0.0,0.012151186545716812,1.1298675078185796e-08,1.820413741021234e-08
4.93609090909091e-05,0.0,0.01377776029390137,1.2735573116816572e-08,1.8215839451857525e-08
4.936909090909092e-05,0.0,0.015252503170420446,1.4032349979158533e-08,1.822350070218217e-08
4.937727272727274e-05,0.0,0.016557556003160476,1.517365594655612e-08,1.8227116098520115e-08
4.9385454545454555e-05,0.0,0.017677088358886546,1.6145976300956285e-08,1.822668332672321e-08
4.939363636363637e-05,0.0,0.01859751075016818,1.693780547104434e-08,1.8222202825307496e-08
4.940181818181819e-05,0.0,0.019307657981078044,1.7539795873676224e-08,1.8213677786461287e-08
4.941000000000001e-05,0.0,0.019798940937189105,1.7944879374737743e-08,1.820111415391106e-08
4.941818181818183e-05,0.0,0.020065464560630318,1.8148359659879873e-08,1.8184520617644824e-08
4.9426363636363646e-05,0.0,0.020104110222373812,1.8147974197626025e-08,1.81639086054959e-08
4.9434545454545465e-05,0.0,0.01991458120459005,1.7943924889580852e-08,1.813929227159889e-08
4.944272727272728e-05,0.0,0.019499410528384054,1.753887692899797e-08,1.811068848172882e-08
4.94509090909091e-05,0.0,0.01886393089868408,1.6937925823686696e-08,1.807811679554717e-08
4.945909090909092e-05,0.0,0.018016207080392765,1.6148532975871953e-08,1.8041599445774327e-08
4.946727272727274e-05,0.0,0.01696693155988851,1.5180430643861046e-08,1.8001161314323007e-08
4.9475454545454556e-05,0.0,0.015729284875333722,1.4045497531930481e-08,1.795682990542175e-08
4.9483636363636374e-05,0.0,0.014318762509882779,1.2757606659590569e-08,1.790863531577097e-08
4.949181818181819e-05,0.0,0.012752970725919393,1.1332447543409164e-08,1.7856610201772688e-08
4.950000000000001e-05,-0.0,0.011051394168406115,9.787325078298819e-09,1.7800789743884803e-08
4.950818181818183e-05,-0.0,0.00923513847432188,8.14093782541011e-09,1.774121160815007e-08
4.951636363636365e-05,-0.0,0.007326651486642705,6.4131386958604644e-09,1.76779159049587e-08
4.952454545454546e-05,-0.0,0.005349426979760938,4.624681259325694e-09,1.7610945145106445e-08
4.953272727272728e-05,-0.0,0.003327695053836247,2.7969551005407763e-09,1.754034419321266e-08
4.9540909090909095e-05,-0.0,0.0012861035444235811,9.517137921809468e-10,1.74661602185684e-08
4.954909090909091e-05,-0.0,-0.0007506050821079538,-8.892008526707851e-10,1.7388442643490902e-08
4.955727272727273e-05,-0.0,-0.002757916819288606,-2.704134542561178e-09,1.7307243089259378e-08
4.956545454545455e-05,-0.0,-0.004711864679233483,-4.47189258817629e-09,1.7222615319714268e-08
4.957363636363637e-05,-0.0,-0.00658933827834313,-6.172004667537753e-09,1.713461518260635e-08
4.9581818181818186e-05,-0.0,-0.00836838015229844,-7.784978755704935e-09,1.704330054878178e-08
4.9590000000000005e-05,-0.0,-0.010028464709602102,-9.292540861991364e-09,1.69487312492973e-08
4.959818181818182e-05,-0.0,-0.011550756000329288,-1.0677857427975394e-08,1.6850969010557392e-08
4.960636363636364e-05,-0.0,-0.01291834080034913,-1.1925737493735862e-08,1.6750077387572636e-08
4.961454545454546e-05,-0.0,-0.014116433885935888,-1.3022812033909176e-08,1.6646121695438972e-08
4.962272727272728e-05,-0.0,-0.015132552793477427,-1.395768819492097e-08,1.6539168939139976e-08
4.9630909090909096e-05,-0.0,-0.015956659817282656,-1.4721076525126477e-08,1.64292877417761e-08
4.9639090909090914e-05,-0.0,-0.016581269488074472,-1.5305889675207277e-08,1.6316548271331607e-08
4.964727272727273e-05,-0.0,-0.017001520287946516,-1.5707311451263906e-08,1.6201022166081308e-08
4.965545454545455e-05,-0.0,-0.017215209886334872,-1.592283552160451e-08,1.6082782458753335e-08
4.966363636363637e-05,-0.0,-0.0172227937176707,-1.5952273504054977e-08,1.5961903499558115e-08
4.967181818181819e-05,-0.0,-0.017027347256521132,-1.5797732587456025e-08,1.5838460878194003e-08
4.9680000000000005e-05,-0.0,-0.016634492871935132,-1.5463563262606397e-08,1.571253134494756e-08
4.9688181818181824e-05,-0.0,-0.016052292651324677,-1.4956278148135714e-08,1.558419273099997e-08
4.969636363636364e-05,-0.0,-0.015291109067790023,-1.4284443289719736e-08,1.5453523868058102e-08
4.970454545454546e-05,-0.0,-0.014363435816051795,-1.345854368106172e-08,1.532060450742329e-08
4.971272727272728e-05,-0.0,-0.013283701554357062,-1.2490825096915116e-08,1.5185515238615407e-08
4.97209090909091e-05,-0.0,-0.01206804965682612,-1.1395114637339999e-08,1.504833740766823e-08
4.9729090909090915e-05,-0.0,-0.010734097397410786,-1.0186622654113417e-08,1.4909153035211256e-08
4.973727272727273e-05,-0.0,-0.009300678248498437,-8.88172896110643e-09,1.4768044734453202e-08
4.974545454545455e-05,-0.0,-0.007787571180687966,-7.497756417485805e-09,1.4625095629183396e-08
4.975363636363637e-05,0.0,-0.0062152209928166445,-6.052735113466308e-09,1.4480389271900744e-08
4.976181818181819e-05,0.0,-0.004604453781360163,-4.565160481435103e-09,1.4334009562188364e-08
4.9770000000000006e-05,0.0,-0.0029761916753034386,-3.0537486997103116e-09,1.4186040665441594e-08
4.9778181818181825e-05,0.0,-0.0013511709169402406,-1.5371927518499288e-09,1.403656693205936e-08
4.978636363636364e-05,0.0,0.0002503327377460197,-3.392245190711452e-11,1.3885672817208704e-08
4.979454545454546e-05,0.0,0.0018087674910288777,1.438128353351849e-09,1.3733442801268558e-08
4.980272727272728e-05,0.0,0.0033055542606130594,2.8617443384698776e-09,1.357996131105535e-08
4.98109090909091e-05,0.0,0.004723317407187307,4.2206381291521955e-09,1.3425312641936318e-08
4.9819090909090916e-05,0.0,0.00604609443607639,5.499643952824944e-09,1.3269580880925388e-08
4.9827272727272734e-05,0.0,0.007259522035984696,6.684893115134508e-09,1.3112849830863331e-08
4.983545454545455e-05,0.0,0.00835099621160348,7.763969198750374e-09,1.29552029357754e-08
4.984363636363637e-05,0.0,0.009309804688478357,8.726041198015064e-09,1.2796723207496413e-08
4.985181818181819e-05,0.0,0.010127230210985567,9.561973141181391e-09,1.2637493153654646e-08
4.986000000000001e-05,0.0,0.010796623810294824,1.0264409105879987e-08,1.2477594707100097e-08
4.9868181818181825e-05,0.0,0.011313447581443916,1.082783289761819e-08,1.231710915685724e-08
4.9876363636363644e-05,0.0,0.011675286969771378,1.1248602029984749e-08,1.2156117080683489e-08
4.988454545454546e-05,0.0,0.011881833019739366,1.1524956013297696e-08,1.1994698279310415e-08
4.989272727272728e-05,0.0,0.01193483547667135,1.1656999320236439e-08,1.183293171243556e-08
4.99009090909091e-05,0.0,0.011838028047531474,1.1646659747315441e-08,1.1670895436537094e-08
4.990909090909092e-05,0.0,0.011597027514452388,1.1497623224856169e-08,1.1508666544575638e-08
4.9917272727272735e-05,0.0,0.0112192087487032,1.1215246440747225e-08,1.1346321107643089e-08
4.992545454545455e-05,0.0,0.010713557988249701,1.0806448930469717e-08,1.1183934118614776e-08
4.993363636363637e-05,0.0,0.010090507014779038,1.0279586543796069e-08,1.1021579437860522e-08
4.994181818181819e-05,0.0,0.009361751092594288,9.644308423937207e-09,1.0859329741063926e-08
4.995000000000001e-05,0.0,0.008540053709496486,8.911399824965416e-09,1.069725646919007e-08
4.9958181818181826e-05,0.0,0.007639041286868629,8.092613245918916e-09,1.0535429780649614e-08
4.9966363636363644e-05,0.0,0.006672991101719625,7.200490473529653e-09,1.037391850569148e-08
4.997454545454546e-05,0.0,0.005656615687352878,6.248178199087463e-09,1.0212790103058849e-08
4.998272727272728e-05,0.0,0.0046048469523505805,5.249239908249465e-09,1.005211061893653e-08
4.99909090909091e-05,0.0,0.003532623181276642,4.2174667359369665e-09,9.891944648215578e-09
4.999909090909092e-05,0.0,0.0024546819572295805,3.1666899327467536e-09,9.732355298094114e-09
5.0007272727272736e-05,-0.0,0.001385361879163843,2.110597506040038e-09,9.573404154031754e-09
5.0015454545454554e-05,-0.0,0.0003384157394315905,1.0625574800894245e-09,9.415151248070742e-09
5.002363636363637e-05,-0.0,-0.0006731624164641055,3.545006790288282e-11,9.257655029529628e-09
5.003181818181819e-05,-0.0,-0.0016372942006232494,-9.584891344085225e-10,9.100972338077403e-09
5.004000000000001e-05,-0.0,-0.002542955917544161,-1.9078130282129254e-09,8.945158379186936e-09
5.004818181818183e-05,-0.0,-0.003380298197972706,-2.801992296640747e-09,8.790266701962152e-09
5.0056363636363645e-05,-0.0,-0.004140745043314957,-3.6315286714764267e-09,8.63634917933601e-09
5.0064545454545464e-05,-0.0,-0.004817071437888248,-4.388051026456151e-09,8.483455990625438e-09
5.007272727272728e-05,-0.0,-0.00540345903556435,-5.0643934160557225e-09,8.33163560642876e-09
5.00809090909091e-05,-0.0,-0.005895529774484775,-5.654654460177087e-09,8.180934775849203e-09
5.008909090909092e-05,-0.0,-0.0062903576130198206,-6.154237758127245e-09,8.03139851602043e-09
5.0097272727272737e-05,-0.0,-0.006586458906789414,-6.559873295647556e-09,7.883070103910514e-09
5.0105454545454555e-05,-0.0,-0.006783762255506759,-6.869620082348888e-09,7.735991070375889e-09
5.011363636363637e-05,-0.0,-0.0068835589352105936,-7.08285051979711e-09,7.59020119643327e-09
5.012181818181819e-05,-0.0,-0.006888435292169322,-7.200217249003328e-09,7.44573851171393e-09
5.013000000000001e-05,-0.0,-0.006802188705959338,-7.223603456835005e-09,7.302639295065398e-09
5.013818181818183e-05,-0.0,-0.00662972892811127,-7.156057830876269e-09,7.160938077256912e-09
5.0146363636363646e-05,-0.0,-0.006376966767066263,-7.001715538922203e-09,7.02066764574699e-09
5.0154545454545464e-05,-0.0,-0.006050692218409066,-6.765706770409303e-09,6.881859051466887e-09
5.016272727272728e-05,-0.0,-0.005658444230506895,-6.45405451094193e-09,6.744541617572119e-09
5.01709090909091e-05,-0.0,-0.005208374349482252,-6.073563326401214e-09,6.60874295011016e-09
5.017909090909092e-05,-0.0,-0.0047091065042068085,-5.63170100914556e-09,6.47448895055173e-09
5.018727272727274e-05,-0.0,-0.004169595172644854,-5.136474985204328e-09,6.341803830131921e-09
5.0195454545454556e-05,-0.0,-0.003598984116888671,-4.596305398293422e-09,6.210710125941193e-09
5.0203636363636374e-05,-0.0,-0.0030064677876299826,-4.0198967745428946e-09,6.081228718710969e-09
5.021181818181819e-05,-0.0,-0.002401157382091428,-3.4161101320583766e-09,5.953378852230326e-09
5.022000000000001e-05,-0.0,-0.001791953395506263,-2.7938373332752694e-09,5.827178154333393e-09
5.022818181818183e-05,-0.0,-0.0011874263383424822,-2.1618793873055373e-09,5.702642659392667e-09
5.023636363636365e-05,-0.0,-0.000595707103165182,-1.5288302962599253e-09,5.579786832255727e-09
5.0244545454545465e-05,-0.0,-2.4388260082086155e-05,-9.029679062511867e-10,5.458623593556193e-09
5.0252727272727283e-05,0.0,0.0005195626579663683,-2.9215307311510123e-10,5.3391643463344535e-09
5.02609090909091e-05,0.0,0.0010298770452408163,2.9626171234457803e-10,5.221419003900772e-09
5.026909090909091e-05,0.0,0.0015010456849116295,8.555132715986345e-10,5.105396018870069e-09
5.027727272727273e-05,0.0,0.001928365410798986,1.3794974754619918e-09,4.991102413301013e-09
5.028545454545455e-05,0.0,0.002307971826527951,1.862827179077326e-09,4.878543809869285e-09
5.029363636363637e-05,0.0,0.0026368581619171153,2.300877955985838e-09,4.767724464006888e-09
5.0301818181818186e-05,0.0,0.002912880558890102,2.6898214248485314e-09,4.6586472969338845e-09
5.0310000000000005e-05,0.0,0.0031347502786240418,3.0266461511783077e-09,4.551313929517222e-09
5.031818181818182e-05,0.0,0.0033020135052791704,3.3091662888769926e-09,4.445724716882134e-09
5.032636363636364e-05,0.0,0.003415019587108745,3.536018299885491e-09,4.341878783710268e-09
5.033454545454546e-05,0.0,0.0034748787010438257,3.7066462524947526e-09,4.239774060153377e-09
5.034272727272728e-05,0.0,0.0034834100504124005,3.8212763477527376e-09,4.139407318291658e-09
5.0350909090909096e-05,0.0,0.0034430818061402984,3.880881457136188e-09,4.040774209072947e-09
5.0359090909090914e-05,0.0,0.003356944078873189,3.8871365717140825e-09,3.943869299661114e-09
5.036727272727273e-05,0.0,0.0032285562626592017,3.842366162237765e-09,3.84868611112733e-09
5.037545454545455e-05,0.0,0.003061910120257832,3.749484530070734e-09,3.75521715642059e-09
5.038363636363637e-05,0.0,0.002861349986305112,3.611930290070362e-09,3.6634539785486526e-09
5.039181818181819e-05,0.0,0.0026314914483494705,3.4335961682388075e-09,3.5733871889095637e-09
5.0400000000000005e-05,0.0,0.00237713982839797,3.2187553192518217e-09,3.485006505705467e-09
5.0408181818181824e-05,0.0,0.002103209730603167,2.9719853722485793e-09,3.3983007923845807e-09
5.041636363636364e-05,0.0,0.0018146468458668124,2.6980913981920055e-09,3.3132580960434467e-09
5.042454545454546e-05,0.0,0.0015163531134525902,2.4020289596309887e-09,3.2298656857368726e-09
5.043272727272728e-05,0.0,0.001213116235381601,2.088828354984227e-09,3.1481100906344665e-09
5.04409090909091e-05,0.0,0.0009095444237613936,1.7635211059067992e-09,3.0679771379703706e-09
5.0449090909090915e-05,0.0,0.000610007136690259,1.4310696594641028e-09,2.9894519907319347e-09
5.045727272727273e-05,0.0,0.00031858242744355097,1.0963011884337535e-09,2.912519185033938e-09
5.046545454545455e-05,0.0,3.9011396746796586e-05,7.638462749178934e-10,2.8371626671315943e-09
5.047363636363637e-05,0.0,-0.00022533989851307408,4.3808315648245587e-10,2.7633658300185383e-09
5.048181818181819e-05,0.0,-0.00047151086245886606,1.2308810221114011e-10,2.6911115495697477e-09
5.0490000000000006e-05,0.0,-0.0006969690182739984,-1.7740762966706658e-10,2.620382220179174e-09
5.0498181818181824e-05,0.0,-0.0008996249497526029,-4.6005391858227123e-10,2.551159789854831e-09
5.050636363636364e-05,-0.0,-0.0010778396896583527,-7.219107765732899e-10,2.4834257947274423e-09
5.051454545454546e-05,-0.0,-0.0012304248302885128,-9.604701110041408e-10,2.41716139293662e-09
5.052272727272728e-05,-0.0,-0.0013566357336775427,-1.1736702670743551e-09,2.352347397858325e-09
5.05309090909091e-05,-0.0,-0.0014561583096561576,-1.359903469438205e-09,2.288964310639189e-09
5.0539090909090916e-05,-0.0,-0.0015290899085489596,-1.5180163829872574e-09,2.226992352007825e-09
5.0547272727272734e-05,-0.0,-0.001575914940943129,-1.6473041057491664e-09,2.1664114933334163e-09
5.055545454545455e-05,-0.0,-0.0015974758892440106,-1.7474979908166452e-09,2.1072014869036696e-09
5.056363636363637e-05,-0.0,-0.0015949404144530133,-1.818747768331032e-09,2.049341895399349e-09
5.057181818181819e-05,-0.0,-0.0015697652868023168,-1.8615985020814865e-09,1.992812120542575e-09
5.058000000000001e-05,-0.0,-0.0015236578808304486,-1.876962967736445e-09,1.9375914308987757e-09
5.0588181818181825e-05,-0.0,-0.0014585359746658775,-1.8660900807727563e-09,1.883658988815188e-09
5.0596363636363644e-05,-0.0,-0.0013764865803789941,-1.8305300316862832e-09,1.8309938764797073e-09
5.060454545454546e-05,-0.0,-0.0012797245081156783,-1.772096804130009e-09,1.7795751210886588e-09
5.061272727272728e-05,-0.0,-0.0011705513323366078,-1.6928287584695648e-09,1.7293817191121237e-09
5.06209090909091e-05,-0.0,-0.0010513153849775198,-1.5949479592858009e-09,1.6803926596469695e-09
5.0629090909090917e-05,-0.0,-0.0009243733489355635,-1.4808189111655012e-09,1.6325869468545056e-09
5.0637272727272735e-05,-0.0,-0.0007920539672649945,-1.3529073433924377e-09,1.5859436214748258e-09
5.064545454545455e-05,-0.0,-0.000656624320165873,-1.2137396517244e-09,1.5404417814196963e-09
5.065363636363637e-05,-0.0,-0.0005202590546258842,-1.0658635652221294e-09,1.4960606014415989e-09
5.066181818181819e-05,-0.0,-0.00038501288177659456,-9.118105591069398e-10,1.4527793518814947e-09
5.067000000000001e-05,-0.0,-0.0002527965859710269,-7.540604819160679e-10,1.4105774165004048e-09
5.0678181818181826e-05,-0.0,-0.0001253567185479349,-5.950088079155869e-10,1.3694343094000913e-09
5.0686363636363644e-05,-0.0,-4.259079417376363e-06,-4.3693686493938926e-10,1.3293296910416558e-09
5.069454545454546e-05,-0.0,0.00010912397790746081,-2.8198532468464415e-10,1.2902433833695436e-09
5.070272727272728e-05,-0.0,0.00021362244638706748,-1.3213117811548848e-10,1.2521553840549604e-09
5.07109090909091e-05,-0.0,0.00030827385915109496,1.0831645915979023e-11,1.215045879870404e-09
5.071909090909092e-05,-0.0,0.0003923249202817929,1.453079243969756e-10,1.1788952592092355e-09
5.0727272727272736e-05,-0.0,0.0004652297654776022,2.699130136502423e-10,1.1436841237668923e-09
5.0735454545454554e-05,-0.0,0.0005266450885699281,3.8348097916074635e-10,1.109393299400729e-09
5.074363636363637e-05,-0.0,0.0005764224065346246,4.850690639363881e-10,1.0760038461873781e-09
5.075181818181819e-05,0.0,0.0006145977655595423,5.739586290368558e-10,1.043497067695801e-09
5.076000000000001e-05,0.0,0.0006413792137946279,6.496527465442904e-10,1.0118545194978756e-09
5.076818181818183e-05,0.0,0.0006571323826406548,7.118706665932267e-10,9.810580169366185e-10
5.0776363636363645e-05,0.0,0.000662364527963778,7.605394157618502e-10,9.510896421776e-10
5.0784545454545463e-05,0.0,0.0006577073857012772,7.957828138732379e-10,9.219317505604756e-10
5.079272727272728e-05,0.0,0.0006438991932918754,8.179082199192844e-10,8.935669762794645e-10
5.08009090909091e-05,0.0,0.0006217662196495588,8.273913353410572e-10,8.65978237415392e-10
5.080909090909092e-05,0.0,0.0005922041325028553,8.248594043306973e-10,8.391487403413087e-10
5.0817272727272736e-05,0.0,0.0005561595134016091,8.11073156317285e-10,8.130619835290479e-10
5.0825454545454555e-05,0.0,0.0005146118081565247,7.869078355848813e-10,7.877017607789434e-10
5.083363636363637e-05,0.0,0.00046855597456212593,7.533336573726391e-10,7.630521639007434e-10
5.084181818181819e-05,0.0,0.00041898606061917135,7.113960191976724e-10,7.390975848653231e-10
5.085000000000001e-05,0.0,0.00036687991578135767,6.621957809831875e-10,7.158227174552435e-10
5.085818181818183e-05,0.0,0.0003131852056600098,6.068699083431897e-10,6.932125584394526e-10
5.0866363636363646e-05,0.0,0.00025880686776873565,5.465727506215742e-10,6.712524082895457e-10
5.0874545454545464e-05,0.0,0.00020459611289003614,4.824581995598568e-10,6.49927871467015e-10
5.088272727272728e-05,0.0,0.00015134104407376638,4.1566294635762257e-10,6.292248563018793e-10
5.08909090909091e-05,0.0,9.975893366460234e-05,3.472910249726101e-10,6.091295744839802e-10
5.089909090909092e-05,0.0,5.049016858171366e-05,2.7839979837520576e-10,5.896285401878231e-10
5.090727272727274e-05,0.0,4.09384576077547e-06,2.099875126833856e-10,5.707085688530521e-10
5.0915454545454556e-05,0.0,-3.895502642224658e-05,1.4298251221110837e-10,5.523567756398756e-10
5.0923636363636374e-05,0.0,-7.826678849529607e-05,7.823417698529657e-11,5.345605735745599e-10
5.093181818181819e-05,0.0,-0.00011353694056410321,1.6505613703654724e-11,5.173076714083818e-10
5.094000000000001e-05,0.0,-0.00014454460976025225,-4.15318981472313e-11,5.005860712031253e-10
5.094818181818183e-05,0.0,-0.00017114979575326363,-9.53027308145371e-11,4.843840656596583e-10
5.095636363636365e-05,0.0,-0.0001932895273773614,-1.4432905469988294e-10,4.686902352047714e-10
5.0964545454545465e-05,0.0,-0.00021097307211069918,-1.8823138103563747e-10,4.534934448508398e-10
5.097272727272728e-05,0.0,-0.00022427634582171732,-2.267275956855699e-10,4.3878284084315553e-10
5.09809090909091e-05,0.0,-0.00023333567297526624,-2.5963059668417594e-10,4.245478471044785e-10
5.098909090909092e-05,0.0,-0.00023834104752425457,-2.8684466299266826e-10,4.107781614931567e-10
5.099727272727274e-05,0.0,-0.00023952904219280748,-3.08360693854285e-10,3.974637518839526e-10
5.1005454545454556e-05,-0.0,-0.00023717550900832876,-3.2425046707470773e-10,3.845948520892582e-10
5.1013636363636375e-05,-0.0,-0.0002315882070120644,-3.34660070561693e-10,3.7216195762623197e-10
5.1021818181818186e-05,-0.0,-0.00022309948433890485,-3.3980266461339397e-10,3.6015582135060113e-10
5.1030000000000004e-05,-0.0,-0.0002120591315873828,-3.3995073287221024e-10,3.4856744897002503e-10
5.103818181818182e-05,-0.0,-0.0001988275118866759,-3.354279777178111e-10,3.373880944514068e-10
5.104636363636364e-05,-0.0,-0.0001837690605969723,-3.2660101135203544e-10,3.2660925534655245e-10
5.105454545454546e-05,-0.0,-0.00016724623443749607,-3.138709871467076e-10,3.1622266805503386e-10
5.106272727272728e-05,-0.0,-0.00014961397629899853,-2.9766530722858545e-10,3.06220303053108e-10
5.1070909090909096e-05,-0.0,-0.00013121474832722342,-2.784295320164389e-10,2.9659436011766245e-10
5.1079090909090914e-05,-0.0,-0.00011237417230566303,-2.566196057751247e-10,2.8733726358428114e-10
5.108727272727273e-05,-0.0,-9.339730314422671e-05,-2.326944994882233e-10,2.784416576813942e-10
5.109545454545455e-05,-0.0,-7.456554859730769e-05,-2.0710935874392336e-10,2.699004019892485e-10
5.110363636363637e-05,-0.0,-5.61342363684052e-05,-1.8030923016055656e-10,2.6170656708347913e-10
5.111181818181819e-05,-0.0,-3.833081866170671e-05,-1.527234254076854e-10,2.538534304275841e-10
5.1120000000000005e-05,-0.0,-2.1353694139618306e-05,-1.2476056736430923e-10,2.463344725898421e-10
5.1128181818181823e-05,-0.0,-5.3716182372233375e-06,-9.680434863201667e-11,2.391433738651498e-10
5.113636363636364e-05,-0.0,9.476335058942345e-06,-6.921001871845272e-11,2.32274011394934e-10
5.114454545454546e-05,-0.0,2.308030349404862e-05,-4.230160291628515e-11,2.2572045688319403e-10
5.115272727272728e-05,-0.0,3.535870781820008e-05,-1.636984340781014e-11,2.1947697500648902e-10
5.1160909090909097e-05,-0.0,4.625691714867443e-05,8.329158411518352e-12,2.1353802262924955e-10
5.1169090909090915e-05,-0.0,5.574556448193569e-05,3.1574629863565396e-11,2.0789824892806358e-10
5.117727272727273e-05,-0.0,6.381857021108502e-05,5.318118591613498e-11,2.0255249652380295e-10
5.118545454545455e-05,-0.0,7.049093219182221e-05,7.299830786458008e-11,1.974958037142374e-10
5.119363636363637e-05,-0.0,7.579634055344859e-05,9.090929720857106e-11,1.927234078854002e-10
5.120181818181819e-05,-0.0,7.97846741554083e-05,1.0682976550764096e-10,1.882307501538188e-10
5.1210000000000006e-05,-0.0,8.251943343740653e-05,1.2070572497890842e-10,1.8401348126780056e-10
5.1218181818181824e-05,-0.0,8.407516150236863e-05,1.3251134724000304e-10,1.8006746875656174e-10
5.122636363636364e-05,-0.0,8.45349017119432e-05,1.4224645893679573e-10,1.7638880528032864e-10
5.123454545454546e-05,-0.0,8.398773597248725e-05,1.4993384307314215e-10,1.729738180788513e-10
5.124272727272728e-05,-0.0,8.252644335412808e-05,1.5561641375844645e-10,1.6981907936950037e-10
5.12509090909091e-05,0.0,8.024531382246918e-05,1.593543298893771e-10,1.6692141748715085e-10
5.1259090909090916e-05,0.0,7.7238146773268e-05,1.6122211008003161e-10,1.6427792850970347e-10
5.1267272727272734e-05,0.0,7.35964588414091e-05,1.6130580705405206e-10,1.61885988054578e-10
5.127545454545455e-05,0.0,6.940792019782422e-05,1.5970029483540385e-10,1.5974326289155986e-10
5.128363636363637e-05,0.0,6.475503333649116e-05,1.565067165308658e-10,1.578477219839765e-10
5.129181818181819e-05,0.0,5.971406326517799e-05,1.5183013441360033e-10,1.5619764654937483e-10
5.130000000000001e-05,0.0,5.43542231156365e-05,1.457774175192669e-10,1.5479163872463937e-10
5.1308181818181825e-05,0.0,4.873711453896778e-05,1.3845539517362148e-10,1.536286284422096e-10
5.1316363636363643e-05,0.0,4.291641789810072e-05,1.2996929790672157e-10,1.5270787816150607e-10
5.132454545454546e-05,0.0,3.693782325183602e-05,1.2042150018837229e-10,1.5202898514890768e-10
5.133272727272728e-05,0.0,3.083918947625092e-05,1.0991057245908553e-10,1.515918810892302e-10
5.13409090909091e-05,0.0,2.4650915614070717e-05,9.853064312810824e-11,1.513968288953629e-10
5.1349090909090916e-05,0.0,1.8396505697055775e-05,8.63710646725083e-11,1.5144441669257267e-10
5.1357272727272735e-05,0.0,1.209330585842997e-05,7.35163717784544e-11,1.5173554906147257e-10
5.136545454545455e-05,0.0,5.753390542904613e-06,6.004651370857916e-11,1.5227143573841763e-10
5.137363636363637e-05,0.0,-6.154269730417329e-07,4.603733781778859e-11,1.5305357807288964e-10
5.138181818181819e-05,0.0,-7.008485725916676e-06,3.1561296449112444e-11,1.5408375362692953e-10
5.139000000000001e-05,0.0,-1.3423096642358243e-05,1.6688345355163176e-11,1.553639993807088e-10
5.1398181818181826e-05,0.0,-1.9857317727064808e-05,1.486998371387776e-12,1.568965940464154e-10
5.1406363636363644e-05,0.0,-2.6308712088438812e-05,-1.3974499673736516e-11,1.5868404001498344e-10
5.141454545454546e-05,0.0,-3.277311573594746e-05,-2.962692185081026e-11,1.6072904545442233e-10
5.142272727272728e-05,0.0,-3.9243441470625054e-05,-4.5398771172892523e-11,1.630345070464584e-10
5.14309090909091e-05,0.0,-4.570854427917866e-05,-6.121499771643002e-11,1.6560349378878244e-10
5.143909090909092e-05,0.0,-5.215217245341758e-05,-7.699576260939968e-11,1.684392322244599e-10
5.1447272727272736e-05,0.0,-5.855202721086047e-05,-9.265528983407305e-11,1.7154509337390988e-10
5.1455454545454554e-05,0.0,-6.487895191059729e-05,-1.0810084526132021e-10,1.7492458155166738e-10
5.146363636363637e-05,0.0,-7.109627006215523e-05,-1.232318801504482e-10,1.7858132516230336e-10
5.147181818181819e-05,0.0,-7.715928923459585e-05,-1.3793937354993675e-10,1.8251906949154578e-10
5.148000000000001e-05,0.0,-8.301498570683864e-05,-1.5210540464924296e-10,1.867416714195613e-10
5.148818181818183e-05,0.0,-8.860188227506654e-05,-1.6560298222449592e-10,1.9125309593295217e-10
5.1496363636363645e-05,0.0,-9.385012906526178e-05,-1.78296153931877e-10,1.9605741425356634e-10
5.150454545454546e-05,-0.0,-9.86817945052202e-05,-1.9004041339601626e-10,2.0115880337955195e-10
5.151272727272728e-05,-0.0,-0.00010301137080834144,-2.0068341787105016e-10,2.065615467950947e-10
5.15209090909091e-05,-0.0,-0.00010674649542878506,-2.100660237951397e-10,2.1227003611789322e-10
5.152909090909092e-05,-0.0,-0.00010978888698148835,-2.1802364187087528e-10,2.1828877344186033e-10
5.1537272727272736e-05,-0.0,-0.00011203549109818612,-2.2438790746635985e-10,2.2462237415361913e-10
5.1545454545454555e-05,-0.0,-0.0001133798286301139,-2.2898865620864936e-10,2.3127557001089978e-10
5.155363636363637e-05,-0.0,-0.00011371353552991893,-2.3165618871459063e-10,2.382532123026834e-10
5.156181818181819e-05,-0.0,-0.00011292808067248151,-2.3222380254520326e-10,2.455602749321119e-10
5.157000000000001e-05,-0.0,-0.00011091664483197177,-2.3053056375570678e-10,2.532018572831799e-10
5.157818181818183e-05,-0.0,-0.0001075761410469901,-2.2642428492387872e-10,2.611831867692526e-10
5.1586363636363646e-05,-0.0,-0.00010280935370485414,-2.1976467134419793e-10,2.695096209745848e-10
5.1594545454545464e-05,-0.0,-9.652717088990863e-05,-2.1042659225577488e-10,2.781866493274389e-10
5.160272727272728e-05,-0.0,-8.865088190205107e-05,-1.9830342959462696e-10,2.8721989425761906e-10
5.16109090909091e-05,-0.0,-7.911450939641581e-05,-1.8331045290323769e-10,2.966151118141488e-10
5.161909090909092e-05,-0.0,-6.786714336132524e-05,-1.6538816575018453e-10,3.0637819172492695e-10
5.162727272727274e-05,-0.0,-5.4875242177970697e-05,-1.4450556638112128e-10,3.165151568960641e-10
5.1635454545454555e-05,-0.0,-4.012486433075019e-05,-1.2066326339510916e-10,3.2703216235516416e-10
5.1643636363636374e-05,-0.0,-2.362379300106011e-05,-9.389638606859098e-11,3.379354936508858e-10
5.165181818181819e-05,-0.0,-5.403514819665301e-06,-6.427722857769341e-11,3.4923156472182814e-10
5.166000000000001e-05,-0.0,1.4478986486042355e-05,-3.1917567846306213e-11,3.6092691525783904e-10
5.166818181818183e-05,-0.0,3.59396608942718e-05,3.0294039089046876e-12,3.730282075715739e-10
5.167636363636365e-05,-0.0,5.8866086271201326e-05,4.0367588623447374e-11,3.85542223003195e-10
5.1684545454545465e-05,-0.0,8.311646392396395e-05,7.985698735970096e-11,3.9847585788152833e-10
5.169272727272728e-05,-0.0,0.00010851895202046998,1.2121325028732834e-10,4.118361190616764e-10
5.17009090909091e-05,-0.0,0.0001348713713005728,1.641078161909231e-10,4.2563011906149977e-10
5.170909090909092e-05,-0.0,0.0001619413148352151,2.0816868017893463e-10,4.398650708144984e-10
5.171727272727274e-05,-0.0,0.00018946669031369396,2.5298182158071183e-10,4.5454828206215283e-10
5.1725454545454556e-05,-0.0,0.00021715671944982917,2.9809331652001803e-10,4.696871493979984e-10
5.1733636363636375e-05,-0.0,0.0002446934146010317,3.43012151413659e-10,4.852891519817058e-10
5.174181818181819e-05,-0.0,0.0002717335476053033,3.872137447195537e-10,5.013618449371454e-10
5.175000000000001e-05,0.0,0.00029791112018456026,4.301441747493102e-10,5.179128524496349e-10
5.175818181818183e-05,0.0,0.0003228403390719025,4.712251013385938e-10,5.349498605707714e-10
5.176636363636364e-05,0.0,0.00034611909233891856,5.098593587669768e-10,5.524806097430692e-10
5.177454545454546e-05,0.0,0.00036733291628144856,5.454371866316066e-10,5.705128870581676e-10
5.178272727272728e-05,0.0,0.00038605943473522054,5.773430545509733e-10,5.890545182511154e-10
5.1790909090909096e-05,0.0,0.0004018732449149612,6.049630257354084e-10,6.08113359443618e-10
5.1799090909090914e-05,0.0,0.00041435121589076607,6.276925937607674e-10,6.276972886441681e-10
5.180727272727273e-05,0.0,0.0004230781577312451,6.449449164682656e-10,6.478141970084536e-10
5.181545454545455e-05,0.0,0.000427652811259948,6.561593609473091e-10,6.684719798717637e-10
5.182363636363637e-05,0.0,0.0004276941004038037,6.608102642017893e-10,6.896785275551858e-10
5.183181818181819e-05,0.0,0.0004228475813819444,6.584158055105171e-10,7.114417159563836e-10
5.1840000000000005e-05,0.0,0.0004127920156193018,6.485468788299316e-10,7.33769396926962e-10
5.184818181818182e-05,0.0,0.0003972459864050111,6.308358470154425e-10,7.566693884444793e-10
5.185636363636364e-05,0.0,0.0003759744730856351,6.049850543002156e-10,7.801494645863922e-10
5.186454545454546e-05,0.0,0.0003487952911215785,5.707749695107929e-10,8.042173453083909e-10
5.187272727272728e-05,0.0,0.0003155853017740197,5.280718300550786e-10,8.288806860361098e-10
5.1880909090909096e-05,0.0,0.0002762862916584859,4.768346559014227e-10,8.541470670759441e-10
5.1889090909090915e-05,0.0,0.00023091042002410946,4.1712150368613236e-10,8.800239828521372e-10
5.189727272727273e-05,0.0,0.00017954513051080778,3.4909483381730865e-10,9.065188309731582e-10
5.190545454545455e-05,0.0,0.00012235742440480792,2.730258680634021e-10,9.336389011392202e-10
5.191363636363637e-05,0.0,5.959739414652701e-05,1.8929782164688143e-10,9.613913638968836e-10
5.192181818181819e-05,0.0,-8.399080881661163e-06,9.840790234350288e-11,9.897832592447354e-10
5.1930000000000006e-05,0.0,-8.120856938948815e-05,9.67979490660803e-13,1.0188214851025327e-09
5.1938181818181824e-05,0.0,-0.0001583193406300073,-1.0229616189306515e-10,1.0485127856502771e-09
5.194636363636364e-05,0.0,-0.00023913171270429357,-2.1054705255196603e-10,1.0788637395455873e-09
5.195454545454546e-05,0.0,-0.0003229595653514414,-3.228393108207513e-10,1.109880748027941e-09
5.196272727272728e-05,0.0,-0.00040903307443868444,-4.381249921945586e-10,1.1415700229208278e-09
5.19709090909091e-05,0.0,-0.0004965027123966488,-5.552605350855679e-10,1.173937574539964e-09
5.1979090909090915e-05,0.0,-0.0005844445444083428,-6.730153010296069e-10,1.2069891995181968e-09
5.1987272727272734e-05,0.0,-0.0006718668343702907,-7.900816863621662e-10,1.2407304685585705e-09
5.199545454545455e-05,0.0,-0.0007577179576401766,-9.050867603215934e-10,1.2751667141241836e-09
5.200363636363637e-05,-0.0,-0.0008408955995349808,-1.0166053619127107e-09,1.3103030180805809e-09
5.201181818181819e-05,-0.0,-0.0009202571996415859,-1.1231745649624548e-09,1.346144199295852e-09
5.202000000000001e-05,-0.0,-0.0009946315824683183,-1.223309397925192e-09,1.3826948012184916e-09
5.2028181818181825e-05,-0.0,-0.0010628316950438126,-1.3155196824559636e-09,1.419959079438988e-09
5.203636363636364e-05,-0.0,-0.0011236683520219122,-1.3983278329105292e-09,1.4579409892517085e-09
5.204454545454546e-05,-0.0,-0.0011759648689588433,-1.4702874380722505e-09,1.4966441732295578e-09
5.205272727272728e-05,-0.0,-0.0012185724449878673,-1.5300024268973017e-09,1.5360719488258869e-09
5.20609090909091e-05,-0.0,-0.0012503861374356558,-1.5761466022443525e-09,1.5762272960163304e-09
5.2069090909090916e-05,-0.0,-0.0012703612533203012,-1.6074833107490234e-09,1.6171128449956403e-09
5.2077272727272735e-05,-0.0,-0.0012775299664624035,-1.6228850035297695e-09,1.6587308639460825e-09
5.208545454545455e-05,-0.0,-0.0012710179544446782,-1.6213524315766125e-09,1.7010832468909704e-09
5.209363636363637e-05,-0.0,-0.001250060837181474,-1.6020332117595105e-09,1.7441715016475418e-09
5.210181818181819e-05,-0.0,-0.0012140201887055945,-1.564239494646905e-09,1.7879967378982925e-09
5.211000000000001e-05,-0.0,-0.0011623988862280424,-1.5074644639679237e-09,1.8325596553955083e-09
5.2118181818181826e-05,-0.0,-0.001094855555837417,-1.431397399770833e-09,1.8778605323143025e-09
5.2126363636363644e-05,-0.0,-0.0010112178726126042,-1.3359370432615098e-09,1.923899213771144e-09
5.213454545454546e-05,-0.0,-0.0009114944746245245,-1.221203011048438e-09,1.9706751005269436e-09
5.214272727272728e-05,-0.0,-0.0007958852554611745,-1.0875450201141962e-09,2.0181871378900282e-09
5.21509090909091e-05,-0.0,-0.0006647898086442994,-9.35549702281589e-10,2.066433804834678e-09
5.215909090909092e-05,-0.0,-0.0005188138096897717,-7.660448081756887e-10,2.115413103356317e-09
5.2167272727272735e-05,-0.0,-0.00035877313762213326,-5.801006255829273e-10,2.165122548079909e-09
5.2175454545454554e-05,-0.0,-0.00018569555745871972,-3.790284655104684e-10,2.215559156135688e-09
5.218363636363637e-05,-0.0,-8.198084459335364e-07,-1.643761009089497e-10,2.266719437325305e-09
5.219181818181819e-05,-0.0,0.00019440803048299577,6.207992234488894e-11,2.3185993845942512e-09
5.220000000000001e-05,-0.0,0.00039834099665377965,2.9834514533852443e-10,2.371194464826126e-09
5.220818181818183e-05,-0.0,0.0006091405867590147,5.422212305237385e-10,2.424499609979785e-09
5.2216363636363645e-05,-0.0,0.0008247890173743953,7.913231329732235e-10,2.478509208586776e-09
5.222454545454546e-05,-0.0,0.0010431043953404175,1.0430993282508341e-09,2.5332170976259697e-09
5.223272727272728e-05,-0.0,0.0012617587508250336,1.2948549732975881e-09,2.5886165547921334e-09
5.22409090909091e-05,-0.0,0.0014782988448615217,1.5437778331706909e-09,2.644700291179299e-09
5.224909090909092e-05,-0.0,0.0016901696212735056,1.7869667632978468e-09,2.7014604443944903e-09
5.2257272727272736e-05,0.0,0.001894740130712168,2.021462494717637e-09,2.75888857211687e-09
5.2265454545454554e-05,0.0,0.0020893317126273714,2.2442804292168536e-09,2.8169756461244903e-09
5.227363636363637e-05,0.0,0.0022712481799874434,2.452445112939198e-09,2.875712046801409e-09
5.228181818181819e-05,0.0,0.0024378077120822154,2.643026021573158e-09,2.9350875581430597e-09
5.229000000000001e-05,0.0,0.002586376123429985,2.813174258217977e-09,2.9950913632756316e-09
5.229818181818183e-05,0.0,0.0027144011423004604,2.960159737058729e-09,3.0557120405061245e-09
5.2306363636363646e-05,0.0,0.002819447301290361,3.081408402603778e-09,3.116937559918969e-09
5.2314545454545464e-05,0.0,0.002899231015352761,3.174539015942461e-09,3.17875528053206e-09
5.232272727272728e-05,0.0,0.0029516554002608133,3.2373990267356608e-09,3.24115194802796e-09
5.23309090909091e-05,0.0,0.002974844367215861,3.268099042828294e-09,3.30411369307647e-09
5.233909090909092e-05,0.0,0.0029671755176735692,3.2650454088046145e-09,3.3676260302588593e-09
5.234727272727274e-05,0.0,0.0029273113568836938,3.226970410739383e-09,3.4316738576073435e-09
5.2355454545454555e-05,0.0,0.002854228345473533,3.1529596369904108e-09,3.4962414567749496e-09
5.2363636363636374e-05,0.0,0.002747243315927031,3.0424760442100587e-09,3.5613124938440126e-09
5.237181818181819e-05,0.0,0.0026060367952097678,2.895380303811559e-09,3.6268700207868047e-09
5.238000000000001e-05,0.0,0.002430672796161119,2.7119470367937193e-09,3.6928964775868217e-09
5.238818181818183e-05,0.0,0.002221614668617671,2.4928765839094606e-09,3.7593736950331055e-09
5.239636363636365e-05,0.0,0.0019797366364433713,2.2393020033363756e-09,3.8262828981926904e-09
5.2404545454545465e-05,0.0,0.0017063306885131506,1.9527910388929295e-09,3.893604710573775e-09
5.241272727272728e-05,0.0,0.001403108539912041,1.6353428579232363e-09,3.961319158981969e-09
5.24209090909091e-05,0.0,0.001072198433748627,1.2893794186808585e-09,4.029405679081692e-09
5.242909090909092e-05,0.0,0.0007161366135136799,9.17731391691124e-10,4.097843121662142e-09
5.243727272727274e-05,0.0,0.00033785336021556375,5.236186274238246e-10,4.166609759618181e-09
5.2445454545454556e-05,0.0,-5.93464431279742e-05,1.1062523283696163e-10,4.235683295646225e-09
5.2453636363636374e-05,0.0,-0.0004718081854768938,-3.1733060891530396e-10,4.305040870658718e-09
5.246181818181819e-05,0.0,-0.0008955577321383742,-7.560318690221801e-10,4.3746590729211615e-09
5.247000000000001e-05,0.0,-0.0013263367761041456,-1.2010026753116483e-09,4.444513947907883e-09
5.247818181818183e-05,0.0,-0.0017596430772538107,-1.6475527373067384e-09,4.5145810088825035e-09
5.248636363636365e-05,0.0,-0.002190775255326993,-2.0908257769416595e-09,4.584835248195877e-09
5.2494545454545466e-05,0.0,-0.002614881729354465,-2.5258514831356435e-09,4.6552511493039606e-09
5.2502727272727284e-05,-0.0,-0.003027013325914327,-2.9476004481147468e-09,4.725802699499427e-09
5.2510909090909095e-05,-0.0,-0.00342217901224941,-3.351041488415234e-09,4.796463403353734e-09
5.2519090909090914e-05,-0.0,-0.003795404149034542,-3.731200704806728e-09,4.867206296864567e-09
5.252727272727273e-05,-0.0,-0.004141790602469983,-4.083221593787223e-09,4.938003962300702e-09
5.253545454545455e-05,-0.0,-0.004456578007400008,-4.402425489613309e-09,5.008828543738206e-09
5.254363636363637e-05,-0.0,-0.004735205433243562,-4.684371590710115e-09,5.079651763278698e-09
5.255181818181819e-05,-0.0,-0.0049733726735220075,-4.9249158083590165e-09,5.15044493793919e-09
5.2560000000000005e-05,-0.0,-0.005167100358421999,-5.120267669259142e-09,5.2211789972029194e-09
5.256818181818182e-05,-0.0,-0.00531278807876914,-5.2670445072595805e-09,5.2918245012201855e-09
5.257636363636364e-05,-0.0,-0.005407269709510645,-5.3623221934841184e-09,5.3623516596445255e-09
5.258454545454546e-05,-0.0,-0.0054478651316711615,-5.403681678313604e-09,5.4327303510893404e-09
5.259272727272728e-05,-0.0,-0.005432427573961903,-5.389250653206611e-09,5.502930143193002e-09
5.2600909090909096e-05,-0.0,-0.005359385828836499,-5.317739684908025e-09,5.572920313272787e-09
5.2609090909090915e-05,-0.0,-0.005227780642680986,-5.188472228902321e-09,5.642669869550294e-09
5.261727272727273e-05,-0.0,-0.005037294635715759,-5.001407992505689e-09,5.712147572931904e-09
5.262545454545455e-05,-0.0,-0.0047882751736206,-4.757159190136999e-09,5.7813219593234396e-09
5.263363636363637e-05,-0.0,-0.004481749689248244,-4.456999313296568e-09,5.850161362457631e-09
5.264181818181819e-05,-0.0,-0.004119433038280919,-4.102864124719075e-09,5.9186339372139416e-09
5.2650000000000006e-05,-0.0,-0.0037037265663648444,-3.697344679038259e-09,5.9867076834085465e-09
5.2658181818181824e-05,-0.0,-0.0032377086660401624,-3.2436722699920134e-09,6.0543504700289965e-09
5.266636363636364e-05,-0.0,-0.002725116708444668,-2.7456953054820575e-09,6.121530059892238e-09
5.267454545454546e-05,-0.0,-0.0021703203459651488,-2.2078482154065204e-09,6.188214134696208e-09
5.268272727272728e-05,-0.0,-0.0015782862962924035,-1.635112601734121e-09,6.254370320443722e-09
5.26909090909091e-05,-0.0,-0.0009545348341717352,-1.0329709444040503e-09,6.319966213208333e-09
5.2699090909090915e-05,-0.0,-0.00030508833293232864,-4.073532788757006e-10,6.384969405215542e-09
5.2707272727272734e-05,-0.0,0.0003635876880124666,2.354226398908877e-10,6.4493475112095425e-09
5.271545454545455e-05,-0.0,0.0010446504427326065,8.887170780048862e-10,6.513068195079051e-09
5.272363636363637e-05,-0.0,0.0017309520126750232,1.545639270583407e-09,6.5760991967089865e-09
5.273181818181819e-05,-0.0,0.0024151169629698897,2.1991227991250975e-09,6.638408359028618e-09
5.274000000000001e-05,-0.0,0.003089624578235509,2.842004548281833e-09,6.699963655226199e-09
5.2748181818181825e-05,-0.0,0.00374689477362191,3.46710632968435e-09,6.760733216096293e-09
5.275636363636364e-05,0.0,0.004379376666518717,4.067318209007749e-09,6.820685357489662e-09
5.276454545454546e-05,0.0,0.004979638736317554,4.635682532726725e-09,6.879788607828798e-09
5.277272727272728e-05,0.0,0.005540459454960518,5.1654776237737e-09,6.9380117356635516e-09
5.27809090909091e-05,0.0,0.0060549172406516045,5.6503001011611794e-09,6.995323777224827e-09
5.2789090909090916e-05,0.0,0.00651647857179792,6.08414477800333e-09,7.051694063948102e-09
5.2797272727272734e-05,0.0,0.006919083098519666,6.461481105503245e-09,7.107092249931271e-09
5.280545454545455e-05,0.0,0.007257224605243821,6.777325157426838e-09,7.1614883392915925e-09
5.281363636363637e-05,0.0,0.007526026710072156,7.027306190225114e-09,7.21485271339009e-09
5.282181818181819e-05,0.0,0.007721312234654172,7.2077268679681535e-09,7.2671561578838534e-09
5.283000000000001e-05,0.0,0.007839665241831007,7.31561630809872e-09,7.318369889577433e-09
5.2838181818181826e-05,0.0,0.007878484816746712,7.348775182998187e-09,7.368465583036642e-09
5.2846363636363644e-05,0.0,0.00783602975961982,7.3058122025899305e-09,7.417415396927311e-09
5.285454545454546e-05,0.0,0.007711453463881908,7.186171403648525e-09,7.465192000050783e-09
5.286272727272728e-05,0.0,0.00750482837066204,6.990149780900172e-09,7.511768597036024e-09
5.28709090909091e-05,0.0,0.007217159518174338,6.718904912062129e-09,7.557118953659111e-09
5.287909090909092e-05,0.0,0.006850386840823173,6.374452352177415e-09,7.601217421754211e-09
5.2887272727272735e-05,0.0,0.006407376015996843,5.959652700381496e-09,7.644038963683297e-09
5.2895454545454554e-05,0.0,0.005891897804667389,5.478188372916511e-09,7.685559176331188e-09
5.290363636363637e-05,0.0,0.005308595983039475,4.934530248053785e-09,7.725754314597202e-09
5.291181818181819e-05,0.0,0.004662944114507647,4.333894479828968e-09,7.76460131434601e-09
5.292000000000001e-05,0.0,0.003961191561956463,3.682189906354438e-09,7.802077814790922e-09
5.2928181818181827e-05,0.0,0.003210299287826727,2.985956603175962e-09,7.838162180278723e-09
5.2936363636363645e-05,0.0,0.0024178661312482543,2.2522962509581347e-09,7.872833521443276e-09
5.294454545454546e-05,0.0,0.001592046385831942,1.4887950980429587e-09,7.906071715702688e-09
5.295272727272728e-05,0.0,0.0007414596264311568,7.034404005425514e-10,7.937857427068677e-09
5.29609090909091e-05,0.0,-0.0001249061535527104,-9.546868586177396e-11,7.96817212524422e-09
5.296909090909092e-05,0.0,-0.0009977969326679837,-8.994147086890941e-10,7.996998103977632e-09
5.2977272727272736e-05,0.0,-0.0018677993327341589,-1.699758895847093e-09,8.024318498654477e-09
5.2985454545454554e-05,0.0,-0.002725450254797087,-2.487840334820536e-09,8.050117303096038e-09
5.299363636363637e-05,0.0,-0.003561348111579623,-3.2550761441426186e-09,8.074379385545805e-09
5.300181818181819e-05,-0.0,-0.004366264254509564,-3.993061405737337e-09,8.097090503818524e-09
5.301000000000001e-05,-0.0,-0.005131253178446885,-4.693667621038533e-09,8.118237319592008e-09
5.301818181818183e-05,-0.0,-0.005847760091477666,-5.349138464313378e-09,8.137807411821842e-09
5.3026363636363646e-05,-0.0,-0.006507724460702269,-5.952181633318476e-09,8.155789289257382e-09
5.3034545454545464e-05,-0.0,-0.007103678187649041,-6.496055640041691e-09,8.172172402045069e-09
5.304272727272728e-05,-0.0,-0.007628837128340019,-6.974650442344712e-09,8.186947152399973e-09
5.30509090909091e-05,-0.0,-0.008077184752393685,-7.382560890137885e-09,8.20010490433143e-09
5.305909090909092e-05,-0.0,-0.008443546831877426,-7.715152046376168e-09,8.211637992407299e-09
5.306727272727274e-05,-0.0,-0.008723656162671638,-7.968615542567611e-09,8.221539729547778e-09
5.3075454545454555e-05,-0.0,-0.008914206447394542,-8.140016239345607e-09,8.229804413834128e-09
5.3083636363636373e-05,-0.0,-0.00901289460776129,-8.227328583526346e-09,8.23642733432354e-09
5.309181818181819e-05,-0.0,-0.009018450943719438,-8.229462182362361e-09,8.241404775862836e-09
5.310000000000001e-05,-0.0,-0.008930656714756697,-8.146276251689459e-09,8.244734022893572e-09
5.310818181818183e-05,-0.0,-0.00875034888322299,-7.978582735533943e-09,8.246413362241032e-09
5.3116363636363646e-05,-0.0,-0.00847941192805269,-7.728138038614077e-09,8.246442084887887e-09
5.3124545454545465e-05,-0.0,-0.008120756807551742,-7.397623458091028e-09,8.244820486722672e-09
5.313272727272728e-05,-0.0,-0.0076782873195321635,-6.9906145449534496e-09,8.24154986827047e-09
5.31409090909091e-05,-0.0,-0.007156854273638817,-6.511539766599682e-09,8.236632533397798e-09
5.314909090909092e-05,-0.0,-0.006562198051863978,-5.965628978614292e-09,8.230071787000348e-09
5.315727272727274e-05,-0.0,-0.005900880286701899,-5.3588523435621165e-09,8.221871931670924e-09
5.3165454545454556e-05,-0.0,-0.005180205529985312,-4.69785045609882e-09,8.212038263358402e-09
5.3173636363636374e-05,-0.0,-0.004408133917137273,-3.989856545171341e-09,8.20057706601758e-09
5.318181818181819e-05,-0.0,-0.0035931859495054157,-3.242611724059801e-09,8.187495605261563e-09
5.319000000000001e-05,-0.0,-0.0027443406199612317,-2.464274346149239e-09,8.172802121024993e-09
5.319818181818183e-05,-0.0,-0.0018709281926085277,-1.6633245974505564e-09,8.156505819246788e-09
5.320636363636365e-05,-0.0,-0.0009825190150633107,-8.484655150524399e-10,8.138616862585932e-09
5.3214545454545466e-05,-0.0,-8.880979041760216e-05,-2.8521663121342587e-11,8.11914636018225e-09
5.3222727272727284e-05,-0.0,0.0008004912349640559,7.876632757672702e-10,8.098106356478411e-09
5.32309090909091e-05,-0.0,0.0016757787026033442,1.5913287265914305e-09,8.075509819114868e-09
5.323909090909092e-05,-0.0,0.002527662737787417,2.3738980048260244e-09,8.051370625920902e-09
5.324727272727274e-05,-0.0,0.0033470782867277664,3.1270764196262753e-09,8.025703551012637e-09
5.325545454545455e-05,0.0,0.004125389821655944,3.842945500196807e-09,7.9985242500249e-09
5.326363636363637e-05,0.0,0.004854490109123545,4.514052203510326e-09,7.969849244492084e-09
5.327181818181819e-05,0.0,0.005526891822836605,5.133492031446856e-09,7.939695905402193e-09
5.3280000000000005e-05,0.0,0.0061358108845609854,5.694985069033142e-09,7.908082435947061e-09
5.328818181818182e-05,0.0,0.0066752405334483175,6.192944051545567e-09,7.875027853490999e-09
5.329636363636364e-05,0.0,0.007140015253810776,6.6225336754418995e-09,7.840551970785557e-09
5.330454545454546e-05,0.0,0.0075258638319993625,6.9797204848927585e-09,7.80467537645393e-09
5.331272727272728e-05,0.0,0.007829450962548959,7.261312790444139e-09,7.767419414772927e-09
5.3320909090909096e-05,0.0,0.008048406979962805,7.464990207327968e-09,7.728806164780533e-09
5.3329090909090914e-05,0.0,0.008181345453156472,7.589322536325724e-09,7.688858418735808e-09
5.333727272727273e-05,0.0,0.00822786854235756,7.633777848027361e-09,7.647599659964377e-09
5.334545454545455e-05,0.0,0.00818856018084183,7.59871976991791e-09,7.605054040115085e-09
5.335363636363637e-05,0.0,0.008064967303982495,7.48539411310277e-09,7.561246355860873e-09
5.336181818181819e-05,0.0,0.007859569503456865,7.295905109797909e-09,7.51620202507569e-09
5.3370000000000006e-05,0.0,0.0075757376329447295,7.0331816621744716e-09,7.46994706251857e-09
5.3378181818181824e-05,0.0,0.007217682031238414,6.700934126064742e-09,7.422508055057336e-09
5.338636363636364e-05,0.0,0.006790391157491237,6.303602267800335e-09,7.3739121364630905e-09
5.339454545454546e-05,0.0,0.006299561549663396,5.846295137617909e-09,7.324186961814703e-09
5.340272727272728e-05,0.0,0.005751520119588909,5.334723697285244e-09,7.273360681539178e-09
5.34109090909091e-05,0.0,0.0051531398852126915,4.775127121755867e-09,7.221461915126375e-09
5.3419090909090915e-05,0.0,0.00451175031140016,4.1741937637523785e-09,7.168519724552774e-09
5.3427272727272734e-05,0.0,0.003835043484521205,3.538977825448047e-09,7.114563587444685e-09
5.343545454545455e-05,0.0,0.003130977382235126,2.8768128222818727e-09,7.059623370021233e-09
5.344363636363637e-05,0.0,0.002407677518297241,2.1952229500311437e-09,7.003729299843982e-09
5.345181818181819e-05,0.0,0.0016733382427805833,1.5018334774288486e-09,6.9469119384149105e-09
5.3460000000000007e-05,0.0,0.0009361249611269241,8.042812828915908e-10,6.889202153653605e-09
5.3468181818181825e-05,0.0,0.0002040785014323491,1.1012663558272464e-10,6.830631092287195e-09
5.347636363636364e-05,0.0,-0.0005149771909030872,-5.732327114697032e-10,6.771230152189538e-09
5.348454545454546e-05,0.0,-0.0012135229175847988,-1.2386440945039364e-09,6.711030954701595e-09
5.349272727272728e-05,0.0,-0.0018844266169472793,-1.8792782154200433e-09,6.6500653169690454e-09
5.35009090909091e-05,-0.0,-0.002521019336974165,-2.488702228865155e-09,6.5883652243271765e-09
5.3509090909090916e-05,-0.0,-0.0031171639536741818,-3.060946828403331e-09,6.525962802767208e-09
5.3517272727272734e-05,-0.0,-0.0036673159096193733,-3.5905666104301574e-09,6.46289029151943e-09
5.352545454545455e-05,-0.0,-0.004166575368081138,-4.0726930926684725e-09,6.399180015781774e-09
5.353363636363637e-05,-0.0,-0.004610730304644395,-4.5030798687140304e-09,6.334864359624001e-09
5.354181818181819e-05,-0.0,-0.004996290188524469,-4.878139489655813e-09,6.269975739103635e-09
5.355000000000001e-05,-0.0,-0.00532051003811978,-5.19497177670668e-09,6.204546575620526e-09
5.3558181818181826e-05,-0.0,-0.00558140476768207,-5.451383383450435e-09,6.13860926953906e-09
5.3566363636363644e-05,-0.0,-0.005777753872491194,-5.645898541167702e-09,6.072196174108617e-09
5.357454545454546e-05,-0.0,-0.005909096626768204,-5.777761034181357e-09,6.0053395697108295e-09
5.358272727272728e-05,-0.0,-0.00597571809002665,-5.8469275627477774e-09,5.938071638459315e-09
5.35909090909091e-05,-0.0,-0.005978626332043507,-5.854052757289035e-09,5.870424439180377e-09
5.359909090909092e-05,-0.0,-0.005919521392662764,-5.8004662083484464e-09,5.80242988279859e-09
5.3607272727272735e-05,-0.0,-0.005800756588920546,-5.688141970324419e-09,5.734119708154084e-09
5.3615454545454553e-05,-0.0,-0.005625292867370743,-5.5196610826644776e-09,5.665525458275485e-09
5.362363636363637e-05,-0.0,-0.005396646973052738,-5.29816772880805e-09,5.596678457128962e-09
5.363181818181819e-05,-0.0,-0.005118834267534672,-5.027319719905949e-09,5.527609786869012e-09
5.364000000000001e-05,-0.0,-0.004796307076347069,-4.711234046535716e-09,5.458350265609524e-09
5.3648181818181826e-05,-0.0,-0.0044338894805602365,-4.354428286761104e-09,5.388930425739019e-09
5.3656363636363645e-05,-0.0,-0.004036709488129995,-3.961758692586329e-09,5.31938049279251e-09
5.366454545454546e-05,-0.0,-0.003610129528019608,-3.538355798958589e-09,5.249730364905414e-09
5.367272727272728e-05,-0.0,-0.0031596762042788206,-3.0895584099427765e-09,5.180009592862972e-09
5.36809090909091e-05,-0.0,-0.0026909702286888274,-2.6208468156841554e-09,5.110247360761208e-09
5.368909090909092e-05,-0.0,-0.0022096574199047753,-2.1377760815816727e-09,5.0404724672936815e-09
5.3697272727272736e-05,-0.0,-0.001721341615045689,-1.6459102281683526e-09,4.97071330768187e-09
5.3705454545454554e-05,-0.0,-0.0012315202873400058,-1.1507580871213979e-09,4.9009978562572165e-09
5.371363636363637e-05,-0.0,-0.0007455236018037367,-6.577115763204565e-10,4.831353649708761e-09
5.372181818181819e-05,-0.0,-0.0002684575711836233,-1.7198708576053807e-10,4.761807771006768e-09
5.373000000000001e-05,-0.0,0.0001948481022006239,3.01429392662599e-10,4.692386834012827e-09
5.373818181818183e-05,-0.0,0.0006398869952115049,7.578328239384111e-10,4.623116968782702e-09
5.3746363636363646e-05,-0.0,0.0010625173260449987,1.1928448808001916e-09,4.554023807570186e-09
5.3754545454545464e-05,0.0,0.0014589973816717188,1.60245446569337e-09,4.485132471539766e-09
5.376272727272728e-05,0.0,0.0018260147729747844,1.9830526617444238e-09,4.416467558191224e-09
5.37709090909091e-05,0.0,0.002160709370571812,2.3314618516322113e-09,4.34805312950082e-09
5.377909090909092e-05,0.0,0.00246068986365161,2.644958825270739e-09,4.279912700782242e-09
5.378727272727274e-05,0.0,0.0027240439710214974,2.921291779064565e-09,4.212069230270081e-09
5.3795454545454555e-05,0.0,0.002949342416789548,3.1586911900990074e-09,4.144545109426285e-09
5.380363636363637e-05,0.0,0.0031356368616341566,3.3558746269159734e-09,4.077362153967952e-09
5.381181818181819e-05,0.0,0.00328245205348599,3.5120456335190785e-09,4.0105415956191255e-09
5.382000000000001e-05,0.0,0.003389772527828878,3.626886894026557e-09,3.94410407457988e-09
5.382818181818183e-05,0.0,0.003458024247009249,3.7005479511349218e-09,3.878069632716195e-09
5.3836363636363646e-05,0.0,0.0034880516193567094,3.733627811531542e-09,3.812457707457726e-09
5.3844545454545465e-05,0.0,0.003481090382128976,3.727152824988546e-09,3.747287126408605e-09
5.385272727272728e-05,0.0,0.003438736867010422,3.68255027055907e-09,3.6825761026579955e-09
5.38609090909091e-05,0.0,0.0033629141929611803,3.6016181226936236e-09,3.6183422307888986e-09
5.386909090909092e-05,0.0,0.0032558359486148506,3.4864915019072106e-09,3.5546024835726315e-09
5.387727272727274e-05,0.0,0.0031199679352699973,3.3396063386948422e-09,3.491373209347643e-09
5.3885454545454556e-05,0.0,0.0029579885420514588,3.1636607956616172e-09,3.4286701300681964e-09
5.3893636363636374e-05,0.0,0.0027727483173857993,2.961575001361261e-09,3.3665083400139668e-09
5.390181818181819e-05,0.0,0.002567229286000161,2.736449650293453e-09,3.3049023051546868e-09
5.391000000000001e-05,0.0,0.0023445045387671987,2.491524017155996e-09,3.243865863151601e-09
5.391818181818183e-05,0.0,0.0021076985945125233,2.230133920149221e-09,3.183412223991345e-09
5.392636363636365e-05,0.0,0.0018599489990740578,1.9556701483224556e-09,3.123553971233879e-09
5.3934545454545465e-05,0.0,0.0016043695882080066,1.6715378421602702e-09,3.0643030638657e-09
5.3942727272727284e-05,0.0,0.0013440157981670952,1.3811172854103923e-09,3.005670838742767e-09
5.39509090909091e-05,0.0,0.0010818523617521514,1.087726530185334e-09,2.947668013610005e-09
5.395909090909092e-05,0.0,0.0008207236791872249,7.945862373159846e-10,2.8903046906822745e-09
5.396727272727274e-05,0.0,0.0005633271031168461,5.047870704930091e-10,2.8335903607725717e-09
5.397545454545456e-05,0.0,0.00031218932618112913,2.2125993663768872e-10,2.777533907952283e-09
5.3983636363636375e-05,0.0,6.964600877233283e-05,-5.3250683071065106e-11,2.7221436147267694e-09
5.399181818181819e-05,0.0,-0.00016217526554054948,-3.1621011628815977e-10,2.6674271677103556e-09
5.4000000000000005e-05,0.0,-0.00038136866811852967,-5.653134511611305e-10,2.613391663786649e-09
5.400818181818182e-05,-0.0,-0.000586260444706628,-7.985019604496412e-10,2.5600436167339354e-09
5.401636363636364e-05,-0.0,-0.0007754159280258301,-1.0139759505593557e-09,2.507388964301157e-09
5.402454545454546e-05,-0.0,-0.0009476433361255651,-1.210204034998115e-09,2.4554330757162634e-09
5.403272727272728e-05,-0.0,-0.0011019944863821074,-1.3859288767363413e-09,2.4041807596120067e-09
5.4040909090909096e-05,-0.0,-0.001237762588373154,-1.5401694863279685e-09,2.3536362723468478e-09
5.4049090909090914e-05,-0.0,-0.0013544773080155896,-1.672220201972707e-09,2.303803326708757e-09
5.405727272727273e-05,-0.0,-0.0014518973201319294,-1.781646513576654e-09,2.254685100980714e-09
5.406545454545455e-05,-0.0,-0.0015300005869002106,-1.8682779249640253e-09,2.2062842483515474e-09
5.407363636363637e-05,-0.0,-0.0015889726154080645,-1.9321980764603256e-09,2.1586029066548542e-09
5.408181818181819e-05,-0.0,-0.0016291929588124429,-1.9737323739095525e-09,2.1116427084160677e-09
5.4090000000000006e-05,-0.0,-0.0016512202325069893,-1.993433389684199e-09,2.0654047911923796e-09
5.4098181818181824e-05,-0.0,-0.0016557759193856338,-1.992064316347764e-09,2.0198898081871823e-09
5.410636363636364e-05,-0.0,-0.0016437272369857797,-1.9705807643388904e-09,1.975097939120082e-09
5.411454545454546e-05,-0.0,-0.0016160693342691644,-1.9301112014463216e-09,1.9310289013363104e-09
5.412272727272728e-05,-0.0,-0.001573907077367119,-1.8719363340523583e-09,1.8876819611380954e-09
5.41309090909091e-05,-0.0,-0.0015184366721274144,-1.7974677283306776e-09,1.8450559453203562e-09
5.4139090909090915e-05,-0.0,-0.0014509273571252758,-1.7082259640189929e-09,1.8031492528926892e-09
5.4147272727272733e-05,-0.0,-0.0013727033843321309,-1.6058186043172925e-09,1.7619598669737045e-09
5.415545454545455e-05,-0.0,-0.0012851264862732948,-1.4919182531950867e-09,1.7214853668365012e-09
5.416363636363637e-05,-0.0,-0.00118957900865514,-1.368240956262909e-09,1.6817229400933777e-09
5.417181818181819e-05,-0.0,-0.0010874478665053476,-1.2365251837322326e-09,1.6426693950006357e-09
5.4180000000000006e-05,-0.0,-0.0009801094602383679,-1.0985116142225437e-09,1.604321172867493e-09
5.4188181818181825e-05,-0.0,-0.0008689156661070872,-9.559239166668162e-10,1.5666743605554825e-09
5.419636363636364e-05,-0.0,-0.000755180993583375,-8.104507046937508e-10,1.5297247030504488e-09
5.420454545454546e-05,-0.0,-0.0006401709806509958,-6.637288140202893e-10,1.493467616092551e-09
5.421272727272728e-05,-0.0,-0.0005250918770914809,-5.173280289429321e-10,1.4578981988509071e-09
5.42209090909091e-05,-0.0,-0.00041108164586217775,-3.727373593310729e-10,1.4230112466256091e-09
5.4229090909090916e-05,-0.0,-0.0002992022938361278,-2.31352944955037e-10,1.3888012635654132e-09
5.4237272727272734e-05,-0.0,-0.00019043352568875622,-9.44676398411972e-11,1.3552624753838493e-09
5.424545454545455e-05,-0.0,-8.566769873147384e-05,3.6737694064152116e-11,1.3223888420643333e-09
5.425363636363637e-05,0.0,1.4293957875319543e-05,1.6120117704795628e-10,1.2901740705365772e-09
5.426181818181819e-05,0.0,0.00010874390876596971,2.779851998925143e-10,1.2586116273131053e-09
5.427000000000001e-05,0.0,0.00019706972302819306,3.8628004425988586e-10,1.2276947510744737e-09
5.4278181818181826e-05,0.0,0.0002787543991953438,4.854058873083913e-10,1.1974164651871346e-09
5.4286363636363644e-05,0.0,0.0003533756813069519,5.748132589885197e-10,1.1677695901453057e-09
5.429454545454546e-05,0.0,0.00042060444848911,6.540820349331158e-10,1.1387467559223847e-09
5.430272727272728e-05,0.0,0.00048020226459551054,7.229190603834346e-10,1.110340414222869e-09
5.43109090909091e-05,0.0,0.000532018177003562,7.81154511141785e-10,1.0825428506194989e-09
5.431909090909092e-05,0.0,0.0005759848547870715,8.287371060908942e-10,1.0553461965698937e-09
5.4327272727272735e-05,0.0,0.0006121141563102835,8.657282924049824e-10,1.0287424412975323e-09
5.433545454545455e-05,0.0,0.0006404922149417531,8.922955292243917e-10,1.002723443529089e-09
5.434363636363637e-05,0.0,0.000661274129213219,9.087047983644063e-10,9.772809430768888e-10
5.435181818181819e-05,0.0,0.0006746783404955659,9.153124716452122e-10,9.524065722577955e-10
5.436000000000001e-05,0.0,0.000680980777278686,9.125566637978077e-10,9.280918671379678e-10
5.4368181818181826e-05,0.0,0.0006805088405686565,9.00948197723855e-10,9.043282785950052e-10
5.4376363636363645e-05,0.0,0.0006736352998923911,8.810613053158508e-10,8.811071831878396e-10
5.438454545454546e-05,0.0,0.0006607721640580087,8.535241822159825e-10,8.584198938262485e-10
5.439272727272728e-05,0.0,0.0006423645852816457,8.190095089662621e-10,8.36257670231795e-10
5.44009090909091e-05,0.0,0.0006188848496714985,7.782250441306271e-10,8.146117291823069e-10
5.440909090909092e-05,0.0,0.0005908265014584812,7.319043873121794e-10,7.934732545300351e-10
5.4417272727272736e-05,0.0,0.0005586986428668949,6.807980017027171e-10,7.728334069896752e-10
5.4425454545454554e-05,0.0,0.0005230204462001873,6.256645770385248e-10,7.526833336855944e-10
5.443363636363637e-05,0.0,0.00048431590963472337,5.672628047415513e-10,7.330141774552435e-10
5.444181818181819e-05,0.0,0.0004431088834143963,5.063436277440178e-10,7.138170858968614e-10
5.445000000000001e-05,0.0,0.00039991838865490814,4.4364301815279267e-10,6.950832201607424e-10
5.445818181818183e-05,0.0,0.00035525424682055976,3.798753266304406e-10,6.768037634759263e-10
5.4466363636363645e-05,0.0,0.0003096130341381746,3.1572723826285595e-10,6.589699294065167e-10
5.4474545454545464e-05,0.0,0.00026347437176072873,2.518523608457563e-10,6.415729698321496e-10
5.448272727272728e-05,0.0,0.0002172975593764867,1.8886646304326997e-10,6.246041826510472e-10
5.44909090909091e-05,0.0,0.00017151855716022974,1.2734337181680734e-10,6.080549191975209e-10
5.449909090909092e-05,0.0,0.00012654731845886263,6.781153096301207e-11,5.919165913721439e-10
5.450727272727274e-05,-0.0,8.276547336756415e-05,1.0751215575664208e-11,5.761806784813957e-10
5.4515454545454555e-05,-0.0,4.052436135434753e-05,-4.3407609198362814e-11,5.608387337831687e-10
5.452363636363637e-05,-0.0,1.4340929735654108e-07,-9.428680258513762e-11,5.458823907364042e-10
5.453181818181819e-05,-0.0,-3.80911503234654e-05,-1.4156095849075506e-10,5.313033689515236e-10
5.454000000000001e-05,-0.0,-7.392722782308291e-05,-1.849577389929781e-10,5.170934798428241e-10
5.454818181818183e-05,-0.0,-0.0001071474994148485,-2.2425766229839325e-10,5.032446319795973e-10
5.4556363636363646e-05,-0.0,-0.00013756971443208753,-2.5929337981717494e-10,4.897488361373013e-10
5.4564545454545465e-05,-0.0,-0.0001650466973119908,-2.899484797782634e-10,4.765982100473128e-10
5.457272727272728e-05,-0.0,-0.00018946605617801805,-3.1615585701324363e-10,4.6378498284850623e-10
5.45809090909091e-05,-0.0,-0.0002107496110231523,-3.3789569019247684e-10,4.5130149924110014e-10
5.458909090909092e-05,-0.0,-0.00022885255564634286,-3.551930689378958e-10,4.391402233438536e-10
5.459727272727274e-05,-0.0,-0.000243762368632162,-3.681153139033176e-10,4.272937422583335e-10
5.4605454545454556e-05,-0.0,-0.00025549748978740414,-3.7676903312646835e-10,4.157547693446057e-10
5.4613636363636374e-05,-0.0,-0.00026410577955196827,-3.812969577663197e-10,4.045161472100152e-10
5.462181818181819e-05,-0.0,-0.0002696627799752966,-3.818745997751259e-10,3.9357085041754886e-10
5.463000000000001e-05,-0.0,-0.00027226979688109134,-3.7870677315567797e-10,3.829119879190839e-10
5.463818181818183e-05,-0.0,-0.0002720518238158208,-3.720240192535049e-10,3.7253280521634324e-10
5.464636363636365e-05,-0.0,-0.00026915532927125293,-3.6207897507192505e-10,3.6242668626123374e-10
5.4654545454545465e-05,-0.0,-0.00026374592946629876,-3.491427218976203e-10,3.5258715509853956e-10
5.4662727272727284e-05,-0.0,-0.00025600596964652736,-3.3350114963067987e-10,3.430078772587368e-10
5.46709090909091e-05,-0.0,-0.0002461320373892788,-3.15451370139332e-10,3.3368266091266755e-10
5.467909090909092e-05,-0.0,-0.00023433243176807747,-2.9529821074885963e-10,3.246054577924664e-10
5.468727272727274e-05,-0.0,-0.0002208246124130238,-2.733508166375384e-10,3.1577036389121796e-10
5.469545454545456e-05,-0.0,-0.00020583265248633152,-2.499193884835746e-10,3.071716199497734e-10
5.4703636363636375e-05,-0.0,-0.00018958471935868893,-2.253120792001196e-10,2.988036117402713e-10
5.471181818181819e-05,-0.0,-0.0001723106063107007,-1.99832071036597e-10,2.9066087016041225e-10
5.472000000000001e-05,-0.0,-0.00015423933788704657,-1.7377485172033938e-10,2.827380711453687e-10
5.472818181818183e-05,-0.0,-0.0001355968705967917,-1.4742570569839572e-10,2.7503003541122445e-10
5.473636363636365e-05,-0.0,-0.00011660390948339313,-1.2105743390726258e-10,2.675317280423788e-10
5.474454545454546e-05,-0.0,-9.747385968791879e-05,-9.49283128837766e-11,2.6023825793379726e-10
5.475272727272728e-05,0.0,-7.84109305081104e-05,-6.928030143436348e-11,2.531448771013381e-10
5.4760909090909096e-05,0.0,-5.9608407627943934e-05,-4.4337500519618514e-11,2.462469798725467e-10
5.4769090909090914e-05,0.0,-4.1247107176150855e-05,-2.0304869498448058e-11,2.395401019714138e-10
5.477727272727273e-05,0.0,-2.3494023091488464e-05,2.6328005705055713e-12,2.3301991951018163e-10
5.478545454545455e-05,0.0,-6.501176954736225e-06,2.4311658254907825e-11,2.2668224790108584e-10
5.479363636363637e-05,0.0,9.59532297799679e-06,4.458931167340775e-11,2.205230407017504e-10
5.480181818181819e-05,0.0,2.4676009307994756e-05,6.334510318587758e-11,2.1453838840703396e-10
5.4810000000000005e-05,0.0,3.86385679058039e-05,8.048014709654462e-11,2.0872451720208244e-10
5.4818181818181824e-05,0.0,5.1398136070297016e-05,9.591714057920968e-11,2.0307778768960596e-10
5.482636363636364e-05,0.0,6.28873898307348e-05,1.095999598527208e-10,1.9759469360048807e-10
5.483454545454546e-05,0.0,7.305642625151752e-05,1.214930553184302e-10,1.922718605084374e-10
5.484272727272728e-05,0.0,8.187244896403085e-05,1.315806608828091e-10,1.871060445537451e-10
5.48509090909091e-05,0.0,8.931926738265064e-05,1.3986583404158792e-10,1.8209413119131886e-10
5.4859090909090915e-05,0.0,9.539662213227052e-05,1.463693444673262e-10,1.772331339763221e-10
5.486727272727273e-05,0.0,0.00010011935109445561,1.5112842982161792e-10,1.7252019339425112e-10
5.487545454545455e-05,0.0,0.00010351641214235397,1.5419543829379996e-10,1.6795257574790374e-10
5.488363636363637e-05,0.0,0.00010562978005750813,1.5563637794390628e-10,1.6352767210926167e-10
5.489181818181819e-05,0.0,0.00010651323628554253,1.5552939329313785e-10,1.5924299734462454e-10
5.4900000000000006e-05,0.0,0.00010623107107828708,1.539631897556719e-10,1.5509618921702973e-10
5.4908181818181825e-05,0.0,0.00010485671817824502,1.510354264418208e-10,1.5108500757217777e-10
5.491636363636364e-05,0.0,0.00010247134252279884,1.4685109758030783e-10,1.4720733360756215e-10
5.492454545454546e-05,0.0,9.916240147926037e-05,1.4152092231493296e-10,1.4346116922731751e-10
5.493272727272728e-05,0.0,9.502219987063816e-05,1.351597619237992e-10,1.3984463647336772e-10
5.49409090909091e-05,0.0,9.014645852297454e-05,1.2788508260614852e-10,1.363559770337588e-10
5.4949090909090916e-05,0.0,8.463291527026377e-05,1.1981548088085148e-10,1.329935518113394e-10
5.4957272727272734e-05,0.0,7.857997630881993e-05,1.1106928735809413e-10,1.297558405389338e-10
5.496545454545455e-05,0.0,7.208543451966328e-05,1.017632631990598e-10,1.266414414240858e-10
5.497363636363637e-05,0.0,6.524526989778633e-05,9.201140197505793e-11,1.2364907079603277e-10
5.498181818181819e-05,0.0,5.815254556588664e-05,8.192384790308944e-11,1.2077756272673087e-10
5.499000000000001e-05,0.0,5.0896411034274984e-05,7.160593958506763e-11,1.1802586858889565e-10
5.4998181818181825e-05,0.0,4.356122242734669e-05,6.115738643871443e-11,1.1539305651250797e-10
5.5006363636363644e-05,-0.0,3.622578736120691e-05,5.067158299422621e-11,1.1287831069174859e-10
5.501454545454546e-05,-0.0,2.8962740058633636e-05,4.0235064180490566e-11,1.1048093049315591e-10
5.502272727272728e-05,-0.0,2.1838050158314158e-05,2.992710264568942e-11,1.0820032930715451e-10
5.50309090909091e-05,-0.0,1.4910666546297724e-05,1.9819447095508387e-11,1.060360330890519e-10
5.503909090909092e-05,-0.0,8.232295439170378e-06,9.976198594174494e-12,1.0398767852750981e-10
5.5047272727272735e-05,-0.0,1.847309910071591e-06,4.5381980091088066e-13,1.0205501078356809e-10
5.505545454545455e-05,-0.0,-4.207213901318995e-06,-8.698729772726852e-12,1.0023788074373578e-10
5.506363636363637e-05,-0.0,-9.901340488786712e-06,-1.7439741178739212e-11,9.853624174353975e-11
5.507181818181819e-05,-0.0,-1.5212006879748523e-05,-2.5734396456780065e-11,9.695014571762033e-11
5.508000000000001e-05,-0.0,-2.0122652561907554e-05,-3.355431388748155e-11,9.547973875487317e-11
5.5088181818181826e-05,-0.0,-2.4622758620352954e-05,-4.087701119855281e-11,9.412525605184735e-11
5.5096363636363644e-05,-0.0,-2.870730843221637e-05,-4.7685300957899564e-11,9.288701627714921e-11
5.510454545454546e-05,-0.0,-3.237618322138589e-05,-5.39666332761331e-11,9.176541538577463e-11
5.511272727272728e-05,-0.0,-3.563350651322573e-05,-5.971240160780525e-11,9.076091994726168e-11
5.51209090909091e-05,-0.0,-3.8486952042062946e-05,-6.491722785890603e-11,8.98740600822975e-11
5.512909090909092e-05,-0.0,-4.0947029949116544e-05,-6.95782431843493e-11,8.91054221266566e-11
5.5137272727272736e-05,-0.0,-4.302636616526606e-05,-7.369438077714119e-11,8.845564116885885e-11
5.5145454545454554e-05,-0.0,-4.4738989703793967e-05,-7.726569661361706e-11,8.792539363099817e-11
5.515363636363637e-05,-0.0,-4.609964219762348e-05,-8.029273352812903e-11,8.751539007503355e-11
5.516181818181819e-05,-0.0,-4.712312341095419e-05,-8.277594314904204e-11,8.722636842782331e-11
5.517000000000001e-05,-0.0,-4.7823685646873966e-05,-8.471517914646672e-11,8.705908781989782e-11
5.517818181818183e-05,-0.0,-4.821448897355114e-05,-8.6109273929774e-11,8.701432321338226e-11
5.5186363636363645e-05,-0.0,-4.830712801714026e-05,-8.695570940866193e-11,8.709286098953981e-11
5.5194545454545464e-05,-0.0,-4.8111239736153205e-05,-8.72503907096807e-11,8.729549562005914e-11
5.520272727272728e-05,-0.0,-4.763420011752914e-05,-8.698752984757346e-11,8.7623027522665e-11
5.52109090909091e-05,-0.0,-4.688091613817427e-05,-8.615964430380517e-11,8.807626214600097e-11
5.521909090909092e-05,-0.0,-4.585371763822303e-05,-8.475767330201429e-11,8.865601029476309e-11
5.5227272727272737e-05,-0.0,-4.455235197613736e-05,-8.277121230717589e-11,8.936308964397578e-11
5.5235454545454555e-05,-0.0,-4.297408250436776e-05,-8.018886395869929e-11,9.019832736112138e-11
5.524363636363637e-05,-0.0,-4.111389004119329e-05,-7.699870129488233e-11,9.116256370342034e-11
5.525181818181819e-05,0.0,-3.8964774642943705e-05,-7.318883678622651e-11,9.225665643457165e-11
5.526000000000001e-05,0.0,-3.651815312454533e-05,-6.874808839323884e-11,9.348148587552122e-11
5.526818181818183e-05,0.0,-3.376434595907527e-05,-6.36667316404605e-11,9.483796039705595e-11
5.5276363636363646e-05,0.0,-3.069314543297856e-05,-5.793732458663809e-11,9.6327022153916e-11
5.5284545454545464e-05,0.0,-2.7294455266856986e-05,-5.1555590611069365e-11,9.794965286702355e-11
5.529272727272728e-05,0.0,-2.3558990355458927e-05,-4.452134215530485e-11,9.970687947871492e-11
5.53009090909091e-05,0.0,-1.9479023856607984e-05,-3.6839426995712003e-11,1.0159977951908605e-10
5.530909090909092e-05,0.0,-1.5049167588090121e-05,-2.8520677307164698e-11,1.0362948605086628e-10
5.531727272727274e-05,0.0,-1.026717059394423e-05,-1.9582840736853368e-11,1.057971920850916e-10
5.5325454545454556e-05,0.0,-5.134719836350572e-06,-1.0051471968159487e-11,1.08104154389546e-10
5.5333636363636374e-05,0.0,3.417737256986507e-07,3.923715989890771e-14,1.1055169663636276e-10
5.534181818181819e-05,0.0,6.150420878577958e-06,1.0645710985083679e-11,1.1314121185939153e-10
5.535000000000001e-05,0.0,1.2273149153755625e-05,2.1714348525545946e-11,1.1587416421932814e-10
5.535818181818183e-05,0.0,1.8685064499897985e-05,3.318100822229425e-11,1.1875209008760234e-10
5.536636363636365e-05,0.0,2.5353896760283624e-05,4.497063895958134e-11,1.2177659847592507e-10
5.5374545454545465e-05,0.0,3.2239545539536e-05,5.699707600079775e-11,1.2494937085314638e-10
5.5382727272727283e-05,0.0,3.929374222326331e-05,6.916301870867531e-11,1.282721603964184e-10
5.53909090909091e-05,0.0,4.645984282101762e-05,8.136020478992022e-11,1.3174679072876567e-10
5.539909090909092e-05,0.0,5.367276493942603e-05,9.346979333200107e-11,1.3537515419616325e-10
5.540727272727274e-05,0.0,6.0859080564374394e-05,1.0536296611300236e-10,1.391592097435201e-10
5.5415454545454557e-05,0.0,6.793727444800844e-05,1.169017535756283e-10,1.431009804368921e-10
5.5423636363636375e-05,0.0,7.48181757705364e-05,1.279400885147129e-10,1.472025506880531e-10
5.543181818181819e-05,0.0,8.140556839438742e-05,1.38325086958372e-10,1.5146606322307927e-10
5.544000000000001e-05,0.0,8.759698246928134e-05,1.478985519734154e-10,1.5589371583859855e-10
5.544818181818183e-05,0.0,9.32846674056006e-05,1.5649869224634485e-10,1.6048775798511886e-10
5.545636363636365e-05,0.0,9.83567433385944e-05,1.6396204333071843e-10,1.6525048720723038e-10
5.5464545454545466e-05,0.0,0.00010269852518938547,1.701255754597591e-10,1.7018424546918968e-10
5.5472727272727284e-05,0.0,0.00010619401032562751,1.748289678756346e-10,1.7529141538941956e-10
5.54809090909091e-05,0.0,0.00010872751767328089,1.7791702576091954e-10,1.8057441640497395e-10
5.5489090909090914e-05,0.0,0.00011018546297301098,1.792422121547757e-10,1.8603570087951484e-10
5.549727272727273e-05,0.0,0.00011045825175511607,1.7866726375160918e-10,1.9167775016731673e-10
5.550545454545455e-05,-0.0,0.00010944226857322224,1.760678562744825e-10,1.9750307064509098e-10
5.551363636363637e-05,-0.0,0.00010704193813842792,1.7133528225944275e-10,2.0351418971657954e-10
5.552181818181819e-05,-0.0,0.00010317183128210806,1.643791016285806e-10,2.0971365179644712e-10
5.5530000000000005e-05,-0.0,9.775878619756127e-05,1.5512972344059337e-10,2.1610401427440997e-10
5.5538181818181824e-05,-0.0,9.074401321868424e-05,1.4354087572994015e-10,2.2268784346590037e-10
5.554636363636364e-05,-0.0,8.208514953823336e-05,1.2959191943194096e-10,2.2946771054547117e-10
5.555454545454546e-05,-0.0,7.175822879804736e-05,1.1328996208774616e-10,2.3644618746698693e-10
5.556272727272728e-05,-0.0,5.9759529445227157e-05,9.467172736015638e-11,2.436258428672218e-10
5.55709090909091e-05,-0.0,4.6107265184174205e-05,7.380513740341916e-11,2.510092379528004e-10
5.5579090909090915e-05,-0.0,3.084308080249331e-05,5.079056683197973e-11,2.5859892237117145e-10
5.558727272727273e-05,-0.0,1.4033317142140853e-05,2.576172944008436e-11,2.663974300612375e-10
5.559545454545455e-05,-0.0,-4.22998994642245e-06,-1.1138380621051844e-12,2.7440727508484774e-10
5.560363636363637e-05,-0.0,-2.382841016860361e-05,-2.9634727225039423e-11,2.82630947436503e-10
5.561181818181819e-05,-0.0,-4.461675010155812e-05,-5.956607139092593e-11,2.9107090883102994e-10
5.5620000000000006e-05,-0.0,-6.642304361369902e-05,-9.064044389096725e-11,2.9972958846869284e-10
5.5628181818181824e-05,-0.0,-8.904892625176292e-05,-1.225592574881637e-10,3.0860937877692626e-10
5.563636363636364e-05,-0.0,-0.00011227041437820778,-1.5499467535292578e-10,3.177126311262504e-10
5.564454545454546e-05,-0.0,-0.00013583910519124768,-1.8759203708863985e-10,3.270416515259875e-10
5.565272727272728e-05,-0.0,-0.0001594838085734117,-2.1997279613271927e-10,3.365986962954829e-10
5.56609090909091e-05,-0.0,-0.00018291261603605905,-2.5173795733845323e-10,3.463859677123562e-10
5.5669090909090916e-05,-0.0,-0.00020581540591181898,-2.824719957861981e-10,3.564056096397415e-10
5.5677272727272734e-05,-0.0,-0.0002278667774603465,-3.1174722997884486e-10,3.6665970313630183e-10
5.568545454545455e-05,-0.0,-0.0002487293997708042,-3.391286146526344e-10,3.7715026204602226e-10
5.569363636363637e-05,-0.0,-0.0002680577543514297,-3.6417891059968923e-10,3.8787922857420645e-10
5.570181818181819e-05,-0.0,-0.0002855022431846319,-3.8646418126454185e-10,3.9884846884919566e-10
5.571000000000001e-05,-0.0,-0.0003007136268950851,-4.0555955857355707e-10,4.1005976847638567e-10
5.5718181818181825e-05,-0.0,-0.0003133477506352653,-4.210552135953652e-10,4.2151482808388867e-10
5.5726363636363644e-05,-0.0,-0.00032307050845076343,-4.3256246134617937e-10,4.332152588654459e-10
5.573454545454546e-05,-0.0,-0.0003295629903633685,-4.397199234553054e-10,4.451625781239304e-10
5.574272727272728e-05,-0.0,-0.00033252675032166855,-4.421996676190208e-10,4.573582048185996e-10
5.57509090909091e-05,0.0,-0.00033168912763467196,-4.3971323889349356e-10,4.698034551246108e-10
5.5759090909090917e-05,0.0,-0.0003268085496399074,-4.3201749501959413e-10,4.824995380012088e-10
5.5767272727272735e-05,0.0,-0.00031767973927692767,-4.18920156223277e-10,4.954475507815952e-10
5.577545454545455e-05,0.0,-0.0003041387480487728,-4.002849793707184e-10,5.086484747849627e-10
5.578363636363637e-05,0.0,-0.0002860677326591355,-3.7603646704341916e-10,5.221031709575838e-10
5.579181818181819e-05,0.0,-0.0002633993925029753,-3.4616402409133043e-10,5.358123755469509e-10
5.580000000000001e-05,0.0,-0.00023612098524196888,-3.1072547754682053e-10,5.49776695815765e-10
5.5808181818181826e-05,0.0,-0.00020427783897836006,-2.6984988045924286e-10,5.639966058008644e-10
5.5816363636363644e-05,0.0,-0.00016797628210147564,-2.2373952623333733e-10,5.78472442123947e-10
5.582454545454546e-05,0.0,-0.00012738591575416278,-1.7267110740128549e-10,5.932043998586363e-10
5.583272727272728e-05,0.0,-8.274115906731357e-05,-1.1699596138539448e-10,6.081925284597205e-10
5.58409090909091e-05,0.0,-3.434200383487186e-05,-5.713935564657356e-11,6.23436727763551e-10
5.584909090909092e-05,0.0,1.7446076876990114e-05,6.401224420146651e-12,6.389367440636633e-10
5.5857272727272736e-05,0.0,7.219311262277015e-05,7.30588094899242e-11,6.546921662662346e-10
5.5865454545454554e-05,0.0,0.00012940654815992092,1.4220071397980257e-10,6.707024221376372e-10
5.587363636363637e-05,0.0,0.00018853410957117735,2.1313333551721397e-10,6.869667746434511e-10
5.588181818181819e-05,0.0,0.00024896763646562527,2.8510797011513513e-10,7.034843183911676e-10
5.589000000000001e-05,0.0,0.0003100478796437973,3.5732761232874834e-10,7.202539761799313e-10
5.589818181818183e-05,0.0,0.00037107024977195424,4.289546948195797e-10,7.372744956652049e-10
5.5906363636363645e-05,0.0,0.0004312914882577997,4.991197068828176e-10,7.545444461438539e-10
5.5914545454545463e-05,0.0,0.0004899372168446953,5.669306168269562e-10,7.72062215468076e-10
5.592272727272728e-05,0.0,0.0005462103076483688,6.314830088366043e-10,7.898260070923034e-10
5.59309090909091e-05,0.0,0.0005993000006651216,6.918708313304509e-10,8.078338372614798e-10
5.593909090909092e-05,0.0,0.0006483916814092094,7.471976410654011e-10,8.260835323454236e-10
5.5947272727272736e-05,0.0,0.0006926772175220133,7.965882155499976e-10,8.445727263275159e-10
5.5955454545454555e-05,0.0,0.0007313657401729112,8.392003959312323e-10,8.632988584523285e-10
5.596363636363637e-05,0.0,0.0007636947440765225,8.742370136049711e-10,8.82259171038937e-10
5.597181818181819e-05,0.0,0.0007889413692129255,9.009577465643037e-10,9.014507074658241e-10
5.598000000000001e-05,0.0,0.000806433718077198,9.186907461087535e-10,9.208703103332901e-10
5.598818181818183e-05,0.0,0.0008155620547106426,9.268438711406324e-10,9.405146198098086e-10
5.5996363636363646e-05,0.0,0.00081578972607151,9.249153660053687e-10,9.603800721661464e-10
5.6004545454545464e-05,-0.0,0.0008066636426618684,9.1250381878413e-10,9.804628985045311e-10
5.601272727272728e-05,-0.0,0.0007878241538897193,8.893172402025145e-10,1.0007591236870463e-09
5.60209090909091e-05,-0.0,0.0007590141545338464,8.551811089080066e-10,1.0212645654689492e-09
5.602909090909092e-05,-0.0,0.0007200872619844429,8.100452368155236e-10,1.0419748338406586e-09
5.603727272727274e-05,-0.0,0.0006710149097135201,7.539893184892859e-10,1.0628853305844663e-09
5.6045454545454556e-05,-0.0,0.0006118922107091305,6.87227041070917e-10,1.0839912490492465e-09
5.6053636363636374e-05,-0.0,0.0005429424553738643,6.101086459766373e-10,1.1052875741477575e-09
5.606181818181819e-05,-0.0,0.0004645201215895818,5.231218503519062e-10,1.1267690825803633e-09
5.607000000000001e-05,-0.0,0.0003771122901953326,4.268910549169114e-10,1.1484303432890922e-09
5.607818181818183e-05,-0.0,0.00028133837688149477,3.2217478517462124e-10,1.1702657181444313e-09
5.608636363636365e-05,-0.0,0.0001779481112984985,2.0986133475255958e-10,1.1922693628688777e-09
5.6094545454545465e-05,-0.0,6.781771580371631e-05,9.096260265417043e-11,1.2144352282001777e-09
5.610272727272728e-05,-0.0,-4.8055740519597424e-05,-3.3393859875782164e-11,1.2367570612951941e-09
5.61109090909091e-05,-0.0,-0.00016856181242070668,-1.6197455261783953e-10,1.2592284073778653e-09
5.611909090909092e-05,-0.0,-0.00029248594795386627,-2.934514146817683e-10,1.2818426116336656e-09
5.612727272727274e-05,-0.0,-0.00041852050503210606,-4.2641480795877395e-10,1.304592821349836e-09
5.6135454545454556e-05,-0.0,-0.0005452774367659923,-5.59387981432847e-10,1.3274719883043039e-09
5.6143636363636375e-05,-0.0,-0.0006713025409139505,-6.908428784167437e-10,1.350472871403498e-09
5.615181818181819e-05,-0.0,-0.0007950911428727909,-8.192171262426661e-10,1.373588039570039e-09
5.616000000000001e-05,-0.0,-0.0009151050566179633,-9.429320268639158e-10,1.3968098748788667e-09
5.616818181818183e-05,-0.0,-0.0010297906442646404,-1.0604113475570169e-09,1.4201305759442293e-09
5.617636363636365e-05,-0.0,-0.0011375977728614575,-1.1701006937781314e-09,1.4435421615526834e-09
5.6184545454545466e-05,-0.0,-0.0012369994470367537,-1.2704872315335133e-09,1.4670364745459658e-09
5.6192727272727284e-05,-0.0,-0.0013265118785627623,-1.3601195146514566e-09,1.4906051859493087e-09
5.62009090909091e-05,-0.0,-0.0014047147391317186,-1.4376271633428396e-09,1.5142397993433959e-09
5.620909090909092e-05,-0.0,-0.0014702713309638386,-1.5017401346259542e-09,1.5379316554785708e-09
5.621727272727274e-05,-0.0,-0.0015219484015695935,-1.5513073227477608e-09,1.561671937129289e-09
5.622545454545456e-05,-0.0,-0.001558635324306326,-1.5853142287853459e-09,1.5854516741850253e-09
5.623363636363637e-05,-0.0,-0.0015793623654951018,-1.6028994432537835e-09,1.6092617489745504e-09
5.624181818181819e-05,-0.0,-0.0015833177619394958,-1.6033696938113599e-09,1.6330929018193756e-09
5.6250000000000005e-05,0.0,-0.001569863339799487,-1.5862132220324154e-09,1.6569357368138435e-09
5.6258181818181823e-05,0.0,-0.0015385484169474946,-1.5511112686467295e-09,1.6807807278248204e-09
5.626636363636364e-05,0.0,-0.001489121746136286,-1.4979474655056505e-09,1.7046182247101935e-09
5.627454545454546e-05,0.0,-0.001421541275445958,-1.4268149546575135e-09,1.7284384597467831e-09
5.628272727272728e-05,0.0,-0.0013359815253942793,-1.3380210800860631e-09,1.7522315542636087e-09
5.6290909090909097e-05,0.0,-0.0012328384085747834,-1.2320895256073728e-09,1.775987525477096e-09
5.6299090909090915e-05,0.0,-0.0011127313474523996,-1.1097598028247348e-09,1.7996962935178198e-09
5.630727272727273e-05,0.0,-0.0009765025786607797,-9.719840255427757e-10,1.8233476886449724e-09
5.631545454545455e-05,0.0,-0.0008252135674182257,-8.199209412486601e-10,1.8469314586422557e-09
5.632363636363637e-05,0.0,-0.0006601384930709829,-6.5492722574441e-10,1.8704372763841064e-09
5.633181818181819e-05,0.0,-0.00048275480580130465,-4.785460833009397e-10,1.8938547475686154e-09
5.6340000000000006e-05,0.0,-0.0002947308946830959,-2.9249323131463536e-10,1.917173418609212e-09
5.6348181818181824e-05,0.0,-9.791094797825307e-05,-9.864038488725503e-11,1.9403827846736274e-09
5.635636363636364e-05,0.0,0.00010570287273440956,1.0100360749498376e-10,1.9634722978641683e-09
5.636454545454546e-05,0.0,0.0003139707829105836,3.043137914472183e-10,1.986431375531109e-09
5.637272727272728e-05,0.0,0.0005246380492915194,5.090720787403716e-10,2.009249408709218e-09
5.63809090909091e-05,0.0,0.0007353597503761398,7.129919146623704e-10,2.031915770667233e-09
5.6389090909090916e-05,0.0,0.0009437273507157276,9.137443634266803e-10,2.05441982556238e-09
5.6397272727272734e-05,0.0,0.0011472967848525717,1.1089853094874809e-09,2.07675093719097e-09
5.640545454545455e-05,0.0,0.001343617718416687,1.296383451261469e-09,2.098898477822426e-09
5.641363636363637e-05,0.0,0.0015302636295552606,1.473648746300737e-09,2.1208518371089737e-09
5.642181818181819e-05,0.0,0.0017048623339451085,1.638560953720207e-09,2.1426004310603857e-09
5.643000000000001e-05,0.0,0.001865126561520256,1.7889979109382883e-09,2.1641337110725425e-09
5.6438181818181825e-05,0.0,0.0020088841830629323,1.9229631777460067e-09,2.1854411729998994e-09
5.6446363636363643e-05,0.0,0.0021341076802165646,2.038612681534609e-09,2.2065123662616107e-09
5.645454545454546e-05,0.0,0.002238942453470566,2.134280003261949e-09,2.2273369029690363e-09
5.646272727272728e-05,0.0,0.002321733569347805,2.2084999544516767e-09,2.2479044670659378e-09
5.64709090909091e-05,0.0,0.0023810505604236164,2.260030111132597e-09,2.2682048234680205e-09
5.6479090909090916e-05,0.0,0.0024157099098622544,2.287869991026544e-09,2.288227827192769e-09
5.6487272727272735e-05,0.0,0.0024247948757295215,2.2912775852816495e-09,2.307963432467943e-09
5.649545454545455e-05,0.0,0.002407672339201745,2.2697829853689374e-09,2.32740170180616e-09
5.650363636363637e-05,-0.0,0.002364006394632731,2.2231988790905864e-09,2.3465328150372455e-09
5.651181818181819e-05,-0.0,0.002293768437874936,2.1516277265921763e-09,2.365347078285212e-09
5.652000000000001e-05,-0.0,0.0021972435518171295,2.0554654673923524e-09,2.383834932879211e-09
5.6528181818181826e-05,-0.0,0.002075033034266681,1.935401652245644e-09,2.401986964188268e-09
5.6536363636363644e-05,-0.0,0.0019280529624754387,1.7924159385846576e-09,2.419793910366675e-09
5.654454545454546e-05,-0.0,0.0017575287401348648,1.6277709347823847e-09,2.4372466710035846e-09
5.655272727272728e-05,-0.0,0.001564985625854678,1.4430014259045862e-09,2.454336315659661e-09
5.65609090909091e-05,-0.0,0.001352235296260838,1.2399000613676483e-09,2.471054092287066e-09
5.656909090909092e-05,-0.0,0.0011213585511490052,1.0204996323156635e-09,2.4873914355158467e-09
5.6577272727272736e-05,-0.0,0.0008746843218390681,7.870521129448435e-10,2.5033399748016733e-09
5.6585454545454554e-05,-0.0,0.0006147651962213629,5.420046847667321e-10,2.5188915424210154e-09
5.659363636363637e-05,-0.0,0.00034434972420039175,2.879730052953186e-10,2.534038181305168e-09
5.660181818181819e-05,-0.0,6.635181458232735e-05,2.7712022243719967e-11,2.5487721527043106e-09
5.661000000000001e-05,-0.0,-0.000216182421794367,-2.3591532954911644e-10,2.563085943669035e-09
5.661818181818183e-05,-0.0,-0.00050010998839048,-4.999711791196382e-10,2.576972274342983e-09
5.6626363636363645e-05,-0.0,-0.0007822280498452868,-7.614771213413499e-10,2.590424105056148e-09
5.663454545454546e-05,-0.0,-0.001059312251300991,-1.0174495501881626e-09,2.603434643209258e-09
5.664272727272728e-05,-0.0,-0.0013281558287981787,-1.2649354862547309e-09,2.6159973499409985e-09
5.66509090909091e-05,-0.0,-0.0015856090124168438,-1.5010484497111333e-09,2.6281059465714876e-09
5.665909090909092e-05,-0.0,-0.0018286182135233697,-1.7230039239221127e-09,2.639754420810357e-09
5.6667272727272736e-05,-0.0,-0.002054264484030732,-1.9281539549978805e-09,2.650937032724086e-09
5.6675454545454555e-05,-0.0,-0.0022598007391150276,-2.1140204386307704e-09,2.66164832045588e-09
5.668363636363637e-05,-0.0,-0.0024426872453855077,-2.278326657693019e-09,2.6718831056876826e-09
5.669181818181819e-05,-0.0,-0.002600624894006262,-2.419026652125594e-09,2.68163649884079e-09
5.670000000000001e-05,-0.0,-0.0027315858025429417,-2.534332026454905e-09,2.6909039040053734e-09
5.670818181818183e-05,-0.0,-0.002833840820084688,-2.6227358295676714e-09,2.699681023597586e-09
5.6716363636363646e-05,-0.0,-0.002905983547100645,-2.683033175809198e-09,2.707963862731462e-09
5.6724545454545464e-05,-0.0,-0.002946950524072063,-2.714338315635613e-09,2.7157487333063904e-09
5.673272727272728e-05,-0.0,-0.0029560372906505717,-2.7160979074491067e-09,2.723032257802436e-09
5.67409090909091e-05,-0.0,-0.002932910069308762,-2.688100289336811e-09,2.729811372778041e-09
5.674909090909092e-05,-0.0,-0.0028776128834788295,-2.6304805996052057e-09,2.736083332067232e-09
5.675727272727274e-05,0.0,-0.00279056997926623,-2.5437216476085353e-09,2.7418457096713315e-09
5.6765454545454555e-05,0.0,-0.002672583481175696,-2.4286504907068012e-09,2.7470964023425576e-09
5.6773636363636374e-05,0.0,-0.002524826275056976,-2.2864307285455262e-09,2.7518336318549466e-09
5.678181818181819e-05,0.0,-0.0023488301748027397,-2.1185505814836522e-09,2.756055946960031e-09
5.679000000000001e-05,0.0,-0.002146469492334213,-1.926806875148249e-09,2.7597622250269693e-09
5.679818181818183e-05,0.0,-0.001919940192213215,-1.7132851070254926e-09,2.7629516733599663e-09
5.680636363636365e-05,0.0,-0.0016717348719557182,-1.480335822969012e-09,2.7656238301980755e-09
5.6814545454545465e-05,0.0,-0.0014046138659492044,-1.2305475807937557e-09,2.7677785653891726e-09
5.682272727272728e-05,0.0,-0.0011215728239885915,-9.667168240584368e-10,2.7694160807414823e-09
5.68309090909091e-05,0.0,-0.000825807164087937,-6.918150310682472e-10,2.77053691005152e-09
5.683909090909092e-05,0.0,-0.0005206738427027646,-4.089535414711976e-10,2.7711419188058083e-09
5.684727272727274e-05,0.0,-0.00020965092318630082,-1.2134649504236615e-10,2.7712323035590613e-09
5.6855454545454556e-05,0.0,0.00010370454534373153,1.677276561088381e-10,2.7708095909874327e-09
5.6863636363636375e-05,0.0,0.00041579980199203084,4.549655800034444e-10,2.7698756366187404e-09
5.687181818181819e-05,0.0,0.0007230502467907771,7.370789456282969e-10,2.768432623240427e-09
5.688000000000001e-05,0.0,0.0010219233480111265,1.0108342479468594e-09,2.7664830589863097e-09
5.688818181818183e-05,0.0,0.0013089820175767894,1.2730920716265246e-09,2.764029775103436e-09
5.689636363636365e-05,0.0,0.0015809268933195955,1.5208452934393695e-09,2.761075923402682e-09
5.6904545454545466e-05,0.0,0.0018346369796450792,1.751255735340646e-09,2.7576249733944298e-09
5.6912727272727284e-05,0.0,0.002067208118429633,1.9616887987656572e-09,2.753680709111526e-09
5.69209090909091e-05,0.0,0.002275988789387294,2.149745635488645e-09,2.7492472256221835e-09
5.692909090909092e-05,0.0,0.0024586127733603786,2.3132924411405767e-09,2.744328925239011e-09
5.693727272727274e-05,0.0,0.0026130282525442723,2.4504864937873885e-09,2.7389305134222974e-09
5.694545454545456e-05,0.0,0.002737522968003819,2.5597986013572046e-09,2.733056994387237e-09
5.6953636363636375e-05,0.0,0.002830745106347281,2.6400316676256134e-09,2.7267136664135864e-09
5.6961818181818194e-05,0.0,0.0028917196433928976,2.6903351363165878e-09,2.719906116866128e-09
5.697000000000001e-05,0.0,0.002919859932330157,2.7102151259931373e-09,2.712640216927785e-09
5.697818181818182e-05,0.0,0.0029149743864290293,2.6995401240780046e-09,2.7049221160504563e-09
5.698636363636364e-05,0.0,0.002877268170931134,2.658542165834298e-09,2.696758236130184e-09
5.699454545454546e-05,0.0,0.0028073398844846117,2.5878134826551614e-09,2.688155265408232e-09
5.700272727272728e-05,-0.0,0.0027061732764616245,2.4882986627952083e-09,2.6791201521068098e-09
5.7010909090909096e-05,-0.0,0.0025751241118243595,2.3612824259263607e-09,2.6696600978020377e-09
5.7019090909090915e-05,-0.0,0.0024159023589930247,2.208373169827603e-09,2.6597825505413716e-09
5.702727272727273e-05,-0.0,0.002230549937551046,2.031482502371628e-09,2.649495197710336e-09
5.703545454545455e-05,-0.0,0.002021414320765914,1.8328010239967941e-09,2.638805958655039e-09
5.704363636363637e-05,-0.0,0.0017911183420221692,1.6147706743650934e-09,2.627722977064352e-09
5.705181818181819e-05,-0.0,0.0015425266036260376,1.3800540012458137e-09,2.616254613121708e-09
5.7060000000000006e-05,-0.0,0.0012787089303868664,1.1315007492392986e-09,2.604409435428671e-09
5.7068181818181824e-05,-0.0,0.001002901348322753,8.721122002361044e-10,2.5921962127089744e-09
5.707636363636364e-05,-0.0,0.0007184651002744672,6.050037260392125e-10,2.5796239052992985e-09
5.708454545454546e-05,-0.0,0.00042884423473121174,3.33366035978546e-10,2.566701656431657e-09
5.709272727272728e-05,-0.0,0.00013752232145798583,6.04256183284093e-11,2.5534387833164903e-09
5.71009090909091e-05,-0.0,-0.0001520211426484033,-2.1059511630876295e-10,2.539844768032409e-09
5.7109090909090915e-05,-0.0,-0.00043635407177190723,-4.765174788793735e-10,2.5259292482274913e-09
5.7117272727272734e-05,-0.0,-0.0007121343130499367,-7.342454264027189e-10,2.511702007642797e-09
5.712545454545455e-05,-0.0,-0.0009761508044670629,-9.808032713810767e-10,2.497172966462814e-09
5.713363636363637e-05,-0.0,-0.0012253628411781705,-1.2133716977308927e-09,2.482352171499758e-09
5.714181818181819e-05,-0.0,-0.001456936949699905,-1.429321628551622e-09,2.467249786222573e-09
5.715000000000001e-05,-0.0,-0.0016682809030323469,-1.6262455206836494e-09,2.451876080633169e-09
5.7158181818181825e-05,-0.0,-0.001857074449509461,-1.8019856961869345e-09,2.4362414210019663e-09
5.716636363636364e-05,-0.0,-0.0020212963734659102,-1.954659361097908e-09,2.420356259469864e-09
5.717454545454546e-05,-0.0,-0.002159247556014863,-2.082680006543849e-09,2.40423112352212e-09
5.718272727272728e-05,-0.0,-0.002269569758657762,-2.184774935897979e-09,2.3878766053470295e-09
5.71909090909091e-05,-0.0,-0.0023512599103394905,-2.259998713464207e-09,2.371303351082797e-09
5.7199090909090916e-05,-0.0,-0.002403679739123162,-2.307742384498362e-09,2.3545220499668016e-09
5.7207272727272735e-05,-0.0,-0.0024265606520565627,-2.327738372441571e-09,2.3375434233928406e-09
5.721545454545455e-05,-0.0,-0.0024200038301838115,-2.320061016314804e-09,2.320378213886236e-09
5.722363636363637e-05,-0.0,-0.002384475569158489,-2.2851227685193184e-09,2.3030371740090532e-09
5.723181818181819e-05,-0.0,-0.0023207979586783957,-2.223666130034118e-09,2.285531055201691e-09
5.724000000000001e-05,-0.0,-0.0022301350551416684,-2.1367514554395113e-09,2.2678705965748917e-09
5.7248181818181826e-05,-0.0,-0.0021139747606989077,-2.0257408135780683e-09,2.2500665136619205e-09
5.7256363636363644e-05,0.0,-0.001974106677461729,-1.8922781402825657e-09,2.23212948714119e-09
5.726454545454546e-05,0.0,-0.0018125962572869989,-1.7382659667886101e-09,2.214070151542799e-09
5.727272727272728e-05,0.0,-0.0016317556146073454,-1.565839050579443e-09,2.1958990839514954e-09
5.72809090909091e-05,0.0,-0.0014341114116085704,-1.3773352739303174e-09,2.1776267927163292e-09
5.728909090909092e-05,0.0,-0.001222370261124535,-1.1752642088280043e-09,2.1592637061854335e-09
5.7297272727272735e-05,0.0,-0.000999382122472402,-9.622737748122041e-10,2.140820161475032e-09
5.7305454545454554e-05,0.0,-0.0007681021887150075,-7.411154382870542e-10,2.1223063932901317e-09
5.731363636363637e-05,0.0,-0.0005315517802330126,-5.146084177012634e-10,2.103732522812628e-09
5.732181818181819e-05,0.0,-0.0002927787688331568,-2.8560336853648526e-10,2.0851085466713624e-09
5.733000000000001e-05,0.0,-5.4818058824230605e-05,-5.6946025169723937e-11,2.0664443260113494e-09
5.733818181818183e-05,0.0,0.00017934735342772903,1.685587266033998e-10,2.047749575682187e-09
5.7346363636363645e-05,0.0,0.0004068242318881739,3.881818821975199e-10,2.029033853559291e-09
5.735454545454546e-05,0.0,0.0006248453743528387,5.993040075853256e-10,2.010306550021337e-09
5.736272727272728e-05,0.0,0.000830803841476044,7.994471585712775e-10,1.991576877601169e-09
5.73709090909091e-05,0.0,0.0010222847071260125,9.863046303991983e-10,1.9728538608315466e-09
5.737909090909092e-05,0.0,0.001197093932899308,1.157768170445901e-09,1.954146326307446e-09
5.7387272727272736e-05,0.0,0.001353284011773299,1.3119523237678391e-09,1.935462892985338e-09
5.7395454545454555e-05,0.0,0.0014891760725222044,1.4472156224064093e-09,1.9168119627422834e-09
5.740363636363637e-05,0.0,0.0016033781869977852,1.5621783740385578e-09,1.898201711221731e-09
5.741181818181819e-05,0.0,0.0016947996759606176,1.6557368531329267e-09,1.8796400789820176e-09
5.742000000000001e-05,0.0,0.0017626612650839758,1.7270737475750905e-09,1.86113476298073e-09
5.742818181818183e-05,0.0,0.0018065010002533642,1.775664765056904e-09,1.8426932084133483e-09
5.7436363636363646e-05,0.0,0.0018261758895465423,1.8012813556669757e-09,1.8243226009320185e-09
5.7444545454545464e-05,0.0,0.0018218592974910907,1.8039895593610665e-09,1.8060298592738126e-09
5.745272727272728e-05,0.0,0.0017940341745542375,1.7841450386046256e-09,1.7878216283188104e-09
5.74609090909091e-05,0.0,0.001743482260535009,1.7423844067760308e-09,1.7697042726043618e-09
5.746909090909092e-05,0.0,0.0016712694538422285,1.6796130112121196e-09,1.7516838703241754e-09
5.747727272727274e-05,0.0,0.0015787275888323054,1.596989375428009e-09,1.7337662078327756e-09
5.7485454545454555e-05,0.0,0.0014674329097749729,1.4959065474477936e-09,1.7159567746805891e-09
5.7493636363636374e-05,0.0,0.0013391815719971873,1.3779706397915378e-09,1.6982607592062097e-09
5.750181818181819e-05,-0.0,0.0011959625377751856,1.244976880979116e-09,1.6806830447049437e-09
5.751000000000001e-05,-0.0,0.0010399282661257387,1.0988835280109537e-09,1.6632282061959442e-09
5.751818181818183e-05,-0.0,0.0008733636213936696,9.417840138008195e-10,1.6459005078115163e-09
5.752636363636365e-05,-0.0,0.0006986534451326599,7.758777226868336e-10,1.628703900824266e-09
5.7534545454545465e-05,-0.0,0.0005182492490082248,6.034398007219879e-10,1.6116420223302771e-09
5.754272727272728e-05,-0.0,0.00033463549318505915,4.267904153214444e-10,1.5947181946037507e-09
5.75509090909091e-05,-0.0,0.0001502959148584479,2.48263880964075e-10,1.577935425138665e-09
5.755909090909092e-05,-0.0,-3.2319634692930374e-05,7.017806405282399e-11,1.561296407384054e-09
5.756727272727274e-05,-0.0,-0.00021082739876971264,-1.0519552915772063e-10,1.5448035221862731e-09
5.7575454545454556e-05,-0.0,-0.00038294054257582044,-2.756605922714028e-10,1.528458839940395e-09
5.7583636363636374e-05,-0.0,-0.0005464981966303622,-4.3912341655835946e-10,1.5122641234555897e-09
5.759181818181819e-05,-0.0,-0.0006994923435445032,-5.936185018993715e-10,1.4962208315358496e-09
5.760000000000001e-05,-0.0,-0.0008400922101835869,-7.373320648906885e-10,1.4803301232689594e-09
5.760818181818183e-05,-0.0,-0.000966665866327858,-8.686231610865254e-10,1.4645928630219269e-09
5.761636363636365e-05,-0.0,-0.0010777987737868337,-9.860421747609342e-10,1.4490096261302249e-09
5.7624545454545466e-05,-0.0,-0.0011723090758627265,-1.0883464688765304e-09,1.4335807052688747e-09
5.7632727272727284e-05,-0.0,-0.0012492594654083396,-1.174513029579907e-09,1.4183061174896006e-09
5.76409090909091e-05,-0.0,-0.0013079655197667122,-1.243747982877695e-09,1.4031856119033249e-09
5.764909090909092e-05,-0.0,-0.0013480004418774058,-1.2954929055689198e-09,1.3882186779834361e-09
5.765727272727274e-05,-0.0,-0.001369196198044269,-1.3294278973779729e-09,1.3734045544680525e-09
5.766545454545456e-05,-0.0,-0.0013716410935423536,-1.3454714259098835e-09,1.3587422388258997e-09
5.7673636363636375e-05,-0.0,-0.0013556738766730544,-1.3437769999239215e-09,1.3442304972563143e-09
5.7681818181818194e-05,-0.0,-0.0013218745093579332,-1.324726768876827e-09,1.3298678751877105e-09
5.769000000000001e-05,-0.0,-0.0012710517872301357,-1.2889221871549706e-09,1.3156527082340459e-09
5.769818181818183e-05,-0.0,-0.0012042280338196976,-1.2371719193533026e-09,1.3015831335707466e-09
5.770636363636365e-05,-0.0,-0.0011226211312708489,-1.1704771978664737e-09,1.2876571016862922e-09
5.7714545454545467e-05,-0.0,-0.001027624183572982,-1.090014875494956e-09,1.273872388463493e-09
5.772272727272728e-05,-0.0,-0.0009207831370988146,-9.971184433346104e-10,1.2602266075442833e-09
5.7730909090909096e-05,-0.0,-0.0008037727069653184,-8.932573075902773e-10,1.2467172229312345e-09
5.7739090909090915e-05,-0.0,-0.0006783709760867149,-7.800146378574172e-10,1.2333415617739235e-09
5.774727272727273e-05,-0.0,-0.0005464330465784044,-6.590641136580036e-10,1.2200968272946346e-09
5.775545454545455e-05,0.0,-0.00040986413028475544,-5.321459054631096e-10,1.2069801117991941e-09
5.776363636363637e-05,0.0,-0.00027059246661639494,-4.010422310336004e-10,1.1939884097249704e-09
5.777181818181819e-05,0.0,-0.00013054245165379565,-2.6755282766279194e-10,1.1811186306755061e-09
5.7780000000000006e-05,0.0,8.391647252604359e-06,-1.3347067590593629e-10,1.1683676123956708e-09
5.7788181818181824e-05,0.0,0.0001443710321551205,-5.583007617241158e-13,1.1557321336342264e-09
5.779636363636364e-05,0.0,0.0002756364311957268,1.2947503773350378e-10,1.1432089268516846e-09
5.780454545454546e-05,0.0,0.0004005305566220917,2.549949706837424e-10,1.1307946907261026e-09
5.781272727272728e-05,0.0,0.0005175186781884468,3.7446219139500805e-10,1.1184861024140407e-09
5.78209090909091e-05,0.0,0.0006252070584137181,4.864509247972348e-10,1.1062798295271566e-09
5.7829090909090915e-05,0.0,0.0007223590317218816,5.896654770493351e-10,1.094172541782972e-09
5.7837272727272734e-05,0.0,0.0008079085475976422,6.829546780546525e-10,1.0821609222956254e-09
5.784545454545455e-05,0.0,0.000880971037943917,7.653240625644842e-10,1.0702416784728935e-09
5.785363636363637e-05,0.0,0.0009408515101960407,8.359456700493051e-10,1.0584115524888774e-09
5.786181818181819e-05,0.0,0.0009870498097911242,8.941653790463431e-10,1.04666733130375e-09
5.787000000000001e-05,0.0,0.001019263037669536,9.395077277165578e-10,1.0350058562073104e-09
5.7878181818181825e-05,0.0,0.0010373851499683377,9.71678208343933e-10,1.0234240318637075e-09
5.788636363636364e-05,0.0,0.001041503807341884,9.905630589662525e-10,1.0119188348394856e-09
5.789454545454546e-05,0.0,0.001031894579829382,9.962266097383352e-10,1.0004873215990212e-09
5.790272727272728e-05,0.0,0.0010090126493372382,9.88906274529114e-10,9.89126635956014e-10
5.79109090909091e-05,0.0,0.0009734821851154631,9.69005309188639e-10,9.778340159702094e-10
5.7919090909090916e-05,0.0,0.0009260835976347157,9.370834864943588e-10,9.66606800283305e-10
5.7927272727272734e-05,0.0,0.000867738902624455,8.938458636280655e-10,9.554424338925528e-10
5.793545454545455e-05,0.0,0.0007994954493871023,8.401298408240893e-10,9.443384733575603e-10
5.794363636363637e-05,0.0,0.0007225082855995656,7.768907293126973e-10,9.332925914451368e-10
5.795181818181819e-05,0.0,0.0006380214444642925,7.051860626314322e-10,9.223025812147121e-10
5.796000000000001e-05,0.0,0.00054734844916226,6.261588976478861e-10,9.113663595498916e-10
5.7968181818181826e-05,0.0,0.00045185233404806827,5.410203601235047e-10,9.004819701481826e-10
5.7976363636363644e-05,0.0,0.0003529254819427162,4.510316943093874e-10,8.896475859758645e-10
5.798454545454546e-05,0.0,0.00025196957232283387,3.574860769193693e-10,8.788615112017101e-10
5.799272727272728e-05,0.0,0.00015037592634364297,2.616904529429695e-10,8.68122182623862e-10
5.80009090909091e-05,-0.0,4.9506521697931054e-05,1.649476442633397e-10,8.574281706051125e-10
5.800909090909092e-05,-0.0,-4.9324066404972535e-05,6.853897211553872e-11,8.467781795328835e-10
5.8017272727272735e-05,-0.0,-0.00014486556201473853,-2.6292378727434977e-11,8.361710478229586e-10
5.8025454545454554e-05,-0.0,-0.00023594751005417405,-1.183570422475913e-10,8.256057474845965e-10
5.803363636363637e-05,-0.0,-0.0003214932356886936,-2.0653400690135654e-10,8.150813832674756e-10
5.804181818181819e-05,-0.0,-0.0004005320823643395,-2.897838327634595e-10,8.045971914097081e-10
5.805000000000001e-05,-0.0,-0.0004722097991048797,-3.6716040109446617e-10,7.941525380109057e-10
5.8058181818181827e-05,-0.0,-0.0005357969785181839,-4.3782107189494066e-10,7.837469170473394e-10
5.8066363636363645e-05,-0.0,-0.0005906954784987208,-5.010351507444314e-10,7.733799480539941e-10
5.807454545454546e-05,-0.0,-0.0006364427923229889,-5.561905927241569e-10,7.630513734940297e-10
5.808272727272728e-05,-0.0,-0.0006727143632242379,-6.027988980744779e-10,7.527610558363736e-10
5.80909090909091e-05,-0.0,-0.0006993238701255395,-6.404981810555011e-10,7.425089743662332e-10
5.809909090909092e-05,-0.0,-0.0007162215405538662,-6.690544198490162e-10,7.322952217469044e-10
5.8107272727272736e-05,-0.0,-0.0007234905744309064,-6.883609209079895e-10,7.221200003547435e-10
5.8115454545454554e-05,-0.0,-0.0007213417880546086,-6.984360555547274e-10,7.119836184101059e-10
5.812363636363637e-05,-0.0,-0.0007101066108076429,-6.994193495346577e-10,7.018864859227933e-10
5.813181818181819e-05,-0.0,-0.0006902285876613849,-6.915660273445912e-10,6.918291104731742e-10
5.814000000000001e-05,-0.0,-0.0006622535581437321,-6.752401322154125e-10,6.818120928484883e-10
5.814818181818183e-05,-0.0,-0.0006268186969160183,-6.509063594100522e-10,6.718361225535748e-10
5.8156363636363646e-05,-0.0,-0.0005846406123227729,-6.191207548164796e-10,6.619019732127638e-10
5.8164545454545464e-05,-0.0,-0.0005365027071578676,-5.805204425272659e-10,6.520104978837169e-10
5.817272727272728e-05,-0.0,-0.0004832420104073467,-5.358125541016354e-10,6.421626242996243e-10
5.81809090909091e-05,-0.0,-0.0004257356899136512,-4.85762538448049e-10,6.323593500530817e-10
5.818909090909092e-05,-0.0,-0.0003648874538414239,-4.3118203473075826e-10,6.226017377433184e-10
5.819727272727274e-05,-0.0,-0.0003016140436441964,-3.729164914164064e-10,6.128909100962107e-10
5.8205454545454555e-05,-0.0,-0.0002368320131118388,-3.118327126164299e-10,6.032280450753436e-10
5.8213636363636373e-05,-0.0,-0.00017144497723977771,-2.488065083405056e-10,5.936143709964662e-10
5.822181818181819e-05,-0.0,-0.000106331501358937,-1.8471061831250647e-10,5.840511616591964e-10
5.823000000000001e-05,-0.0,-4.233378548874267e-05,-1.2040306977934763e-10,5.745397315057424e-10
5.823818181818183e-05,-0.0,1.9752718460602667e-05,-5.6716118473991475e-11,5.650814308224739e-10
5.8246363636363647e-05,-0.0,7.918863787127327e-05,5.5540911955813515e-12,5.556776409918981e-10
5.8254545454545465e-05,0.0,0.0001352988602589801,6.565702531936263e-11,5.46329769805487e-10
5.826272727272728e-05,0.0,0.00018747948590478453,1.2289631357016411e-10,5.370392468506551e-10
5.82709090909091e-05,0.0,0.00023520349573602468,1.7663726774109898e-10,5.278075189746718e-10
5.827909090909092e-05,0.0,0.0002780250993535522,2.2631329500375926e-10,5.186360458385407e-10
5.828727272727274e-05,0.0,0.00031558274931069424,2.714311533411109e-10,5.09526295568203e-10
5.8295454545454556e-05,0.0,0.0003476008283990274,3.115750149600386e-10,5.004797405057991e-10
5.8303636363636374e-05,0.0,0.0003738900364802294,3.4640932172940353e-10,4.914978530738638e-10
5.831181818181819e-05,0.0,0.00039434652204055386,3.7568043455389975e-10,4.82582101751915e-10
5.832000000000001e-05,0.0,0.00040894982088212164,3.9921709582611973e-10,4.737339471751884e-10
5.832818181818183e-05,0.0,0.0004177596799816316,4.16929740460083e-10,4.6495483835815023e-10
5.833636363636365e-05,0.0,0.0004209118583541329,4.2880870629230366e-10,4.562462090476497e-10
5.8344545454545466e-05,0.0,0.0004186130086051081,4.3492140864158534e-10,4.4760947420916245e-10
5.8352727272727284e-05,0.0,0.0004111347526242984,4.3540855638391444e-10,4.390460266480096e-10
5.83609090909091e-05,0.0,0.0003988070724944084,4.304794978915842e-10,4.3055723377187005e-10
5.836909090909092e-05,0.0,0.0003820111431202587,4.204067944824697e-10,4.2214443449271537e-10
5.837727272727274e-05,0.0,0.0003611717363289212,4.0552012656408134e-10,4.138089362720153e-10
5.838545454545456e-05,0.0,0.00033674932728355335,3.861996433741649e-10,4.055520123111248e-10
5.8393636363636375e-05,0.0,0.0003092320330610774,3.6286887110200516e-10,3.9737489888625704e-10
5.8401818181818193e-05,0.0,0.00027912751026634545,3.359872962264114e-10,3.8927879282983033e-10
5.841000000000001e-05,0.0,0.0002469549337221749,3.0604274116726735e-10,3.812648491589561e-10
5.841818181818183e-05,0.0,0.0002132371717405544,2.7354364787526324e-10,3.7333417884808917e-10
5.842636363636365e-05,0.0,0.00017849326542167048,2.390113818726997e-10,3.6548784675052796e-10
5.8434545454545466e-05,0.0,0.0001432313100374359,2.029726646024441e-10,3.5772686966237205e-10
5.8442727272727285e-05,0.0,0.00010794182604142449,1.6595223588907664e-10,3.500522145321313e-10
5.84509090909091e-05,0.0,7.309169582404208e-05,1.284658409882359e-10,3.42464796813749e-10
5.845909090909092e-05,0.0,3.911873022342467e-05,9.101362827653174e-11,3.3496547895952695e-10
5.846727272727273e-05,0.0,6.4269162343593745e-06,5.407403427122372e-11,3.27555069054174e-10
5.847545454545455e-05,0.0,-2.461761544733969e-05,1.8098222549465173e-11,3.202343195860333e-10
5.848363636363637e-05,0.0,-5.3689877232401635e-05,-1.6494867561692873e-11,3.130039263541292e-10
5.849181818181819e-05,0.0,-8.050855262294016e-05,-4.932281773695755e-11,3.0586452750748746e-10
5.8500000000000006e-05,-0.0,-0.00010483776445629143,-8.004333935871447e-11,2.9881670271769693e-10
5.8508181818181824e-05,-0.0,-0.00012648809418425782,-1.0835717201613397e-10,2.9186097247638436e-10
5.851636363636364e-05,-0.0,-0.00014531687393378332,-1.3401026082038468e-10,2.8499779751928867e-10
5.852454545454546e-05,-0.0,-0.00016122778319572413,-1.5679521244462255e-10,2.7822757837350665e-10
5.853272727272728e-05,-0.0,-0.00017416979109773323,-1.7655204022137342e-10,2.7155065502226835e-10
5.85409090909091e-05,-0.0,-0.00018413549323578006,-1.931682184628255e-10,2.6496730668576607e-10
5.8549090909090915e-05,-0.0,-0.00019115889888975888,-2.0657807528667434e-10,2.584777517164345e-10
5.8557272727272734e-05,-0.0,-0.00019531273007779924,-2.1676156152067385e-10,2.520821476008976e-10
5.856545454545455e-05,-0.0,-0.00019670529827941704,-2.237424406388546e-10,2.4578059106982417e-10
5.857363636363637e-05,-0.0,-0.00019547702777001196,-2.2758595107501738e-10,2.3957311830997604e-10
5.858181818181819e-05,-0.0,-0.00019179669637094218,-2.2839599761159343e-10,2.334597052737666e-10
5.8590000000000007e-05,-0.0,-0.00018585746506383262,-2.2631193282305326e-10,2.2744026808636222e-10
5.8598181818181825e-05,-0.0,-0.00017787276739699876,-2.2150499274273374e-10,2.2151466354360876e-10
5.860636363636364e-05,-0.0,-0.00016807212799435734,-2.1417445301782941e-10,2.1568268969796124e-10
5.861454545454546e-05,-0.0,-0.0001566969768456901,-2.0454357284495398e-10,2.0994408653146196e-10
5.862272727272728e-05,-0.0,-0.00014399652250704902,-1.9285539396458903e-10,2.0429853670766332e-10
5.86309090909091e-05,-0.0,-0.0001302237429778541,-1.79368460984738e-10,1.987456664042742e-10
5.8639090909090916e-05,-0.0,-0.00011563154796199218,-1.643525273717399e-10,1.9328504621921238e-10
5.8647272727272734e-05,-0.0,-0.00010046916058493457,-1.4808430864951592e-10,1.8791619214985882e-10
5.865545454545455e-05,-0.0,-8.497876055127811e-05,-1.3084334077901988e-10,1.8263856664013976e-10
5.866363636363637e-05,-0.0,-6.939242431124467e-05,-1.1290799743669898e-10,1.774515796937423e-10
5.867181818181819e-05,-0.0,-5.3929391183292036e-05,-9.455171506952209e-11,1.7235459005127342e-10
5.868000000000001e-05,-0.0,-3.879367767315727e-05,-7.60394692732135e-11,1.673469064270995e-10
5.8688181818181826e-05,-0.0,-2.4172055553025496e-05,-5.7624540335045495e-11,1.6242778880583756e-10
5.8696363636363644e-05,-0.0,-1.0232402727076224e-05,-3.954559978932168e-11,1.5759644979469009e-10
5.870454545454546e-05,-0.0,2.8775703885666023e-06,-2.202414367773458e-11,1.528520560296614e-10
5.871272727272728e-05,-0.0,1.5031222212930308e-05,-5.262291970715658e-12,1.4819372963720936e-10
5.87209090909091e-05,-0.0,2.6123517877994815e-05,1.0559032598156348e-11,1.4362054974642257e-10
5.872909090909092e-05,-0.0,3.607121752827488e-05,2.5281539124791054e-11,1.3913155405476287e-10
5.8737272727272735e-05,-0.0,4.481273348952723e-05,3.877061527864373e-11,1.3472574044559044e-10
5.8745454545454553e-05,-0.0,5.230767873464186e-05,5.0915990527547653e-11,1.3040206865827027e-10
5.875363636363637e-05,0.0,5.853613244841074e-05,6.163202542805577e-11,1.2615946201472453e-10
5.876181818181819e-05,0.0,6.349765124106801e-05,7.085764140883975e-11,1.2199680920239787e-10
5.877000000000001e-05,0.0,6.721005667732279e-05,7.855590985545586e-11,1.1791296611878492e-10
5.8778181818181826e-05,0.0,6.970803127807584e-05,8.471332318740657e-11,1.1390675778324231e-10
5.8786363636363645e-05,0.0,7.104155603078888e-05,8.933877396302218e-11,1.0997698032239678e-10
5.879454545454546e-05,0.0,7.127422273528102e-05,9.246227084142645e-11,1.0612240303724329e-10
5.880272727272728e-05,0.0,7.04814542471979e-05,9.41334224606202e-11,1.0234177056632483e-10
5.88109090909091e-05,0.0,6.874866490263912e-05,9.441972195257602e-11,9.86338051568072e-11
5.881909090909092e-05,0.0,6.616939216264059e-05,9.340466592157543e-11,9.499720906259886e-11
5.8827272727272736e-05,0.0,6.284342885860565e-05,9.11857422735295e-11,9.143066709588166e-11
5.8835454545454554e-05,0.0,5.887498340560348e-05,8.787232132417793e-11,8.793284935653233e-11
5.884363636363637e-05,0.0,5.4370893037769286e-05,8.35834841684798e-11,8.450241418198552e-11
5.885181818181819e-05,0.0,4.943891256829202e-05,7.844582138846376e-11,8.11380113612641e-11
5.886000000000001e-05,0.0,4.4186098446079515e-05,7.259123386197885e-11,7.783828567514848e-11
5.886818181818183e-05,0.0,3.8717305032468836e-05,6.615476574824694e-11,7.460188083810122e-11
5.8876363636363646e-05,0.0,3.313380711278498e-05,5.927249771724786e-11,7.142744394093254e-11
5.8884545454545464e-05,0.0,2.75320597440377e-05,5.207952620971922e-11,6.831363051893902e-11
5.889272727272728e-05,0.0,2.2002603671908103e-05,4.4708052009990926e-11,6.525911041296268e-11
5.89009090909091e-05,0.0,1.662912177307489e-05,3.728559873494184e-11,6.226257463602693e-11
5.890909090909092e-05,0.0,1.1487649334077759e-05,2.993337904501033e-11,5.932274352744652e-11
5.891727272727274e-05,0.0,6.645938501863539e-06,2.276482350402019e-11,5.643837657596319e-11
5.8925454545454555e-05,0.0,2.1629749649354544e-06,1.58842841126938e-11,5.3608284411613035e-11
5.893363636363637e-05,0.0,-1.9113571278473616e-06,9.385921644968878e-12,5.083134365826088e-11
5.894181818181819e-05,0.0,-5.536467813645337e-06,3.3527830786264393e-12,4.810651558160029e-11
5.895000000000001e-05,0.0,-8.681118886616169e-06,-2.143927339698707e-12,4.543286984069205e-11
5.895818181818183e-05,0.0,-1.132335505045029e-05,-7.04538248873615e-12,4.2809615170777133e-11
5.8966363636363646e-05,0.0,-1.3450318346922511e-05,-1.1305473802610311e-11,4.0236139602164566e-11
5.8974545454545465e-05,0.0,-1.5057956336301999e-05,-1.489096362970683e-11,3.7712063966641803e-11
5.898272727272728e-05,0.0,-1.6150635039756653e-05,-1.7781454540589405e-11,3.523731418348953e-11
5.89909090909091e-05,0.0,-1.6740667955102412e-05,-1.996918353222254e-11,3.2812220475607937e-11
5.899909090909092e-05,0.0,-1.684777254350034e-05,-2.145865078983261e-11,3.0437655809872334e-11
5.900727272727274e-05,-0.0,-1.649846547694124e-05,-2.226609416822802e-11,2.8115232380888496e-11
5.9015454545454556e-05,-0.0,-1.5725407657333616e-05,-2.241882183383085e-11,2.5847585379442567e-11
5.9023636363636374e-05,-0.0,-1.456670959189468e-05,-2.195441657636898e-11,2.3638790020633143e-11
5.903181818181819e-05,-0.0,-1.3065207161894363e-05,-2.091982615101176e-11,2.1494984673116372e-11
5.904000000000001e-05,-0.0,-1.126771717931076e-05,-1.9370354664729556e-11,1.942531517865247e-11
5.904818181818183e-05,-0.0,-9.224281415597694e-06,-1.736857047723334e-11,1.7443377918289382e-11
5.905636363636365e-05,-0.0,-6.987407034604656e-06,-1.498314636265892e-11,1.5569416200539364e-11
5.9064545454545465e-05,-0.0,-4.6113105919384975e-06,-1.2287647784553324e-11,1.3833562335961049e-11
5.9072727272727284e-05,-0.0,-2.1511719977832406e-06,-9.359285088590124e-12,1.2280200045253685e-11
5.90809090909091e-05,-0.0,3.3759590051725667e-07,-6.277645225930107e-12,1.0972418626285511e-11
5.908909090909092e-05,-0.0,2.800057157825824e-06,-3.1234183062866246e-12,9.992397351400401e-12
5.909727272727274e-05,-0.0,5.1824376738541585e-06,2.2866154715386564e-14,9.428782850974558e-12
5.910545454545456e-05,-0.0,7.4327814891505875e-06,3.082078954648763e-12,9.344479680157008e-12
5.9113636363636375e-05,-0.0,9.501575173721005e-06,5.977693170388615e-12,9.741129580259651e-12
5.912181818181819e-05,-0.0,1.1342337452348475e-05,8.636935346947827e-12,1.0555922774191597e-11
5.913000000000001e-05,-0.0,1.2912171529265407e-05,1.0991873640761339e-11,1.169494973887469e-11
5.913818181818183e-05,-0.0,1.417227780812892e-05,1.2980431473676435e-11,1.306846608156103e-11
5.914636363636365e-05,-0.0,1.5088424854779094e-05,1.4547316117028666e-11,1.460653957704243e-11
5.9154545454545466e-05,-0.0,1.5631376526538582e-05,1.56448525453338e-11,1.625966352206643e-11
5.9162727272727285e-05,-0.0,1.577727320256204e-05,1.6233713850998483e-11,1.7994132051460878e-11
5.91709090909091e-05,-0.0,1.5507965007493398e-05,1.6283540508181394e-11,1.9787226922694122e-11
5.917909090909092e-05,-0.0,1.4811294839854106e-05,1.577344180131942e-11,2.1623585501673733e-11
5.918727272727274e-05,-0.0,1.3681328912568044e-05,1.4692373800358486e-11,2.3492734072086392e-11
5.919545454545456e-05,-0.0,1.2118532401823875e-05,1.3039389362190993e-11,2.5387471234137534e-11
5.9203636363636376e-05,-0.0,1.0129887698755116e-05,1.0823756771955853e-11,2.7302814887158058e-11
5.921181818181819e-05,-0.0,7.728952683584756e-06,8.064944805336017e-12,2.923531114872401e-11
5.9220000000000006e-05,-0.0,4.935856411599006e-06,4.792473191583754e-12,3.118257449646742e-11
5.9228181818181824e-05,-0.0,1.7772296315260898e-06,1.0456286950229465e-12,3.31429766729727e-11
5.923636363636364e-05,-0.0,-1.713932335173603e-06,-3.126951706091266e-12,3.511543254467849e-11
5.924454545454546e-05,-0.0,-5.498476627922532e-06,-7.667827767007254e-12,3.7099250129073715e-11
5.925272727272728e-05,0.0,-9.531371769026475e-06,-1.2511428956968426e-11,3.9094023800731874e-11
5.92609090909091e-05,0.0,-1.3762060041564803e-05,-1.7584848040930286e-11,4.109955702620644e-11
5.9269090909090915e-05,0.0,-1.8134884366247266e-05,-2.2808748478924722e-11,4.311580562838772e-11
5.9277272727272733e-05,0.0,-2.258959007552122e-05,-2.8098377508064193e-11,4.514283553847151e-11
5.928545454545455e-05,0.0,-2.7061901217814528e-05,-3.336467542484403e-11,4.7180790929832954e-11
5.929363636363637e-05,0.0,-3.148417014249971e-05,-3.851547025869866e-11,4.922986989251411e-11
5.930181818181819e-05,0.0,-3.578609812427314e-05,-4.3456745738506585e-11,5.1290305664385206e-11
5.9310000000000006e-05,0.0,-3.9895523694521745e-05,-4.809396921347136e-11,5.3362352005897725e-11
5.9318181818181825e-05,0.0,-4.3739274170110533e-05,-5.233346501709479e-11,5.5446271705484217e-11
5.932636363636364e-05,0.0,-4.724407462320276e-05,-5.608381768342993e-11,5.754232748252797e-11
5.933454545454546e-05,0.0,-5.033750723905818e-05,-5.925728844754514e-11,5.965077474317299e-11
5.934272727272728e-05,0.0,-5.294901268549821e-05,-6.177122761925189e-11,6.177185579222397e-11
5.93509090909091e-05,0.0,-5.501092379384105e-05,-6.354946472547235e-11,6.390579519917449e-11
5.9359090909090916e-05,0.0,-5.6459520554279616e-05,-6.452365779528057e-11,6.605279609140019e-11
5.9367272727272734e-05,0.0,-5.723609418763249e-05,-6.463458283257125e-11,6.821303720660958e-11
5.937545454545455e-05,0.0,-5.728800689975779e-05,-6.383334440712748e-11,7.038667056704644e-11
5.938363636363637e-05,0.0,-5.656973288521166e-05,-6.2082488410914e-11,7.257381968032581e-11
5.939181818181819e-05,0.0,-5.504386525406355e-05,-5.935699838787082e-11,7.477457818536344e-11
5.940000000000001e-05,0.0,-5.268207284088494e-05,-5.56451574717978e-11,7.698900888307511e-11
5.9408181818181826e-05,0.0,-4.9465990346938295e-05,-5.094925886092039e-11,7.921714310807113e-11
5.9416363636363644e-05,0.0,-4.538802499208292e-05,-4.5286148931517245e-11,8.145898040014648e-11
5.942454545454546e-05,0.0,-4.045206283554368e-05,-3.86875885504714e-11,8.37144884514196e-11
5.943272727272728e-05,0.0,-3.467405818516189e-05,-3.1200419879962105e-11,8.598360330579699e-11
5.94409090909091e-05,0.0,-2.808249007054886e-05,-2.2886527979721086e-11,8.826622979417413e-11
5.944909090909092e-05,0.0,-2.0718670620140244e-05,-1.3822588783945651e-11,9.05622421935217e-11
5.9457272727272735e-05,0.0,-1.2636891363812165e-05,-4.0995975515896055e-12,9.287148509988609e-11
5.946545454545455e-05,0.0,-3.904394983809696e-06,6.177825365179835e-12,9.519377450958677e-11
5.947363636363637e-05,0.0,5.398838146540637e-06,1.689235164239241e-11,9.752889910286559e-11
5.948181818181819e-05,0.0,1.5180497174149662e-05,2.791508209171112e-11,9.987662173032419e-11
5.949000000000001e-05,0.0,2.5336547851896243e-05,3.910689760274938e-11,1.0223668109598577e-10
5.9498181818181826e-05,0.0,3.575204294014769e-05,5.032001443377632e-11,1.0460879364198748e-10
5.9506363636363645e-05,-0.0,4.630213644047099e-05,6.139973098489162e-11,1.0699265563195508e-10
5.951454545454546e-05,-0.0,5.685329904532915e-05,7.218634980959565e-11,1.093879454367792e-10
5.952272727272728e-05,-0.0,6.726472888804887e-05,8.251725530096385e-11,1.1179432602294608e-10
5.95309090909091e-05,-0.0,7.738994825711838e-05,9.22291242791464e-11,1.1421144764799924e-10
5.953909090909092e-05,-0.0,8.707857344859477e-05,1.011602436612304e-10,1.1663895076470578e-10
5.9547272727272736e-05,-0.0,9.617824142466757e-05,1.091529065769133e-10,1.190764691359944e-10
5.9555454545454554e-05,-0.0,0.0001045366734835757,1.1605585574964095e-10,1.2152363316604307e-10
5.956363636363637e-05,-0.0,0.00011200385278785156,1.217267407583147e-10,1.2398007344859745e-10
5.957181818181819e-05,-0.0,0.00011843428940846879,1.2603455397558435e-10,1.2644542453493924e-10
5.958000000000001e-05,-0.0,0.00012368934358703893,1.288620085979558e-10,1.2891932892678175e-10
5.958818181818183e-05,-0.0,0.0001276395752611962,1.301078212846702e-10,1.3140144129244888e-10
5.9596363636363645e-05,-0.0,0.00013016708560230458,1.2968886154714542e-10,1.3389143291102063e-10
5.9604545454545464e-05,-0.0,0.00013116781443958458,1.2754213021183458e-10,1.3638899634412393e-10
5.961272727272728e-05,-0.0,0.00013055375604735577,1.2362653004725286e-10,1.3889385033493684e-10
5.96209090909091e-05,-0.0,0.00012825505490458337,1.1792439300937768e-10,1.414057449359028e-10
5.962909090909092e-05,-0.0,0.0001242219427445395,1.1044273054204726e-10,1.4392446686014253e-10
5.963727272727274e-05,-0.0,0.00011842647853568117,1.0121417595906066e-10,1.464498450576709e-10
5.9645454545454555e-05,-0.0,0.00011086405400242168,9.029759112764883e-11,1.489817565066641e-10
5.965363636363637e-05,-0.0,0.00010155462892638873,7.777831345321301e-11,1.5152013221944697e-10
5.966181818181819e-05,-0.0,9.054366277514258e-05,6.376802348891493e-11,1.5406496345182144e-10
5.967000000000001e-05,-0.0,7.790271218579473e-05,4.8404218339222434e-11,1.5661630810488096e-10
5.967818181818183e-05,-0.0,6.37296674737253e-05,3.1849281322822825e-11,1.5917429731179611e-10
5.9686363636363646e-05,-0.0,4.8148605617537816e-05,1.428914406109962e-11,1.6173914219002777e-10
5.9694545454545465e-05,-0.0,3.130924205367292e-05,-4.068456816178139e-12,1.6431114074323335e-10
5.970272727272728e-05,-0.0,1.3385969048399892e-05,-2.299611988072417e-11,1.6689068489511888e-10
5.97109090909091e-05,-0.0,-5.42352565995158e-06,-4.2249301132308715e-11,1.6947826762653948e-10
5.971909090909092e-05,-0.0,-2.4900059912076892e-05,-6.156919684063316e-11,1.7207449019341507e-10
5.972727272727274e-05,-0.0,-4.480517115688849e-05,-8.068595913785552e-11,1.7468006939189123e-10
5.9735454545454556e-05,-0.0,-6.488372982328793e-05,-9.932221016902593e-11,1.7729584483611303e-10
5.9743636363636374e-05,-0.0,-8.486693134024093e-05,-1.1719681453058418e-10,1.7992278621174268e-10
5.975181818181819e-05,0.0,-0.00010447563902473183,-1.3402886399708956e-10,1.825620004571422e-10
5.976000000000001e-05,0.0,-0.00012342404306067895,-1.495418232762105e-10,1.8521473883025192e-10
5.976818181818183e-05,0.0,-0.00014142359400623244,-1.634677808314126e-10,1.8788240380238414e-10
5.977636363636365e-05,0.0,-0.00015818716281573237,-1.75551744780354e-10,1.9056655572553555e-10
5.9784545454545465e-05,0.0,-0.00017343337337052467,-1.8555592060946536e-10,1.9326891921009764e-10
5.9792727272727284e-05,0.0,-0.00018689104810325465,-1.9326390501906523e-10,1.9599138914452151e-10
5.98009090909091e-05,0.0,-0.0001983037025930433,-1.9848472871493371e-10,1.987360362874535e-10
5.980909090909092e-05,0.0,-0.00020743402111774535,-2.0105668044957998e-10,2.0150511235689323e-10
5.981727272727274e-05,0.0,-0.00021406824217930752,-2.0085084514300316e-10,2.0430105453598745e-10
5.982545454545456e-05,0.0,-0.00021802038106352479,-1.97774290514451e-10,2.0712648931435745e-10
5.9833636363636375e-05,0.0,-0.00021913621563834394,-1.917728393572878e-10,2.0998423558161882e-10
5.984181818181819e-05,0.0,-0.000217296961903171,-1.8283336838436864e-10,2.1287730688312281e-10
5.985000000000001e-05,0.0,-0.00021242256732688448,-1.709855794622354e-10,2.1580891275780637e-10
5.985818181818183e-05,0.0,-0.00020447455278737865,-1.5630319498605214e-10,2.187824590650115e-10
5.986636363636365e-05,0.0,-0.00019345833796326062,-1.3890453609717985e-10,2.218015472239269e-10
5.9874545454545466e-05,0.0,-0.00017942499032060763,-1.189524503185704e-10,2.2486997228220795e-10
5.9882727272727284e-05,0.0,-0.00016247234435493304,-9.665356391225042e-11,2.279917197389699e-10
5.98909090909091e-05,0.0,-0.00014274544543952498,-7.225684373285728e-11,2.3117096105944817e-10
5.989909090909092e-05,0.0,-0.00012043628142280677,-4.605146343907223e-11,2.3441204781783897e-10
5.990727272727274e-05,0.0,-9.578277491356188e-05,-1.8363979508995972e-11,2.3771950442541103e-10
5.991545454545456e-05,0.0,-6.906701987593604e-05,1.044516658549179e-11,2.410980194103257e-10
5.9923636363636376e-05,0.0,-4.0612757587519787e-05,3.9985792596337616e-11,2.4455243522629463e-10
5.9931818181818194e-05,0.0,-1.0782099036326953e-05,6.984272756050653e-11,2.480877365913835e-10
5.994000000000001e-05,0.0,2.0028486727549048e-05,9.958112223593752e-11,2.5170903736866265e-10
5.994818181818183e-05,0.0,5.1392886100570616e-05,1.2875225786472125e-10,2.5542156602673486e-10
5.995636363636364e-05,0.0,8.286071141186293e-05,1.5689978317958632e-10,2.592306497284472e-10
5.996454545454546e-05,0.0,0.00011396327098845733,1.8356630024765416e-10,2.63141697128795e-10
5.997272727272728e-05,0.0,0.00014422006928553664,2.083002113160162e-10,2.6716017997202285e-10
5.99809090909091e-05,0.0,0.0001731457560713903,2.3066273145468253e-10,2.7129161360245463e-10
5.9989090909090915e-05,0.0,0.00020025743299848339,2.502349656469532e-10,2.755415365249376e-10
5.999727272727273e-05,0.0,0.0002250822162844345,2.6662494419008834e-10,2.7991548916160165e-10
6.000545454545455e-05,-0.0,0.00024716494587402767,2.7947450698078647e-10,2.844189919732004e-10
6.001363636363637e-05,-0.0,0.0002660759245480166,2.88465925563915e-10,2.89057523118836e-10
6.002181818181819e-05,-0.0,0.00028141856516298674,2.933281518199156e-10,2.938364958439353e-10
6.0030000000000006e-05,-0.0,0.00029283682070533316,2.938425839054725e-10,2.987612357865161e-10
6.0038181818181825e-05,-0.0,0.0003000222702535359,2.8984824359192774e-10,3.0383695839835387e-10
6.004636363636364e-05,-0.0,0.0003027207343707252,2.8124626446078013e-10,3.090687466736949e-10
6.005454545454546e-05,-0.0,0.00030073829596837795,2.680035975118373e-10,3.144615293739526e-10
6.006272727272728e-05,-0.0,0.0002939466073344389,2.50155849550503e-10,3.2002005992978855e-10
6.00709090909091e-05,-0.0,0.0002822873708141059,2.278091801798635e-10,3.257488961847407e-10
6.0079090909090916e-05,-0.0,0.0002657758895421264,2.0114119521537492e-10,3.316523811383408e-10
6.0087272727272734e-05,-0.0,0.0002445035955874316,1.704007877274479e-10,3.377346248175433e-10
6.009545454545455e-05,-0.0,0.0002186394757819249,1.359068925415296e-10,3.4399948739912713e-10
6.010363636363637e-05,-0.0,0.00018843033022549233,9.804613568254574e-11,3.5045056367267244e-10
6.011181818181819e-05,-0.0,0.00015419981481341492,5.7269376745907295e-11,3.5709116891711656e-10
6.012000000000001e-05,-0.0,0.00011634623691124072,1.408715925434543e-11,3.639243262467456e-10
6.0128181818181825e-05,-0.0,7.533909226500502e-05,-3.0935898512561655e-11,3.7095275544743033e-10
6.0136363636363644e-05,-0.0,3.17143511111272e-05,-7.718772223380123e-11,3.78178863319007e-10
6.014454545454546e-05,-0.0,-1.3931478056393421e-05,-1.2401634253042225e-10,3.856047355086916e-10
6.015272727272728e-05,-0.0,-6.094845781254844e-05,-1.707383141241558e-10,3.932321298048724e-10
6.01609090909091e-05,-0.0,-0.00010864143421897145,-2.1664789303746584e-10,4.010624708512227e-10
6.016909090909092e-05,-0.0,-0.0001562792619604929,-2.6102685670168053e-10,4.090968462169886e-10
6.0177272727272735e-05,-0.0,-0.00020310493219559194,-3.031548381621537e-10,4.1733600375822785e-10
6.018545454545455e-05,-0.0,-0.0002483464745724018,-3.4232003347247184e-10,4.257803501899893e-10
6.019363636363637e-05,-0.0,-0.0002912284877557867,-3.7783013109303805e-10,4.3442995078376e-10
6.020181818181819e-05,-0.0,-0.00033098413747844035,-4.090233038763876e-10,4.432845301030736e-10
6.021000000000001e-05,-0.0,-0.0003668674478883148,-4.3527909822754033e-10,4.523434736849759e-10
6.0218181818181826e-05,-0.0,-0.00039816570110973545,-4.560290514306671e-10,4.616058305773265e-10
6.0226363636363644e-05,-0.0,-0.00042421175172953297,-4.707668670768841e-10,4.710703166412437e-10
6.023454545454546e-05,-0.0,-0.00044439605758998064,-4.790579800902103e-10,4.807353185334847e-10
6.024272727272728e-05,-0.0,-0.0004581782260044183,-4.805483470993934e-10,4.905988982861015e-10
6.02509090909091e-05,0.0,-0.00046509787545139403,-4.749723048419397e-10,5.006587984032736e-10
6.025909090909092e-05,0.0,-0.000464784617041936,-4.621593488943013e-10,5.109124474090455e-10
6.0267272727272736e-05,0.0,-0.00045696696763229607,-4.4203969721655597e-10,5.213569657748356e-10
6.0275454545454554e-05,0.0,-0.0004414800173559283,-4.1464851766850297e-10,5.319891721709807e-10
6.028363636363637e-05,0.0,-0.0004182716885016844,-3.801287156330211e-10,5.428055899882733e-10
6.029181818181819e-05,0.0,-0.00038740743994138355,-3.387321969689765e-10,5.538024540849357e-10
6.030000000000001e-05,0.0,-0.0003490732915236606,-2.908195424731631e-10,5.649757177152804e-10
6.030818181818183e-05,0.0,-0.0003035770657615055,-2.368580525671502e-10,5.763210596109574e-10
6.0316363636363645e-05,0.0,-0.0002513477694540353,-1.7741814474259404e-10,5.878338911830805e-10
6.0324545454545464e-05,0.0,-0.00019293306525469176,-1.1316811104688664e-10,5.99509363821889e-10
6.033272727272728e-05,0.0,-0.00012899481223876123,-4.486726820394703e-11,6.113423762767583e-10
6.03409090909091e-05,0.0,-6.03026848035352e-05,2.664244153456863e-11,6.233275821005356e-10
6.034909090909092e-05,0.0,1.2274089708553951e-05,1.0044631543403886e-10,6.354593971496422e-10
6.035727272727274e-05,0.0,8.77768029301429e-05,1.7556811317798684e-10,6.477320071278314e-10
6.0365454545454555e-05,0.0,0.00016516904407918377,2.509825059553687e-10,6.601393751754605e-10
6.037363636363637e-05,0.0,0.00024335005203157662,3.256285978498098e-10,6.726752494955797e-10
6.038181818181819e-05,0.0,0.00032116947852368807,3.984243452514311e-10,6.853331710188901e-10
6.039000000000001e-05,0.0,0.0003974433728346074,4.682816817940851e-10,6.981064811105521e-10
6.039818181818183e-05,0.0,0.00047097117326984946,5.341221406235814e-10,7.109883293158053e-10
6.0406363636363646e-05,0.0,0.0005405534685078144,5.948927529427559e-10,7.239716811528309e-10
6.0414545454545464e-05,0.0,0.0006050102728232372,6.495819920130503e-10,7.370493259540728e-10
6.042272727272728e-05,0.0,0.0006631995437723498,6.9723552537111e-10,7.502138847576123e-10
6.04309090909091e-05,0.0,0.0007140356594669787,7.369715351005566e-10,7.634578182578366e-10
6.043909090909092e-05,0.0,0.0007565075653762005,7.679953667327662e-10,7.767734348153899e-10
6.044727272727274e-05,0.0,0.0007896962979073414,7.896132717920341e-10,7.901528985306359e-10
6.0455454545454556e-05,0.0,0.0008127915939966302,8.012450171836889e-10,8.035882373868365e-10
6.0463636363636374e-05,0.0,0.0008251073026738607,8.024351464894686e-10,8.170713514604315e-10
6.047181818181819e-05,0.0,0.0008260953260681216,7.92862693690958e-10,8.30594021209039e-10
6.048000000000001e-05,0.0,0.0008153578335264778,7.723491687198739e-10,8.441479158285111e-10
6.048818181818183e-05,0.0,0.0007926575132768355,7.40864656317229e-10,8.57724601690951e-10
6.049636363636365e-05,0.0,0.0007579256511519328,6.985318946876059e-10,8.713155508552997e-10
6.0504545454545465e-05,-0.0,0.000711267854997202,6.456282280431555e-10,8.849121496540556e-10
6.0512727272727284e-05,-0.0,0.0006529672761305713,5.825853569508892e-10,8.985057073557171e-10
6.05209090909091e-05,-0.0,0.0005834852151570832,5.099868420191688e-10,9.120874648983899e-10
6.052909090909092e-05,-0.0,0.0005034590380514837,4.2856334941835554e-10,9.25648603693554e-10
6.053727272727274e-05,-0.0,0.00041369736913638545,3.3918566054035645e-10,9.391802544951996e-10
6.0545454545454557e-05,-0.0,0.0003151725697818688,2.4285550225100995e-10,9.526735063319767e-10
6.0553636363636375e-05,-0.0,0.00020901055467494804,1.406942881482829e-10,9.661194154957154e-10
6.056181818181819e-05,-0.0,9.647804066656149e-05,3.392989447360892e-11,9.795090145809186e-10
6.057000000000001e-05,-0.0,-2.1032634204800504e-05,-7.611837369540506e-11,9.928333215696384e-10
6.057818181818183e-05,-0.0,-0.00014202094259996325,-1.8805644014706716e-10,1.0060833489542732e-09
6.058636363636365e-05,-0.0,-0.0002648976324316776,-3.0043352539439393e-10,1.0192501128909165e-09
6.0594545454545466e-05,-0.0,-0.00038800596917479063,-4.117613858012622e-10,1.0323246423740305e-09
6.0602727272727284e-05,-0.0,-0.0005096444676875436,-5.205344631399937e-10,1.0452979884269275e-09
6.06109090909091e-05,-0.0,-0.0006280907958988583,-6.252506654002368e-10,1.058161233293582e-09
6.061909090909092e-05,-0.0,-0.0007416265078175845,-7.244324852740734e-10,1.070905499629672e-09
6.062727272727274e-05,-0.0,-0.0008485622434163653,-8.166481525925523e-10,1.0835219596739728e-09
6.063545454545456e-05,-0.0,-0.0009472630184571665,-9.005325113076328e-10,1.0960018443978609e-09
6.0643636363636376e-05,-0.0,-0.0010361732185980468,-9.748073105672053e-10,1.1083364526183091e-09
6.0651818181818194e-05,-0.0,-0.0011138409094027149,-1.0383006031026813e-09,1.1205171600613368e-09
6.066000000000001e-05,-0.0,-0.0011789410773215387,-1.0899649525682868e-09,1.1325354283709228e-09
6.066818181818183e-05,-0.0,-0.0012302974263801185,-1.1288941645669408e-09,1.1443828140457921e-09
6.067636363636365e-05,-0.0,-0.001266902371151197,-1.1543382737435818e-09,1.1560509772965334e-09
6.068454545454547e-05,-0.0,-0.001287934888445657,-1.1657165413179912e-09,1.1675316908092706e-09
6.0692727272727285e-05,-0.0,-0.0012927759177842483,-1.1626282434785095e-09,1.1788168484038896e-09
6.07009090909091e-05,-0.0,-0.0012810210337492944,-1.1448610608286603e-09,1.1898984735778494e-09
6.0709090909090915e-05,-0.0,-0.0012524901513149321,-1.1123969121470133e-09,1.200768727919548e-09
6.071727272727273e-05,-0.0,-0.0012072340676752304,-1.0654151116328336e-09,1.2114199193837951e-09
6.072545454545455e-05,-0.0,-0.001145537690308967,-1.0042927670295346e-09,1.2218445104126215e-09
6.073363636363637e-05,-0.0,-0.001067919850342055,-9.296023759968879e-10,1.2320351258953592e-09
6.074181818181819e-05,-0.0,-0.0009751296519358706,-8.421066192303678e-10,1.2419845609510715e-09
6.0750000000000006e-05,0.0,-0.0008681393616345423,-7.427503904858145e-10,1.2516857885257384e-09
6.0758181818181824e-05,0.0,-0.0007481338955021874,-6.326501452180208e-10,1.2611319667918779e-09
6.076636363636364e-05,0.0,-0.0006164970156041,-5.130806903349165e-10,1.2703164463380174e-09
6.077454545454546e-05,0.0,-0.00047479440005675927,-3.854595769659982e-10,1.2792327771400449e-09
6.078272727272728e-05,0.0,-0.00032475380161859973,-2.5132929552095335e-10,1.2878747153012363e-09
6.07909090909091e-05,0.0,-0.00016824255776598247,-1.1233750706411901e-10,1.296236229552918e-09
6.0799090909090916e-05,0.0,-7.242759581645083e-06,2.9784423405239446e-11,1.3043115075036462e-09
6.0807272727272734e-05,0.0,0.0001561755731891773,1.7324429832203498e-10,1.3120949616315488e-09
6.081545454545455e-05,0.0,0.0003198829285888307,3.1621304645455064e-10,1.3195812350046005e-09
6.082363636363637e-05,0.0,0.0004817199387897585,4.568494331172861e-10,1.3267652067247804e-09
6.083181818181819e-05,0.0,0.0006395277816503025,5.93325171309524e-10,1.3336419970878513e-09
6.084000000000001e-05,0.0,0.0007911788964027324,7.238500743982625e-10,1.3402069724464082e-09
6.0848181818181825e-05,0.0,0.0009346075529889997,8.466968873370242e-10,1.3464557497747546e-09
6.0856363636363644e-05,0.0,0.0010678398123767235,9.60225435252813e-10,1.3523842009241737e-09
6.086454545454546e-05,0.0,0.0011890224203297834,1.0629057355472916e-09,1.3579884565641878e-09
6.087272727272728e-05,0.0,0.001296450189558376,1.1533397323864606e-09,1.3632649098034454e-09
6.08809090909091e-05,0.0,0.0013885914447947277,1.2302813304243128e-09,1.368210219484958e-09
6.0889090909090917e-05,0.0,0.0014641111318744987,1.2926544275863686e-09,1.3728213131502678e-09
6.0897272727272735e-05,0.0,0.00152189122497484,1.3395686744058016e-09,1.3770953896692687e-09
6.090545454545455e-05,0.0,0.0015610481052811286,1.3703327193544785e-09,1.3810299215312091e-09
6.091363636363637e-05,0.0,0.00158094662893469,1.3844647353801014e-09,1.3846226567934565e-09
6.092181818181819e-05,0.0,0.0015812106514676572,1.3817000619167094e-09,1.3878716206860901e-09
6.093000000000001e-05,0.0,0.001561729829288718,1.3619958383908665e-09,1.3907751168698046e-09
6.0938181818181826e-05,0.0,0.0015226625753032496,1.3255325490694827e-09,1.3933317283458508e-09
6.0946363636363644e-05,0.0,0.001464435104533729,1.2727124443210167e-09,1.3955403180168497e-09
6.095454545454546e-05,0.0,0.0013877365657091224,1.2041548492990992e-09,1.3974000288989813e-09
6.096272727272728e-05,0.0,0.001293510315246356,1.1206884169933715e-09,1.3989102839849028e-09
6.09709090909091e-05,0.0,0.001182941449873593,1.023340427827304e-09,1.4000707857589028e-09
6.097909090909092e-05,0.0,0.0010574407723703174,9.133232818096396e-10,1.4008815153650107e-09
6.0987272727272736e-05,0.0,0.0009186254205714895,7.920183709872963e-10,1.4013427314312086e-09
6.0995454545454554e-05,0.0,0.0007682964419889682,6.609575589530308e-10,1.4014549685514223e-09
6.100363636363637e-05,-0.0,0.0006084136442839947,5.218025298251581e-10,1.4012190354299416e-09
6.101181818181819e-05,-0.0,0.0004410680945903802,3.763223008782304e-10,1.4006360126886696e-09
6.102000000000001e-05,-0.0,0.00026845267763283144,2.2636922037399315e-10,1.3997072503465904e-09
6.102818181818183e-05,-0.0,9.283115309720753e-05,7.385379468471239e-11,1.3984343649717458e-09
6.103636363636365e-05,-0.0,-8.349382371682879e-05,-7.928129382815141e-11,1.3968192365126736e-09
6.104454545454547e-05,-0.0,-0.0002582132376877208,-2.3108760479172808e-10,1.3948640048171495e-09
6.105272727272728e-05,-0.0,-0.0004290443171950916,-3.796374139759101e-10,1.3925710658413713e-09
6.10609090909091e-05,-0.0,-0.0005937627151670934,-5.230498633753603e-10,1.3899430675590292e-09
6.106909090909092e-05,-0.0,-0.0007502337849138957,-6.595164121407218e-10,1.3869829055766635e-09
6.107727272727273e-05,-0.0,-0.0008964424823264065,-7.87325224094362e-10,1.3836937184624557e-09
6.108545454545455e-05,-0.0,-0.0010305214479446024,-9.04884143861312e-10,1.3800788827987458e-09
6.109363636363637e-05,-0.0,-0.0011507768513703566,-1.0107419351552035e-09,1.3761420079654515e-09
6.110181818181819e-05,-0.0,-0.0012557116160359855,-1.1036074811464601e-09,1.3718869306639656e-09
6.111e-05,-0.0,-0.0013440456838535223,-1.1823666776848516e-09,1.3673177091913622e-09
6.111818181818183e-05,-0.0,-0.001414733026073405,-1.2460967849708528e-09,1.362438617474368e-09
6.112636363636364e-05,-0.0,-0.0014669751580003673,-1.2940780415084864e-09,1.3572541388742203e-09
6.113454545454546e-05,-0.0,-0.0015002309702013704,-1.3258023852475056e-09,1.3517689597725699e-09
6.114272727272728e-05,-0.0,-0.001514222746589956,-1.3409791700655907e-09,1.3459879629475312e-09
6.11509090909091e-05,-0.0,-0.001508938299335254,-1.3395378105036422e-09,1.3399162207572685e-09
6.115909090909091e-05,-0.0,-0.0014846292109467424,-1.3216273332279752e-09,1.3335589881333618e-09
6.116727272727274e-05,-0.0,-0.0014418052341415404,-1.2876128593665238e-09,1.326921695404775e-09
6.117545454545455e-05,-0.0,-0.0013812249592294438,-1.2380690869314068e-09,1.3200099409584467e-09
6.118363636363637e-05,-0.0,-0.0013038829157954502,-1.1737708863172834e-09,1.3128294837507372e-09
6.119181818181819e-05,-0.0,-0.0012109933295036495,-1.0956811636751698e-09,1.3053862356825773e-09
6.120000000000001e-05,-0.0,-0.0011039708050290494,-1.0049361861809084e-09,1.2976862538508983e-09
6.120818181818182e-05,-0.0,-0.0009844082516533464,-9.028285992495812e-10,1.2897357326874791e-09
6.121636363636365e-05,-0.0,-0.0008540524082268781,-7.907883980587958e-10,1.2815409959999138e-09
6.122454545454546e-05,-0.0,-0.0007147773583854244,-6.703621438660855e-10,1.2731084889264282e-09
6.123272727272728e-05,-0.0,-0.0005685564546045032,-5.431907391250657e-10,1.2644447698171798e-09
6.12409090909091e-05,-0.0,-0.0004174330904752123,-4.109860940016064e-10,1.2555565020573546e-09
6.124909090909092e-05,-0.0,-0.00026349077421297385,-2.7550703031350855e-10,1.2464504458408274e-09
6.125727272727273e-05,0.0,-0.00010882296270432011,-1.3853477699743158e-10,1.2371334499121968e-09
6.126545454545456e-05,0.0,4.449688567906266e-05,-1.8484138678886233e-12,1.2276124432868011e-09
6.127363636363637e-05,0.0,0.0001944445896288508,1.327993823146988e-10,1.217894426962268e-09
6.128181818181819e-05,0.0,0.0003390734203758892,2.6370594352536976e-10,1.207986465634944e-09
6.129e-05,0.0,0.00047654076184494923,3.8924123517736325e-10,1.1978956794343654e-09
6.129818181818183e-05,0.0,0.0006051328717450478,5.078691852289833e-10,1.187629235686573e-09
6.130636363636364e-05,0.0,0.0007232873941395669,6.181674257434191e-10,1.1771943407196914e-09
6.131454545454547e-05,0.0,0.0008296133134847718,7.188451817862661e-10,1.1665982317260565e-09
6.132272727272728e-05,0.0,0.0009229080840216885,8.087590730771383e-10,1.1558481686876831e-09
6.13309090909091e-05,0.0,0.0010021717159837606,8.869266275386899e-10,1.1449514263830076e-09
6.133909090909091e-05,0.0,0.0010666176505175647,9.525373422441946e-10,1.133915286481394e-09
6.134727272727274e-05,0.0,0.0011156803076441892,1.0049611656554155e-09,1.122747029740094e-09
6.135545454545455e-05,0.0,0.0011490192451298965,1.0437543148611577e-09,1.111453928313815e-09
6.136363636363638e-05,0.0,0.001166519919894742,1.0686623821215735e-09,1.100043238185428e-09
6.137181818181819e-05,0.0,0.0011682910966839461,1.0796207257717863e-09,1.0885221917328252e-09
6.138000000000001e-05,0.0,0.0011546590002994414,1.0767521807974991e-09,1.0768979904364788e-09
6.138818181818182e-05,0.0,0.0011261583569160782,1.0603621635532376e-09,1.065177797742295e-09
6.139636363636365e-05,0.0,0.0010835205161171793,1.030931282557182e-09,1.0533687320863964e-09
6.140454545454546e-05,0.0,0.001027658887569777,9.891056025083548e-10,1.0414778600899478e-09
6.141272727272729e-05,0.0,0.0009596519640884128,9.356847411269397e-10,1.0295121899371882e-09
6.14209090909091e-05,0.0,0.0008807242356603868,8.716080076363742e-10,1.0174786649391355e-09
6.142909090909092e-05,0.0,0.000792225326370325,7.97938817308586e-10,1.0053841572942285e-09
6.143727272727273e-05,0.0,0.0006956077077123134,7.158476381152063e-10,9.932354620517183e-10
6.144545454545456e-05,0.0,0.0005924033572613619,6.26593742914557e-10,9.810392912863875e-10
6.145363636363637e-05,0.0,0.0004841997409465443,5.315060535419048e-10,9.688022684883307e-10
6.14618181818182e-05,0.0,0.00037261550018708687,4.31963371543292e-10,9.56530923175311e-10
6.147e-05,0.0,0.00025927622198748863,3.293742940361192e-10,9.44231685734568e-10
6.147818181818183e-05,0.0,0.0001457906609089755,2.2515711232692787e-10,9.319108824946695e-10
6.148636363636364e-05,0.0,3.372776691045846e-05,1.207199855498876e-10,9.195747310368394e-10
6.149454545454547e-05,0.0,-7.540514725783382e-05,1.744167188199389e-11,9.072293357461078e-10
6.150272727272728e-05,-0.0,-0.00018018279067759667,-8.334691393398061e-11,8.948806836071232e-10
6.15109090909091e-05,-0.0,-0.0002792805521494654,-1.8038006567177765e-10,8.825346402484256e-10
6.151909090909092e-05,-0.0,-0.00037149118610992494,-2.7247334334977913e-10,8.701969462349539e-10
6.152727272727274e-05,-0.0,-0.00045573931806957104,-3.585381178477869e-10,8.578732136141836e-10
6.153545454545455e-05,-0.0,-0.0005310936003195209,-4.375944235070414e-10,8.455689227137718e-10
6.154363636363638e-05,-0.0,-0.0005967763897342957,-5.087819688314897e-10,8.332894191946056e-10
6.155181818181819e-05,-0.0,-0.0006521708616880266,-5.713691861120966e-10,8.210399113577276e-10
6.156000000000001e-05,-0.0,-0.0006968255166739385,-6.247602326648365e-10,8.088254677051597e-10
6.156818181818183e-05,-0.0,-0.0007304560784613449,-6.684998888851482e-10,7.966510147560339e-10
6.157636363636365e-05,-0.0,-0.0007529448238480416,-7.02276330961904e-10,7.84521335113167e-10
6.158454545454546e-05,-0.0,-0.0007643374236109607,-7.259217883439924e-10,7.724410657828926e-10
6.159272727272729e-05,-0.0,-0.0007648374115109503,-7.394111274227105e-10,7.604146967422366e-10
6.16009090909091e-05,-0.0,-0.000754798432609224,-7.428584329110908e-10,7.484465697527457e-10
6.160909090909092e-05,-0.0,-0.000734714453205601,-7.365116866309983e-10,7.365408774190635e-10
6.161727272727273e-05,-0.0,-0.0007052081419826303,-7.207456694574071e-10,7.247016624847803e-10
6.162545454545456e-05,-0.0,-0.0006670176550799254,-6.960532356634216e-10,7.129328173671645e-10
6.163363636363637e-05,-0.0,-0.0006209820765538979,-6.630351295523222e-10,7.012380839219149e-10
6.16418181818182e-05,-0.0,-0.0005680257798068568,-6.22388531795422e-10,6.896210534345154e-10
6.165000000000001e-05,-0.0,-0.0005091419849872845,-5.748945371245231e-10,6.780851668354137e-10
6.165818181818183e-05,-0.0,-0.00044537579204392716,-5.214047758067088e-10,6.666337151289074e-10
6.166636363636364e-05,-0.0,-0.0003778069691143863,-4.628273985790026e-10,6.552698400341884e-10
6.167454545454547e-05,-0.0,-0.00030753277137581176,-4.001126484150667e-10,6.439965348296836e-10
6.168272727272728e-05,-0.0,-0.00023565105658655887,-3.3423824266509745e-10,6.32816645396128e-10
6.16909090909091e-05,-0.0,-0.0001632439505778873,-2.661947858477113e-10,6.217328714479893e-10
6.169909090909092e-05,-0.0,-9.136229925091848e-05,-1.9697142681656564e-10,6.107477679513878e-10
6.170727272727274e-05,-0.0,-2.1011123587072616e-05,-1.2754196435986028e-10,5.998637467155256e-10
6.171545454545455e-05,-0.0,4.686372877430986e-05,-5.885159276502773e-11,5.890830781538533e-10
6.172363636363638e-05,-0.0,0.00011138756722820171,8.19553624697115e-12,5.78407893206208e-10
6.173181818181819e-05,-0.0,0.00017176733633152385,7.274777622224322e-11,5.678401854105781e-10
6.174000000000002e-05,-0.0,0.000227300476280883,1.3401633367439574e-10,5.573818131229549e-10
6.174818181818183e-05,-0.0,0.00027738208329842687,1.9128438209965652e-10,5.470345018691151e-10
6.175636363636365e-05,0.0,0.0003215103174956101,2.4391484578748495e-10,5.367998468249881e-10
6.176454545454546e-05,0.0,0.0003592900356501679,2.9135677990618794e-10,5.266793154153693e-10
6.177272727272729e-05,0.0,0.0003904346555561323,3.3315029678727757e-10,5.166742500211163e-10
6.17809090909091e-05,0.0,0.0004147662867231084,3.689300118434989e-10,5.067858707879531e-10
6.178909090909092e-05,0.0,0.0004322141887758404,3.984270057558388e-10,4.970152785258712e-10
6.179727272727274e-05,0.0,0.0004428116435446399,4.214693221042936e-10,4.873634576911488e-10
6.180545454545456e-05,0.0,0.00044669134919357,4.3798104115857145e-10,4.778312794436762e-10
6.181363636363637e-05,0.0,0.00044407946450974377,4.4797999077731433e-10,4.684195047673729e-10
6.182181818181818e-05,0.0,0.0004352884484325482,4.5157417401246103e-10,4.5912878764642495e-10
6.183000000000001e-05,0.0,0.00042070885385237086,4.4895700983535894e-10,4.499596782914156e-10
6.183818181818182e-05,0.0,0.0004008002455286595,4.404014981783051e-10,4.4091262640008724e-10
6.184636363636365e-05,0.0,0.0003760814195983482,4.262534330674488e-10,4.319879844519319e-10
6.185454545454546e-05,0.0,0.00034712010655600135,4.0692379785806797e-10,4.23186011021726e-10
6.186272727272728e-05,0.0,0.00031452234083040244,3.8288048441705875e-10,4.1450687410820757e-10
6.18709090909091e-05,0.0,0.00027892167825647687,3.546394834528704e-10,4.0595065446736827e-10
6.187909090909092e-05,0.0,0.00024096843799416447,3.2275569609860265e-10,3.975173489436454e-10
6.188727272727273e-05,0.0,0.00020131913796976424,2.8781351731834185e-10,3.892068737920713e-10
6.189545454545456e-05,0.0,0.00016062628294195776,2.5041733982925533e-10,3.8101906798082585e-10
6.190363636363637e-05,0.0,0.00011952865208923256,2.1118212310710831e-10,3.7295369647279974e-10
6.191181818181819e-05,0.0,7.864221887105466e-05,1.707241658164207e-10,3.650104534730688e-10
6.192e-05,0.0,3.855182014795648e-05,1.2965221186013552e-10,3.571889656412208e-10
6.192818181818183e-05,0.0,-1.9632551177231112e-07,8.855901035837087e-11,3.494887952582592e-10
6.193636363636364e-05,0.0,-3.710116841706438e-05,4.801343847645981e-11,3.4190944334573956e-10
6.194454545454547e-05,0.0,-7.171238391951603e-05,8.553283348547349e-12,3.3445035272831145e-10
6.195272727272728e-05,0.0,-0.00010363488972343215,-2.932123435230659e-11,3.2711091103687994e-10
6.19609090909091e-05,0.0,-0.000132532298714545,-6.515312712468873e-11,3.198904536475451e-10
6.196909090909091e-05,0.0,-0.00015812930010990027,-9.853344454403384e-11,3.127882665495753e-10
6.197727272727274e-05,0.0,-0.00018021297948121607,-1.291051765282996e-10,3.0580358914217704e-10
6.198545454545455e-05,0.0,-0.00019863310500209787,-1.5656623338166775e-10,2.9893561695200047e-10
6.199363636363637e-05,0.0,-0.00021330142287124968,-1.8067149505572436e-10,2.9218350427234474e-10
6.200181818181819e-05,-0.0,-0.00022419001905660371,-2.0123393661927526e-10,2.855463667174854e-10
6.201000000000001e-05,-0.0,-0.00023132881711031376,-2.1812485079855157e-10,2.790232836925213e-10
6.201818181818182e-05,-0.0,-0.0002348022926779458,-2.3127320145089282e-10,2.726133007742871e-10
6.202636363636365e-05,-0.0,-0.00023474549435878288,-2.4066415378212764e-10,2.6631543200297647e-10
6.203454545454546e-05,-0.0,-0.00023133946769629028,-2.4633683787443936e-10,2.601286620829757e-10
6.204272727272728e-05,-0.0,-0.0002248061842536968,-2.483814115235635e-10,2.5405194849074416e-10
6.20509090909091e-05,-0.0,-0.00021540308096070247,-2.469354963996945e-10,2.480842234907165e-10
6.205909090909092e-05,-0.0,-0.00020341731623898916,-2.421800680736251e-10,2.4222439605704997e-10
6.206727272727273e-05,-0.0,-0.0001891598488931904,-2.3433488544402445e-10,2.364713537035995e-10
6.207545454545456e-05,-0.0,-0.00017295944348535668,-2.236535485456581e-10,2.3082396421900054e-10
6.208363636363637e-05,-0.0,-0.000155156702015604,-2.104182756259465e-10,2.2528107731209503e-10
6.20918181818182e-05,-0.0,-0.0001360982163535773,-1.9493449077236792e-10,2.1984152616397385e-10
6.21e-05,-0.0,-0.00011613092916840078,-1.7752531232561821e-10,2.1450412889175637e-10
6.210818181818183e-05,-0.0,-9.559678326828622e-05,-1.5852602988714895e-10,2.0926768992270402e-10
6.211636363636364e-05,-0.0,-7.482773047518356e-05,-1.3827865403569483e-10,2.0413100128367407e-10
6.212454545454547e-05,-0.0,-5.414116162170916e-05,-1.1712661800688166e-10,1.9909284380478204e-10
6.213272727272728e-05,-0.0,-3.3835809167221634e-05,-9.540970470234645e-11,1.9415198824082258e-10
6.21409090909091e-05,-0.0,-1.418816348770459e-05,-7.345926560972404e-11,1.893071963158179e-10
6.214909090909091e-05,-0.0,4.550566702568124e-06,-5.159379068588072e-11,1.8455722168754492e-10
6.215727272727274e-05,-0.0,2.215692990015886e-05,-3.011488013710467e-11,1.7990081084193256e-10
6.216545454545455e-05,-0.0,3.8437133779390226e-05,-9.30366047034025e-12,1.7533670391409225e-10
6.217363636363638e-05,-0.0,5.322837398614085e-05,1.0582321640510547e-11,1.7086363544549094e-10
6.218181818181819e-05,-0.0,6.639959959672087e-05,2.931170309217697e-11,1.6648033507533224e-10
6.219000000000001e-05,-0.0,7.785173384242702e-05,4.668139004306349e-11,1.6218552817371482e-10
6.219818181818182e-05,-0.0,8.75173766800308e-05,6.25181186742752e-11,1.5797793641875993e-10
6.220636363636365e-05,-0.0,9.53600228886614e-05,7.667949260414548e-11,1.538562783212461e-10
6.221454545454546e-05,-0.0,0.00010137283551847921,8.905450658075403e-11,1.4981926970285355e-10
6.222272727272729e-05,-0.0,0.00010557701965209734,9.956357358960837e-11,1.458656241298427e-10
6.22309090909091e-05,-0.0,0.00010801984553311196,1.081580793965991e-10,1.4199405330834788e-10
6.223909090909092e-05,-0.0,0.00010877237315445777,1.1481949472067248e-10,1.382032674447675e-10
6.224727272727273e-05,-0.0,0.00010792693238812269,1.1955808063066995e-10,1.344919755745021e-10
6.225545454545456e-05,0.0,0.00010559441370001885,1.224112273386464e-10,1.3085888586822397e-10
6.226363636363637e-05,0.0,0.00010190142446948933,1.2344147027890938e-10,1.273027059133575e-10
6.22718181818182e-05,0.0,9.698736497810953e-05,1.227342302052115e-10,1.238221429813981e-10
6.228000000000001e-05,0.0,9.100147631732651e-05,1.2039532600148737e-10,1.204159042842477e-10
6.228818181818183e-05,0.0,8.409990987050637e-05,1.1654830999743434e-10,1.170826972220326e-10
6.229636363636364e-05,0.0,7.644286474184875e-05,1.1133167583466918e-10,1.1382122963156647e-10
6.230454545454547e-05,0.0,6.81918356282563e-05,1.0489598837635784e-10,1.1063021003680729e-10
6.231272727272728e-05,0.0,5.95070092613866e-05,9.740098384958406e-11,1.0750834790916478e-10
6.23209090909091e-05,0.0,5.0544842790237625e-05,8.901268640491195e-11,1.0445435394204471e-10
6.232909090909092e-05,0.0,4.145585243594969e-05,7.990058464833774e-11,1.0146694034485182e-10
6.233727272727274e-05,0.0,3.238263553524042e-05,7.023490851209334e-11,9.854482116452361e-11
6.234545454545455e-05,0.0,2.3458143798372483e-05,6.018404317248579e-11,9.568671263782308e-11
6.235363636363638e-05,0.0,1.4804220337403895e-05,4.99121126691904e-11,9.289133358241907e-11
6.236181818181819e-05,0.0,6.53040785985549e-06,3.957676152152344e-11,9.015740583517108e-11
6.237000000000001e-05,0.0,-1.2669695456681318e-06,2.9327158057469605e-11,8.748365474163281e-11
6.237818181818183e-05,0.0,-8.505453306865183e-06,1.9302238460094187e-11,8.486880970868871e-11
6.238636363636365e-05,0.0,-1.5116832591307232e-05,9.629205764182825e-12,8.231160482639645e-11
6.239454545454546e-05,0.0,-2.1047272478705286e-05,4.2229330253061706e-13,7.981077957037332e-11
6.240272727272729e-05,0.0,-2.6257202250683272e-05,-8.21820254436014e-12,7.736507959653089e-11
6.24109090909091e-05,0.0,-3.0720981047043845e-05,-1.6206619902642718e-11,7.497325763676146e-11
6.241909090909092e-05,0.0,-3.442636072843681e-05,-2.3472363111940628e-11,7.26340745159626e-11
6.242727272727274e-05,0.0,-3.7373767873072035e-05,-2.9960076377582266e-11,7.034630029914444e-11
6.243545454545456e-05,0.0,-3.9575428414925795e-05,-3.562957077627734e-11,6.810871559438651e-11
6.244363636363637e-05,0.0,-4.105435950773868e-05,-4.0455519259753375e-11,6.592011302731149e-11
6.24518181818182e-05,0.0,-4.1843253787624615e-05,-4.44269371351491e-11,6.377929891737381e-11
6.246000000000001e-05,0.0,-4.198328133046542e-05,-4.7546467905875134e-11,6.168509518125027e-11
6.246818181818183e-05,0.0,-4.1522834288233604e-05,-4.9829496317388746e-11,5.963634150295962e-11
6.247636363636364e-05,0.0,-4.0516238475645816e-05,-5.130311196862031e-11,5.763189780886764e-11
6.248454545454547e-05,0.0,-3.902245510383133e-05,-5.2004947912935e-11,5.567064710054298e-11
6.249272727272728e-05,0.0,-3.7103794463665516e-05,-5.1981919301788685e-11,5.375149870379881e-11
6.25009090909091e-05,-0.0,-3.4824661694389715e-05,-5.1288887325023376e-11,5.187339200778208e-11
6.250909090909092e-05,-0.0,-3.225035288198598e-05,-4.9987273502162276e-11,5.0035300780214005e-11
6.251727272727274e-05,-0.0,-2.9445917666065133e-05,-4.814364880231772e-11,4.823623816614296e-11
6.252545454545455e-05,-0.0,-2.6475102342254266e-05,-4.5828321146442064e-11,4.6475262498419e-11
6.253363636363638e-05,-0.0,-2.339938517574141e-05,-4.31139436106598e-11,4.475148407650323e-11
6.254181818181819e-05,-0.0,-2.0277113335212847e-05,-4.0074164141940985e-11,4.306407310892498e-11
6.255000000000002e-05,-0.0,-1.7162748557421712e-05,-3.678233585136604e-11,4.1412269048785646e-11
6.255818181818183e-05,-0.0,-1.4106226401132139e-05,-3.3310305015091866e-11,3.9795391618160585e-11
6.256636363636364e-05,-0.0,-1.115243178165959e-05,-2.972729181941769e-11,3.8212853868050445e-11
6.257454545454546e-05,-0.0,-8.340791425347342e-06,-2.6098876688518232e-11,3.6664177714740046e-11
6.258272727272728e-05,-0.0,-5.704981973489066e-06,-2.2486102754371503e-11,3.51490124815972e-11
6.25909090909091e-05,-0.0,-3.2727507189627927e-06,-1.8944702726827534e-11,3.366715709807208e-11
6.259909090909091e-05,-0.0,-1.0658443935110501e-06,-1.5524456116181726e-11,3.22185867539675e-11
6.260727272727274e-05,-0.0,8.999599474694277e-07,-1.2268680496336127e-11,3.0803484960564754e-11
6.261545454545455e-05,-0.0,2.6147290636222615e-06,-9.21385830409546e-12,2.9422282171114613e-11
6.262363636363637e-05,-0.0,4.074160773409053e-06,-6.3893985684630624e-12,2.8075702297103083e-11
6.263181818181819e-05,-0.0,5.279293138760637e-06,-3.817530992541314e-12,2.6764818648716595e-11
6.264000000000001e-05,-0.0,6.2361449790913585e-06,-1.5133279749803446e-12,2.5491120949209025e-11
6.264818181818182e-05,-0.0,6.955297462302171e-06,5.151515102464788e-13,2.4256595056615153e-11
6.265636363636365e-05,-0.0,7.451426696254722e-06,2.266603757742257e-12,2.306381671505529e-11
6.266454545454546e-05,-0.0,7.742797249395443e-06,3.746116789592077e-12,2.191605980545923e-11
6.267272727272728e-05,-0.0,7.850726378908446e-06,4.964711444544753e-12,2.0817417786158704e-11
6.26809090909091e-05,-0.0,7.799028456450512e-06,5.9387980391614865e-12,1.977293373534811e-11
6.268909090909092e-05,-0.0,7.613448674051034e-06,6.689560275220856e-12,1.8788728886985884e-11
6.269727272727273e-05,-0.0,7.3210946052884095e-06,7.2422786093558975e-12,1.7872110995047178e-11
6.270545454545456e-05,-0.0,6.949873608065895e-06,7.625605653975605e-12,1.7031631875883087e-11
6.271363636363637e-05,-0.0,6.527943403404062e-06,7.870806353488474e-12,1.6277048967905076e-11
6.272181818181819e-05,-0.0,6.083182467648244e-06,8.01097568483988e-12,1.5619132534986664e-11
6.273e-05,-0.0,5.642686151117974e-06,8.080246475754997e-12,1.5069256650613395e-11
6.273818181818183e-05,-0.0,5.232293701335987e-06,8.11299963218201e-12,1.4638731501578573e-11
6.274636363636364e-05,-0.0,4.876150638530468e-06,8.143088628544463e-12,1.433788964749033e-11
6.275454545454547e-05,0.0,4.5963102176552575e-06,8.20308955843146e-12,1.4175029566862114e-11
6.276272727272728e-05,0.0,4.4123770250438275e-06,8.323587375311783e-12,1.4155417952644775e-11
6.27709090909091e-05,0.0,4.341195107694798e-06,8.532508194754598e-12,1.4280601875254895e-11
6.277909090909091e-05,0.0,4.3965824264558e-06,8.854506690992448e-12,1.4548231531095232e-11
6.278727272727274e-05,0.0,4.589112866773261e-06,9.310416711093881e-12,1.4952445930125453e-11
6.279545454545455e-05,0.0,4.925946535662929e-06,9.916772271061674e-12,1.5484698536599895e-11
6.280363636363638e-05,0.0,5.410708621964621e-06,1.0685405091927713e-11,1.6134788970957943e-11
6.281181818181819e-05,0.0,6.043416697387057e-06,1.1623123796457432e-11,1.6891863192171432e-11
6.282000000000001e-05,0.0,6.820455985576265e-06,1.2731478829532703e-11,1.7745221622534572e-11
6.282818181818182e-05,0.0,7.734601821991712e-06,1.4006616090661742e-11,1.8684873594488036e-11
6.283636363636365e-05,0.0,8.775088264557868e-06,1.5439221194167705e-11,1.970185226305888e-11
6.284454545454546e-05,0.0,9.927721588489998e-06,1.7014555193863568e-11,2.0788342374439863e-11
6.285272727272728e-05,0.0,1.1175037201535903e-05,1.8712581547732997e-11,2.193768130154642e-11
6.28609090909091e-05,0.0,1.2496498340276976e-05,2.0508183049434433e-11,2.3144285253812208e-11
6.286909090909092e-05,0.0,1.3868734746172526e-05,2.2371466423390266e-11,2.4403538639981586e-11
6.287727272727273e-05,0.0,1.5265819364526535e-05,2.4268151281522798e-11,2.5711671310501423e-11
6.288545454545456e-05,0.0,1.6659580954184927e-05,2.6160039166040013e-11,2.7065638179502716e-11
6.289363636363637e-05,0.0,1.8019950334635985e-05,2.8005557471365366e-11,2.8463008720673896e-11
6.29018181818182e-05,0.0,1.931533782444487e-05,2.976037214016606e-11,2.9901869442178904e-11
6.291e-05,0.0,2.0513039235075792e-05,3.1378062180842896e-11,3.138073991683057e-11
6.291818181818183e-05,0.0,2.157966757275046e-05,3.28108482528096e-11,3.289850160782389e-11
6.292636363636364e-05,0.0,2.248160736557142e-05,3.401036681977104e-11,3.4454338129673574e-11
6.293454545454547e-05,0.0,2.3185488273240314e-05,3.4928480687673524e-11,3.6047685404580005e-11
6.294272727272728e-05,0.0,2.3658674353353018e-05,3.551811612317174e-11,3.7678190196402606e-11
6.29509090909091e-05,0.0,2.3869765053377716e-05,3.57341162035423e-11,3.93456756555635e-11
6.295909090909092e-05,0.0,2.37891036737816e-05,3.553409957905815e-11,4.105011267451829e-11
6.296727272727274e-05,0.0,2.3389288709524877e-05,3.48793134512064e-11,4.279159604169464e-11
6.297545454545455e-05,0.0,2.2645683130448362e-05,3.373546927680277e-11,4.457032454316607e-11
6.298363636363638e-05,0.0,2.153691631414268e-05,3.207354952609245e-11,4.638658431071869e-11
6.299181818181819e-05,0.0,2.004537300728758e-05,2.987057374070897e-11,4.824073484175549e-11
6.300000000000001e-05,-0.0,1.8157663373327182e-05,2.7110312175526666e-11,5.01331972170494e-11
6.300818181818182e-05,-0.0,1.586506789602778e-05,2.3783935470568572e-11,5.206444413418693e-11
6.301636363636365e-05,-0.0,1.3163950660728838e-05,1.989058908496929e-11,5.403499143984487e-11
6.302454545454546e-05,-0.0,1.0056134339620676e-05,1.543788165675831e-11,5.604539090626384e-11
6.303272727272729e-05,-0.0,6.549230076702359e-06,1.0442277012630522e-11,5.8096224042841845e-11
6.30409090909091e-05,-0.0,2.656915414889843e-06,4.9293802688095155e-12,6.018809676973422e-11
6.304909090909092e-05,-0.0,-1.600846556044542e-06,-1.065890681931795e-12,6.232163481556696e-11
6.305727272727273e-05,-0.0,-6.197653515881749e-06,-7.499255992739153e-12,6.449747972152727e-11
6.306545454545456e-05,-0.0,-1.1100582134574874e-05,-1.4317153538393475e-11,6.671628535994171e-11
6.307363636363637e-05,-0.0,-1.6270184274084454e-05,-2.1456952691366866e-11,6.897871488616866e-11
6.30818181818182e-05,-0.0,-2.1660566760580534e-05,-2.8847306009198676e-11,7.128543806248292e-11
6.309000000000001e-05,-0.0,-2.721955969731688e-05,-3.640864108222136e-11,7.363712889739607e-11
6.309818181818183e-05,-0.0,-3.288897753506414e-05,-4.405379310117129e-11,7.603446355959152e-11
6.310636363636364e-05,-0.0,-3.860497622838828e-05,-5.168877691809342e-11,7.847811852651855e-11
6.311454545454547e-05,-0.0,-4.429850878455693e-05,-5.921369548523722e-11,8.09687689385122e-11
6.312272727272728e-05,-0.0,-4.9895880362135414e-05,-6.652377961001326e-11,8.35070871338765e-11
6.31309090909091e-05,-0.0,-5.531940280523383e-05,-7.351055194873669e-11,8.609374134146973e-11
6.313909090909092e-05,-0.0,-6.0488147116199256e-05,-8.006310613679342e-11,8.872939451455416e-11
6.314727272727274e-05,-0.0,-6.531879088676908e-05,-8.606948990924183e-11,9.141470329022297e-11
6.315545454545455e-05,-0.0,-6.972655614131051e-05,-9.141817906197402e-11,9.415031706274754e-11
6.316363636363638e-05,-0.0,-7.362623141504886e-05,-9.599962714512247e-11,9.693687715848697e-11
6.317181818181819e-05,-0.0,-7.693327021696118e-05,-9.970787391350166e-11,9.977501610661596e-11
6.318000000000002e-05,-0.0,-7.956495633502899e-05,-1.0244219381174712e-10,1.026653569939596e-10
6.318818181818183e-05,-0.0,-8.144162475636965e-05,-1.0410876417063009e-10,1.056085129024197e-10
6.319636363636365e-05,-0.0,-8.248792532407357e-05,-1.046223313814955e-10,1.086050864186248e-10
6.320454545454546e-05,-0.0,-8.263411466625747e-05,-1.0390785211693412e-10,1.1165566921619061e-10
6.321272727272729e-05,-0.0,-8.18173604425321e-05,-1.0190208571655376e-10,1.1476084170261713e-10
6.32209090909091e-05,-0.0,-7.998304059112238e-05,-9.855511318712021e-11,1.179211727298156e-10
6.322909090909092e-05,-0.0,-7.708601905835632e-05,-9.383175789892833e-11,1.211372193649592e-10
6.323727272727274e-05,-0.0,-7.309187848247266e-05,-8.771288302310123e-11,1.244095267181235e-10
6.324545454545456e-05,-0.0,-6.79780895161783e-05,-8.019654107041846e-11,1.277386278261207e-10
6.325363636363637e-05,0.0,-6.173509593668109e-05,-7.129895157417895e-11,1.311250435887795e-10
6.32618181818182e-05,0.0,-5.436729443606684e-05,-6.105528402247402e-11,1.3456928275731933e-10
6.327000000000001e-05,0.0,-4.5893888034295895e-05,-4.9520224599172723e-11,1.380718419720747e-10
6.327818181818183e-05,0.0,-3.634959243344561e-05,-3.6768307134967575e-11,1.4163320584718478e-10
6.328636363636365e-05,0.0,-2.578517535242108e-05,-2.2893990902423456e-11,1.4525384710486504e-10
6.329454545454547e-05,0.0,-1.426780995896849e-05,-8.011470493697489e-12,1.4893422675149017e-10
6.330272727272728e-05,0.0,-1.8812249586507195e-06,7.745794006993834e-12,1.5267479429835708e-10
6.33109090909091e-05,0.0,1.1274364288300488e-05,2.4225835038200218e-11,1.5647598802380465e-10
6.331909090909092e-05,0.0,2.5082557074232946e-05,4.1259228630453e-11,1.6033823527700855e-10
6.332727272727273e-05,0.0,3.9411311993628936e-05,5.866043950355665e-11,1.642619528166514e-10
6.333545454545456e-05,0.0,5.411374297891808e-05,7.622945704999438e-11,1.6824754719090297e-10
6.334363636363637e-05,0.0,6.902917157475284e-05,9.37537147566644e-11,1.7229541514765832e-10
6.335181818181819e-05,0.0,8.39844368231289e-05,1.1101028118885839e-10,1.764059440800665e-10
6.336e-05,0.0,9.879546039951413e-05,1.277683061620509e-10,1.80579512502186e-10
6.336818181818183e-05,0.0,0.00011326906069763026,1.4379170121902336e-10,1.8481649055185563e-10
6.337636363636364e-05,0.0,0.00012720500545636913,1.5884202909169128e-10,1.8911724051968912e-10
6.338454545454546e-05,0.0,0.00014039828831146023,1.726815725125093e-10,1.9348211740164046e-10
6.339272727272728e-05,0.0,0.00015264161039732743,1.8507654863702859e-10,1.9791146947071422e-10
6.34009090909091e-05,0.0,0.00016372804388585345,1.9580043150606722e-10,2.0240563886705287e-10
6.340909090909091e-05,0.0,0.00017345385019674155,2.046373414984179e-10,2.0696496220185377e-10
6.341727272727274e-05,0.0,0.00018162142161989698,2.1138545766188618e-10,2.1158977117104753e-10
6.342545454545455e-05,0.0,0.0001880423113270185,2.1586040624204934e-10,2.162803931788928e-10
6.343363636363637e-05,0.0,0.00019254031329189747,2.1789857670398702e-10,2.2103715196087834e-10
6.344181818181819e-05,0.0,0.00019495455056103416,2.1736031514296736e-10,2.258603682116554e-10
6.345000000000001e-05,0.0,0.0001951425276905023,2.141329442312736e-10,2.307503602041066e-10
6.345818181818182e-05,0.0,0.00019298310106063843,2.0813355882275598e-10,2.357074444015294e-10
6.346636363636365e-05,0.0,0.0001883793192618437,1.9931154704974845e-10,2.407319360585154e-10
6.347454545454546e-05,0.0,0.00018126108487195652,1.876507882388084e-10,2.4582414980032647e-10
6.348272727272728e-05,0.0,0.00017158758877108474,1.731714812518295e-10,2.509844001846763e-10
6.34909090909091e-05,0.0,0.00015934946870812272,1.5593155993460152e-10,2.562130022328622e-10
6.349909090909092e-05,0.0,0.00014457064517931205,1.3602765622078263e-10,2.615102719302742e-10
6.350727272727273e-05,-0.0,0.00012730978982702858,1.1359557607080756e-10,2.6687652668953624e-10
6.351545454545456e-05,-0.0,0.00010766138452864644,8.881025879423e-11,2.7231208577077883e-10
6.352363636363637e-05,-0.0,8.57563331207388e-05,6.188519636433204e-11,2.7781727065495134e-10
6.35318181818182e-05,-0.0,6.176209228003176e-05,3.3071296023850254e-11,2.83392405363464e-10
6.354e-05,-0.0,3.588229343270213e-05,2.655176733706643e-12,2.890378167188016e-10
6.354818181818183e-05,-0.0,8.355833646594333e-06,-2.9043102254934475e-11,2.947538345429017e-10
6.355636363636364e-05,-0.0,-2.0544579779164055e-05,-6.16728743108311e-11,3.0054079178438087e-10
6.356454545454547e-05,-0.0,-5.0514438945978324e-05,-9.485624503029115e-11,3.063990245720792e-10
6.357272727272728e-05,-0.0,-8.121999923795019e-05,-1.2819199520234243e-10,3.1232887218799646e-10
6.35809090909091e-05,-0.0,-0.00011230138916641396,-1.612599751934496e-10,3.18330676955401e-10
6.358909090909091e-05,-0.0,-0.00014337624925337696,-1.9362595030259198e-10,3.244047840356921e-10
6.359727272727274e-05,-0.0,-0.00017404387419612977,-2.248468483442696e-10,3.305515411308272e-10
6.360545454545455e-05,-0.0,-0.0002038898236522874,-2.5447635277849757e-10,3.367712980842893e-10
6.361363636363638e-05,-0.0,-0.0002324909581510287,-2.8207077725515613e-10,3.430644063787525e-10
6.362181818181819e-05,-0.0,-0.0002594208480163911,-3.071951506166992e-10,3.4943121852226785e-10
6.363000000000001e-05,-0.0,-0.00028425549492976603,-3.2942943533105535e-10,3.5587208732435955e-10
6.363818181818182e-05,-0.0,-0.0003065792980104589,-3.483747971321978e-10,3.6238736505121047e-10
6.364636363636365e-05,-0.0,-0.0003259911892043267,-3.6365983945276375e-10,3.6897740246410937e-10
6.365454545454546e-05,-0.0,-0.00034211085648760124,-3.7494671313326163e-10,3.7564254773180934e-10
6.366272727272729e-05,-0.0,-0.0003545849680571511,-3.819370099935927e-10,3.823831452184517e-10
6.36709090909091e-05,-0.0,-0.0003630933064221176,-3.843773482241386e-10,3.8919953414166457e-10
6.367909090909092e-05,-0.0,-0.0003673547182559572,-3.8206455826151106e-10,3.960920471024455e-10
6.368727272727273e-05,-0.0,-0.0003671327841194272,-3.7485037990140435e-10,4.0306100848331694e-10
6.369545454545456e-05,-0.0,-0.0003622411118151646,-3.62645584896631e-10,4.1010673271389605e-10
6.370363636363637e-05,-0.0,-0.00035254815825676495,-3.454234441864274e-10,4.172295224059344e-10
6.37118181818182e-05,-0.0,-0.0003379814873831488,-3.2322246520113353e-10,4.244296663562841e-10
6.372e-05,-0.0,-0.0003185313758535095,-2.961483323263612e-10,4.3170743742073796e-10
6.372818181818183e-05,-0.0,-0.00029425368402569797,-2.6437499254934613e-10,4.3906309025710934e-10
6.373636363636364e-05,-0.0,-0.0002652719170323232,-2.281448384447139e-10,4.464968589451847e-10
6.374454545454547e-05,-0.0,-0.00023177840957898165,-1.877679518953391e-10,4.540089544815633e-10
6.375272727272728e-05,0.0,-0.0001940345783268393,-1.4362038414892178e-10,4.6159956215603385e-10
6.37609090909091e-05,0.0,-0.00015237019729019263,-9.614146083745785e-11,4.692688388124465e-10
6.376909090909092e-05,0.0,-0.00010718166445536709,-4.5830114272401464e-11,4.770169099996189e-10
6.377727272727274e-05,0.0,-5.8929241661256284e-05,6.7597405163928755e-12,4.848438670185573e-10
6.378545454545455e-05,0.0,-8.133264500372252e-06,6.102475509643145e-11,4.927497638707084e-10
6.379363636363638e-05,0.0,4.4630665593246884e-05,1.163185768976746e-10,5.007346141148333e-10
6.380181818181819e-05,0.0,9.873747902153227e-05,1.7195909867203713e-10,5.087983876415151e-10
6.381000000000001e-05,0.0,0.00015351938129374448,2.272364544056905e-10,5.169410073703575e-10
6.381818181818183e-05,0.0,0.00020827348159935464,2.8142167455992623e-10,5.25162345882445e-10
6.382636363636365e-05,0.0,0.00026227023052863854,3.337759009480491e-10,5.334622219932607e-10
6.383454545454546e-05,0.0,0.00031476257544861276,3.835600500258894e-10,5.418403972790863e-10
6.384272727272729e-05,0.0,0.0003649957274924734,4.300448030971435e-10,5.502965725651418e-10
6.38509090909091e-05,0.0,0.00041221742062424213,4.725207930979268e-10,5.588303843876087e-10
6.385909090909092e-05,0.0,0.0004556885310538802,5.103088504259565e-10,5.674414014383625e-10
6.386727272727274e-05,0.0,0.0004946939146476484,5.427701648672587e-10,5.761291210068924e-10
6.387545454545456e-05,0.0,0.0005285533111348585,5.69316217202203e-10,5.848929654276686e-10
6.388363636363637e-05,0.0,0.0005566321570669479,5.894183326490095e-10,5.93732278548442e-10
6.38918181818182e-05,0.0,0.0005783521448255536,6.02616709021259e-10,6.026463222288485e-10
6.390000000000001e-05,0.0,0.0005932013626618574,6.085287753921894e-10,6.116342728818766e-10
6.390818181818183e-05,0.0,0.0006007438509061576,6.068567422007285e-10,6.206952180736644e-10
6.391636363636364e-05,0.0,0.000600628412204938,5.973942110904024e-10,6.298281531879658e-10
6.392454545454547e-05,0.0,0.000592596518975161,5.800317223095625e-10,6.390319781758257e-10
6.393272727272728e-05,0.0,0.0005764891692245082,5.54761129129149e-10,6.483054943936715e-10
6.39409090909091e-05,0.0,0.0005522525524421093,5.216787023596737e-10,6.576474015504582e-10
6.394909090909092e-05,0.0,0.0005199424003435944,4.809868835046261e-10,6.670562947697601e-10
6.395727272727274e-05,0.0,0.00047972691273940395,4.3299462221574666e-10,6.765306617818437e-10
6.396545454545455e-05,0.0,0.00043188816652488124,3.7811625229193604e-10,6.860688802563373e-10
6.397363636363638e-05,0.0,0.00037682193556132617,3.1686888025462676e-10,6.956692152856939e-10
6.398181818181819e-05,0.0,0.0003150358707855407,2.4986828128222743e-10,7.053298170328219e-10
6.399000000000002e-05,0.0,0.00024714601297059775,1.7782331868848078e-10,7.150487185498956e-10
6.399818181818183e-05,0.0,0.0001738716348472176,1.0152892490957473e-10,7.248238337809018e-10
6.400636363636365e-05,-0.0,9.602843443718526e-05,2.1857703768348663e-11,7.346529557571423e-10
6.401454545454546e-05,-0.0,1.4520127075917771e-05,-6.02497646802604e-11,7.445337549924242e-10
6.402272727272729e-05,-0.0,-6.967149068112798e-05,-1.4379581451687865e-10,7.544637780895617e-10
6.40309090909091e-05,-0.0,-0.00015549790666961552,-2.2773765737237677e-10,7.644404465618519e-10
6.403909090909093e-05,-0.0,-0.0002418565649696144,-3.1100027804322854e-10,7.744610558832987e-10
6.404727272727274e-05,-0.0,-0.0003276046971906691,-3.9249010437698e-10,7.845227747647589e-10
6.405545454545455e-05,-0.0,-0.0004115741443951018,-4.711092783004454e-10,7.946226446718212e-10
6.406363636363637e-05,-0.0,-0.0004925869808318162,-5.457703418373991e-10,8.047575795816727e-10
6.407181818181818e-05,-0.0,-0.0005694717329451832,-6.154111413589685e-10,8.149243659881516e-10
6.408000000000001e-05,-0.0,-0.0006410799720929492,-6.79009745345508e-10,8.251196631586257e-10
6.408818181818182e-05,-0.0,-0.0007063030473707529,-7.355991657972996e-10,8.353400036415579e-10
6.409636363636365e-05,-0.0,-0.0007640887161768408,-7.842816712692322e-10,8.455817940351542e-10
6.410454545454546e-05,-0.0,-0.0008134574248922822,-8.242424804041366e-10,8.558413160092711e-10
6.411272727272728e-05,-0.0,-0.0008535179904824659,-8.547626288874825e-10,8.661147275915064e-10
6.41209090909091e-05,-0.0,-0.0008834824360727831,-8.752308099245996e-10,8.763980647095007e-10
6.412909090909092e-05,-0.0,-0.0009026797396838889,-8.851539986375981e-10,8.866872429948863e-10
6.413727272727273e-05,-0.0,-0.0009105682653369684,-8.841666840956929e-10,8.969780598457575e-10
6.414545454545456e-05,-0.0,-0.0009067466596013303,-8.720385488936118e-10,9.072661967458676e-10
6.415363636363637e-05,-0.0,-0.0008909630142363732,-8.486804551094687e-10,9.175472218407764e-10
6.416181818181819e-05,-0.0,-0.0008631221166951093,-8.141486168618632e-10,9.278165927626425e-10
6.417e-05,-0.0,-0.0008232906346619601,-7.686468632944375e-10,9.380696597093105e-10
6.417818181818183e-05,-0.0,-0.0007717001081880633,-7.125269213168816e-10,9.483016687638695e-10
6.418636363636364e-05,-0.0,-0.0007087476530009503,-6.462866744951007e-10,9.585077654564516e-10
6.419454545454547e-05,-0.0,-0.0006349943107890278,-5.705663827224648e-10,9.68682998563358e-10
6.420272727272728e-05,-0.0,-0.0005511610162364678,-4.861428763230935e-10,9.78822324131621e-10
6.42109090909091e-05,-0.0,-0.0004581221858134894,-3.9392176761224105e-10,9.889206097329484e-10
6.421909090909091e-05,-0.0,-0.0003568969692809069,-2.949277522342034e-10,9.989726389292117e-10
6.422727272727274e-05,-0.0,-0.0002486382409918389,-1.902931013726321e-10,1.008973115952274e-09
6.423545454545455e-05,-0.0,-0.0001346194437975774,-8.124447373749843e-11,1.018916670584304e-09
6.424363636363638e-05,-0.0,-1.6219433112911138e-05,3.091179735672731e-11,1.0287978632331448e-09
6.425181818181819e-05,0.0,0.00010509449810300229,1.448057619170689e-10,1.038611190195019e-09
6.426000000000001e-05,0.0,0.0002277852015990088,2.590210539323839e-10,1.0483510890924455e-09
6.426818181818182e-05,0.0,0.00035026562301275477,3.721130127280911e-10,1.0580119444846121e-09
6.427636363636365e-05,0.0,0.0004709198523676583,4.826274861426099e-10,1.0675880936330023e-09
6.428454545454546e-05,0.0,0.0005881249885768281,5.891200630580467e-10,1.0770738324206146e-09
6.429272727272728e-05,0.0,0.0007002735129727235,6.901754727155746e-10,1.0864634214065945e-09
6.43009090909091e-05,0.0,0.0008057958535905907,7.844268818449802e-10,1.095751092015455e-09
6.430909090909092e-05,0.0,0.0009031828133151626,8.705748180874015e-10,1.1049310528405731e-09
6.431727272727273e-05,0.0,0.0009910075312742452,9.474054495876676e-10,1.1139974960593954e-09
6.432545454545456e-05,0.0,0.0010679466481754323,1.0138079560159523e-09,1.1229446039452442e-09
6.433363636363637e-05,0.0,0.0011328003527005964,1.068790735616299e-09,1.1317665554651602e-09
6.43418181818182e-05,0.0,0.0011845109975825226,1.1114962061000614e-09,1.1404575329559266e-09
6.435e-05,0.0,0.0012221799904907876,1.1412139741375381e-09,1.149011728859566e-09
6.435818181818183e-05,0.0,0.0012450826861677535,1.1573921686736074e-09,1.1574233525179071e-09
6.436636363636364e-05,0.0,0.0012526810321171603,1.1596467570119183e-09,1.1656866370029117e-09
6.437454545454547e-05,0.0,0.0012446337502168572,1.147768689284925e-09,1.1737958459811363e-09
6.438272727272728e-05,0.0,0.0012208038704908377,1.12172874617486e-09,1.1817452805952928e-09
6.43909090909091e-05,0.0,0.001181263470453605,1.0816799961688887e-09,1.1895292863512752e-09
6.439909090909092e-05,0.0,0.0011262955133901906,1.0279578017806861e-09,1.1971422600042161e-09
6.440727272727274e-05,0.0,0.0010563927210624803,9.610773485551512e-10,1.2045786564242368e-09
6.441545454545455e-05,0.0,0.0009722534599975806,8.817287058132496e-10,1.2118329954381695e-09
6.442363636363638e-05,0.0,0.0008747746650448723,7.907694634485133e-10,1.2188998686298752e-09
6.443181818181819e-05,0.0,0.000765041868591716,6.892150241461964e-10,1.22577394609185e-09
6.444000000000001e-05,0.0,0.0006443164479993182,5.782266646169285e-10,1.2324499831145744e-09
6.444818181818182e-05,0.0,0.0005140202467556148,4.590975123103786e-10,1.2389228268036458e-09
6.445636363636365e-05,0.0,0.0003757177658476218,3.3323661508912643e-10,1.2451874226121518e-09
6.446454545454546e-05,0.0,0.00023109616026104624,2.021513100195847e-10,1.2512388207809977e-09
6.447272727272729e-05,0.0,8.19433106850247e-05,6.742812332687348e-11,1.2570721826716346e-09
6.44809090909091e-05,0.0,-6.987572815313488e-05,-6.92875437437068e-11,1.262682786985374e-09
6.448909090909092e-05,0.0,-0.00022244357410515663,-2.0631266928097784e-10,1.268066035855793e-09
6.449727272727273e-05,0.0,-0.00037381630857887546,-3.419485161395516e-10,1.2732174608067192e-09
6.450545454545456e-05,-0.0,-0.0005220498443206164,-4.745028881711651e-10,1.2781327285640947e-09
6.451363636363637e-05,-0.0,-0.0006652264910092645,-6.023124301641024e-10,1.282807646712341e-09
6.45218181818182e-05,-0.0,-0.0008014813339775022,-7.237646620269869e-10,1.2872381691884034e-09
6.453000000000001e-05,-0.0,-0.0009290280415649528,-8.373194398969057e-10,1.2914204016019252e-09
6.453818181818183e-05,-0.0,-0.00104618372271407,-9.415295434889082e-10,1.2953506063739096e-09
6.454636363636364e-05,-0.0,-0.0011513924683834822,-1.0350601000693965e-09,1.2990252076854264e-09
6.455454545454547e-05,-0.0,-0.001243247228021597,-1.116706570777605e-09,1.3024407962301123e-09
6.456272727272728e-05,-0.0,-0.001320509695469511,-1.1854110444299517e-09,1.3055941337588506e-09
6.45709090909091e-05,-0.0,-0.0013821279069106429,-1.240276607142211e-09,1.308482157415518e-09
6.457909090909092e-05,-0.0,-0.0014272512864332754,-1.2805795827656233e-09,1.3111019838486992e-09
6.458727272727274e-05,-0.0,-0.001455242911920301,-1.305779468866228e-09,1.3134509131037818e-09
6.459545454545455e-05,-0.0,-0.0014656888147563916,-1.3155264253393552e-09,1.3155264322774854e-09
6.460363636363638e-05,-0.0,-0.0014584041706147827,-1.3096662072785085e-09,1.3173262189385399e-09
6.461181818181819e-05,-0.0,-0.0014334362846722011,-1.2882424698849906e-09,1.3188481443050857e-09
6.462000000000001e-05,-0.0,-0.0013910643222801809,-1.2514964104797902e-09,1.320090276173406e-09
6.462818181818183e-05,-0.0,-0.0013317957846444878,-1.1998637505111844e-09,1.3210508815975032e-09
6.463636363636365e-05,-0.0,-0.0012563597776657034,-1.1339690982605056e-09,1.3217284293096607e-09
6.464454545454546e-05,-0.0,-0.001165697170004264,-1.0546177701898038e-09,1.3221215918856217e-09
6.465272727272729e-05,-0.0,-0.0010609477828943548,-9.627851849701966e-10,1.3222292476438935e-09
6.46609090909091e-05,-0.0,-0.0009434347985087532,-8.596039786601017e-10,1.3220504822846034e-09
6.466909090909092e-05,-0.0,-0.0008146466150721731,-7.463490217323517e-10,1.3215845902567007e-09
6.467727272727274e-05,-0.0,-0.0006762164147811554,-6.244205482234339e-10,1.3208310758616377e-09
6.468545454545456e-05,-0.0,-0.0005298997443178909,-4.953256337311672e-10,1.3197896540835898e-09
6.469363636363637e-05,-0.0,-0.0003775504368144701,-3.6065828195488536e-10,1.3184602511521996e-09
6.47018181818182e-05,-0.0,-0.00022109522808060454,-2.220783985916491e-10,1.3168430048330446e-09
6.471000000000001e-05,-0.0,-6.250743838431144e-05,-8.128994642599593e-11,1.3149382644480574e-09
6.471818181818183e-05,-0.0,9.621989620595727e-05,5.99814138702688e-11,1.3127465906276985e-09
6.472636363636365e-05,-0.0,0.00025310105213141305,2.0001088648339486e-10,1.3102687547926163e-09
6.473454545454547e-05,-0.0,0.0004061844147698945,3.3709699434460346e-10,1.3075057383703523e-09
6.474272727272728e-05,-0.0,0.0005535786567141883,4.695836146379085e-10,1.304458731745411e-09
6.475090909090911e-05,0.0,0.0006934779228168489,5.958812937989756e-10,1.301129132948766e-09
6.475909090909092e-05,0.0,0.0008241856638034952,7.144875516232856e-10,1.2975185460853519e-09
6.476727272727274e-05,0.0,0.000944136782552625,8.240059000225008e-10,1.293628779509122e-09
6.477545454545456e-05,0.0,0.001051917784462313,9.23163321797912e-10,1.289461843741668e-09
6.478363636363638e-05,0.0,0.0011462846552112303,1.010825978217946e-09,1.2850199491451332e-09
6.479181818181819e-05,0.0,0.0012261782251409236,1.0860129408291765e-09,1.2803055033514992e-09
6.48e-05,0.0,0.0012907368188434074,1.1479077723705191e-09,1.2753211084516727e-09
6.480818181818183e-05,0.0,0.0013393060306852384,1.1958678134450008e-09,1.2700695579516688e-09
6.481636363636364e-05,0.0,0.0013714455112472726,1.2294310652424266e-09,1.2645538335027687e-09
6.482454545454546e-05,0.0,0.0013869326952906107,1.2483205935750957e-09,1.2587771014071802e-09
6.483272727272728e-05,0.0,0.0013857634481404355,1.2524464152680419e-09,1.2527427089105798e-09
6.48409090909091e-05,0.0,0.0013681496535735687,1.2419048639786171e-09,1.246454180285009e-09
6.484909090909091e-05,0.0,0.0013345138116734646,1.2169754682806639e-09,1.2399152127103728e-09
6.485727272727274e-05,0.0,0.0012854807589678906,1.1781154097970205e-09,1.233129671961979e-09
6.486545454545455e-05,0.0,0.0012218666648105294,1.1259516627838815e-09,1.2261015879104772e-09
6.487363636363637e-05,0.0,0.0011446654967719797,1.0612709483841381e-09,1.218835149843781e-09
6.488181818181819e-05,0.0,0.0010550331831859162,9.85007666299612e-10,1.2113347016174467e-09
6.489000000000001e-05,0.0,0.000954269732433468,8.982299934829794e-10,1.2036047366435353e-09
6.489818181818182e-05,0.0,0.0008437995955941836,8.0212436323659e-10,1.1956498927231164e-09
6.490636363636365e-05,0.0,0.0007251505813721934,6.979785585108488e-10,1.1874749467365663e-09
6.491454545454546e-05,0.0,0.0005999316494294104,5.871636699498106e-10,1.1790848091949708e-09
6.492272727272728e-05,0.0,0.0004698099202179757,4.711151821358235e-10,1.1704845186644037e-09
6.49309090909091e-05,0.0,0.0003364872459852411,3.5131346038383285e-10,1.1616792360732777e-09
6.493909090909092e-05,0.0,0.00020167668880032708,2.292639152549609e-10,1.1526742389085385e-09
6.494727272727273e-05,0.0,6.70792472842778e-05,1.0647712267629222e-10,1.1434749153140152e-09
6.495545454545456e-05,0.0,-6.563883563616519e-05,-1.555082578853161e-11,1.1340867580975336e-09
6.496363636363637e-05,0.0,-0.00019486786595903263,-1.3535747526356144e-10,1.1245153586571833e-09
6.497181818181819e-05,0.0,-0.00031907529381727557,-2.515324063038461e-10,1.1147664008375937e-09
6.498e-05,0.0,-0.0004368248349330512,-3.627346385274764e-10,1.104845654722725e-09
6.498818181818183e-05,0.0,-0.0005467938696879334,-4.677088155392951e-10,1.0947589703786843e-09
6.499636363636364e-05,0.0,-0.0006477889016276793,-5.652999684650185e-10,1.0845122715524968e-09
6.500454545454547e-05,-0.0,-0.0007387588904626156,-6.544666789369066e-10,1.0741115493392368e-09
6.501272727272728e-05,-0.0,-0.0008188063100840927,-7.342924881236433e-10,1.0635628558251135e-09
6.50209090909091e-05,-0.0,-0.0008871958191899905,-8.039954259404267e-10,1.0528722977159686e-09
6.502909090909091e-05,-0.0,-0.0009433604701783426,-8.629355634830712e-10,1.0420460299638212e-09
6.503727272727274e-05,-0.0,-0.0009869054204023685,-9.106205215312832e-10,1.031090249394016e-09
6.504545454545455e-05,-0.0,-0.0010176091480626037,-9.467088982139417e-10,1.020011188351366e-09
6.505363636363638e-05,-0.0,-0.0010354222123394455,-9.71011609148659e-10,1.008815108363711e-09
6.506181818181819e-05,-0.0,-0.0010404636332669165,-9.834911631202172e-10,9.975082938421682e-10
6.507000000000001e-05,-0.0,-0.001033015000776643,-9.842589251984555e-10,9.86097045817893e-10
6.507818181818182e-05,-0.0,-0.0010135124538040814,-9.735704467141674e-10,9.745876757319727e-10
6.508636363636365e-05,-0.0,-0.0009825366989008285,-9.518189673113639e-10,9.629864992781525e-10
6.509454545454546e-05,-0.0,-0.0009408012630479783,-9.195272180389483e-10,9.51299830315945e-10
6.510272727272729e-05,-0.0,-0.0008891391969896006,-8.773376758047847e-10,9.39533974853202e-10
6.51109090909091e-05,-0.0,-0.0008284884631444881,-8.260014382324651e-10,9.27695225113103e-10
6.511909090909092e-05,-0.0,-0.0007598762558210933,-7.663659038027884e-10,9.157898536889645e-10
6.512727272727273e-05,-0.0,-0.0006844025109390626,-6.993614549549314e-10,9.038241077933755e-10
6.513545454545456e-05,-0.0,-0.0006032228677053221,-6.259873514438078e-10,8.918042036145532e-10
6.514363636363637e-05,-0.0,-0.000517531345727136,-5.472970476191826e-10,8.797363207782719e-10
6.51518181818182e-05,-0.0,-0.00042854299796132633,-4.643831503970634e-10,8.676265969294733e-10
6.516e-05,-0.0,-0.00033747679285666543,-3.783622345514405e-10,8.554811224337246e-10
6.516818181818183e-05,-0.0,-0.0002455389682662542,-2.903597286557546e-10,8.433059352100966e-10
6.517636363636364e-05,-0.0,-0.0001539070854652043,-2.014950786564649e-10,8.311070156957697e-10
6.518454545454547e-05,-0.0,-6.371499423138531e-05,-1.128673868569572e-10,8.188902819504055e-10
6.519272727272728e-05,-0.0,2.3961100199969778e-05,-2.5541712211526713e-11,8.066615849065474e-10
6.52009090909091e-05,-0.0,0.00010811530001169571,5.946379645487427e-11,7.944267037670912e-10
6.520909090909092e-05,-0.0,0.0001878232636663562,1.4118977911707805e-10,7.821913415577282e-10
6.521727272727274e-05,-0.0,0.00026225192284934503,2.1874641819180592e-10,7.699611208360495e-10
6.522545454545455e-05,-0.0,0.00033066757655172643,2.9132295001711343e-10,7.57741579562439e-10
6.523363636363638e-05,-0.0,0.00039244229887323037,3.5819583799285104e-10,7.455381671356515e-10
6.524181818181819e-05,-0.0,0.0004470586247479692,4.187355330025649e-10,7.33356240595665e-10
6.525000000000001e-05,0.0,0.0004941125050716546,4.724117690022557e-10,7.212010609985161e-10
6.525818181818183e-05,0.0,0.0005333145492124345,5.187973640704203e-10,7.090777899617987e-10
6.526636363636365e-05,0.0,0.0005644895982161295,5.575705194043733e-10,6.969914863879938e-10
6.527454545454546e-05,0.0,0.0005875746958005103,5.88515630405765e-10,6.849471033629693e-10
6.528272727272729e-05,0.0,0.0006026155461403082,6.11522644803319e-10,6.729494852330879e-10
6.52909090909091e-05,0.0,0.0006097615671860351,6.265850224335882e-10,6.61003364862879e-10
6.529909090909092e-05,0.0,0.0006092596655928753,6.337963695668554e-10,6.491133610714103e-10
6.530727272727273e-05,0.0,0.0006014468740661688,6.333458373041603e-10,6.372839762521687e-10
6.531545454545456e-05,0.0,0.0005867420039115002,6.255123883684737e-10,6.255195941714948e-10
6.532363636363637e-05,0.0,0.0005656364747143273,6.106580494156883e-10,6.138244779493012e-10
6.53318181818182e-05,0.0,0.0005386844893215169,5.892202766529312e-10,6.022027682207756e-10
6.534000000000001e-05,0.0,0.0005064927256608942,5.61703570995133e-10,5.906584814783018e-10
6.534818181818183e-05,0.0,0.0004697097174692941,5.286704851450451e-10,5.791955085910705e-10
6.535636363636364e-05,0.0,0.00042901509380395265,4.907321688409838e-10,5.678176135041573e-10
6.536454545454547e-05,0.0,0.0003851088424266548,4.485386000855225e-10,5.565284321133677e-10
6.537272727272728e-05,0.0,0.000338700754952249,4.027686495099344e-10,5.453314713147373e-10
6.53809090909091e-05,0.0,0.0002905002022539864,3.5412012222233697e-10,5.342301082269627e-10
6.538909090909092e-05,0.0,0.00024120637725816657,3.032999166483492e-10,5.232275895832454e-10
6.539727272727274e-05,0.0,0.00019149912920449468,2.5101443314915086e-10,5.123270312929734e-10
6.540545454545455e-05,0.0,0.00014203049897901478,1.9796035675413183e-10,5.015314181661195e-10
6.541363636363638e-05,0.0,9.341704953769444e-05,1.4481592837024594e-10,4.908436038025058e-10
6.542181818181819e-05,0.0,4.623306903102018e-05,9.223280752628097e-11,4.802663106377155e-10
6.543000000000002e-05,0.0,1.004707315065919e-06,4.082861730528322e-11,4.69802130146909e-10
6.543818181818183e-05,0.0,-4.179491060887394e-05,-8.819751170452777e-12,4.5945352319941753e-10
6.544636363636365e-05,0.0,-8.174956775517853e-05,-5.618201125943108e-11,4.4922282056260733e-10
6.545454545454546e-05,0.0,-0.00011850282516618713,-1.0077948122298043e-10,4.3911222355063686e-10
6.546272727272729e-05,0.0,-0.00015175988514032327,-1.4218917794939966e-10,4.291238048132523e-10
6.54709090909091e-05,0.0,-0.00018128846930931782,-1.8004698383698644e-10,4.192595092618424e-10
6.547909090909093e-05,0.0,-0.00020691874740996923,-2.140498808724973e-10,4.0952115512701304e-10
6.548727272727274e-05,0.0,-0.00022854236556607555,-2.4395725964666995e-10,3.999104351453033e-10
6.549545454545456e-05,0.0,-0.00024611063446753674,-2.695913240831258e-10,3.9042891786739935e-10
6.550363636363637e-05,-0.0,-0.00025963194787991553,-2.9083662485585004e-10,3.810780490872066e-10
6.55118181818182e-05,-0.0,-0.00026916851034494,-3.076387656708209e-10,3.718591533824456e-10
6.552000000000001e-05,-0.0,-0.00027483245967907695,-3.20002336671086e-10,3.627734357673385e-10
6.552818181818183e-05,-0.0,-0.0002767814749134944,-3.279881380718343e-10,3.53821983447422e-10
6.553636363636365e-05,-0.0,-0.0002752139636443996,-3.317097646659193e-10,3.4500576767470457e-10
6.554454545454546e-05,-0.0,-0.0002703639244061188,-3.3132962799902145e-10,3.3632564569809934e-10
6.555272727272728e-05,-0.0,-0.00026249557969568524,-3.270544977579392e-10,3.277823628015337e-10
6.55609090909091e-05,-0.0,-0.00025189787374809623,-3.191306472386161e-10,3.1937655442892887e-10
6.556909090909092e-05,-0.0,-0.00023887892619000643,-3.0783868966591897e-10,3.1110874838700033e-10
6.557727272727273e-05,-0.0,-0.00022376052841039455,-2.9348819266441735e-10,3.0297936712394973e-10
6.558545454545456e-05,-0.0,-0.0002068727640193988,-2.7641215737429416e-10,2.9498873007597185e-10
6.559363636363637e-05,-0.0,-0.00018854882827305875,-2.569614466476014e-10,2.8713705608053457e-10
6.560181818181819e-05,-0.0,-0.0001691201139836856,-2.354992435247023e-10,2.794244658473416e-10
6.561e-05,-0.0,-0.00014891162338167863,-2.1239561689759619e-10,2.7185098448506315e-10
6.561818181818183e-05,-0.0,-0.00012823775681761692,-1.8802226601013337e-10,2.644165440770366e-10
6.562636363636364e-05,-0.0,-0.00010739852026653843,-1.627475093720073e-10,2.571209863030605e-10
6.563454545454547e-05,-0.0,-8.667618448900386e-05,-1.3693157688426018e-10,2.4996406509998597e-10
6.564272727272728e-05,-0.0,-6.633241957849474e-05,-1.1092225664574277e-10,2.429454493585145e-10
6.56509090909091e-05,-0.0,-4.6605919635681536e-05,-8.50509401550538e-11,2.3606472565107507e-10
6.565909090909091e-05,-0.0,-2.771052360066155e-05,-5.962910159630491e-11,2.2932140098484165e-10
6.566727272727274e-05,-0.0,-9.833829976241884e-06,-3.4945238720167814e-11,2.2271490557816087e-10
6.567545454545455e-05,-0.0,6.86370459327461e-06,-1.1262294659023733e-11,2.1624459565271107e-10
6.568363636363637e-05,-0.0,2.2249200060714448e-05,1.1184428052242846e-11,2.0990975624030428e-10
6.569181818181819e-05,-0.0,3.621734462697377e-05,3.218885779439124e-11,2.0370960399739833e-10
6.570000000000001e-05,-0.0,4.868997253955909e-05,5.157525254419124e-11,1.976432900260609e-10
6.570818181818182e-05,-0.0,5.961526208369644e-05,6.91988179642898e-11,1.9170990269400917e-10
6.571636363636365e-05,-0.0,6.89665917572224e-05,8.494586244779495e-11,1.8590847045507633e-10
6.572454545454546e-05,-0.0,7.674109568678322e-05,9.873351254837259e-11,1.802379646586242e-10
6.573272727272728e-05,-0.0,8.29579615293205e-05,1.1050901744825037e-10,1.7469730235435495e-10
6.57409090909091e-05,-0.0,8.765651542590914e-05,1.202486756233175e-10,1.6928534907883997e-10
6.574909090909092e-05,-0.0,9.089413906631014e-05,1.2795642062269636e-10,1.6400092162989507e-10
6.575727272727273e-05,0.0,9.274406362640989e-05,1.3366210587637485e-10,1.5884279081766836e-10
6.576545454545456e-05,0.0,9.329308431165136e-05,1.3741953066239458e-10,1.538096841957306e-10
6.577363636363637e-05,0.0,9.263923754092288e-05,1.393042508236231e-10,1.4890028876491703e-10
6.57818181818182e-05,0.0,9.08894805083264e-05,1.3941121853236667e-10,1.4411325365055027e-10
6.579e-05,0.0,8.815741004301369e-05,1.3785229539192439e-10,1.3944719274842348e-10
6.579818181818183e-05,0.0,8.456105443342454e-05,1.3475368247847106e-10,1.349006873383224e-10
6.580636363636364e-05,0.0,8.022076827810898e-05,1.3025330961170547e-10,1.3047228866187936e-10
6.581454545454547e-05,0.0,7.525725655723488e-05,1.244982242530762e-10,1.2616052046481015e-10
6.582272727272728e-05,0.0,6.978975007141938e-05,1.1764201802854454e-10,1.2196388149919714e-10
6.58309090909091e-05,0.0,6.393435024961948e-05,1.0984232602827383e-10,1.1788084798616218e-10
6.583909090909091e-05,0.0,5.7802557164445636e-05,1.0125843081405916e-10,1.1390987603698168e-10
6.584727272727274e-05,0.0,5.149999048656688e-05,9.204899954265123e-11,1.1004940403003052e-10
6.585545454545455e-05,0.0,4.512530912950705e-05,8.236997886132187e-11,1.0629785494513446e-10
6.586363636363638e-05,0.0,3.87693315443545e-05,7.237266832235628e-11,1.0265363865180904e-10
6.587181818181819e-05,0.0,3.2514355074425985e-05,6.22019890696863e-11,9.911515415267305e-11
6.588000000000001e-05,0.0,2.6433669517837552e-05,5.199496053906487e-11,9.568079177980596e-11
6.588818181818182e-05,0.0,2.0591257108374514e-05,4.1879393949681473e-11,9.234893534559883e-11
6.589636363636365e-05,0.0,1.5041668541608441e-05,3.1972807507470426e-11,8.911796424599298e-11
6.590454545454546e-05,0.0,9.830062465607962e-06,2.23815645474267e-11,8.598625551805316e-11
6.591272727272729e-05,0.0,4.9923940369765975e-06,1.3200232357559394e-11,8.29521858505608e-11
6.59209090909091e-05,0.0,5.557367175760812e-07,4.5111561993718615e-12,8.001413354951021e-11
6.592909090909092e-05,0.0,-3.461279548823068e-06,-3.615759903375473e-12,7.717048045727854e-11
6.593727272727273e-05,0.0,-7.0479312984017474e-06,-1.112307665273624e-11,7.44196138290009e-11
6.594545454545456e-05,0.0,-1.0200783461665254e-05,-1.796566057460266e-11,7.175992816408858e-11
6.595363636363637e-05,0.0,-1.2923007998929745e-05,-2.4110357979120777e-11,6.918982699614235e-11
6.59618181818182e-05,0.0,-1.5223656665051345e-05,-2.9535518603238535e-11,6.670772464284041e-11
6.597000000000001e-05,0.0,-1.711690466646385e-05,-3.423038694742788e-11,6.431204791346609e-11
6.597818181818183e-05,0.0,-1.8621281078173306e-05,-3.8194380156331295e-11,6.200123778194853e-11
6.598636363636364e-05,0.0,-1.9758900779118877e-05,-4.143627177442438e-11,5.97737510205763e-11
6.599454545454547e-05,0.0,-2.0554711378576773e-05,-4.3973300853835e-11,5.762806179952701e-11
6.600272727272728e-05,-0.0,-2.1035767181250318e-05,-4.583022571912859e-11,5.556266325254188e-11
6.60109090909091e-05,-0.0,-2.1230540711131978e-05,-4.7038341230757456e-11,5.357606901069291e-11
6.601909090909092e-05,-0.0,-2.1168280720411846e-05,-4.7634477650432356e-11,5.166681470352761e-11
6.602727272727274e-05,-0.0,-2.0878423984939828e-05,-4.765999824565053e-11,4.9833459429587466e-11
6.603545454545455e-05,-0.0,-2.03900665654156e-05,-4.7159811585975013e-11,4.807458719632552e-11
6.604363636363638e-05,-0.0,-1.9731498624037616e-05,-4.618141313444422e-11,4.638880832848761e-11
6.605181818181819e-05,-0.0,-1.892980535670999e-05,-4.477396923758134e-11,4.477476084255518e-11
6.606000000000001e-05,-0.0,-1.8010535154438733e-05,-4.2987455017849145e-11,4.323111178734387e-11
6.606818181818183e-05,-0.0,-1.699743476428058e-05,-4.0871855988663104e-11,4.1756558543478365e-11
6.607636363636365e-05,-0.0,-1.591224999693153e-05,-3.8476441491859764e-11,4.034983008072578e-11
6.608454545454546e-05,-0.0,-1.4774589438067472e-05,-3.584911631657124e-11,3.900968816261226e-11
6.609272727272729e-05,-0.0,-1.3601847673361182e-05,-3.30358551395006e-11,3.773492849336974e-11
6.61009090909091e-05,-0.0,-1.2409183738283685e-05,-3.0080222740109946e-11,3.652438179489236e-11
6.610909090909092e-05,-0.0,-1.1209549855349077e-05,-2.7022981331190974e-11,3.537691480202125e-11
6.611727272727274e-05,-0.0,-1.001376502229917e-05,-2.3901784809569458e-11,3.42914311649768e-11
6.612545454545456e-05,-0.0,-8.830627661096141e-06,-2.075095830534512e-11,3.326687224019032e-11
6.613363636363637e-05,-0.0,-7.667061323274947e-06,-1.7601360098436008e-11,3.230221775618158e-11
6.61418181818182e-05,-0.0,-6.528287363650381e-06,-1.4480321792770704e-11,3.139648633845981e-11
6.615000000000001e-05,-0.0,-5.418018530997022e-06,-1.1411661600352017e-11,3.0548735875345395e-11
6.615818181818183e-05,-0.0,-4.3386675690221635e-06,-8.415764698675662e-12,2.9758063712069495e-11
6.616636363636365e-05,-0.0,-3.2915651606358276e-06,-5.509723883156923e-12,2.902360666217105e-11
6.617454545454547e-05,-0.0,-2.2771818694627063e-06,-2.7075331500416257e-12,2.8344540825992044e-11
6.618272727272728e-05,-0.0,-1.2953491205863264e-06,-2.0326407786306833e-14,2.772008121873034e-11
6.61909090909091e-05,-0.0,-3.45474703313259e-07,2.543346774517362e-12,2.714948120674182e-11
6.619909090909092e-05,-0.0,5.732512418581734e-07,4.977216620613163e-12,2.6632031773193108e-11
6.620727272727274e-05,-0.0,1.461663285332803e-06,7.27696805381338e-12,2.6167060625934207e-11
6.621545454545455e-05,-0.0,2.3204438355200856e-06,9.439903195135609e-12,2.5753931186842842e-11
6.622363636363638e-05,-0.0,3.1499648280052154e-06,1.1464599357283024e-11,2.5392041493635018e-11
6.623181818181819e-05,-0.0,3.950149963607199e-06,1.3350570105573558e-11,2.5080823068576635e-11
6.624000000000002e-05,-0.0,4.720358989702276e-06,1.509793651936113e-11,2.481973979723113e-11
6.624818181818183e-05,-0.0,5.4592950524544686e-06,1.6707115275962424e-11,2.4608286879491135e-11
6.625636363636365e-05,0.0,6.164935712769126e-06,1.817852958489133e-11,2.444598989648722e-11
6.626454545454546e-05,0.0,6.834487820176744e-06,1.951234835898197e-11,2.433240405109377e-11
6.627272727272729e-05,0.0,7.464366079070506e-06,2.0708258304875575e-11,2.4267113612764723e-11
6.62809090909091e-05,0.0,8.05019482215354e-06,2.1765272886990967e-11,2.4249731602408718e-11
6.628909090909091e-05,0.0,8.586832227142156e-06,2.2681581356848977e-11,2.4279899728119058e-11
6.629727272727274e-05,0.0,9.068415974374563e-06,2.34544402633573e-11,2.4357288575004217e-11
6.630545454545455e-05,0.0,9.488429143434284e-06,2.4080109079611016e-11,2.4481598032398436e-11
6.631363636363637e-05,0.0,9.83978498325459e-06,2.4553830801996995e-11,2.4652557933125033e-11
6.632181818181819e-05,0.0,1.0114929058346153e-05,2.486985760929353e-11,2.4869928864314215e-11
6.633000000000001e-05,0.0,1.0305957169256231e-05,2.502152092257985e-11,2.513350310196701e-11
6.633818181818182e-05,0.0,1.0404747363751281e-05,2.5001344483318418e-11,2.5443105619876783e-11
6.634636363636365e-05,0.0,1.0403104292431198e-05,2.4801198376854906e-11,2.579859511577545e-11
6.635454545454546e-05,0.0,1.0292914114422304e-05,2.4412491276500054e-11,2.6199865008281526e-11
6.636272727272728e-05,0.0,1.0066308121010024e-05,2.382639757294593e-11,2.6646844353597055e-11
6.63709090909091e-05,0.0,9.71583321291463e-06,2.303411549346482e-11,2.7139498648332558e-11
6.637909090909092e-05,0.0,9.234627336159262e-06,2.2027151801815074e-11,2.7677830481926414e-11
6.638727272727273e-05,0.0,8.616597948979644e-06,2.0797628216241646e-11,2.8261880022366402e-11
6.639545454545456e-05,0.0,7.856601556100076e-06,1.9338604283747287e-11,2.8891725317089374e-11
6.640363636363637e-05,0.0,6.9506223059752245e-06,1.764441111227123e-11,2.9567482408039474e-11
6.641181818181819e-05,0.0,5.895947600686372e-06,1.5710990089338126e-11,3.028930525923557e-11
6.642e-05,0.0,4.691338616757636e-06,1.3536230507729577e-11,3.1057385505950725e-11
6.642818181818183e-05,0.0,3.3371935785606666e-06,1.1120299880456452e-11,3.1871952035408744e-11
6.643636363636364e-05,0.0,1.8357015657841678e-06,8.465960656145716e-12,3.2733270415305537e-11
6.644454545454547e-05,0.0,1.9098457566659334e-07,5.578867049138893e-12,3.364164218387988e-11
6.645272727272728e-05,0.0,-1.5907744966444838e-06,2.4678357737221018e-12,3.459740401890495e-11
6.64609090909091e-05,0.0,-3.5012203457738942e-06,-8.549153802780874e-13,3.560092680344086e-11
6.646909090909091e-05,0.0,-5.529732635448775e-06,-4.373566968633706e-12,3.66526145999543e-11
6.647727272727274e-05,0.0,-7.66335471406155e-06,-8.06854084890325e-12,3.775290355267415e-11
6.648545454545455e-05,0.0,-9.886746110653202e-06,-1.1916391837063993e-11,3.890226072544251e-11
6.649363636363638e-05,0.0,-1.2182161228075146e-05,-1.5889752777913333e-11,4.010118288999521e-11
6.650181818181819e-05,-0.0,-1.4529456589594627e-05,-1.995733722255314e-11,4.135019527302281e-11
6.651000000000001e-05,-0.0,-1.6906128895976128e-05,-2.40840033081413e-11,4.2649850269456023e-11
6.651818181818182e-05,-0.0,-1.9287386007346323e-05,-2.8230881772470018e-11,4.400072612990279e-11
6.652636363636365e-05,-0.0,-2.1646252774126997e-05,-3.235557030282609e-11,4.5403425625215773e-11
6.653454545454546e-05,-0.0,-2.3953713400767205e-05,-3.6412395629119814e-11,4.685857469585993e-11
6.654272727272729e-05,-0.0,-2.617889173199484e-05,-4.035274391756249e-11,4.8366821085022215e-11
6.65509090909091e-05,-0.0,-2.828927050142521e-05,-4.41254591244549e-11,4.9928832960467256e-11
6.655909090909092e-05,-0.0,-3.025095017532386e-05,-4.767730802400709e-11,5.154529752689367e-11
6.656727272727273e-05,-0.0,-3.202894756050684e-05,-5.095350964849827e-11,5.321691962813691e-11
6.657545454545456e-05,-0.0,-3.358753382690519e-05,-5.3898325871719214e-11,5.4944420340983105e-11
6.658363636363637e-05,-0.0,-3.489061102574008e-05,-5.6455708852228064e-11,5.6728535562093035e-11
6.65918181818182e-05,-0.0,-3.590212556807233e-05,-5.85700000279835e-11,5.857001458510815e-11
6.66e-05,-0.0,-3.658651647121513e-05,-6.018667434273525e-11,6.04696186723987e-11
6.660818181818183e-05,-0.0,-3.6909195488995036e-05,-6.125312239419702e-11,6.242811961697009e-11
6.661636363636364e-05,-0.0,-3.683705552469812e-05,-6.171946223884589e-11,6.444629829695517e-11
6.662454545454547e-05,-0.0,-3.633900299304935e-05,-6.153937168866954e-11,6.65249432227557e-11
6.663272727272728e-05,-0.0,-3.538650906134767e-05,-6.067093109582932e-11,6.866484907573255e-11
6.66409090909091e-05,-0.0,-3.395417397231984e-05,-5.907746586962761e-11,7.086681523791113e-11
6.664909090909092e-05,-0.0,-3.2020297945333724e-05,-5.6728377311371754e-11,7.313164431453105e-11
6.665727272727274e-05,-0.0,-2.956745148196188e-05,-5.359994980865732e-11,7.54601406477845e-11
6.666545454545455e-05,-0.0,-2.6583037280948144e-05,-4.967612201307517e-11,7.785310882291057e-11
6.667363636363638e-05,-0.0,-2.3059835411497867e-05,-4.494920934666184e-11,8.03113521660445e-11
6.668181818181819e-05,-0.0,-1.899652291774654e-05,-3.942056506211002e-11,8.283567123436648e-11
6.669000000000001e-05,-0.0,-1.4398158646119516e-05,-3.3101167121934044e-11,8.54268622990384e-11
6.669818181818183e-05,-0.0,-9.276623815187361e-06,-2.6012118380986876e-11,8.808571582106528e-11
6.670636363636365e-05,-0.0,-3.65100869784634e-06,-1.818504795889334e-11,9.08130149200332e-11
6.671454545454546e-05,-0.0,2.4520642293209293e-06,-9.662402281217599e-12,9.360953383754284e-11
6.672272727272729e-05,-0.0,8.998190183431897e-06,-4.976150532587956e-13,9.647603639411232e-11
6.67309090909091e-05,-0.0,1.5945014246140902e-05,9.244853585537034e-12,9.941327444073584e-11
6.673909090909092e-05,-0.0,2.324215458368247e-05,1.9489617307491847e-11,1.0242198630699697e-10
6.674727272727273e-05,-0.0,3.0831224871867665e-05,3.015061045535661e-11,1.055028952445418e-10
6.675545454545456e-05,0.0,3.864596328976803e-05,4.1131487182896383e-11,1.0865670786690924e-10
6.676363636363637e-05,0.0,4.661247448125828e-05,5.232617682719815e-11,1.1188411258711823e-10
6.67718181818182e-05,0.0,5.464958974851283e-05,6.361959759021671e-11,1.1518577805475691e-10
6.678000000000001e-05,0.0,6.26693494409784e-05,7.488852858828764e-11,1.1856235158939997e-10
6.678818181818183e-05,0.0,7.057761004560003e-05,8.600263819725268e-11,1.2201445761691475e-10
6.679636363636364e-05,0.0,7.827477688082019e-05,9.682566438418223e-11,1.2554269610370595e-10
6.680454545454547e-05,0.0,8.565666156285289e-05,1.0721674041708482e-10,1.291476409950055e-10
6.681272727272728e-05,0.0,9.261546156553806e-05,1.1703185699395244e-10,1.3282983865309664e-10
6.68209090909091e-05,0.0,9.904085725509502e-05,1.261254494778731e-10,1.3658980630176225e-10
6.682909090909092e-05,0.0,0.00010482121977166612,1.3435209658626002e-10,1.4042803047375721e-10
6.683727272727274e-05,0.0,0.00010984492107703391,1.4156831460235117e-10,1.4434496546295578e-10
6.684545454545455e-05,0.0,0.00011400173542135474,1.4763442898851837e-10,1.4834103178528186e-10
6.685363636363638e-05,0.0,0.00011718431943227338,1.5241650321839544e-10,1.5241661464546172e-10
6.686181818181819e-05,0.0,0.00011928975602987056,1.557883027495976e-10,1.5657206241391518e-10
6.687000000000002e-05,0.0,0.00012022114545411085,1.5763327036301942e-10,1.6080768511321733e-10
6.687818181818183e-05,0.0,0.00011988922489233025,1.5784648763444448e-10,1.6512375291572605e-10
6.688636363636365e-05,0.0,0.0001182139965481234,1.563365961170122e-10,1.6952049465471137e-10
6.689454545454546e-05,0.0,0.00011512634253522009,1.5302765092360373e-10,1.7399809634832853e-10
6.690272727272729e-05,0.0,0.00011056960374524869,1.478608788435452e-10,1.7855669974003568e-10
6.69109090909091e-05,0.0,0.00010450109885960198,1.4079631292721344e-10,1.831964008556598e-10
6.691909090909092e-05,0.0,9.689355898357958e-05,1.318142756512302e-10,1.8791724857841328e-10
6.692727272727274e-05,0.0,8.773645300370078e-05,1.209166833512038e-10,1.9271924324437308e-10
6.693545454545456e-05,0.0,7.703717873195109e-05,1.0812814559222169e-10,1.9760233525960027e-10
6.694363636363637e-05,0.0,6.482209522579605e-05,9.34968345450062e-11,2.0256642374061618e-10
6.69518181818182e-05,0.0,5.1137372377785815e-05,7.70951012531815e-11,2.0761135517890284e-10
6.696000000000001e-05,0.0,3.604963496591858e-05,5.901981790241491e-11,2.1273692213490776e-10
6.696818181818183e-05,0.0,1.96463798522875e-05,3.939242783550936e-11,2.1794286195679357e-10
6.697636363636365e-05,0.0,2.0361469137931956e-06,1.8358688068289418e-11,2.2322885553475924e-10
6.698454545454547e-05,0.0,-1.665157341990414e-05,-3.911907560550703e-12,2.2859452608360635e-10
6.699272727272728e-05,0.0,-3.6266710470150764e-05,-2.7227032770980183e-11,2.3403943796354506e-10
6.700090909090911e-05,-0.0,-5.6639272860577257e-05,-5.137276491702911e-11,2.395630955354307e-10
6.700909090909092e-05,-0.0,-7.758030533552901e-05,-7.611515267246219e-11,2.451649420571188e-10
6.701727272727274e-05,-0.0,-9.888314716764772e-05,-1.0120211078602557e-10,2.508443586192607e-10
6.702545454545456e-05,-0.0,-0.00012032499250559623,-1.2636563276816173e-10,2.56600663126675e-10
6.703363636363637e-05,-0.0,-0.0001416687488125159,-1.5132430767411737e-10,2.624331093237458e-10
6.704181818181819e-05,-0.0,-0.0001626651851653538,-1.757861224309165e-10,2.683408858698944e-10
6.705e-05,-0.0,-0.00018305535767941332,-1.9945152646944168e-10,2.743231154642681e-10
6.705818181818183e-05,-0.0,-0.00020257329475149345,-2.220167308470313e-10,2.803788540247556e-10
6.706636363636364e-05,-0.0,-0.0002209489202437987,-2.431772096413121e-10,2.865070899214882e-10
6.707454545454547e-05,-0.0,-0.00023791118822809795,-2.626313672423218e-10,2.927067432694728e-10
6.708272727272728e-05,-0.0,-0.0002531913985461685,-2.800843313261579e-10,2.989766652807867e-10
6.70909090909091e-05,-0.0,-0.00026652665829008515,-2.952518278385786e-10,3.053156376803344e-10
6.709909090909091e-05,-0.0,-0.0002776634504364033,-3.078640913109123e-10,3.1172237218623773e-10
6.710727272727274e-05,-0.0,-0.00028636126735363766,-3.176697613348179e-10,3.181955100593834e-10
6.711545454545455e-05,-0.0,-0.0002923962638135714,-3.244397141006667e-10,3.2473362172165973e-10
6.712363636363637e-05,-0.0,-0.0002955648815421961,-3.279707765986426e-10,3.3133520644674495e-10
6.713181818181819e-05,-0.0,-0.0002956873953092908,-3.280892704488759e-10,3.3799869212739907e-10
6.714000000000001e-05,-0.0,-0.0002926113291345076,-3.246543323876403e-10,3.447224351167358e-10
6.714818181818182e-05,-0.0,-0.00028621469043314525,-3.175609592408526e-10,3.515047201512195e-10
6.715636363636365e-05,-0.0,-0.00027640896988011916,-3.0674272675773704e-10,3.583437603520308e-10
6.716454545454546e-05,-0.0,-0.00026314185547169104,-2.9217413398845427e-10,3.6523769731185224e-10
6.717272727272728e-05,-0.0,-0.00024639961073786795,-2.738725279497033e-10,3.721846012635742e-10
6.71809090909091e-05,-0.0,-0.000226209069319755,-2.5189956712981617e-10,3.7918247133629184e-10
6.718909090909092e-05,-0.0,-0.00020263920117917077,-2.2636218691209237e-10,3.8622923589856917e-10
6.719727272727273e-05,-0.0,-0.00017580220954369625,-1.9741303520131298e-10,3.9332275299044583e-10
6.720545454545456e-05,-0.0,-0.00014585412228817696,-1.652503523867035e-10,4.0046081084420525e-10
6.721363636363637e-05,-0.0,-0.00011299484678103767,-1.3011727619623086e-10,4.076411284961068e-10
6.72218181818182e-05,-0.0,-7.746766323619046e-05,-9.23005589313794e-11,4.148613564887931e-10
6.723e-05,-0.0,-3.9558138251809106e-05,-5.212869193279201e-11,4.221190776656221e-10
6.723818181818183e-05,-0.0,4.075525841886572e-07,-9.96943983632055e-12,4.2941180805489e-10
6.724636363636364e-05,-0.0,4.2064896467774975e-05,3.3773204871448855e-11,4.367369978461659e-10
6.725454545454547e-05,0.0,8.501390492032947e-05,7.866262839069251e-11,4.4409203245679297e-10
6.726272727272728e-05,0.0,0.00012882255214905218,1.2423373650269997e-10,4.5147423368808363e-10
6.72709090909091e-05,0.0,0.0001730307687686766,1.6999759503213196e-10,4.5888086097049366e-10
6.727909090909091e-05,0.0,0.00021715496086455288,2.1544652723438257e-10,4.663091126954325e-10
6.728727272727274e-05,0.0,0.000260693015884825,2.600596179191817e-10,4.737561276331716e-10
6.729545454545455e-05,0.0,0.000303129748555764,3.0330856701061683e-10,4.812189864328391e-10
6.730363636363638e-05,0.0,0.00034394273205042865,3.446638286754285e-10,4.886947132057807e-10
6.731181818181819e-05,0.0,0.00038260845213734297,3.8360096623486356e-10,4.961802771848137e-10
6.732000000000001e-05,0.0,0.00041860871512079846,4.1960714792758504e-10,5.036725944593301e-10
6.732818181818182e-05,0.0,0.00045143723418171727,4.521877042915367e-10,5.111685297826046e-10
6.733636363636365e-05,0.0,0.0004806063133566084,4.808726645890716e-10,5.186648984464278e-10
6.734454545454546e-05,0.0,0.0005056535439639197,5.052231873690491e-10,5.261584682194202e-10
6.735272727272729e-05,0.0,0.0005261484249042606,5.248377990298514e-10,5.33645961345397e-10
6.73609090909091e-05,0.0,0.0005416988160131569,5.393583541444738e-10,5.411240565941817e-10
6.736909090909092e-05,0.0,0.0005519571326069817,5.484756323947052e-10,5.485893913652432e-10
6.737727272727273e-05,0.0,0.0005566261895933756,5.519344892344593e-10,5.560385638313417e-10
6.738545454545456e-05,0.0,0.0005554646050592914,5.49538480882987e-10,5.634681351236899e-10
6.739363636363637e-05,0.0,0.0005482916761280165,5.411538889130824e-10,5.708746315469362e-10
6.74018181818182e-05,0.0,0.0005349916440975416,5.267130755220052e-10,5.782545468221078e-10
6.741000000000001e-05,0.0,0.0005155172714222138,5.062171075025288e-10,5.856043443468302e-10
6.741818181818183e-05,0.0,0.0004898926599418598,4.797375949050816e-10,5.929204594709523e-10
6.742636363636364e-05,0.0,0.00045821524784021015,4.4741769931138624e-10,6.001993017759682e-10
6.743454545454547e-05,0.0,0.0004206569320500684,4.0947227643256963e-10,6.07437257354657e-10
6.744272727272728e-05,0.0,0.00037746427311974464,3.661871282823721e-10,6.146306910812615e-10
6.74509090909091e-05,0.0,0.0003289577507987,3.17917351331154e-10,6.217759488672935e-10
6.745909090909092e-05,0.0,0.0002755300506565384,2.650847786782727e-10,6.288693598941409e-10
6.746727272727274e-05,0.0,0.00021764337476718035,2.081745262413479e-10,6.359072388154328e-10
6.747545454545455e-05,0.0,0.00015582578270242515,1.4773066508677839e-10,6.428858879219578e-10
6.748363636363638e-05,0.0,9.066658260686121e-05,8.435105415345454e-11,6.498015992625509e-10
6.749181818181819e-05,0.0,2.2810805780618465e-05,1.8681379581785782e-11,6.566506567126513e-10
6.750000000000001e-05,-0.0,-4.704718821774045e-05,-4.859154152270444e-11,6.634293379850892e-10
6.750818181818183e-05,-0.0,-0.00011817091561940177,-1.167471239536965e-10,6.701339165754994e-10
6.751636363636365e-05,-0.0,-0.00018978970847207131,-1.850389645308313e-10,6.767606636359158e-10
6.752454545454546e-05,-0.0,-0.00026110730530511307,-2.527032905363534e-10,6.833058497715607e-10
6.753272727272729e-05,-0.0,-0.00033131099579974656,-3.1896780891401406e-10,6.897657467542158e-10
6.75409090909091e-05,-0.0,-0.00039958121260270777,-3.830608512250054e-10,6.961366291481844e-10
6.754909090909092e-05,-0.0,-0.0004651014544367672,-4.4422070316141157e-10,7.024147758416836e-10
6.755727272727274e-05,-0.0,-0.0005270684170844026,-5.017050026017976e-10,7.08596471484418e-10
6.756545454545456e-05,-0.0,-0.0005847022028004937,-5.548000868531467e-10,7.14678007822779e-10
6.757363636363637e-05,-0.0,-0.0006372564743762766,-6.028301679292338e-10,7.206556849346921e-10
6.75818181818182e-05,-0.0,-0.0006840284175380385,-6.451662145333835e-10,7.265258123583151e-10
6.759000000000001e-05,-0.0,-0.0007243683747029376,-6.812344208689414e-10,7.322847101175152e-10
6.759818181818183e-05,-0.0,-0.0007576890143864053,-7.105241455070845e-10,7.379287096417116e-10
6.760636363636364e-05,-0.0,-0.000783473903788325,-7.325952082916712e-10,7.434541545819562e-10
6.761454545454547e-05,-0.0,-0.000801285357277997,-7.470844396099187e-10,7.488574015263691e-10
6.762272727272728e-05,-0.0,-0.0008107714406215486,-7.537113842559517e-10,7.541348206161256e-10
6.76309090909091e-05,-0.0,-0.0008116720197909904,-7.522830714732249e-10,7.592827960700993e-10
6.763909090909092e-05,-0.0,-0.0008038237539720494,-7.426977734794247e-10,7.642977266195399e-10
6.764727272727274e-05,-0.0,-0.0007871639448286049,-7.249476867310634e-10,7.691760258641985e-10
6.765545454545455e-05,-0.0,-0.0007617331680372418,-6.991204832273763e-10,7.739141225559086e-10
6.766363636363638e-05,-0.0,-0.000727676628402972,-6.653996931225237e-10,7.785084608203085e-10
6.767181818181819e-05,-0.0,-0.0006852441963105166,-6.240638946406629e-10,7.829555003285887e-10
6.768000000000002e-05,-0.0,-0.0006347891006375608,-5.754847025711202e-10,7.872517164303849e-10
6.768818181818183e-05,-0.0,-0.000576765271320674,-5.201235622712084e-10,7.913936002657804e-10
6.769636363636365e-05,-0.0,-0.0005117233432682469,-4.585273719017802e-10,7.953776588677543e-10
6.770454545454546e-05,-0.0,-0.00044030535199283174,-3.913229713715376e-10,7.992004152755487e-10
6.771272727272729e-05,-0.0,-0.00036323816991556913,-3.192105519340136e-10,8.028584086769453e-10
6.77209090909091e-05,-0.0,-0.00028132575050343096,-2.429560553734027e-10,8.063481945989392e-10
6.772909090909093e-05,-0.0,-0.00019544026496247266,-1.6338264601002812e-10,8.096663451698012e-10
6.773727272727274e-05,-0.0,-0.00010651223285811772,-8.13613521592684e-11,8.128094494725177e-10
6.774545454545456e-05,-0.0,-1.551976350553813e-05,2.1990140085709646e-12,8.157741140182101e-10
6.775363636363637e-05,0.0,7.652296097906223e-05,8.636253821024566e-11,8.185569633592816e-10
6.77618181818182e-05,0.0,0.00016857781768253564,1.70177357775622e-10,8.211546408738574e-10
6.777000000000001e-05,0.0,0.0002595953361403229,2.5268714970263747e-10,8.235638097434291e-10
6.777818181818182e-05,0.0,0.00034852759052409605,3.3294280904652793e-10,8.257811541545578e-10
6.778636363636365e-05,0.0,0.00043434122218579725,4.1001416913274727e-10,8.278033807523604e-10
6.779454545454546e-05,0.0,0.0005160304200094104,4.830016124561553e-10,8.296272203730184e-10
6.780272727272728e-05,0.0,0.000592629684474133,5.510474204713778e-10,8.312494300841635e-10
6.78109090909091e-05,0.0,0.00066322620225636,6.133467118130869e-10,8.32666795561622e-10
6.781909090909092e-05,0.0,0.0007269716616111346,6.691578218327791e-10,8.338761338307819e-10
6.782727272727273e-05,0.0,0.0007830933446558956,7.178119816819562e-10,8.348742963982035e-10
6.783545454545456e-05,0.0,0.0008309043409722741,7.587221624736363e-10,8.356581728010033e-10
6.784363636363637e-05,0.0,0.0008698127375509897,7.913909592510457e-10,8.362246945973063e-10
6.785181818181819e-05,0.0,0.0008993296529010165,8.154174004945369e-10,8.365708398220318e-10
6.786e-05,0.0,0.0009190759979627071,8.305025815964118e-10,8.366936379284055e-10
6.786818181818183e-05,0.0,0.0009287878631073028,8.364540349847274e-10,8.365901752327119e-10
6.787636363636364e-05,0.0,0.0009283204487429238,8.331887652328636e-10,8.362576008811251e-10
6.788454545454547e-05,0.0,0.0009176504766236965,8.207348943653881e-10,8.356931333484059e-10
6.789272727272728e-05,0.0,0.0008968770395963614,7.992318804683562e-10,8.348940674799064e-10
6.79009090909091e-05,0.0,0.0008662208689223039,7.689292914166366e-10,8.338577820821185e-10
6.790909090909091e-05,0.0,0.0008260220201731784,7.301841348124086e-10,8.325817480636692e-10
6.791727272727274e-05,0.0,0.0007767360006952815,6.834567648400818e-10,8.310635371240628e-10
6.792545454545455e-05,0.0,0.0007189283834456757,6.293054064332164e-10,8.293008309839651e-10
6.793363636363638e-05,0.0,0.0006532679732958773,5.683793566455595e-10,8.27291431142735e-10
6.794181818181819e-05,0.0,0.000580518612357346,5.014109421637193e-10,8.250332691494571e-10
6.795000000000001e-05,0.0,0.0005015297301996795,4.29206330203979e-10,8.225244173610235e-10
6.795818181818182e-05,0.0,0.00041722576271606166,3.5263530734632837e-10,8.197631001645773e-10
6.796636363636365e-05,0.0,0.0003285945795692477,2.7262015688840935e-10,8.167477056237696e-10
6.797454545454546e-05,0.0,0.00023667507437646917,1.9012377980725688e-10,8.134767975168334e-10
6.798272727272728e-05,0.0,0.00014254408384232936,1.061372171320736e-10,8.099491277167319e-10
6.79909090909091e-05,0.0,4.730281173722407e-05,2.1666742237731082e-11,8.061636488652162e-10
6.799909090909092e-05,0.0,-4.793705920592751e-05,-6.227929995802349e-11,8.021195272842408e-10
6.800727272727273e-05,-0.0,-0.00014206737985405246,-1.4470372385339698e-10,7.978161560615627e-10
6.801545454545456e-05,-0.0,-0.00023399748222136153,-2.2463361756239298e-10,7.932531682467465e-10
6.802363636363637e-05,-0.0,-0.00032266787340791924,-3.01133153569007e-10,7.884304500844619e-10
6.80318181818182e-05,-0.0,-0.0004070634909393802,-3.7331591038477675e-10,7.833481542069149e-10
6.804e-05,-0.0,-0.00048622634079592233,-4.403565248396993e-10,7.780067127076616e-10
6.804818181818183e-05,-0.0,-0.0005592673482781504,-5.015015023818459e-10,7.724068500120329e-10
6.805636363636364e-05,-0.0,-0.0006253772631661903,-5.560790233265708e-10,7.665495954526322e-10
6.806454545454547e-05,-0.0,-0.0006838364742148946,-6.035075962988532e-10,7.604362954652425e-10
6.807272727272728e-05,-0.0,-0.0007340236036888297,-6.43303426011611e-10,7.540686253065848e-10
6.80809090909091e-05,-0.0,-0.0007754227701406398,-6.750863808373067e-10,7.474486002042167e-10
6.808909090909092e-05,-0.0,-0.0008076294267123874,-6.985844661197766e-10,7.405785858397498e-10
6.809727272727274e-05,-0.0,-0.0008303547026033457,-7.136367315534288e-10,7.334613080726354e-10
6.810545454545455e-05,-0.0,-0.0008434281966907455,-7.201945649020741e-10,7.260998618083986e-10
6.811363636363638e-05,-0.0,-0.0008467991942889496,-7.183213494631288e-10,7.184977189169719e-10
6.812181818181819e-05,-0.0,-0.0008405363003560935,-7.081904886036676e-10,7.10658735113888e-10
6.813000000000001e-05,-0.0,-0.0008248255047711774,-6.900818269579253e-10,7.025871557099467e-10
6.813818181818182e-05,-0.0,-0.0007999667172761672,-6.643765240340858e-10,6.942876201519737e-10
6.814636363636365e-05,-0.0,-0.000766368830979643,-6.315504615405161e-10,6.857651652671748e-10
6.815454545454546e-05,-0.0,-0.0007245433936341897,-5.92166290251773e-10,6.770252271441448e-10
6.816272727272729e-05,-0.0,-0.0006750969849287896,-5.468642451952326e-10,6.680736415761497e-10
6.81709090909091e-05,-0.0,-0.0006187224155019849,-4.963518789164122e-10,6.58916643009184e-10
6.817909090909092e-05,-0.0,-0.0005561888790305498,-4.413928811217358e-10,6.495608619379916e-10
6.818727272727273e-05,-0.0,-0.0004883312023607996,-3.827951687227499e-10,6.400133207059821e-10
6.819545454545456e-05,-0.0,-0.00041603835003654676,-3.213984428571936e-10,6.302814276728746e-10
6.820363636363637e-05,-0.0,-0.00034024134858470615,-2.5806141855066485e-10,6.203729697193064e-10
6.82118181818182e-05,-0.0,-0.00026190080242973157,-1.936489380803136e-10,6.102961030748378e-10
6.822000000000001e-05,-0.0,-0.00018199417724485152,-1.2901918065025136e-10,6.000593424583565e-10
6.822818181818183e-05,-0.0,-0.00010150302787656823,-6.501117861222748e-11,5.896715485360273e-10
6.823636363636364e-05,-0.0,-2.1400346705520974e-05,-2.4328441637402365e-12,5.791419137093813e-10
6.824454545454547e-05,-0.0,5.7361795522279705e-05,5.7950299680056823e-11,5.684799462602892e-10
6.825272727272728e-05,0.0,0.0001338641506604819,1.1542550384549816e-10,5.576954528854317e-10
6.82609090909091e-05,0.0,0.00020723157884142477,1.693421309089493e-10,5.467985196699925e-10
6.826909090909092e-05,0.0,0.0002766435726316281,2.191198032639076e-10,5.357994915574726e-10
6.827727272727274e-05,0.0,0.0003413438862741502,2.6425524222866034e-10,5.247089503830011e-10
6.828545454545455e-05,0.0,0.00040064915125935307,3.0432770375302904e-10,5.135376915503444e-10
6.829363636363638e-05,0.0,0.00045395637563510076,3.390029432575934e-10,5.022966994400228e-10
6.830181818181819e-05,0.0,0.0005007492419105799,3.680356701378207e-10,4.909971216487956e-10
6.831000000000002e-05,0.0,0.000540603136844367,3.9127048100618664e-10,4.7965024216405e-10
6.831818181818183e-05,0.0,0.000573188865544548,4.0864128922341555e-10,4.682674535946249e-10
6.832636363636365e-05,0.0,0.0005982750218461241,4.201692960735581e-10,4.5686022857405126e-10
6.833454545454546e-05,0.0,0.0006157290065653177,4.259595754912535e-10,4.454400904720692e-10
6.834272727272729e-05,0.0,0.0006255167046615651,4.2619636897569175e-10,4.3401858354645597e-10
6.83509090909091e-05,0.0,0.0006277008512744515,4.211372097266314e-10,4.2260724268000745e-10
6.835909090909092e-05,0.0,0.0006224381347661829,4.11106014633576e-10,4.1121756284218885e-10
6.836727272727274e-05,0.0,0.000609975102028331,3.9648529916882555e-10,3.998609684292553e-10
