a_m=0.009246010048290298,b_m=0.002648018873008202,c_m=0.008575913291890601
time_s,source_pressure_pa,receiver_pressure_pa,receiver_envelope_pa
0.0,-3.288750973294648e-27,0.0,0.00018568557947118807
8.181818181818183e-09,-7.07951631223943e-14,0.0,0.0001749624825481784
1.6363636363636366e-08,-1.5916932973384494e-13,-1.8932506997845677e-28,0.00015352057435396563
2.4545454545454547e-08,-2.673722001025937e-13,-4.075498364310158e-15,0.0001441653148626979
3.272727272727273e-08,-3.9768922442694993e-13,-2.3673407125707428e-14,0.00013035720255306292
4.090909090909092e-08,-5.523854630169168e-13,-7.464816590187895e-14,0.00012340407255384927
4.9090909090909095e-08,-7.336352363128094e-13,-1.6830614282787808e-13,0.00011339836170479466
5.727272727272728e-08,-9.434358746979229e-13,-3.0343908668117707e-13,0.00010807825658937422
6.545454545454546e-08,-1.1835038963674026e-12,-4.670513279215484e-13,0.00010037152003770394
7.363636363636364e-08,-1.455152011956627e-12,-6.446485390949636e-13,9.618259907786224e-05
8.181818181818183e-08,-1.7591454882780266e-12,-8.323451655358512e-13,9.001185483111681e-05
9.000000000000001e-08,-2.0955366123792803e-12,-1.040690217591965e-12,8.663728696452546e-05
9.818181818181819e-08,-2.4634762940730298e-12,-1.2867032728273823e-12,8.155890274021664e-05
1.0636363636363638e-07,-2.8610022436276147e-12,-1.5806589708064078e-12,7.87904019746519e-05
1.1454545454545456e-07,-3.284803675445442e-12,-1.9187243332320964e-12,7.45233567217754e-05
1.2272727272727275e-07,-3.729963132459318e-12,-2.2874070046404543e-12,7.221826648442205e-05
1.3090909090909093e-07,-4.189676813644274e-12,-2.6753933690189643e-12,6.85736220835829e-05
1.390909090909091e-07,-4.6549557318551714e-12,-3.08199192409822e-12,6.663077977043075e-05
1.4727272727272728e-07,-5.114311143408543e-12,-3.514695599438659e-12,6.347577409762958e-05
1.554545454545455e-07,-5.5534289849296165e-12,-3.978251025077693e-12,6.182134141161579e-05
1.6363636363636367e-07,-5.954839535026654e-12,-4.465095545417891e-12,5.9059435793398856e-05
1.7181818181818185e-07,-6.297590193101097e-12,-4.955427905724032e-12,5.763820366715584e-05
1.8000000000000002e-07,-6.556931135645915e-12,-5.4261844956564685e-12,5.519724446759694e-05
1.881818181818182e-07,-6.704025667119672e-12,-5.860144720644115e-12,5.396708364850374e-05
1.9636363636363638e-07,-6.705699317018806e-12,-6.246574107161892e-12,5.179190938631594e-05
2.0454545454545458e-07,-6.524244128723494e-12,-6.572830038900519e-12,5.072010637982422e-05
2.1272727272727276e-07,-6.1172971119581496e-12,-6.814651355970921e-12,4.8767736929768966e-05
2.2090909090909094e-07,-5.437814452123758e-12,-6.933820362459042e-12,4.782850330841532e-05
2.2909090909090912e-07,-4.434165737796307e-12,-6.884849360771143e-12,4.6064901633246415e-05
2.372727272727273e-07,-3.0503751210883006e-12,-6.624014247736962e-12,4.523763795893011e-05
2.454545454545455e-07,-1.226538889092896e-12,-6.112159185092314e-12,4.363546742981914e-05
2.5363636363636365e-07,1.1005486921934757e-12,-5.3088056617957225e-12,4.2903526183024946e-05
2.6181818181818186e-07,3.996527303994778e-12,-4.163339596500703e-12,4.144055909674407e-05
2.7000000000000006e-07,7.528324628352722e-12,-2.611722377342886e-12,4.079034608185036e-05
2.781818181818182e-07,1.1762695754171094e-11,-5.819451389324991e-13,3.944831052286544e-05
2.863636363636364e-07,1.6764410740547924e-11,1.996607186945922e-12,3.886862111380828e-05
2.9454545454545457e-07,2.2594053611929735e-11,5.188017940430724e-12,3.7632349982786494e-05
3.027272727272728e-07,2.930539761385543e-11,9.052653757114111e-12,3.711387120428273e-05
3.10909090909091e-07,3.694232440737627e-11,1.3653846531489105e-11,3.597066382889877e-05
3.1909090909090913e-07,4.5535259249036e-11,1.906052494694223e-11,3.550559571311695e-05
3.2727272727272733e-07,5.509710032700594e-11,2.534151763983632e-11,3.444473212978887e-05
3.354545454545455e-07,6.561862854517836e-11,3.255477709330218e-11,3.4026496396339265e-05
3.436363636363637e-07,7.706339441079217e-11,4.073904503611599e-11,3.303886302521721e-05
3.518181818181819e-07,8.936209152902292e-11,4.991256642038995e-11,3.266187631139199e-05
3.6000000000000005e-07,1.024064417706613e-10,6.007626016655856e-11,3.17396739267816e-05
3.6818181818181825e-07,1.1604263566823122e-10,7.121413446118168e-11,3.1399169417109975e-05
3.763636363636364e-07,1.3006439319418885e-10,8.328598994978107e-11,3.053568300686064e-05
3.845454545454546e-07,1.4420573492466368e-10,9.621433031943116e-11,3.0227568982902457e-05
3.9272727272727276e-07,1.5813358178288276e-10,1.0987234199957454e-10,2.9416984670415037e-05
4.0090909090909096e-07,1.714403331107036e-10,1.240782135166507e-10,2.9137731264760418e-05
4.0909090909090917e-07,1.8363660767475812e-10,1.3859458914600773e-10,2.8374989198048404e-05
4.172727272727273e-07,1.9414437021738156e-10,1.5312681462336786e-10,2.8121536925220096e-05
4.254545454545455e-07,2.0229070703709112e-10,1.6731468027267024e-10,2.7402212170112737e-05
4.336363636363637e-07,2.073025574200015e-10,1.8071852199300982e-10,2.717189764851212e-05
4.418181818181819e-07,2.0830275298006603e-10,1.9280592829623998e-10,2.649210308294032e-05
4.500000000000001e-07,2.0430776336848037e-10,2.0294488144990231e-10,2.6282598202135095e-05
4.5818181818181824e-07,1.942275934569361e-10,2.104034717312372e-10,2.5638904605454997e-05
4.6636363636363644e-07,1.7686832285423576e-10,2.1435087734478237e-10,2.544816627275893e-05
4.745454545454546e-07,1.509378221266254e-10,2.1385428759049075e-10,2.4837536173032886e-05
4.827272727272729e-07,1.1505521976851621e-10,2.0787182844528045e-10,2.466376467753176e-05
4.90909090909091e-07,6.776472797546908e-11,1.9524718847282233e-10,2.4083497317361005e-05
4.990909090909092e-07,7.554461516825527e-12,1.7471224066300481e-10,2.39251015545424e-05
5.072727272727273e-07,-6.711909984893011e-11,1.4489907127232494e-10,2.3372786664798182e-05
5.154545454545456e-07,-1.5780035151446115e-10,1.0435721465695035e-10,2.3228354810266005e-05
5.236363636363637e-07,-2.659968648655624e-10,5.157091769197568e-11,2.270183359425078e-05
5.318181818181819e-07,-3.931341375555109e-10,-1.5024200514074344e-11,2.2570108377055166e-05
5.400000000000001e-07,-5.40502234272666e-10,-9.70200390709861e-11,2.2067440507909823e-05
5.481818181818183e-07,-7.091938364822433e-10,-1.9600396866986106e-10,2.194729822440073e-05
5.563636363636364e-07,-9.000333255570478e-10,-3.135134837998782e-10,2.1466733660366824e-05
5.645454545454546e-07,-1.1134966615934738e-09,-4.509808960068147e-10,2.1357166187592976e-05
5.727272727272728e-07,-1.3496219934003446e-09,-6.096733018323275e-10,2.089712104145745e-05
5.80909090909091e-07,-1.607911146837355e-09,-7.90629457631109e-10,2.07972205310108e-05
5.890909090909091e-07,-1.887222391770102e-09,-9.945896840784217e-10,2.0356256500736266e-05
5.972727272727274e-07,-2.1856551848837307e-09,-1.2219128812371969e-09,2.026520237080413e-05
6.054545454545455e-07,-2.500427928377279e-09,-1.472478201842333e-09,1.9842009106663537e-05
6.136363636363637e-07,-2.8277501743356767e-09,-1.7455747231627651e-09,1.975905694677977e-05
6.21818181818182e-07,-3.16269114163289e-09,-2.039785265140343e-09,1.9352437025389724e-05
6.300000000000001e-07,-3.499046895745072e-09,-2.3528679607072216e-09,1.9276909392285762e-05
6.381818181818183e-07,-3.829209069737439e-09,-2.6816340864318962e-09,1.8885765791194176e-05
6.463636363636364e-07,-4.1440385733107665e-09,-3.0218182388673286e-09,1.8817044797900188e-05
6.545454545454547e-07,-4.432748340809937e-09,-3.3679398609561377e-09,1.844037057693954e-05
6.627272727272728e-07,-4.6827998012197294e-09,-3.7131609832431434e-09,1.8377892099194792e-05
6.70909090909091e-07,-4.879818403966306e-09,-4.049148722607577e-09,1.801476218746552e-05
6.790909090909092e-07,-5.007534192017371e-09,-4.365949632204711e-09,1.7958011817322582e-05
6.872727272727274e-07,-5.047754064010235e-09,-4.6518784245712985e-09,1.7607576997757878e-05
6.954545454545455e-07,-4.9803729929269295e-09,-4.89342087666386e-09,1.7556087787664795e-05
7.036363636363638e-07,-4.7834320503631e-09,-5.075153047255335e-09,1.72175707314504e-05
7.118181818181819e-07,-4.433231600006884e-09,-5.179684653926952e-09,1.717092260468568e-05
7.200000000000001e-07,-3.904508445953202e-09,-5.187638716723628e-09,1.6843615885329062e-05
7.281818181818182e-07,-3.170686022477576e-09,-5.077678953190969e-09,1.6801436807439503e-05
7.363636363636365e-07,-2.204206860687996e-09,-4.826592132856522e-09,1.6484702955686956e-05
7.445454545454547e-07,-9.769565303761368e-10,-4.409429307726762e-09,1.6446671824256655e-05
7.527272727272728e-07,5.392120035140555e-10,-3.799711102165343e-09,1.6139945159412398e-05
7.609090909090911e-07,2.3718451887441973e-09,-2.9697071610365957e-09,1.6105796076461186e-05
7.690909090909092e-07,4.547139253620207e-09,-1.8908039131461033e-09,1.580858597406999e-05
7.772727272727274e-07,7.089067684924897e-09,-5.339742039381265e-10,1.577811364447265e-05
7.854545454545455e-07,1.0018380897353718e-08,1.1296424325236543e-09,1.5490008917790642e-05
7.936363636363638e-07,1.3351475121810098e-08,3.128044830585589e-09,1.5463074684042873e-05
8.018181818181819e-07,1.709912993586717e-08,5.48755736962325e-09,1.518374831352966e-05
8.100000000000001e-07,2.126511673731447e-08,8.231893174149436e-09,1.5160285889817732e-05
8.181818181818183e-07,2.584468384745677e-08,1.1381084729005244e-08,1.4889499080060805e-05
8.263636363636365e-07,3.082292784441027e-08,1.4950275229637365e-08,1.4869518970216024e-05
8.345454545454546e-07,3.617306517927136e-08,1.89483705661104e-08,1.460712341894679e-05
8.427272727272729e-07,4.185462312055607e-08,2.3376559291942253e-08,1.4590714694845546e-05
8.50909090909091e-07,4.7811574593293225e-08,2.8226712159400824e-08,1.4336651441630363e-05
8.590909090909092e-07,5.397044750279068e-08,3.347967332616004e-08,1.4323979039567888e-05
8.672727272727274e-07,6.023844561726553e-08,3.9103455721860846e-08,1.4078271947927883e-05
8.754545454545456e-07,6.650162496759066e-08,4.505135749356392e-08,1.4069567557040303e-05
8.836363636363638e-07,7.262317692537819e-08,5.1260025728856514e-08,1.3832309475173067e-05
8.918181818181819e-07,7.844187653913029e-08,5.7647504451731156e-08,1.3827853975499817e-05
9.000000000000002e-07,8.37707622148921e-08,6.411131191517029e-08,1.3599183367008307e-05
9.081818181818183e-07,8.839612026996024e-08,7.052659628519653e-08,1.3599278581352881e-05
9.163636363636365e-07,9.207685508628849e-08,7.6744421866163e-08,1.3379344518298072e-05
9.245454545454547e-07,9.454433233764506e-08,8.259024419855447e-08,1.3384272502244283e-05
9.327272727272729e-07,9.550278882710669e-08,8.786264293776654e-08,1.3173186606898732e-05
9.40909090909091e-07,9.463040758784007e-08,9.233239347119745e-08,1.3183155427656655e-05
9.490909090909092e-07,9.158116078303057e-08,9.574196730079693e-08,1.298093008095422e-05
9.572727272727274e-07,8.598752527884879e-08,9.780555540526995e-08,1.2996005892650902e-05
9.654545454545457e-07,7.746417622464175e-08,9.820971032569806e-08,1.280247925605457e-05
9.736363636363637e-07,6.561276220681322e-08,9.661470554705558e-08,1.2822506088432465e-05
9.81818181818182e-07,5.002786118365493e-08,9.265671650916031e-08,1.2637256393016799e-05
9.9e-07,3.0304209087792055e-08,8.595093375624377e-08,1.2661766947792851e-05
9.981818181818183e-07,6.045282330826617e-09,7.609572078297453e-08,1.2484020291772739e-05
1.0063636363636366e-06,-2.31266989000462e-08,6.26779245131276e-08,1.251214268566811e-05
1.0145454545454546e-06,-5.7559298044372954e-08,4.5279436577100075e-08,1.2340680306665799e-05
1.0227272727272729e-06,-9.755689449137916e-08,2.3485092383615244e-08,1.2371047448839387e-05
1.0309090909090911e-06,-1.433662223988378e-07,-3.108015570103061e-09,1.2204120077130626e-05
1.0390909090909092e-06,-1.9516044977878737e-07,-3.4879745610747766e-08,1.2234789576522052e-05
1.0472727272727274e-06,-2.5302186880838275e-07,-7.217458913689708e-08,1.2070047072145304e-05
1.0554545454545457e-06,-3.169233105703161e-07,-1.1528780662907671e-07,1.2098439674924647e-05
1.0636363636363637e-06,-3.8670844469920846e-07,-1.64450030773601e-07,1.193288380848699e-05
1.071818181818182e-06,-4.620711765597265e-07,-2.198103878445876e-07,1.1955747937728617e-05
1.0800000000000002e-06,-5.425344113288192e-07,-2.8141822748554397e-07,1.1785715363043748e-05
1.0881818181818183e-06,-6.274285152697018e-07,-3.492035922910275e-07,1.179912441725111e-05
1.0963636363636366e-06,-7.15869868977018e-07,-4.229566058676625e-07,1.162030541152285e-05
1.1045454545454548e-06,-8.067399746706124e-07,-5.023060141143201e-07,1.1619693240411214e-05
1.1127272727272729e-06,-8.986656487579406e-07,-5.86697178233964e-07,1.1427190559435496e-05
1.1209090909090911e-06,-9.90000900709161e-07,-6.753698852828718e-07,1.1407430369718811e-05
1.1290909090909092e-06,-1.0788111684200009e-06,-7.673364090986478e-07,1.1195862964719134e-05
1.1372727272727274e-06,-1.1628606470878737e-06,-8.613603208121677e-07,1.1151396820507586e-05
1.1454545454545457e-06,-1.2396035113903758e-06,-9.55936616326681e-07,1.0915055999704502e-05
1.1536363636363637e-06,-1.30617988741641e-06,-1.0492738001070843e-06,1.0840087256436844e-05
1.161818181818182e-06,-1.3594174791374513e-06,-1.1392786387138153e-06,1.0573160313405268e-05
1.1700000000000002e-06,-1.395839791811314e-06,-1.2235443686456937e-06,1.0461933149070161e-05
1.1781818181818183e-06,-1.4116819190072067e-06,-1.2993432059422307e-06,1.0158826043027676e-05
1.1863636363636365e-06,-1.4029148682138856e-06,-1.3636240573722459e-06,1.0006040580980144e-05
1.1945454545454548e-06,-1.3652793894257138e-06,-1.413016375752018e-06,9.661865304583477e-06
1.2027272727272728e-06,-1.2943302388176462e-06,-1.443841135891313e-06,9.463326283087795e-06
1.210909090909091e-06,-1.1854917527391015e-06,-1.4521299305422245e-06,9.074690570641791e-06
1.2190909090909094e-06,-1.034125522950087e-06,-1.4336531916730436e-06,8.828392853745194e-06
1.2272727272727274e-06,-8.356108495879372e-07,-1.3839585249670735e-06,8.394789377570145e-06
1.2354545454545457e-06,-5.854385012877014e-07,-1.2984201010336561e-06,8.10287581494339e-06
1.243636363636364e-06,-2.7931812996823884e-07,-1.172299975273972e-06,7.629331203318835e-06
1.251818181818182e-06,8.670053079838019e-08,-1.0008221103577378e-06,7.301874222853983e-06
1.2600000000000002e-06,5.160928115520417e-07,-7.792597490215495e-07,6.804333923355042e-06
1.2681818181818185e-06,1.011711020018615e-06,-5.030366253053838e-07,6.466944105250973e-06
1.2763636363636365e-06,1.575623879034947e-06,-1.678423036399859e-07,5.9833866312616735e-06
1.2845454545454548e-06,2.2089446194387706e-06,2.3023830550092302e-07,5.691830088295406e-06
1.2927272727272728e-06,2.9116492672031192e-06,6.945814861868238e-07,5.302237539449894e-06
1.300909090909091e-06,3.682387107232486e-06,1.2278678659488539e-06,5.161833756301571e-06
1.3090909090909093e-06,4.518285779611462e-06,1.8319130806300413e-06,5.0027815991352776e-06
1.3172727272727274e-06,5.414753962775702e-06,2.50748725561189e-06,5.154951521688526e-06
1.3254545454545456e-06,6.365285115834799e-06,3.2541250356579364e-06,5.362505763769307e-06
1.333636363636364e-06,7.36126628155557e-06,4.069928364888522e-06,5.884895869319402e-06
1.341818181818182e-06,8.391796483353621e-06,4.951364718969776e-06,6.477825516457107e-06
1.3500000000000002e-06,9.443519773660472e-06,5.893064014343149e-06,7.330039154209917e-06
1.3581818181818185e-06,1.0500478495450039e-05,6.887617955550849e-06,8.232694660039276e-06
1.3663636363636365e-06,1.1543992790348448e-05,7.925386124835655e-06,9.341008782762951e-06
1.3745454545454548e-06,1.2552572811135763e-05,8.9943136620433e-06,1.0479536175608989e-05
1.382727272727273e-06,1.3501870457888733e-05,1.0079765918261883e-05,1.1793707615006363e-05
1.390909090909091e-06,1.4364677738758144e-05,1.1164385979519029e-05,1.3123246864320062e-05
1.3990909090909093e-06,1.5110979040804539e-05,1.2227981429689159e-05,1.4616677001423448e-05
1.4072727272727276e-06,1.570806466516422e-05,1.3247447136989817e-05,1.611352248019048e-05
1.4154545454545456e-06,1.6120712915484362e-05,1.4196731190718639e-05,1.777353665914992e-05
1.4236363636363639e-06,1.631144781039366e-05,1.5046851370051452e-05,1.942637268712917e-05
1.431818181818182e-06,1.624087910150142e-05,1.576596967875536e-05,2.1248204590595645e-05
1.4400000000000002e-06,1.58681307005246e-05,1.631953250865442e-05,2.305344480287985e-05
1.4481818181818184e-06,1.5151362836387147e-05,1.6670483878062443e-05,2.5037601843628568e-05
1.4563636363636365e-06,1.4048392261026448e-05,1.677955890753586e-05,2.699753241272747e-05
1.4645454545454547e-06,1.2517413588992722e-05,1.660566422630745e-05,2.914908690735036e-05
1.472727272727273e-06,1.0517823381451707e-05,1.6106351334248354e-05,3.12715965616822e-05
1.480909090909091e-06,8.011146864073412e-06,1.5238388062666342e-05,3.360056853580783e-05
1.4890909090909093e-06,4.9620651987997715e-06,1.3958432168061673e-05,3.5899813463014806e-05
1.4972727272727276e-06,1.3395390146047882e-06,1.2223809741421743e-05,3.842223942607642e-05
1.5054545454545456e-06,-2.8819785496271573e-06,9.993399510557368e-06,4.0919908024758986e-05
1.5136363636363639e-06,-7.721248711913414e-06,7.228622249985646e-06,4.365938342754149e-05
1.5218181818181821e-06,-1.3188886122812713e-05,3.894532394776855e-06,4.638635849691045e-05
1.5300000000000002e-06,-1.928594550133253e-05,-3.8993410608105694e-08,4.937590639753404e-05
1.5381818181818184e-06,-2.6002474375077708e-05,-4.595978699572843e-06,5.237415751559082e-05
1.5463636363636367e-06,-3.331605375915046e-05,-9.792991202694144e-06,5.565827628544737e-05
1.5545454545454547e-06,-4.1190351946755014e-05,-1.5637722222103946e-05,5.8982803628649065e-05
1.562727272727273e-06,-4.9573719912986586e-05,-2.2127518282661776e-05,6.261951859849842e-05
1.570909090909091e-06,-5.839786008627538e-05,-2.924788531086092e-05,6.634014471673299e-05
1.5790909090909093e-06,-6.757660334638951e-05,-3.6970989002811735e-05,7.040285973798972e-05
1.5872727272727276e-06,-7.700483198367241e-05,-4.5254178479401e-05,7.460565582027007e-05
1.5954545454545456e-06,-8.655758891494163e-05,-5.4038563730007675e-05,7.918459603352033e-05
1.6036363636363639e-06,-9.608941560522333e-05,-6.324768064884123e-05,8.397275833303343e-05
1.6118181818181821e-06,-0.0001054339627949701,-7.27862805929939e-05,8.917583631265049e-05
1.6200000000000002e-06,-0.00011440391918021826,-8.253928425151365e-05,9.466991086542669e-05
1.6281818181818184e-06,-0.0001227913035373145,-9.237094211599275e-05,0.00010062294284607988
1.6363636363636367e-06,-0.0001303681653238029,-0.0001021242458880461,0.00010696042569179443
1.6445454545454547e-06,-0.00013688773742438106,-0.00011162063664936763,0.00011380675781501194
1.652727272727273e-06,-0.00014208608235171535,-0.00012066005645592723,0.00012114124160672886
1.6609090909090912e-06,-0.00014568426976937864,-0.00012902139009644074,0.00012904098053993812
1.6690909090909093e-06,-0.00014739111860095802,-0.00013646334297149674,0.0001375411301359632
1.6772727272727275e-06,-0.00014690653116028368,-0.0001427257993005547,0.00014667026334500173
1.6854545454545458e-06,-0.0001439254396328704,-0.00014753170205369318,0.000156518944077625
1.6936363636363638e-06,-0.0001381423768260722,-0.0001505894920489334,0.0001670686529976331
1.701818181818182e-06,-0.00012925667337405943,-0.00015159613848185583,0.00017846249576032204
1.7100000000000004e-06,-0.00011697827254640098,-0.00015024078670173641,0.00019063891128093634
1.7181818181818184e-06,-0.00010103414150495413,-0.00014620904127072526,0.00020378850156900383
1.7263636363636367e-06,-8.117524435138032e-05,-0.0001391878932108536,0.00021781305490400059
1.7345454545454547e-06,-5.7184027706644786e-05,-0.00012887128985310855,0.00023294382000168862
1.742727272727273e-06,-2.88823539973563e-05,-0.000114966333877266,0.0002490542420237234
1.7509090909090912e-06,3.860198740158283e-06,-9.720008502445844e-05,0.0002664080184733266
1.7590909090909093e-06,4.111776868474318e-05,-7.532692365998125e-05,0.0002848599657249855
1.7672727272727275e-06,8.289948914189098e-05,-4.913641997502991e-05,0.00030469717580918247
1.7754545454545458e-06,0.00012914074738696671,-1.84616362893435e-05,0.00032576642194090963
1.7836363636363638e-06,0.00017969457343796735,1.681222716406928e-05,0.0003483687718315234
1.791818181818182e-06,0.0002343233253275083,5.673895020177092e-05,0.00037235389439910894
1.8000000000000003e-06,0.000292690853058707,0.0001013022995071752,0.00039802751567083526
1.8081818181818184e-06,0.00035435533768377,0.00015040706725290092,0.0004252530180104956
1.8163636363636366e-06,0.00041876301440996487,0.00020387030195637287,0.0004543319939863478
1.824545454545455e-06,0.00048524299887100814,0.0002614129087438722,0.00048515181829557254
1.832727272727273e-06,0.0005530034432462898,0.000322651811819102,0.0005180020565644205
1.8409090909090912e-06,0.0006211292533059566,0.00038709288600171515,0.0005528034594189541
1.8490909090909095e-06,0.0006885815982510264,0.0004541248762695832,0.0005898268864733708
1.8572727272727275e-06,0.0007541994419620239,0.0005230145338407017,0.0006290346581721634
1.8654545454545458e-06,0.0008167033165484278,0.0005929032039950413,0.0006706737198923807
1.8736363636363638e-06,0.0008747015465196003,0.0006628051040931666,0.0007147547332470005
1.881818181818182e-06,0.0009266991141361881,0.0007316075296343847,0.0007614971864661777
1.8900000000000003e-06,0.0009711093332663831,0.0007980732212646523,0.0008109652597964128
1.8981818181818184e-06,0.0010062684701496044,0.0008608451159709248,0.0008633492373138339
1.9063636363636366e-06,0.0010304534147269947,0.0009184536909005576,0.0009187702922425204
1.914545454545455e-06,0.0010419024655916628,0.0009693270879914796,0.0009773896184734094
1.922727272727273e-06,0.0010388392452026984,0.0010118041816262438,0.0010393871072250634
1.9309090909090914e-06,0.0010194997099697903,0.001044150719640965,0.0011048968356800596
1.9390909090909092e-06,0.0009821621624470094,0.0010645786301234305,0.0011741574062117933
1.9472727272727275e-06,0.0009251801106022854,0.0010712685425142523,0.0012472795444863766
1.9554545454545458e-06,0.0008470177525185584,0.0010623955216812555,0.0013245589062196304
1.963636363636364e-06,0.0007462877946392136,0.0010361579580932785,0.0014060882903120975
1.9718181818181823e-06,0.0006217912386453164,0.0009908094963303402,0.0014922172393964201
1.98e-06,0.00047255869723831264,0.0009246938184255619,0.001583027517442078
1.9881818181818184e-06,0.00029789272363468593,0.000836282028574188,0.0016789180786690395
1.9963636363636366e-06,9.741056472768624e-05,0.0007242123123444283,0.0017799677646737387
2.004545454545455e-06,-0.00012891332496978625,0.0005873314676090994,0.0018866194075843796
2.012727272727273e-06,-0.00038070574080794473,0.00042473782706064014,0.001998957968571833
2.0209090909090914e-06,-0.0006571549533121966,0.0002358250145953815,0.0021174638580981056
2.0290909090909092e-06,-0.0009569735551156567,2.0325901413097207e-05,0.0022422378030257416
2.0372727272727275e-06,-0.0012783648321433555,-0.00022164394614457013,0.0023737910497465247
2.0454545454545457e-06,-0.0016189936002041659,-0.0004895441046093741,0.002512249994861661
2.053636363636364e-06,-0.001975962474588481,-0.0007823692585767511,0.0026581498760134396
2.0618181818181823e-06,-0.002345794552895074,-0.0010986121904789027,0.0028116525683969727
2.0700000000000005e-06,-0.002724423488453236,-0.0014362307389873669,0.0029733106976940252
2.0781818181818183e-06,-0.0031071919118060565,-0.001792619705457442,0.0031433309860419245
2.0863636363636366e-06,-0.0034888591193632306,-0.0021645887101072077,0.003322277417495643
2.094545454545455e-06,-0.0038636188902853585,-0.002548347007056622,0.0035104101658460607
2.102727272727273e-06,-0.004225128213926453,-0.0029394962582603777,0.0037082994232069456
2.1109090909090914e-06,-0.004566547609998047,-0.0033330322391970173,0.003916266368575942
2.119090909090909e-06,-0.004880593601601798,-0.003723356402532888,0.004134883397229177
2.1272727272727275e-06,-0.005159603757323929,-0.004104298158673934,0.004364538955637795
2.1354545454545457e-06,-0.005395614552992815,-0.004469148643211827,0.0046058049974041
2.143636363636364e-06,-0.0055804521171840945,-0.004810706630117295,0.004859142024188918
2.1518181818181822e-06,-0.005705835718266054,-0.005121337115819574,0.005125120417003732
2.1600000000000005e-06,-0.005763493626328357,-0.005393042943091915,0.005404275926202688
2.1681818181818183e-06,-0.005745290742820767,-0.005617549655396678,0.005697177829775685
2.1763636363636366e-06,-0.0056433671367238526,-0.005786403572921307,0.006004438673820061
2.184545454545455e-06,-0.005450286361644252,-0.005891082862312942,0.006326628719262622
2.192727272727273e-06,-0.0051591921569126495,-0.0059231211349342295,0.006664437224434282
2.2009090909090914e-06,-0.004763971861561489,-0.005874242855653252,0.007018439080529471
2.2090909090909096e-06,-0.004259424597396639,-0.005736509578584258,0.007389398625689156
2.2172727272727275e-06,-0.003641432011070037,-0.005502475751145519,0.007777900466969795
2.2254545454545457e-06,-0.0029071291102614107,-0.00516535254711129,0.008184780983187126
2.233636363636364e-06,-0.002055072491222071,-0.004719177907282942,0.008610640835677053
2.2418181818181822e-06,-0.0010854030396579195,-0.00415899068769684,0.009056384193153485
2.2500000000000005e-06,8.709692614970028e-17,-0.0034810065450156355,0.009522635122963807
2.2581818181818183e-06,0.0011973768446771318,-0.002682792932334971,0.010010360359372052
2.2663636363636366e-06,0.0025009602527433315,-0.0017634403417569264,0.01052021545749585
2.274545454545455e-06,0.003902867302254546,-0.000723726718593146,0.011053223788796893
2.282727272727273e-06,0.0053930133222914916,0.00043372820808246595,0.011610080892800327
2.2909090909090913e-06,0.006959051393595584,0.0017043220766569226,0.012191860434315235
2.2990909090909096e-06,0.008586340736082809,0.0030813460238043847,0.012799306514753377
2.3072727272727274e-06,0.010257947138658517,0.004555881343677707,0.013433536627240063
2.3154545454545457e-06,0.011954678358160414,0.006116720221117549,0.014095351753858804
2.323636363636364e-06,0.013655157117224889,0.00775031402256693,0.014785906916779504
2.331818181818182e-06,0.01533593396441178,0.009440752503344807,0.015506067707127903
2.3400000000000005e-06,0.016971641824145685,0.011169777098329916,0.016257020809576864
2.3481818181818187e-06,0.018535193560264146,0.012916831202279504,0.017039703251109917
2.3563636363636366e-06,0.01999802330779953,0.01465915001426344,0.017855328180538657
2.364545454545455e-06,0.021330371697010082,0.01637189211741808,0.01870490970703858
2.372727272727273e-06,0.022501614406938587,0.018028314490983154,0.01958968310716682
2.3809090909090913e-06,0.023480632749661154,0.019599992108216353,0.020510743801500923
2.3890909090909096e-06,0.02423622420902285,0.0210570826644644,0.021469345863805306
2.3972727272727274e-06,0.024737550048569756,0.02236863630898387,0.022466668652014965
2.4054545454545457e-06,0.024954616273418075,0.02350294952806506,0.023503982800354893
2.413636363636364e-06,0.024858783392030088,0.02442796155308372,0.024582552497262617
2.421818181818182e-06,0.024423299589514367,0.02511169085419666,0.02570366382275761
2.4300000000000005e-06,0.023623851108328993,0.025522708438818098,0.02686866488675074
2.4381818181818187e-06,0.022439122850173326,0.025630643815406955,0.02807885718989876
2.4463636363636365e-06,0.020851361480046002,0.025406718620339646,0.02933567004437439
2.454545454545455e-06,0.01884693264598012,0.024824302052728783,0.030640421343757895
2.462727272727273e-06,0.01641686334204229,0.023859481433924856,0.03199461712515307
2.4709090909090913e-06,0.01355735995387713,0.022491640420830163,0.03339959349706504
2.4790909090909096e-06,0.010270292151096183,0.02070403667134879,0.03485692709448131
2.487272727272728e-06,0.006563632544099607,0.018484370102899755,0.036367974715210784
2.4954545454545457e-06,0.002451841918465629,0.015825332317593782,0.03793437597414114
2.503636363636364e-06,-0.0020438100895599247,0.012725127306850225,0.03955751124630725
2.511818181818182e-06,-0.006894998796698563,0.009187953209812371,0.04123907421889382
2.5200000000000004e-06,-0.012066182284574345,0.005224434698967474,0.042980471875122266
2.5281818181818187e-06,-0.017514532176495363,0.0008519955167838409,0.044783442011664044
2.536363636363637e-06,-0.023189965577279443,-0.0039048391986661983,0.04664942110280313
2.5445454545454548e-06,-0.02903528542885672,-0.009014220872655791,0.048580180293523054
2.552727272727273e-06,-0.034986435403471926,-0.014436845339672929,0.05057718798406751
2.5609090909090913e-06,-0.04097287414484038,-0.020125919518630984,0.052642237376136845
2.5690909090909096e-06,-0.04691807218385064,-0.02602723500794801,0.05477683048642062
2.577272727272728e-06,-0.05274013321106205,-0.03207935564688849,0.056982771018834165
2.5854545454545456e-06,-0.058352539598571826,-0.03821392485611582,0.05926159527165774
2.593636363636364e-06,-0.06366502014755625,-0.04435609715395924,0.061615105889381364
2.601818181818182e-06,-0.06858453601706048,-0.05042509665528192,0.06404487283758119
2.6100000000000004e-06,-0.07301637868988065,-0.056334903610468105,0.06655268636600002
2.6181818181818187e-06,-0.07686537168111061,-0.061995068149959254,0.0691401479967703
2.626363636363637e-06,-0.08003716552542633,-0.06731164838557063,0.07180902467770149
2.6345454545454548e-06,-0.08243961342416509,-0.0721882679075895,0.07456094570914899
2.642727272727273e-06,-0.08398421282849265,-0.07652728553377437,0.07739764442033485
2.6509090909090913e-06,-0.08458759621775258,-0.08023106794328148,0.08032077232546625
2.6590909090909095e-06,-0.0841730524408267,-0.08320335359842355,0.083332019526101
2.667272727272728e-06,-0.082672058261778,-0.08535069415556379,0.08643305233889341
2.675454545454546e-06,-0.08002579822783241,-0.08658395743082742,0.08962550880418042
2.683636363636364e-06,-0.07618664969564022,-0.08681987395554196,0.0929110607815929
2.691818181818182e-06,-0.07111960884696737,-0.08598260727010679,0.0962912862095671
2.7000000000000004e-06,-0.06480363283147422,-0.0840053264032749,0.09976785144223589
2.7081818181818187e-06,-0.057232872823046545,-0.08083175750609686,0.10334226703587897
2.716363636363637e-06,-0.04841777279457964,-0.07641769039437767,0.10701618111858578
2.7245454545454548e-06,-0.038386009227138654,-0.07073241483691806,0.11079103026542403
2.732727272727273e-06,-0.027183247790969377,-0.0637600608429396,0.11466843015626405
2.7409090909090913e-06,-0.014873694280224994,-0.055500816981487455,0.11864973734630037
2.7490909090909095e-06,-0.001540418756622356,-0.04597200093476817,0.12273651956097932
2.7572727272727278e-06,0.012714566040936952,-0.03520895706806551,0.1269300477019735
2.765454545454546e-06,0.02777048844105328,-0.023265756807422825,0.1312318250067392
2.773636363636364e-06,0.04348827723036594,-0.010215679063006865,0.13564303131336608
2.781818181818182e-06,0.05971130686916307,0.003848550175258248,0.14016508809672282
2.7900000000000004e-06,0.07626643504524538,0.01881477761581523,0.14479907874713233
2.7981818181818187e-06,0.09296533509704746,0.0345517176078986,0.14954632526694783
2.806363636363637e-06,0.10960612158329965,0.050909534873443366,0.1544078090369191
2.814545454545455e-06,0.1259752628031283,0.06772072410442143,0.15938473475585438
2.822727272727273e-06,0.14184976943555605,0.08480129160220608,0.164477975856961
2.8309090909090913e-06,0.15699964373501787,0.10195223992755,0.1696886020952341
2.8390909090909095e-06,0.1711905689589733,0.11896135206190923,0.17501737245924776
2.8472727272727278e-06,0.1841868139885041,0.1356052669089869,0.18046520460973053
2.855454545454546e-06,0.19575432350964528,0.15165183315179603,0.18603273587707495
2.863636363636364e-06,0.20566395973112808,0.16686272359332233,0.19172071544371172
2.871818181818182e-06,0.21369485750306172,0.1809962872210368,0.1975296509290985
2.8800000000000004e-06,0.21963785095049315,0.1938106114241142,0.2034601076654243
2.8881818181818186e-06,0.2232989264237242,0.20506676213724714,0.20951245458865553
2.896363636363637e-06,0.2245026537686533,0.21453216526817334,0.21568705902868338
2.904545454545455e-06,0.22309554570580792,0.22198408866972086,0.22198414131307434
2.912727272727273e-06,0.2189492935408411,0.22721318022276182,0.2284038580020568
2.9209090909090912e-06,0.21196382656962198,0.2300270143831572,0.23494626995694834
2.9290909090909095e-06,0.20207014243674787,0.23025359688912692,0.24161131170420452
2.9372727272727278e-06,0.18923285639664647,0.22774477529594342,0.24839887292124457
2.945454545454546e-06,0.1734524189399847,0.22237950166635406,0.25530865641103084
2.9536363636363643e-06,0.15476695360152,0.21406689315370533,0.26234036821612344
2.961818181818182e-06,0.13325366996281754,0.2027490364171638,0.26949347132526363
2.9700000000000004e-06,0.10902981089512914,0.1884034828410443,0.27676747513918865
2.9781818181818186e-06,0.08225309793104234,0.1710453834178477,0.2841615963215794
2.986363636363637e-06,0.053121644270993196,0.1507292149094259,0.2916751342918594
2.994545454545455e-06,0.02187331127125618,0.12755005252165638,0.2993070543994728
3.002727272727273e-06,-0.011215508741840938,0.10164434880009932,0.3070564326736434
3.0109090909090912e-06,-0.045831692909445755,0.07319018374796638,0.3149219795909126
3.0190909090909095e-06,-0.08162777304251516,0.04240695723947027,0.32290253460674195
3.0272727272727277e-06,-0.118224898652733,0.00955450159290138,0.33099655107998843
3.035454545454546e-06,-0.1552163621559139,-0.02506840039390793,0.3392026192510082
3.0436363636363643e-06,-0.19217166172459912,-0.06112609864383113,0.3475189342962734
3.051818181818182e-06,-0.22864106838262394,-0.09824875847324348,0.35594382547064496
3.0600000000000003e-06,-0.2641606551704634,-0.13603563216154632,0.36447522974145624
3.0681818181818186e-06,-0.29825773770628916,-0.17405889979860525,0.3731112048084133
3.076363636363637e-06,-0.33045666736616863,-0.21186805064789216,0.3818494302994361
3.084545454545455e-06,-0.3602849107488258,-0.2489947671563955,0.3906876833100939
3.0927272727272734e-06,-0.3872793422146107,-0.2849582648145752,0.39962338776295114
3.1009090909090912e-06,-0.41099267022790315,-0.319271032466134,0.40865403292066155
3.1090909090909095e-06,-0.43099991311264435,-0.35144490953433805,0.41777678928395706
3.1172727272727277e-06,-0.44690483576761586,-0.3809974291136942,0.4269888531432914
3.125454545454546e-06,-0.45834625598476597,-0.40745834911368506,0.4362871444199595
3.1336363636363642e-06,-0.4650041273590386,-0.4303762877692819,0.44566856361283735
3.141818181818182e-06,-0.46660530544438705,-0.44932537497656816,0.4551297834043482
3.1500000000000003e-06,-0.46292890485209726,-0.4639118271852626,0.4646674081865726
3.1581818181818186e-06,-0.45381115743877865,-0.47378035108397665,0.47427786721496923
3.166363636363637e-06,-0.4391496856059529,-0.47862028013375385,0.48395747109628234
3.174545454545455e-06,-0.41890711002263215,-0.47817134820827406,0.4937024099515625
3.1827272727272734e-06,-0.39311391775565463,-0.4722290062331599,0.5035087056375068
3.190909090909091e-06,-0.36187052479595144,-0.46064919080932976,0.5133723139598269
3.1990909090909095e-06,-0.32534847622569957,-0.44335245836152654,0.5232889757944051
3.2072727272727277e-06,-0.2837907376826144,-0.42032740435531935,0.5332544180580742
3.215454545454546e-06,-0.23751104322294572,-0.3916332945329513,0.5432641111124741
3.2236363636363642e-06,-0.18689227702374253,-0.3574018438657477,0.5533135591319501
3.2318181818181825e-06,-0.13238387943832364,-0.31783808892049115,0.5633979750368138
3.2400000000000003e-06,-0.07449828155114921,-0.2732203104786409,0.5735126472644686
3.2481818181818186e-06,-0.013806386379373488,-0.22389897539836626,0.5836525468319568
3.256363636363637e-06,0.049067870963124496,-0.17029467971775417,0.5938127544638445
3.264545454545455e-06,0.11345383769801896,-0.11289508869257439,0.6039880170914637
3.2727272727272733e-06,0.17864127210314382,-0.052250883656809834,0.614173216941052
3.2809090909090916e-06,0.2438882128238063,0.011029259911695975,0.6243628967323298
3.2890909090909094e-06,0.3084295023815002,0.07628462415596832,0.6345517507738517
3.2972727272727277e-06,0.3714858666974049,0.14280927701939244,0.6447341392523231
3.305454545454546e-06,0.4322734417690864,0.20985970932777978,0.6549045806759629
3.3136363636363642e-06,0.4900136292628681,0.27666319974426,0.6650572759093271
3.3218181818181825e-06,0.5439431548881655,0.34242681385055374,0.6751865814704815
3.3300000000000003e-06,0.5933241971629756,0.4063469319079519,0.685286563361702
3.3381818181818186e-06,0.6374544496988449,0.4676191893732726,0.6953514317466492
3.346363636363637e-06,0.6756769775422656,0.5254487051814074,0.705375143189055
3.354545454545455e-06,0.707389727494455,0.5790604653320984,0.7153517790605429
3.3627272727272733e-06,0.7320545537505702,0.6277097235894161,0.7252752125956432
3.3709090909090916e-06,0.7492056236807019,0.670692277249945,0.7351394159249576
3.3790909090909094e-06,0.7584570741146512,0.7073544740659448,0.7449382054852509
3.3872727272727277e-06,0.7595097960549231,0.7371028066005064,0.7546654657227061
3.395454545454546e-06,0.7521572352595657,0.7594129525905375,0.7643149829879123
3.403636363636364e-06,0.736290107508708,0.7738381243162086,0.7738805775722236
3.4118181818181825e-06,0.7118999404650334,0.7800165965054939,0.7833560324170042
3.4200000000000007e-06,0.679081368698733,0.7776782908897522,0.7927351290765553
3.4281818181818185e-06,0.638033124483754,0.7666503060879012,0.8020116735416338
3.436363636363637e-06,0.589057684171318,0.7468612939171485,0.8111794357975393
3.444545454545455e-06,0.5325595480734644,0.7183445973605701,0.8202322709743984
3.4527272727272733e-06,0.46904215058935544,0.6812400810895523,0.829163966216935
3.4609090909090916e-06,0.39910341651096504,0.6357946024381994,0.8379684513997475
3.4690909090909094e-06,0.32342999877159107,0.5823610888285081,0.8466395608769213
3.4772727272727277e-06,0.24279025206278987,0.521396206599022,0.8551713243045838
3.485454545454546e-06,0.15802601545265618,0.4534566257274363,0.8635576543345894
3.493636363636364e-06,0.0700432951024573,0.37919390477671755,0.871792704820841
3.5018181818181824e-06,-0.020198044881574628,0.29934804024242667,0.8798704985189798
3.5100000000000007e-06,-0.11169545977958108,0.21473974403839532,0.8877853372497732
3.5181818181818185e-06,-0.20341563199497878,0.12626153183031216,0.8955313860454279
3.526363636363637e-06,-0.2943069591071337,0.034867723017770816,0.9031031178104427
3.534545454545455e-06,-0.3833124618315509,-0.058436529910665225,0.9104948720212035
3.5427272727272733e-06,-0.4693829433376672,-0.15260704943992576,0.9177013151406918
3.5509090909090916e-06,-0.5514902255604907,-0.24657313150729077,0.924716992868476
3.55909090909091e-06,-0.6286402847746038,-0.3392505755298552,0.9315367870772108
3.5672727272727277e-06,-0.699886107858714,-0.42955507737667376,0.9381554806951258
3.575454545454546e-06,-0.7643400924098251,-0.5164158092515451,0.9445681922522929
3.583636363636364e-06,-0.8211858181727552,-0.5987890054706634,0.9507699717612615
3.5918181818181824e-06,-0.8696890240985133,-0.6756713706925194,0.9567561950686517
3.6000000000000007e-06,-0.90920763465913,-0.7461131273539605,0.9625222076191775
3.6081818181818185e-06,-0.939200690714287,-0.809230521915164,0.9680636626495623
3.6163636363636368e-06,-0.9592360540958567,-0.8642176150058783,0.9733762275459683
3.624545454545455e-06,-0.9689967709645712,-0.9103571886433227,0.9784558524087447
3.6327272727272733e-06,-0.9682859966802841,-0.9470306142658707,0.9832985509407729
3.6409090909090915e-06,-0.957030404165535,-0.9737265382640305,0.9879005889429161
3.64909090909091e-06,-0.9352820182578522,-0.9900482568215556,0.9922583484225734
3.6572727272727276e-06,-0.9032184400438458,-0.9957196689997446,0.9963684290191257
3.665454545454546e-06,-0.8611414473349784,-0.9905897158697192,1.0002276004384434
3.673636363636364e-06,-0.8094739799559418,-0.974635233854325,1.0038328135075496
3.6818181818181824e-06,-0.7487555410392089,-0.9479621719920018,1.0071812422751294
3.6900000000000007e-06,-0.6796360677192178,-0.9108051452676725,1.010270205197933
3.698181818181819e-06,-0.6028683461650838,-0.8635253191428109,1.0130972944588137
3.7063636363636368e-06,-0.519299066458784,-0.8066066436200929,1.015660211534023
3.714545454545455e-06,-0.42985863210671477,-0.7406504782537358,1.017956977627842
3.7227272727272733e-06,-0.33554985667539583,-0.6663686721210651,1.0199856914036962
3.7309090909090915e-06,-0.23743569589848257,-0.5845751845657328,1.0217448110698117
3.73909090909091e-06,-0.13662617737200855,-0.4961763531807943,1.023232845232159
3.7472727272727276e-06,-0.03426470142803764,-0.40215993470902967,1.0244486942271596
3.755454545454546e-06,0.06848610422080012,-0.30358306200787033,1.0253912877412705
3.763636363636364e-06,0.17045878707928097,-0.2015592756921724,1.026059970593851
3.7718181818181824e-06,0.27049553703549634,-0.09724480229478928,1.0264541028587504
3.7800000000000007e-06,0.36746252449397127,0.00817573842891993,1.0265734735484746
3.788181818181819e-06,0.4602639177257387,0.11350400624531874,1.0264178803853872
3.7963636363636367e-06,0.5478553922835049,0.21754279697681034,1.0259875537950873
3.804545454545455e-06,0.6292569526063678,0.3191108839294204,1.0252827341558353
3.8127272727272733e-06,0.7035648957815944,0.4170576455321202,1.0243040882120995
3.8209090909090915e-06,0.7699627596910729,0.5102772835718667,1.023052301558635
3.82909090909091e-06,0.8277311122600328,0.5977224422772199,1.0215284700404244
3.837272727272728e-06,0.8762560550258548,0.678417047086073,1.0197337244122913
3.845454545454546e-06,0.9150363325046235,0.7514681930985533,1.0176695804734575
3.8536363636363645e-06,0.943688958576448,0.8160769267943508,1.0153376113255002
3.861818181818183e-06,0.9619532920395882,0.8715477803779712,1.012739741842752
3.87e-06,0.9696935152834432,0.9172969358658934,1.0098779818006398
3.8781818181818185e-06,0.9668994923749961,0.9528589154772841,1.0067546527238393
3.886363636363637e-06,0.9536860054092888,0.9778917157407501,1.003372192469245
3.894545454545455e-06,0.9302903904074823,0.9921803246693517,0.999733305414977
3.902727272727273e-06,0.8970686160254192,0.9956385840552255,0.9958408459748224
3.9109090909090915e-06,0.8544898695399208,0.9883093820542171,0.9916978863665561
3.91909090909091e-06,0.8031297347017944,0.9703631844257963,0.9873076831415266
3.927272727272728e-06,0.7436620647950025,0.9420949357209741,0.9826736602601699
3.935454545454546e-06,0.6768496713551168,0.9039193840339088,0.9777994591861512
3.9436363636363645e-06,0.603533964238566,0.8563649043257981,0.9726888385525514
3.951818181818183e-06,0.5246236918895397,0.8000659154834238,0.9673458048439578
3.96e-06,0.4410829415495124,0.7357540049014444,0.9617744334092585
3.9681818181818185e-06,0.3539185676569829,0.6642478912149419,0.9559790733850377
3.976363636363637e-06,0.264167222692232,0.5864423706239779,0.9499640980555858
3.984545454545455e-06,0.17288216817160285,0.5032964048450729,0.9437341745967872
3.992727272727273e-06,0.08112004436747486,0.4158205189313584,0.9372939546669383
4.0009090909090915e-06,-0.01007222435965182,0.3250636848973809,0.9306483968983368
4.00909090909091e-06,-0.09967021592448726,0.23209987217942185,0.9238024110062196
4.017272727272728e-06,-0.18668432248776498,0.13801444841148897,0.9167612188330823
4.025454545454546e-06,-0.27017143083237666,0.043890613795367184,0.9095299670909346
4.0336363636363645e-06,-0.34924582494740647,-0.04920395047476728,0.9021141112554968
4.041818181818183e-06,-0.42308917755405223,-0.14023004463234628,0.8945190132373092
4.05e-06,-0.4909595119467623,-0.22818935629163206,0.8867503315874024
4.0581818181818184e-06,-0.5521990316286354,-0.3121361526944109,0.8788136208816181
4.066363636363637e-06,-0.606240732531842,-0.3911881141839974,0.8707147115655874
4.074545454545455e-06,-0.6526137308576693,-0.4645361779062147,0.8624593276192543
4.082727272727273e-06,-0.6909472584616395,-0.53145327645961,0.8540534399368269
4.0909090909090915e-06,-0.7209732969585886,-0.5913018733393605,0.8455029179299064
4.09909090909091e-06,-0.7425278410400917,-0.6435402152666215,0.836813841577879
4.107272727272728e-06,-0.7555508005965985,-0.6877272405801995,0.8279922010720123
4.115454545454546e-06,-0.7600845698415053,-0.7235261024950348,0.8190441545260675
4.1236363636363645e-06,-0.7562713094793512,-0.7507062859034056,0.8099757876307688
4.131818181818183e-06,-0.7443490047969672,-0.7691443162127294,0.8007933064005124
4.140000000000001e-06,-0.7246463781565116,-0.7788230781871384,0.7915028661917981
4.1481818181818184e-06,-0.6975767485278878,-0.779829781607909,0.7821106916754318
4.156363636363637e-06,-0.6636309432360807,-0.7723526285243062,0.7726229815873404
4.164545454545455e-06,-0.6233693778659072,-0.7566762536840315,0.7630459512351846
4.172727272727273e-06,-0.5774134291417179,-0.7331760251859161,0.753385816123493
4.1809090909090915e-06,-0.5264362324938175,-0.7023113062866546,0.7436487555959351
4.18909090909091e-06,-0.4711530408792267,-0.6646177914459517,0.7338409751460211
4.197272727272728e-06,-0.41231128421713553,-0.6206990399681371,0.7239685931219931
4.205454545454546e-06,-0.35068046953589593,-0.5712173388823693,0.7140377782397788
4.2136363636363645e-06,-0.28704206064665716,-0.5168840329198917,0.704054564496847
4.221818181818183e-06,-0.22217947292659798,-0.45844946355050786,0.6940250572833319
4.230000000000001e-06,-0.15686831370791313,-0.3966926610196589,0.683955184630155
4.238181818181818e-06,-0.091866991948855,-0.3324109332029911,0.6738509624966176
4.246363636363637e-06,-0.02790781245508909,-0.266409492919303,0.6637181930936175
4.254545454545455e-06,0.03431133991110597,-0.19949126119744687,0.6535627775270904
4.262727272727273e-06,0.09413463166755737,-0.1324469779882314,0.6433903740824236
4.2709090909090914e-06,0.15095514554297051,-0.06604574408427158,0.6332067445200074
4.27909090909091e-06,0.20422090940092658,-0.0010261087174686934,0.6230173867956996
4.287272727272728e-06,0.25344003352917416,0.0619121933764937,0.6128279000121706
4.295454545454546e-06,0.2981849145434262,0.12211576351002666,0.6026436070202581
4.3036363636363645e-06,0.3380954783184888,0.1789842401530085,0.5924699223771845
4.311818181818183e-06,0.3728814484952151,0.23197611416659242,0.5823119805889428
4.320000000000001e-06,0.4023236410118049,0.2806136068996925,0.5721749914360108
4.328181818181819e-06,0.4262742985743904,0.3244865743785249,0.5620638892693451
4.336363636363637e-06,0.4446564918291691,0.36325541540938516,0.5519836607302179
4.344545454545455e-06,0.45746262605625065,0.3966529758841204,0.5419390295216341
4.352727272727273e-06,0.4647521033206504,0.42448545571652513,0.531934742838237
4.3609090909090914e-06,0.4666482000547151,0.44663233844744715,0.5219753044474623
4.36909090909091e-06,0.46333422889509324,0.46304537645208454,0.5120652079990627
4.377272727272728e-06,0.45504906116486615,0.47374667669665194,0.502208729137111
4.385454545454546e-06,0.44208209260836756,0.4788259429738281,0.4924100961943755
4.3936363636363645e-06,0.4247677398063734,0.4784369403680976,0.48267334950994867
4.401818181818183e-06,0.40347955809930225,0.4727932562560042,0.47300244272974334
4.410000000000001e-06,0.37862407382481156,0.4621634393479362,0.46340117463507335
4.418181818181819e-06,0.3506344242543676,0.4468656040662423,0.4538732172500195
4.426363636363637e-06,0.3199638978322737,0.4272615918916572,0.4444221224163762
4.434545454545455e-06,0.2870794652407341,0.40375078418200255,0.43505127602450216
4.442727272727273e-06,0.25245538851405563,0.37676366238252923,0.425763978429796
4.450909090909091e-06,0.21656699099762078,0.3467552115365608,0.41656332724414424
4.45909090909091e-06,0.179884665500859,0.31419826161944303,0.4074523676106284
4.467272727272728e-06,0.14286819164675996,0.2795768585284564,0.3984339089868755
4.475454545454546e-06,0.10596142630222476,0.24337975265394748,0.38951073840653283
4.4836363636363644e-06,0.06958742321879277,0.20609408793546116,0.3806853794290268
4.491818181818183e-06,0.03414402976182918,0.16819936828727988,0.37196035893799007
4.500000000000001e-06,-3.3409164034253095e-15,0.13016177138754947,0.36333791881095684
4.508181818181819e-06,-0.03250834539262167,0.092428872199602,0.35482032464208224
4.516363636363637e-06,-0.06307989086260977,0.055424830374732566,0.34640954260311635
4.524545454545455e-06,-0.09145091660470636,0.019546087017674137,0.33810757681790615
4.532727272727273e-06,-0.11739670400673295,-0.014842392674350155,0.32991612526559166
4.540909090909091e-06,-0.1407325601614267,-0.047410303515709205,0.32183693144323794
4.54909090909091e-06,-0.16131427360782483,-0.07786459293939278,0.3138714339496994
4.557272727272728e-06,-0.17903802085866197,-0.10595145288919658,0.30602111759170836
4.565454545454546e-06,-0.19383975005726928,-0.1314577105521764,0.2982871714536506
4.5736363636363644e-06,-0.20569407421351418,-0.1542116258902392,0.29067082474712486
4.581818181818183e-06,-0.21461271183276362,-0.1740831118553283,0.28317302771558084
4.590000000000001e-06,-0.22064251732813125,-0.19098340052298013,0.275794758286975
4.598181818181819e-06,-0.2238631473618062,-0.20486418506991774,0.26853673910652864
4.6063636363636375e-06,-0.22438441217764485,-0.21571627348235486,0.2613997023901686
4.614545454545455e-06,-0.22234336305957125,-0.22356779505660795,0.25438415477225645
4.622727272727273e-06,-0.21790116828701783,-0.22848200510073896,0.24749058961362133
4.630909090909091e-06,-0.21123983038038718,-0.23055473673808854,0.2407193092654291
4.63909090909091e-06,-0.20255879706853794,-0.22991155133781582,0.23407057637814377
4.647272727272728e-06,-0.19207151730935731,-0.22670464085492079,0.22754450070868518
4.655454545454546e-06,-0.18000199190556773,-0.22110953626690494,0.22114112360620977
4.663636363636364e-06,-0.16658136584114253,-0.2133216763728474,0.21486037373391922
4.671818181818183e-06,-0.15204460648586046,-0.20355289051127393,0.20870208176140448
4.680000000000001e-06,-0.13662730834878722,-0.19202784730409017,0.20266600645254693
4.688181818181819e-06,-0.12056266118192141,-0.17898051940239096,0.1967517795510505
4.6963636363636374e-06,-0.10407861402157076,-0.164650711461206,0.19095900072548097
4.704545454545455e-06,-0.08739526328706748,-0.1492806952755794,0.18528711556975397
4.712727272727273e-06,-0.07072248841391522,-0.13311199224607603,0.17973557501990706
4.720909090909091e-06,-0.054257853759797,-0.11638233918757185,0.1743036521817821
4.72909090909091e-06,-0.03818479076269179,-0.09932286903274892,0.16899065916167424
4.737272727272728e-06,-0.02267106962309075,-0.0821555332934239,0.16379571096330806
4.745454545454546e-06,-0.007867565194324029,-0.06509078831033888,0.15871799031672007
4.753636363636364e-06,0.006092682641304155,-0.04832556242502221,0.15375646905167387
4.761818181818183e-06,0.019095118001472275,-0.032041516322360575,0.14891020956265058
4.770000000000001e-06,0.0310440352102387,-0.01640360399201856,0.14417805577787782
4.778181818181819e-06,0.04186267350612774,-0.0015589371081051843,0.13955895844185004
4.7863636363636374e-06,0.05149305476358248,0.01236404880907624,0.13505164898962077
4.794545454545455e-06,0.059895581534953765,0.025256132252901273,0.13065497491953298
4.802727272727273e-06,0.06704841510388761,0.037027557267377685,0.12636757050516967
4.810909090909091e-06,0.0729466552004425,0.04760801181227547,0.1221881882042096
4.81909090909091e-06,0.07760134455837676,0.05694634921442955,0.11811538017336394
4.827272727272728e-06,0.08103832259746656,0.06501007165653648,0.11414781192409755
4.835454545454546e-06,0.08329695319678268,0.07178459691744575,0.11028396805180647
4.843636363636364e-06,0.0844287518027524,0.07727233140051155,0.10652243519033977
4.851818181818183e-06,0.08449593700828281,0.08149157386687851,0.10286164425305369
4.860000000000001e-06,0.0835699312706935,0.08447527523342983,0.0993001111163511
4.868181818181819e-06,0.08172983463534411,0.08626968031181301,0.0958362260477773
4.876363636363637e-06,0.07906089423070986,0.08693287747269683,0.0924684424025828
4.884545454545456e-06,0.07565299093405693,0.08653328194074993,0.08919512185437231
4.892727272727273e-06,0.07159916301162539,0.08514807778796672,0.08601466363691648
4.900909090909091e-06,0.06699418475145137,0.08286164272705332,0.08292541178558653
4.90909090909091e-06,0.0619332161694223,0.07976397854699378,0.07992572000226708
4.917272727272728e-06,0.05651053781853582,0.07594916851650318,0.0770139244644156
4.925454545454546e-06,0.05081838260575491,0.07151388134644636,0.07418834212509674
4.933636363636364e-06,0.04494587435711332,0.06655593938910742,0.0714473098639867
4.941818181818183e-06,0.03897808070500749,0.061172966700423013,0.06878911684122375
4.950000000000001e-06,0.03299518573483893,0.05546113044060992,0.06621210796877286
4.958181818181819e-06,0.027071785751755013,0.04951398687775992,0.06371455369774272
4.966363636363637e-06,0.021276309539659814,0.04342144102518106,0.06129481309673394
4.974545454545456e-06,0.015670562608296693,0.03726882672178368,0.05895114705201716
4.982727272727273e-06,0.010309393181069174,0.031136111788465128,0.05668193376407965
4.990909090909091e-06,0.005240476083923256,0.02509723079226369,0.05448543367062772
4.99909090909091e-06,0.0005042092681670123,0.019219545950953883,0.05236004801592157
5.007272727272728e-06,-0.0038662835519488637,0.013563434837326017,0.05030404577206992
5.015454545454546e-06,-0.007845051735520654,0.008182001814719876,0.04831585418625699
5.023636363636364e-06,-0.011413126496916297,0.003120908569960437,0.046393759496359786
5.031818181818183e-06,-0.014558248801247158,-0.0015816822804491986,0.044536217089449624
5.040000000000001e-06,-0.017274526052797928,-0.005895057740893029,0.0427415388226866
5.048181818181819e-06,-0.01956202758775006,-0.009795807389637274,0.04100820968257907
5.056363636363637e-06,-0.02142632914238245,-0.013267587802940514,0.03933457499233204
5.064545454545456e-06,-0.022878016465415645,-0.01630080815008357,0.03771915027287416
5.072727272727274e-06,-0.023932158089810966,-0.018892247102047132,0.03616032152744521
5.080909090909091e-06,-0.02460775698826649,-0.021044611457675746,0.03465663537648184
5.0890909090909096e-06,-0.024927190422184487,-0.02276604697924763,0.03320652496691288
5.097272727272728e-06,-0.02491564677127594,-0.024069611855300037,0.03180856836422181
5.105454545454546e-06,-0.024600567516061836,-0.02497272298499873,0.030461251468454145
5.113636363636364e-06,-0.02401110185448469,-0.0254965849193999,0.02916318405624707
5.121818181818183e-06,-0.02317758068284153,-0.02566561081586899,0.027912909450420114
5.130000000000001e-06,-0.0221310158762276,-0.02550684417872244,0.026709069450025165
5.138181818181819e-06,-0.020902629980104174,-0.025049389488354796,0.025550268467386054
5.146363636363637e-06,-0.01952342058724693,-0.024323859079394678,0.024435180784972005
5.154545454545456e-06,-0.018023762837079127,-0.023361842832392784,0.0233624745307951
5.162727272727274e-06,-0.016433052650101913,-0.022195406409419444,0.02233085716247718
5.170909090909091e-06,-0.014779392510480537,-0.020856622907381828,0.02133906209931861
5.1790909090909096e-06,-0.013089320845237708,-0.01937714193869672,0.02038583095140683
5.187272727272728e-06,-0.011387585328016385,-0.01778779929102137,0.01946996297287483
5.195454545454546e-06,-0.009696959766662475,-0.016118269478761823,0.018590235216564378
5.203636363636364e-06,-0.00803810362323065,-0.014396762690499991,0.01774551232990632
5.211818181818183e-06,-0.00642946266727782,-0.012649766868417633,0.01693460841157541
5.220000000000001e-06,-0.004887208781981994,-0.010901834936948622,0.01615645214977023
5.228181818181819e-06,-0.003425216529866675,-0.009175416535515178,0.015409896578085829
5.236363636363637e-06,-0.0020550737416378667,-0.007490733010098206,0.014693932260702872
5.244545454545456e-06,-0.0007861231175824693,-0.005865693884918557,0.014007453290018214
5.252727272727274e-06,0.00037446837520288724,-0.00431585257163297,0.013349509249187671
5.260909090909091e-06,0.001421615667100965,-0.0028543986808117925,0.012719037575663597
5.2690909090909095e-06,0.0023522007473465462,-0.001492183979444895,0.012115143459422958
5.277272727272728e-06,0.003164940277767709,-0.00023777878803030975,0.011536810041982547
5.285454545454546e-06,0.0038602390799269393,0.0009024445704156983,0.010983194301951611
5.293636363636364e-06,0.004440032833454374,0.0019242047721295527,0.010453327414579898
5.3018181818181826e-06,0.004907623196534197,0.0028251845003484065,0.009946414078620602
5.310000000000001e-06,0.0052675083946933515,0.003604887008502315,0.00946153569408187
5.318181818181819e-06,0.005525212127020418,0.004264479729262282,0.008997940517775428
5.326363636363637e-06,0.005687113415503785,0.004806628312819892,0.008554762115833421
5.334545454545456e-06,0.0057602797790569015,0.005235324328430449,0.008131288199349227
5.342727272727274e-06,0.005752305854572954,0.005555709677480668,0.007726706085020065
5.350909090909092e-06,0.00567115931836745,0.005773900550116048,0.007340339034318219
5.3590909090909095e-06,0.005525035687675559,0.00589681351673808,0.0069714292438370845
5.367272727272728e-06,0.005322223308160415,0.005931996086301111,0.006619331947577473
5.375454545454546e-06,0.005070979563947446,0.005887463790951358,0.006283344812058409
5.383636363636364e-06,0.004779419085374724,0.0057715455765354326,0.005962851898331054
5.3918181818181826e-06,0.0044554144798247255,0.005592738995907631,0.005657206327561572
5.400000000000001e-06,0.004106509875579325,0.0053595764214370316,0.005365818357526297
5.408181818181819e-06,0.003739847350034252,0.005080503218872593,0.00508809589903185
5.416363636363637e-06,0.003362106113753212,0.00476376856051298,0.004823473348012049
5.424545454545456e-06,0.0029794541421937454,0.004417329304705703,0.00457141206984701
5.432727272727274e-06,0.002597511788499827,0.004048767133828965,0.004331369140690861
5.440909090909092e-06,0.002221326774101378,0.0036652189263523464,0.004102857380484167
5.4490909090909095e-06,0.0018553598391554986,0.0032733201420975075,0.003885355688959127
5.457272727272728e-06,0.00150348024190728,0.002879160824712433,0.00367842570642519
5.465454545454546e-06,0.001168970224305239,0.002488253672454767,0.00348156787403386
5.473636363636364e-06,0.0008545375098456065,0.0021055134980413615,0.0032943894396538164
5.4818181818181825e-06,0.0005623348675621125,0.001735247290554423,0.0031164126258137305
5.490000000000001e-06,0.00029398576202337314,0.0013811540068307507,0.0029472865748878
5.498181818181819e-06,5.061511168322689e-05,0.0010463331557058696,0.0027865559778356606
5.506363636363637e-06,-0.00016711580465079753,0.0007333011949588525,0.0026339077563647217
5.5145454545454556e-06,-0.00035897122280075894,0.0004440147365800536,0.0024889101101420712
5.522727272727274e-06,-0.0005251004370632537,0.00017989954963583133,0.0023512833369172897
5.530909090909092e-06,-0.0006659958484408696,-5.811564005111391e-05,0.002220620430459304
5.5390909090909095e-06,-0.000782450292936961,-0.0002695615296464829,0.002096670498484605
5.547272727272728e-06,-0.0008755143595019963,-0.0004543877373516567,0.001979052742159836
5.555454545454546e-06,-0.0009464543365510999,-0.0006129203092621798,0.0018675404818831443
5.563636363636364e-06,-0.0009967113522997128,-0.000745818067999354,0.0017617805464408256
5.5718181818181825e-06,-0.001027862198957923,-0.0008540285711571195,0.001661565972884638
5.580000000000001e-06,-0.001041582255440394,-0.0009387443770650905,0.0015665725254865293
5.588181818181819e-06,-0.0010396108489120295,-0.0010013602408777869,0.001476608691266113
5.596363636363637e-06,-0.0010237193232881454,-0.0010434317871335843,0.0013913802531852336
5.6045454545454556e-06,-0.0009956820136882666,-0.0010666361271464838,0.0013107072295097755
5.612727272727274e-06,-0.0009572502606067884,-0.001072734812237331,0.0012343261798757775
5.620909090909092e-06,-0.0009101295368704822,-0.0010635394380807525,0.0011620651875243505
5.62909090909091e-06,-0.0008559597048206067,-0.0010408801423962598,0.0010936919368699828
5.637272727272728e-06,-0.0007962983709696169,-0.00100657716875195,0.0010290396487125538
5.645454545454546e-06,-0.0007326072608940039,-0.0009624156041316715,0.0009679070051316692
5.653636363636364e-06,-0.000666241498471522,-0.000910123337750715,0.0009101300411267266
5.6618181818181825e-06,-0.0005984416407775229,-0.0008513522338610794,0.0008555377905692251
5.670000000000001e-06,-0.0005303282929483632,-0.0007876624623010377,0.0008039674250790203
5.678181818181819e-06,-0.0004628991059368723,-0.0007205098875214662,0.0007552771453986985
5.686363636363637e-06,-0.00039702794408771414,-0.0006512363798473458,0.0007093042449397841
5.6945454545454555e-06,-0.0003334659985458785,-0.0005810628817802749,0.0006659343708777758
5.702727272727274e-06,-0.00027284461632348775,-0.0005110850370937265,0.0006250045783236619
5.710909090909092e-06,-0.00021567961299127938,-0.0004422711711120065,0.0005864257319128809
5.71909090909091e-06,-0.00016237683900377633,-0.00037546239662058736,0.0005500349107568918
5.727272727272728e-06,-0.00011323877516334432,-0.00031137461099222443,0.0005157655085833679
5.735454545454546e-06,-6.84719412201294e-05,-0.00025060214594042196,0.0004834554580111035
5.743636363636364e-06,-2.8194912632727655e-05,-0.0001936228313997689,0.0004530576033857436
5.7518181818181825e-06,7.553246375092819e-06,-0.00014080423892586798,0.00042441205183595365
5.760000000000001e-06,3.880431057197174e-05,-9.241087723760611e-05,0.000397487716591912
5.768181818181819e-06,6.565214342374228e-05,-4.8612122619402345e-05,0.00037212859851327887
5.776363636363637e-06,8.824401307240579e-05,-9.490679391163918e-06,0.00034831609595197314
5.7845454545454555e-06,0.00010677210164866578,2.4948619923351496e-05,0.00032590011351219016
5.792727272727274e-06,0.00012146531758238657,5.4769849191430326e-05,0.0003048708608546049
5.800909090909092e-06,0.00013258150335327372,8.009701552442822e-05,0.00028508632944453696
5.80909090909091e-06,0.00014040011433947213,0.0001011052182530628,0.0002665418952023879
5.8172727272727286e-06,0.0001452154283027319,0.00011801206195529506,0.0002491058689935399
5.825454545454546e-06,0.0001473303297872541,0.00013106942755653425,0.00023277529810698713
5.833636363636364e-06,0.00014705069946144013,0.00014055568792727322,0.0002174309695782088
5.8418181818181825e-06,0.00014468042531933198,0.00014676843738306732,0.00020306837668715075
5.850000000000001e-06,0.0001405170407705991,0.00015001778826740787,0.00018958274162667426
5.858181818181819e-06,0.0001348479840428891,0.00015062027255118016,0.00017696516030662286
5.866363636363637e-06,0.00012794746402842072,0.0001488933722552705,0.00016512693735125285
5.8745454545454555e-06,0.00012007390973229023,0.0001451506896021043,0.00015405241063540465
5.882727272727274e-06,0.00011146797380488671,0.0001396977562034152,0.00014367020186470858
5.890909090909092e-06,0.00010235105522669485,0.0001328284703438507,0.00013395609671709933
5.89909090909091e-06,9.292430200532946e-05,0.0001248221425445476,0.0001248567728647914
5.9072727272727285e-06,8.336805167238984e-05,0.00011594112208166018,0.00011633829830709773
5.915454545454546e-06,7.384166535079402e-05,0.0001064289709605796,0.00010836558886380744
5.923636363636364e-06,6.448371011214806e-05,9.650914695528512e-05,0.00010089449466434213
5.9318181818181825e-06,5.5412444162838776e-05,8.638415364751326e-05,9.390776012748021e-05
5.940000000000001e-06,4.6726559987469264e-05,7.623511286559932e-05,8.735119104545848e-05
5.948181818181819e-06,3.8506141838146216e-05,6.622171344216156e-05,8.122435250071993e-05
5.956363636363637e-06,3.081379578726806e-05,5.6482489687928254e-05,7.546383286770902e-05
5.9645454545454555e-06,2.3695912861400128e-05,4.713538331212751e-05,7.008443410856319e-05
5.972727272727274e-06,1.7184028449527226e-05,3.8278543599605435e-05,6.501496060472177e-05
5.980909090909092e-06,1.1296244140284224e-05,2.9991322373556626e-05,6.028334220389682e-05
5.98909090909091e-06,6.038681305270306e-06,2.2335422527073183e-05,5.581257141980297e-05
5.9972727272727285e-06,1.4069390314825232e-06,1.5356161597832118e-05,5.164114735413677e-05
6.005454545454546e-06,-2.6124676553587634e-06,9.0838148922282e-06,4.768868227795087e-05
6.013636363636364e-06,-6.040710006298376e-06,3.535005944451402e-06,4.400133207560437e-05
6.0218181818181825e-06,-8.905305670107802e-06,-1.2858844668600222e-06,4.0498143825117286e-05
6.030000000000001e-06,-1.1238851036281629e-05,-5.385316007735067e-06,3.72297754080271e-05
6.038181818181819e-06,-1.3077837119149668e-05,-8.779214926459939e-06,3.411785626204829e-05
6.046363636363637e-06,-1.4461557489631303e-05,-1.1491646915233581e-05,3.121427605068521e-05
6.0545454545454555e-06,-1.5431114158576033e-05,-1.3553551610737351e-05,2.8446736901336838e-05
6.062727272727274e-06,-1.6028524941416155e-05,-1.5001550441827078e-05,2.5865130132375837e-05
6.070909090909092e-06,-1.6295933700125956e-05,-1.5876836522020773e-05,2.3407201797273297e-05
6.07909090909091e-06,-1.6274922971691734e-05,-1.622415250360981e-05,2.111788948525981e-05
6.0872727272727285e-06,-1.6005926853796244e-05,-1.60908597822554e-05,1.8949834996809154e-05
6.095454545454547e-06,-1.5527740625047906e-05,-1.5526100179585693e-05,1.6940794511265627e-05
6.103636363636364e-06,-1.48771224218054e-05,-1.4580049244223431e-05,1.5064941603355647e-05
6.1118181818181824e-06,-1.4088481366136423e-05,-1.3303258603407678e-05,1.3352281416467319e-05
6.120000000000001e-06,-1.3193645826687299e-05,-1.1746083369716948e-05,1.1808403036822965e-05
6.128181818181819e-06,-1.2221704981100385e-05,-9.958189457262346e-06,1.0457641125310768e-05
6.136363636363637e-06,-1.1198916518365569e-05,-7.988134779167951e-06,9.348727867136183e-06
6.1445454545454555e-06,-1.0148673154327568e-05,-5.883017667075664e-06,8.498644797439426e-06
6.152727272727274e-06,-9.091520615037605e-06,-3.688185454683605e-06,7.989199594891046e-06
6.160909090909092e-06,-8.045219852073836e-06,-1.4469959820451374e-06,7.793179645815618e-06
6.16909090909091e-06,-7.0248464728237625e-06,7.993752124546828e-07,7.957738597517079e-06
6.1772727272727285e-06,-6.0429206789521e-06,3.0120890588439835e-06,8.374168662243629e-06
6.185454545454547e-06,-5.109561390511701e-06,5.154765186460188e-06,9.038679844417927e-06
6.193636363636364e-06,-4.23265867497693e-06,7.193578454560128e-06,9.83307307506481e-06
6.2018181818181824e-06,-3.418059084591079e-06,9.097335445316932e-06,1.0753993111851292e-05
6.210000000000001e-06,-2.669759017766906e-06,1.0837535929234352e-05,1.1725315316062173e-05
6.218181818181819e-06,-1.990101748144484e-06,1.2388423600414964e-05,1.2749809203050517e-05
6.226363636363637e-06,-1.379974296980404e-06,1.3727029624788448e-05,1.3789629630295258e-05
6.2345454545454555e-06,-8.390008509067342e-07,1.4833211767530557e-05,1.4842984527166941e-05
6.242727272727274e-06,-3.6572993927150675e-07,1.568969108720212e-05,1.5899357017594793e-05
6.250909090909092e-06,4.21869238587444e-08,1.628208742370416e-05,1.6946754819299075e-05
6.25909090909091e-06,3.8782696417055744e-07,1.6598954181519566e-05,1.799485481086714e-05
6.2672727272727285e-06,6.748396370145105e-07,1.663181223087468e-05,1.902009956784201e-05
6.275454545454547e-06,9.07302884513451e-07,1.6375182126622206e-05,2.004787343717102e-05
6.283636363636364e-06,1.0895928016567933e-06,1.5826613287064335e-05,2.104367008547976e-05
6.291818181818182e-06,1.2262670317354948e-06,1.498670829294659e-05,2.2045332446349776e-05
6.300000000000001e-06,1.3219619290019923e-06,1.3859140070207385e-05,2.3008894860279316e-05
6.308181818181819e-06,1.381303282602491e-06,1.2450659415098166e-05,2.3981943039908648e-05
6.316363636363637e-06,1.4088301896381113e-06,1.077109010869558e-05,2.4912957109254337e-05
6.3245454545454554e-06,1.4089314951411421e-06,8.833308748272349e-06,2.5856769406902517e-05
6.332727272727274e-06,1.3857940808257553e-06,6.653206394011844e-06,2.6756428710940733e-05
6.340909090909092e-06,1.343362180370248e-06,4.249629191038726e-06,2.7671604881513028e-05
6.34909090909091e-06,1.2853068241310292e-06,1.6442952786604554e-06,2.854215504371058e-05
6.3572727272727285e-06,1.2150044678247014e-06,-1.138314461644088e-06,2.94302176738464e-05
6.365454545454547e-06,1.1355238349908761e-06,-4.071093947466904e-06,3.0274747390702423e-05
6.373636363636365e-06,1.049619999079124e-06,-7.124479462313212e-06,3.113802016594457e-05
6.381818181818182e-06,9.597347449260706e-07,-1.0266648531304043e-05,3.196036836118878e-05
6.390000000000001e-06,8.680022784169788e-07,-1.3463750882056863e-05,3.2801935537230394e-05
6.398181818181819e-06,7.76259394586926e-07,-1.668017171289302e-05,3.36066443709236e-05
6.406363636363637e-06,6.860592657870879e-07,-1.9878826897344866e-05,3.443033743488082e-05
6.4145454545454554e-06,5.986880704740742e-07,-2.3021489133342688e-05,3.522261025977696e-05
6.422727272727274e-06,5.151837475198737e-07,-2.6069143411439537e-05,3.6032988617446435e-05
6.430909090909092e-06,4.363562287403531e-07,-2.8982369542457793e-05,3.681862745997672e-05
6.43909090909091e-06,3.6280857186828824e-07,-3.1721748861785e-05,3.762093151877891e-05
6.4472727272727285e-06,2.949584859358173e-07,-3.424829162374938e-05,3.8406238203599686e-05
6.455454545454547e-06,2.330598096780376e-07,-3.652388102393195e-05,3.920630093308163e-05
6.463636363636365e-06,1.7722357002926234e-07,-3.851172925115129e-05,3.999793320474864e-05
6.471818181818182e-06,1.2743831115956218e-07,-4.017684048722495e-05,4.0802042565473464e-05
6.480000000000001e-06,8.358944408226684e-08,-4.148647535354713e-05,4.160682294465101e-05
6.488181818181819e-06,4.5477422117407336e-08,-4.241061095769104e-05,4.2421533539132836e-05
6.496363636363637e-06,1.2834598043740885e-08,-4.2922390425951755e-05,4.3246214903166184e-05
6.504545454545455e-06,-1.4659335620667574e-08,-4.299855562332153e-05,4.407811339834292e-05
6.512727272727274e-06,-3.736338121119539e-08,-4.26198566665e-05,4.4929111493684236e-05
6.520909090909092e-06,-5.566276787293836e-08,-4.177143183511569e-05,4.578454654100095e-05
6.52909090909091e-06,-6.995797280954238e-08,-4.0443151587107286e-05,4.666765509639003e-05
6.5372727272727284e-06,-8.065519796812789e-08,-3.862992058813962e-05,4.7552447791320776e-05
6.545454545454547e-06,-8.815824705581853e-08,-3.633193196989723e-05,4.847255577030203e-05
6.553636363636365e-06,-9.286173078449312e-08,-3.355486843410815e-05,4.939171044750965e-05
6.561818181818183e-06,-9.514551516576019e-08,-3.031004531486206e-05,5.0352542702933206e-05
6.570000000000001e-06,-9.537031817730881e-08,-2.6614491298961423e-05,5.13099794474395e-05
6.578181818181819e-06,-9.387435382959143e-08,-2.249096317949736e-05,5.231388111053329e-05
6.586363636363637e-06,-9.097091920735513e-08,-1.7967891774909416e-05,5.331221018795535e-05
6.594545454545455e-06,-8.694681907531525e-08,-1.3079256973768217e-05,5.435999139353991e-05
6.602727272727274e-06,-8.20615237616255e-08,-7.864390751686605e-06,5.5400345952853385e-05
6.610909090909092e-06,-7.654695892179093e-08,-2.3677079390769507e-06,5.649119772181255e-05
6.61909090909091e-06,-7.060783011317347e-08,3.3616345135045948e-06,5.7573135478015165e-05
6.6272727272727284e-06,-6.442239057268179e-08,9.27014803239173e-06,5.8704620875253275e-05
6.635454545454547e-06,-5.814356690875019e-08,1.53004899344899e-05,5.982609898834778e-05
6.643636363636365e-06,-5.190036434102981e-08,2.1392004209835207e-05,6.099421702349009e-05
6.651818181818183e-06,-4.5799480422246585e-08,2.748132084428954e-05,6.215163800893642e-05
6.660000000000001e-06,-3.992706365893324e-08,3.35030080097156e-05,6.335095217289466e-05
6.668181818181819e-06,-3.435056094073686e-08,3.9390270555366306e-05,6.453927350235603e-05
6.676363636363637e-06,-2.9120605047612797e-08,4.5075687402687964e-05,6.576309314300435e-05
6.684545454545455e-06,-2.4272900611201617e-08,5.04919796889179e-05,6.697598979240577e-05
6.692727272727274e-06,-1.9830073665427157e-08,5.557280083725501e-05,6.821659077153755e-05
6.700909090909092e-06,-1.5803456257781037e-08,6.025353916780945e-05,6.944665825824599e-05
6.70909090909091e-06,-1.2194783452682319e-08,6.447212321634704e-05,7.069552914987333e-05
6.717272727272728e-06,-8.997785405245333e-09,6.816981960539499e-05,7.193451436372148e-05
6.725454545454547e-06,-6.199661996971765e-09,7.129201311994086e-05,7.318261555468499e-05
6.733636363636365e-06,-3.782431797181669e-09,7.37889585825134e-05,7.442166366347321e-05
6.741818181818183e-06,-1.7241508499347883e-09,7.561649420538238e-05,7.565968859658735e-05
6.750000000000001e-06,8.583389959926e-23,7.673670632602869e-05,7.688959587355009e-05
6.758181818181819e-06,1.4167578147362564e-09,7.711853580795049e-05,7.810822566944649e-05
6.766363636363637e-06,2.553946634809298e-09,7.673831690965172e-05,7.931968974435746e-05
6.774545454545455e-06,3.4397674414027786e-09,7.558024008386417e-05,8.050983430068558e-05
6.782727272727274e-06,4.102202134592546e-09,7.363673095894315e-05,8.169369499323042e-05
6.790909090909092e-06,4.568523615450357e-09,7.090873866764069e-05,8.284671534956711e-05
6.79909090909091e-06,4.864903346950545e-09,6.74059277175573e-05,8.399418070503574e-05
6.807272727272728e-06,5.016107341022007e-09,6.31467687323761e-05,8.510208872815782e-05
6.815454545454547e-06,5.045271338229071e-09,5.815852461911771e-05,8.620494191150099e-05
6.823636363636365e-06,4.9737459753170534e-09,5.2477130016259815e-05,8.72605741819218e-05
6.831818181818183e-06,4.8210029390156965e-09,4.614696323190455e-05,8.831135762847545e-05
6.8400000000000014e-06,4.604593449160877e-09,3.922051127276862e-05,8.930852104353535e-05
6.848181818181819e-06,4.3401508700816494e-09,3.175792997719299e-05,9.03006948794112e-05
6.856363636363637e-06,4.04142978878848e-09,2.38265026811558e-05,9.1234281960919e-05
6.864545454545455e-06,3.7203744971602085e-09,1.550000224518521e-05,9.21623540786333e-05
6.872727272727274e-06,3.3872104513258784e-09,6.8579626296757875e-06,9.302842620145852e-05
6.880909090909092e-06,3.050552935907811e-09,-2.0151324956007e-06,9.388805157738428e-05
6.88909090909091e-06,2.717527817636408e-09,-1.1030735404208735e-05,9.46838885718009e-05
6.897272727272728e-06,2.3938999186052616e-09,-2.0097184403283622e-05,9.5471935711829e-05
6.905454545454547e-06,2.084205163128753e-09,-2.9120707527262566e-05,9.619605066438406e-05
6.913636363636365e-06,1.7918832450908967e-09,-3.800646811959708e-05,9.691063341327788e-05
6.921818181818183e-06,1.5194081182224159e-09,-4.6659639849982285e-05,9.756275186652601e-05
6.930000000000001e-06,1.2684141251639826e-09,-5.4986498137193026e-05,9.820322514643215e-05
6.938181818181819e-06,1.0398160493759011e-09,-6.289551454035664e-05,9.878422836823758e-05
6.946363636363637e-06,8.339217952821058e-10,-7.029844045040587e-05,9.935114695995173e-05
6.954545454545455e-06,6.505367760666066e-10,-7.711136636178714e-05,9.986297973571812e-05
6.962727272727274e-06,4.890594158794145e-10,-8.325574313503216e-05,0.00010035802004819656
6.970909090909092e-06,3.485674553123343e-10,-8.865935197619264e-05,0.00010080356441737688
6.97909090909091e-06,2.2789498799485024e-10,-9.325721035988032e-05,0.00010122941013144344
6.987272727272728e-06,1.25700354677815e-10,-9.699240180458972e-05,0.00010161232755986506
6.995454545454547e-06,4.052518222885554e-11,-9.981681826273067e-05,0.00010197252117965319
7.003636363636365e-06,-2.915501818306432e-11,-0.00010169180490072456,0.00010229706700673629
7.011818181818183e-06,-8.488818339012492e-11,-0.0001025886982033847,0.00010259583085302226
7.020000000000001e-06,-1.282103820121842e-10,-0.00010248924962873217,0.00010286664642202536
7.02818181818182e-06,-1.6061722600871393e-10,-0.00010138592845034255,0.0001031086782119748
7.036363636363637e-06,-1.835413622203312e-10,-9.928209893668423e-05,0.00010333056758252739
7.044545454545455e-06,-1.9833538957203704e-10,-9.619206860884273e-05,0.000103520817329738
7.052727272727274e-06,-2.062595555999918e-10,-9.214100596527994e-05,0.00010369851690564933
7.060909090909092e-06,-2.084736057515143e-10,-8.716472774113525e-05,0.00010384195350361117
7.06909090909091e-06,-2.0603218798760967e-10,-8.130935745834351e-05,0.00010397990422027492
7.077272727272728e-06,-1.9988325133254192e-10,-7.463085870077944e-05,0.00010408128151601424
7.085454545454547e-06,-1.9086891816115191e-10,-6.719444819366355e-05,0.00010418341407255801
7.093636363636365e-06,-1.7972835443834981e-10,-5.907389535419562e-05,0.00010424704712726191
7.101818181818183e-06,-1.6710220831567053e-10,-5.035071648569837e-05,0.00010431659089827124
7.110000000000001e-06,-1.5353823416866755e-10,-4.111327318756618e-05,0.0001043461534344545
7.11818181818182e-06,-1.3949776526561538e-10,-3.14557858291657e-05,0.000104385479234779
7.126363636363637e-06,-1.2536274293389747e-10,-2.147727407195508e-05,0.00010438383292520429
7.134545454545455e-06,-1.1144305266088731e-10,-1.1280437405870777e-05,0.00010439433854669699
7.1427272727272736e-06,-9.798395752220431e-11,-9.704894784475904e-07,0.00010436340353555761
7.150909090909092e-06,-8.517345630971435e-11,9.346039376168668e-06,0.00010434544881191353
7.15909090909091e-06,-7.314942750087963e-11,1.9562516567144044e-05,0.00010428612271793253
7.167272727272728e-06,-6.20064506463437e-11,2.9573423560952536e-05,0.00010423901810234536
7.175454545454547e-06,-5.1802223823604965e-11,3.9275558972133065e-05,0.00010415114806786649
7.183636363636365e-06,-4.256351955776811e-11,4.856921349091888e-05,0.00010407319762059124
7.191818181818183e-06,-3.429164215425395e-11,5.7359302073387386e-05,0.00010395560685416432
7.200000000000001e-06,-2.696736688011454e-11,6.55564393807961e-05,0.00010384420322702796
7.20818181818182e-06,-2.0555356063711515e-11,7.307794520542023e-05,0.00010369477012643303
7.216363636363637e-06,-1.5008059175991825e-11,7.984876754952944e-05,0.00010354653599088888
7.224545454545455e-06,-1.0269113545714556e-11,8.580231211655128e-05,0.00010336232084463159
7.2327272727272736e-06,-6.276269789139034e-12,9.088116821129845e-05,0.00010317328869404
7.240909090909092e-06,-2.963871546719874e-12,9.503772241198653e-05,0.00010295070044199472
7.24909090909091e-06,-2.649229559996664e-13,9.823465285362315e-05,0.0001027165208810006
7.257272727272728e-06,1.8872203168050456e-12,0.00010044529853162225,0.00010245151449417744
7.265454545454547e-06,3.5574994939439957e-12,0.00010165389967413773,0.000102167682033302
7.273636363636365e-06,4.808103407142214e-12,0.00010185570691639755,0.00010185597593478686
7.281818181818183e-06,5.697685054047247e-12,0.00010105695871435838,0.000101518061127624
7.290000000000001e-06,6.2808088552009715e-12,9.927472813435024e-05,0.00010115536387033781
7.29818181818182e-06,6.607595313567715e-12,9.65366418286279e-05,0.00010075924125064475
7.306363636363638e-06,6.723531983332048e-12,9.288047563330902e-05,0.00010034147712291258
7.314545454545455e-06,6.669422109010153e-12,8.835363278330606e-05,9.988353946852865e-05
7.3227272727272735e-06,6.4814448986746784e-12,8.301251220554958e-05,9.940706361052377e-05
7.330909090909092e-06,6.191304061020492e-12,7.692177570503263e-05,9.88844145052276e-05
7.33909090909091e-06,5.826443894644653e-12,7.015352407959682e-05,9.834620949703835e-05
7.347272727272728e-06,5.410314812417019e-12,6.278639327500638e-05,9.775682791152759e-05
7.3554545454545466e-06,4.96267266958372e-12,5.490458261066814e-05,9.715467539849219e-05
7.363636363636365e-06,4.499898607615266e-12,4.65968278579391e-05,9.649754770168597e-05
7.371818181818183e-06,4.035328302724721e-12,3.795533252694853e-05,9.583017013399943e-05
7.380000000000001e-06,3.5795815026971646e-12,2.907467110568975e-05,9.510538645901062e-05
7.38818181818182e-06,3.1408845395155407e-12,2.0050678192573057e-05,9.437255547064058e-05
7.396363636363638e-06,2.725380115487573e-12,1.0979337471669212e-05,9.358136878199576e-05
7.404545454545455e-06,2.3374200792642453e-12,1.9556843031869598e-06,9.278397812078205e-05
7.4127272727272735e-06,1.979838141247163e-12,-6.927264653861458e-06,9.192882555257847e-05
7.420909090909092e-06,1.6542005343590868e-12,-1.557954189852097e-05,9.106892756559453e-05
7.42909090909091e-06,1.3610335171527014e-12,-2.3915207430666757e-05,9.015341445853539e-05
7.437272727272728e-06,1.1000273544530487e-12,-3.185326363612185e-05,8.923421996455116e-05
7.4454545454545466e-06,8.702170098045445e-13,-3.931849636080182e-05,8.826306773925922e-05
7.453636363636365e-06,6.701402580259192e-13,-4.624223293278424e-05,8.728890986414253e-05
7.461818181818183e-06,4.97974289311217e-13,-5.256300910680432e-05,8.626786949287794e-05
7.470000000000001e-06,3.5165214242063467e-13,-5.822713820736813e-05,8.524413263370545e-05
7.47818181818182e-06,2.2896048690660433e-13,-6.318917711763349e-05,8.417986588113675e-05
7.486363636363638e-06,1.276203856080677e-13,-6.74122851829383e-05,8.311288133098211e-05
7.494545454545455e-06,4.535272052763247e-14,-7.086847354901231e-05,8.201281225747431e-05
7.5027272727272735e-06,-2.0070031582134138e-14,-7.353874391252248e-05,8.09097224277145e-05
7.510909090909092e-06,-7.078402334714861e-14,-7.541311710381564e-05,7.978186211330766e-05
7.51909090909091e-06,-1.0880467609009017e-13,-7.649055332968904e-05,7.865045580236828e-05
7.527272727272728e-06,-1.3600623854092826e-13,-7.677876726142469e-05,7.750320376363992e-05
7.5354545454545465e-06,-1.5410887393065342e-13,-7.629394244425799e-05,7.635172543398315e-05
7.543636363636365e-06,-1.646719996510493e-13,-7.506035071192157e-05,7.519365178796415e-05
7.551818181818183e-06,-1.690927245004205e-13,-7.310988339662395e-05,7.403058850828923e-05
7.560000000000001e-06,-1.6860835108834422e-13,-7.048150211574401e-05,7.28702018188157e-05
7.5681818181818196e-06,-1.6430203206618952e-13,-6.722061778081986e-05,7.170405259571686e-05
7.576363636363638e-06,-1.571107859860311e-13,-6.337840720520117e-05,7.054955952679879e-05
7.584545454545456e-06,-1.4783518986837153e-13,-5.9011077278889235e-05,6.938859305082704e-05
7.5927272727272735e-06,-1.3715016960103248e-13,-5.4179087127365324e-05,6.824765724370418e-05
7.600909090909092e-06,-1.2561640516888496e-13,-4.894633897051457e-05,6.70996655560354e-05
7.60909090909091e-06,-1.136919548777111e-13,-4.337934854534126e-05,6.597917459844392e-05
7.617272727272728e-06,-1.0174378095232727e-13,-3.754640595361669e-05,6.485123192487795e-05
7.6254545454545465e-06,-9.005892818288556e-14,-3.151673764863658e-05,6.375708278436354e-05
7.633636363636365e-06,-7.885516789220153e-14,-2.5359679991572103e-05,6.265532049241836e-05
7.641818181818183e-06,-6.82909717862264e-14,-1.91438743948652e-05,6.159223488837114e-05
7.650000000000001e-06,-5.847472473068423e-14,-1.293649353461826e-05,6.0521644742736615e-05
7.65818181818182e-06,-4.9473122751175476e-14,-6.802507464175137e-06,5.9493026265751904e-05
7.666363636363638e-06,-4.131873321348574e-14,-8.039977086312945e-07,5.845730462601114e-05
7.674545454545456e-06,-3.401671886222516e-14,5.000473420244127e-06,5.746514878816037e-05
7.682727272727274e-06,-2.755074684013247e-14,1.0556431961126675e-05,5.6466593775309694e-05
7.690909090909093e-06,-2.188811862590758e-14,1.5813994533523053e-05,5.55114601723884e-05
7.69909090909091e-06,-1.698416763848902e-14,2.0728299315338626e-05,5.455093162573705e-05
7.707272727272729e-06,-1.27859786485606e-14,2.5259862465504596e-05,5.363198381134816e-05
7.715454545454547e-06,-9.235487660308468e-15,2.937485775036054e-05,5.27089320541549e-05
7.723636363636366e-06,-6.272023078482789e-15,3.304531819356002e-05,5.1824045916217596e-05
7.731818181818182e-06,-3.8343492095666336e-15,3.624925961375154e-05,5.09366103583538e-05
7.74e-06,-1.862271863960539e-15,3.897072692766421e-05,5.008254632318589e-05
7.748181818181819e-06,-2.9786338263861573e-16,4.119976506723893e-05,4.922771922442161e-05
7.756363636363637e-06,9.136388862696083e-16,4.293231727867639e-05,4.840034807095638e-05
7.764545454545455e-06,1.82321052542592e-15,4.41700544288798e-05,4.7574193115631595e-05
7.772727272727273e-06,2.4776485260313696e-15,4.492013972966587e-05,4.6768760535766556e-05
7.780909090909092e-06,2.9193688793587308e-15,4.519493399148904e-05,4.5966671309062294e-05
7.78909090909091e-06,3.1863563441855688e-15,4.501164712823059e-05,4.517808347848555e-05
7.797272727272728e-06,3.312233862109147e-15,4.439194214872945e-05,4.439506419995087e-05
7.805454545454546e-06,3.3264233337404123e-15,4.336149828774581e-05,4.361817581333509e-05
7.813636363636365e-06,3.2543734739555425e-15,4.1949540247799467e-05,4.284912595828061e-05
7.821818181818183e-06,3.1178341868954167e-15,4.0188340741658714e-05,4.207901336526562e-05
7.830000000000001e-06,2.935160311459998e-15,3.8112703641073796e-05,4.131899912455989e-05
7.83818181818182e-06,2.72163066994677e-15,3.575943505093808e-05,4.0551204184363724e-05
7.846363636363638e-06,2.489771102016006e-15,3.3166809543419165e-05,3.979570277031442e-05
7.854545454545456e-06,2.2496725882204032e-15,3.0374038610431893e-05,3.902643714902726e-05
7.862727272727274e-06,2.0092976738250885e-15,2.7420748132081213e-05,3.827154393032038e-05
7.870909090909093e-06,1.7747702117079487e-15,2.4346471318953193e-05,3.749784791894585e-05
7.87909090909091e-06,1.550644973559165e-15,2.119016317217627e-05,3.674044054364585e-05
7.887272727272729e-06,1.3401549545532077e-15,1.7989742023192192e-05,3.59602945850163e-05
7.895454545454547e-06,1.1454352425571875e-15,1.478166317422349e-05,3.519815223377807e-05
7.903636363636366e-06,9.677231635751434e-16,1.160052907172559e-05,3.4410542903073704e-05
7.911818181818184e-06,8.075350749829812e-16,8.4787398197139e-06,3.364242217837376e-05
7.92e-06,6.648206808063636e-16,5.4461871867756725e-06,3.2847366972158945e-05
7.928181818181819e-06,5.390961111789091e-16,2.5299945870753227e-06,3.2073038345339175e-05
7.936363636363637e-06,4.29557261995917e-16,-2.456951707566669e-07,3.1271575307646716e-05
7.944545454545455e-06,3.3517504970787303e-16,-2.859883262884281e-06,3.0491825685337526e-05
7.952727272727273e-06,2.5477431741735445e-16,-5.294828936184442e-06,2.9685974914597485e-05
7.960909090909092e-06,1.8709814731197834e-16,-7.536114544002593e-06,2.8902582921359096e-05
7.96909090909091e-06,1.3085930451415437e-16,-9.572662413962342e-06,2.8095287457895186e-05
7.977272727272728e-06,8.478047039846095e-17,-1.1396705038110197e-05,2.7310978442990533e-05
7.985454545454546e-06,4.7624829384620384e-17,-1.3003710648030596e-05,2.650603197413705e-05
7.993636363636365e-06,1.8218460656211707e-17,-1.4392266768243785e-05,2.5724419742181862e-05
8.001818181818183e-06,-4.534137753084696e-18,-1.556392482303643e-05,2.4926388309920502e-05
8.010000000000001e-06,-2.1640194752749962e-17,-1.6523009298412284e-05,2.4151910396214165e-05
8.01818181818182e-06,-3.4013414868827424e-17,-1.7276395328283556e-05,2.3366054887075675e-05
8.026363636363638e-06,-4.2472391013781405e-17,-1.7833258881342805e-05,2.260390769454612e-05
8.034545454545456e-06,-4.774186552434137e-17,-1.8204803972251312e-05,2.1836113074253217e-05
8.042727272727274e-06,-5.045613936250744e-17,-1.84039715068581e-05,2.109219210302891e-05
8.050909090909093e-06,-5.1164036529811314e-17,-1.844513449387688e-05,2.034890790308013e-05
8.05909090909091e-06,-5.03349285195209e-17,-1.834378441298472e-05,1.962975638573881e-05
8.067272727272729e-06,-4.836541164177634e-17,-1.811621352227921e-05,1.8917950340184956e-05
8.075454545454547e-06,-4.55863082600977e-17,-1.777919781980138e-05,1.8230715942106188e-05
8.083636363636366e-06,-4.22697315962618e-17,-1.7349685248824002e-05,1.755783764485995e-05
8.091818181818184e-06,-3.8636013215517685e-17,-1.684449355818748e-05,1.691023004877823e-05
8.1e-06,-3.4860343159322223e-17,-1.62800219989112e-05,1.6284172528832646e-05
8.108181818181819e-06,-3.10790156075726e-17,-1.5671980758304623e-05,1.5684403268131207e-05
8.116363636363637e-06,-2.73952086426118e-17,-1.5035141706512765e-05,1.5113436150009212e-05
8.124545454545455e-06,-2.388425589347312e-17,-1.4383113664058994e-05,1.4570105109723005e-05
8.132727272727273e-06,-2.0598391301278635e-17,-1.372814499970349e-05,1.4062733610817588e-05
8.140909090909092e-06,-1.757096668554684e-17,-1.3080955941817593e-05,1.358460637404373e-05
8.14909090909091e-06,-1.4820155892709895e-17,-1.2450602537461344e-05,1.3149291313740943e-05
8.157272727272728e-06,-1.2352169713845634e-17,-1.1844373724731685e-05,1.2744898598188821e-05
8.165454545454546e-06,-1.0164013058967253e-17,-1.126772250046652e-05,1.2389570505057656e-05
8.173636363636365e-06,-8.245820605436397e-18,-1.0724231674092138e-05,1.2066578579612994e-05
8.181818181818183e-06,-6.582809776997853e-18,-1.0215614207312041e-05,1.1797922091816887e-05
8.190000000000001e-06,-5.156890880136478e-18,-9.741747655178481e-06,1.1562300499749074e-05
8.19818181818182e-06,-3.947973894153087e-18,-9.300741751204398e-06,1.1384895984168235e-05
8.206363636363638e-06,-2.93501009712833e-18,-8.889037720634537e-06,1.124005011804238e-05
8.214545454545456e-06,-2.0968046803903832e-18,-8.501537465808835e-06,1.1155611151005031e-05
8.222727272727274e-06,-1.4126339837476612e-18,-8.131760351803896e-06,1.1101783731661405e-05
8.230909090909092e-06,-8.626981574033908e-19,-7.772024936319461e-06,1.1108813552361239e-05
8.23909090909091e-06,-4.284370734922656e-19,-7.413652640882477e-06,1.1143056452029783e-05
8.247272727272729e-06,-9.273428882063667e-20,-7.047190054014173e-06,1.1237139034990241e-05
8.255454545454547e-06,1.599691081148589e-19,-6.662646292387674e-06,1.1353941466404302e-05
8.263636363636366e-06,3.436317802856856e-19,-6.249741624957361e-06,1.1528599190898139e-05
8.271818181818184e-06,4.706242478558563e-19,-5.798163391175532e-06,1.1720950119255373e-05
8.280000000000002e-06,5.5178198479480615e-19,-5.2978251224092395e-06,1.1968739579876026e-05
8.288181818181819e-06,5.964879294847846e-19,-4.739124709018197e-06,1.222923166075283e-05
8.296363636363637e-06,6.127748575471872e-19,-4.113197444923079e-06,1.254270137203866e-05
8.304545454545455e-06,6.074398603864775e-19,-3.4121598252895925e-06,1.2864351422757386e-05
8.312727272727273e-06,5.861647445591025e-19,-2.629340069503053e-06,1.3236638644446138e-05
8.320909090909092e-06,5.536375258665694e-19,-1.7594914908575595e-06,1.3613300427831069e-05
8.32909090909091e-06,5.136713521508055e-19,-7.989850374756005e-07,1.4038344377936023e-05
8.337272727272728e-06,4.693181663286195e-19,2.5402241391306267e-07,1.4464764581261353e-05
8.345454545454546e-06,4.2297523357051437e-19,1.399447121191668e-06,1.4937238306720431e-05
8.353636363636365e-06,3.7648332142531426e-19,2.635167652201702e-06,1.5408884889312858e-05
8.361818181818183e-06,3.31215856635206e-19,3.9569465320312996e-06,1.59239790203939e-05
8.370000000000001e-06,2.881588042566929e-19,5.358386290339219e-06,1.6436770288500045e-05
8.37818181818182e-06,2.4798133943166583e-19,6.830921371368249e-06,1.6989937270858293e-05
8.386363636363638e-06,2.1109762449946988e-19,8.363846873366631e-06,1.7539964214854884e-05
8.394545454545456e-06,1.7772017757169167e-19,9.944384563407667e-06,1.812669104593539e-05
8.402727272727274e-06,1.479054353109774e-19,1.1557786076326637e-05,1.8709985776829963e-05
8.410909090909092e-06,1.2159218320232222e-19,1.3187472661520796e-05,1.9325627850962872e-05
8.41909090909091e-06,9.86335604795623e-20,1.4815210295957265e-05,1.993800044187794e-05
8.427272727272729e-06,7.882335219746844e-20,1.6421318441258914e-05,2.057768514910236e-05
8.435454545454547e-06,6.191726465219617e-20,1.798491019232727e-05,2.1214631999929804e-05
8.443636363636365e-06,4.764984828566472e-20,1.9484161051584105e-05,2.1873227306966735e-05
8.451818181818184e-06,3.57476892038423e-20,2.089660307571765e-05,2.2529903941565155e-05
8.460000000000002e-06,2.5939440450227145e-20,2.2199440690360586e-05,2.3202041042186745e-05
8.46818181818182e-06,1.796321037738008e-20,2.3369884060090737e-05,2.3873287900076646e-05
8.476363636363637e-06,1.157177034602387e-20,2.4385495541648583e-05,2.455342533652328e-05
8.484545454545455e-06,6.535989464760859e-21,2.522454444130221e-05,2.523383434460042e-05
8.492727272727273e-06,2.646851582466379e-21,2.5866365047824193e-05,2.5916351772951003e-05
8.500909090909092e-06,-2.8363973342122436e-22,2.6291712727145036e-05,2.660036255041119e-05
8.50909090909091e-06,-2.422408287932256e-21,2.6483112750064043e-05,2.7279674061459733e-05
8.517272727272728e-06,-3.915886177865091e-21,2.6425196484860817e-05,2.7961690249381993e-05
8.525454545454546e-06,-4.891047739713002e-21,2.6105019623517656e-05,2.863236895725903e-05
8.533636363636365e-06,-5.456748896256161e-21,2.551235722285795e-05,2.930688684361421e-05
8.541818181818183e-06,-5.70525328662108e-21,2.4639970529774096e-05,2.996379412344945e-05
8.550000000000001e-06,-5.713851632688737e-21,2.3483840823580014e-05,3.062553727531392e-05
8.55818181818182e-06,-5.5465021867493254e-21,2.204336584905287e-05,3.1263951361404784e-05
8.566363636363638e-06,-5.255438130807694e-21,2.032151482931783e-05,3.1908006095348855e-05
8.574545454545456e-06,-4.8827027865411434e-21,1.8324938533364523e-05,3.252374557398961e-05
8.582727272727274e-06,-4.461585781658293e-21,1.6064031421329528e-05,3.314569276281103e-05
8.590909090909092e-06,-4.0179432325583374e-21,1.3552943494340784e-05,3.3735230968714825e-05
8.59909090909091e-06,-3.571392860063202e-21,1.0809540128546667e-05,3.433127011891714e-05
8.607272727272729e-06,-3.1363810502082494e-21,7.855308869172931e-06,3.489183674439654e-05
8.615454545454547e-06,-2.7231234778233422e-21,4.7152128925371205e-06,3.545889846681579e-05
8.623636363636365e-06,-2.3384242736424365e-21,1.4174916013479898e-06,3.598856469968316e-05
8.631818181818184e-06,-1.9863810563225803e-21,-2.006590411333174e-06,3.652440757689957e-05
8.640000000000002e-06,-1.668984663312462e-21,-5.523044023804823e-06,3.702215091413558e-05
8.64818181818182e-06,-1.3866232679918364e-21,-9.095503107428624e-06,3.752543857003132e-05
8.656363636363638e-06,-1.1385009101217659e-21,-1.2685615401983617e-05,3.7991183345571895e-05
8.664545454545455e-06,-9.229804155469717e-22,-1.6253472526725696e-05,3.8461537373173815e-05
8.672727272727273e-06,-7.378603423575495e-22,-1.975807423841537e-05,3.889616697924594e-05
8.680909090909092e-06,-5.805950494123992e-22,-2.315782143076343e-05,3.9334191194319586e-05
8.68909090909091e-06,-4.484663083916378e-22,-2.6411031819157476e-05,3.9739527960812425e-05
8.697272727272728e-06,-3.387141276166406e-22,-2.9476471779573328e-05,4.0146799401253565e-05
8.705454545454546e-06,-2.4863366800629977e-22,-3.231389741794267e-05,4.052554845109486e-05
8.713636363636365e-06,-1.7564434179094545e-22,-3.488459764185364e-05,4.0904570933646666e-05
8.721818181818183e-06,-1.1733641749078673e-22,-3.715193179714117e-05,4.126022518507985e-05
8.730000000000001e-06,-7.149972761200601e-23,-3.908185432516448e-05,4.1614342072048555e-05
8.73818181818182e-06,-3.613840017943612e-23,-4.06434188983907e-05,4.195104690217591e-05
8.746363636363638e-06,-9.474918641387374e-24,-4.1809254604823876e-05,4.2284311125154886e-05
8.754545454545456e-06,1.0053739755300994e-23,-4.255600697473895e-05,4.2606689233235526e-05
8.762727272727274e-06,2.380562871015563e-23,-4.28647369732401e-05,4.2923690859004656e-05
8.770909090909092e-06,3.29471927422112e-23,-4.272127151671392e-05,4.323663074350227e-05
8.77909090909091e-06,3.8469006318778283e-23,-4.2116499608055896e-05,4.354228544824375e-05
8.787272727272729e-06,4.120275416920033e-23,-4.104660882101277e-05,4.385070035897971e-05
8.795454545454547e-06,4.183858280286553e-23,-3.95132575911361e-05,4.415000580758553e-05
8.803636363636365e-06,4.094217655158473e-23,-3.752367957906677e-05,4.445857374092341e-05
8.811818181818184e-06,3.8971094973746214e-23,-3.5090717248697255e-05,4.475634482170461e-05
8.820000000000002e-06,3.62900571027944e-23,-3.223278273609378e-05,4.506924374464606e-05
8.82818181818182e-06,3.3184976486125933e-23,-2.897374506384012e-05,4.5369841421464424e-05
8.836363636363638e-06,2.9875643624374813e-23,-2.5342743768262e-05,4.5690496735219456e-05
8.844545454545455e-06,2.65270233048283e-23,-2.137393004008243e-05,4.599756807955008e-05
8.852727272727273e-06,2.3259187053672828e-23,-1.7106137515995805e-05,4.6328430522882976e-05
8.860909090909092e-06,2.0155938736614373e-23,-1.2582485881932693e-05,4.664467857422646e-05
8.86909090909091e-06,1.727221704732539e-23,-7.849921442243649e-06,4.698704991837242e-05
8.877272727272728e-06,1.4640374690805026e-23,-2.9586997588206863e-06,4.731405102418882e-05
8.885454545454546e-06,1.2275442592037196e-23,2.038183642296731e-06,4.76679718788066e-05
8.893636363636365e-06,1.0179490211258802e-23,7.085607675282462e-06,4.80060548974307e-05
8.901818181818183e-06,8.34519150322888e-24,1.2126977648422737e-05,4.8370263856229345e-05
8.910000000000001e-06,6.758701434168687e-24,1.7104906564853143e-05,4.871846030350547e-05
8.91818181818182e-06,5.4019412513619425e-24,2.196191703678122e-05,4.9090427253819895e-05
8.926363636363638e-06,4.2543826717699885e-24,2.6641154668140435e-05,4.9446495087819944e-05
8.934545454545456e-06,3.2944124316790853e-24,3.108710347344684e-05,4.982252496745365e-05
8.942727272727274e-06,2.5003496891126844e-24,3.5246293742815005e-05,5.018304230735136e-05
8.950909090909092e-06,1.8511799439755954e-24,3.906799273973575e-05,5.055843985840467e-05
8.95909090909091e-06,1.3270606880104671e-24,4.250486873362496e-05,5.091895937607695e-05
8.967272727272729e-06,9.096460878480526e-25,4.551361912461015e-05,5.1288241238584075e-05
8.975454545454547e-06,5.822707459283152e-25,4.805555381053558e-05,5.164349201738944e-05
8.983636363636365e-06,3.3002603211129974e-25,5.0097125469317964e-05,5.200063035173087e-05
8.991818181818184e-06,1.3975665140156255e-25,5.1610399075911107e-05,5.2344752105243975e-05
9.000000000000002e-06,-3.3721227749694434e-38,5.257345373476478e-05,5.2683433801246515e-05
9.00818181818182e-06,-9.911356781115867e-26,5.297071077789299e-05,5.301022825188795e-05
9.016363636363638e-06,-1.6598523012750056e-25,5.279318304519048e-05,5.3324115102957384e-05
9.024545454545457e-06,-2.076858180964474e-25,5.203864131343842e-05,5.362730055756081e-05
9.032727272727273e-06,-2.300991159171578e-25,5.0711694956581746e-05,5.391027806952785e-05
9.040909090909092e-06,-2.3806409600173215e-25,4.882378508479865e-05,5.418373540051517e-05
9.04909090909091e-06,-2.3551164035543997e-25,4.639308960728167e-05,5.4430140702942176e-05
9.057272727272728e-06,-2.255927384231439e-25,4.344434087818701e-05,5.46681415154279e-05
9.065454545454546e-06,-2.1079628659833836e-25,4.0008557800773263e-05,5.4872963552944816e-05
9.073636363636365e-06,-1.930554927423692e-25,3.612269546303999e-05,5.507037372609561e-05
9.081818181818183e-06,-1.7384255314287345e-25,3.182921653928873e-05,5.522942118638033e-05
9.090000000000001e-06,-1.5425175726636842e-25,2.717558979676996e-05,5.538187505617789e-05
9.09818181818182e-06,-1.3507152061088443e-25,2.2213722078526175e-05,5.549190936477081e-05
9.106363636363638e-06,-1.1684607660668257e-25,1.6999331079144936e-05,5.5595951551082956e-05
9.114545454545456e-06,-9.992769929889134e-26,1.1591267077001172e-05,5.565478366025911e-05
9.122727272727274e-06,-8.452040007879164e-26,6.0507925217893805e-06,5.570797676916097e-05
9.130909090909092e-06,-7.071606114935133e-26,4.4082898651728555e-07,5.5714527327099374e-05
9.13909090909091e-06,-5.8523949786445e-26,-5.174818532769705e-06,5.571552451108296e-05
9.147272727272729e-06,-4.789451218096241e-26,-1.073224965594037e-05,5.566984752032293e-05
9.155454545454547e-06,-3.8738282797194696e-26,-1.6168258499555337e-05,5.561842942793303e-05
9.163636363636365e-06,-3.094067187068349e-26,-2.142111486723993e-05,5.552169990613578e-05
9.171818181818184e-06,-2.437331534993805e-26,-2.6431326330267104e-05,5.54187759172678e-05
9.180000000000002e-06,-1.8902592344018704e-26,-3.114237104024355e-05,5.527324229378201e-05
9.18818181818182e-06,-1.4395837930002206e-26,-3.550139152387829e-05,5.512081611211982e-05
9.196363636363638e-06,-1.07257060515002e-26,-3.9459840259180136e-05,5.492971825722453e-05
9.204545454545457e-06,-7.773069531221864e-27,-4.297406851323448e-05,5.473081814961672e-05
9.212727272727275e-06,-5.428782694516681e-27,-4.6005850721520475e-05,5.4498272299997484e-05
9.220909090909091e-06,-3.594577094799777e-27,-4.852283759486549e-05,5.4256846703485086e-05
9.22909090909091e-06,-2.1833123646981614e-27,-5.049893214052895e-05,5.3987699118185655e-05
9.237272727272728e-06,-1.1187620781605185e-27,-5.1914583865855855e-05,5.370847890150389e-05
9.245454545454546e-06,-3.350783312488482e-28,-5.275699758112217e-05,5.3408130826113974e-05
9.253636363636365e-06,2.23951934232035e-28,-5.302025441410195e-05,5.309646032385911e-05
9.261818181818183e-06,6.057715522287485e-28,-5.270534387242609e-05,5.2770667973075274e-05
9.270000000000001e-06,8.499726717071974e-28,-5.182010702180065e-05,5.243230821902336e-05
9.27818181818182e-06,9.892225843843429e-28,-5.0379092071625335e-05,5.208696305952249e-05
9.286363636363638e-06,1.050161242775231e-27,-4.840332485880345e-05,5.1727872350048624e-05
9.294545454545456e-06,1.0542470215064502e-27,-4.5919997879214927e-05,5.1368768761615964e-05
9.302727272727274e-06,1.0185359923928598e-27,-4.296208261657654e-05,5.099486762811684e-05
9.310909090909092e-06,9.563866700120504e-28,-3.956787094216966e-05,5.062746697078711e-05
9.31909090909091e-06,8.780871962179533e-28,-3.57804522903385e-05,5.024439684894654e-05
9.327272727272729e-06,7.914055811728592e-28,-3.164713414161872e-05,4.98735989498165e-05
9.335454545454547e-06,7.020661742469291e-28,-2.7218814058727223e-05,4.9486486026723174e-05
9.343636363636365e-06,6.141572299144185e-28,-2.25493121123122e-05,4.911642064504025e-05
9.351818181818184e-06,5.304754546101906e-28,-1.7694672994979275e-05,4.872965799060742e-05
9.360000000000002e-06,4.52813930854071e-28,-1.2712447445936344e-05,4.8363509441397336e-05
9.36818181818182e-06,3.8219994648513305e-28,-7.660962789705118e-06,4.7980571224591335e-05
9.376363636363638e-06,3.190891161950823e-28,-2.5985924301163e-06,4.762044878583033e-05
9.384545454545457e-06,2.6352185479621613e-28,2.4169659616582856e-06,4.724374982930704e-05
9.392727272727275e-06,2.152478136214829e-28,7.329394064277953e-06,4.6890614549354615e-05
9.400909090909093e-06,1.7382337463261358e-28,1.2084429196718572e-05,4.6521426291435925e-05
9.40909090909091e-06,1.3868675004177195e-28,1.663050464495609e-05,4.617508116856584e-05
9.417272727272728e-06,1.0921468701641085e-28,2.0919346001248764e-05,4.58135112692432e-05
9.425454545454546e-06,8.476424748963826e-29,2.490651621380252e-05,4.547265690760831e-05
9.433636363636364e-06,6.470263577957964e-29,2.855190285977953e-05,4.51176947605478e-05
9.441818181818183e-06,4.842759001955114e-29,3.1820142048480905e-05,4.4780047209640184e-05
9.450000000000001e-06,3.5380441761274443e-29,3.468097431995031e-05,4.442967214591667e-05
9.45818181818182e-06,2.505358304279635e-29,3.710952891407101e-05,4.4092134375157e-05
9.466363636363638e-06,1.6993761087417963e-29,3.9086533832674115e-05,4.374347804861146e-05
9.474545454545456e-06,1.0802345519405488e-29,4.0598450186228824e-05,4.340235218181207e-05
9.482727272727274e-06,6.13347847904606e-30,4.163753038939156e-05,4.3051902432993904e-05
9.490909090909092e-06,2.690820657949419e-30,4.2201800828256185e-05,4.270312723764436e-05
9.49909090909091e-06,2.2344214996691237e-31,4.2294970651076874e-05,4.234695827238406e-05
9.507272727272729e-06,-1.4787278289162395e-30,4.19262693206878e-05,4.198635566481825e-05
9.515454545454547e-06,-2.589587699179146e-30,4.1110216499074545e-05,4.162036871270874e-05
9.523636363636365e-06,-3.251469686891874e-30,3.9866328700147444e-05,4.1243883985369745e-05
9.531818181818184e-06,-3.579517443494387e-30,3.8218767932552386e-05,4.086404357673594e-05
9.540000000000002e-06,-3.665740805588023e-30,3.619593824823891e-05,4.046796639439678e-05
9.54818181818182e-06,-3.582694255531512e-30,3.3830036705635106e-05,4.0070519741616154e-05
9.556363636363638e-06,-3.3867560838231666e-30,3.115656574356349e-05,3.965167618982822e-05
9.564545454545457e-06,-3.1210072892312977e-30,2.8213814340622617e-05,3.9233346235708725e-05
9.572727272727275e-06,-2.817724609104446e-30,2.5042315602015023e-05,3.878925560180732e-05
9.580909090909093e-06,-2.500512203867373e-30,2.1684288568729063e-05,3.834740146891073e-05
9.58909090909091e-06,-2.186102635030833e-30,1.818307208069989e-05,3.7876394559192984e-05
9.597272727272728e-06,-1.8858608677969163e-30,1.4582558447393706e-05,3.740913611381134e-05
9.605454545454546e-06,-1.6070259023696394e-30,1.0926634491333819e-05,3.691043461512286e-05
9.613636363636364e-06,-1.3537239361147863e-30,7.258637239958934e-06,3.641674041369968e-05
9.621818181818183e-06,-1.1277851890366938e-30,3.6208311565364498e-06,3.589049883190985e-05
9.630000000000001e-06,-9.293940807776362e-31,5.3913328419710423e-08,3.5370238560605876e-05
9.63818181818182e-06,-7.575996273362034e-31,-3.403447522303617e-06,3.4817551515723534e-05
9.646363636363637e-06,-6.107099518542582e-31,-6.715032965645951e-06,3.4271515221114285e-05
9.654545454545456e-06,-4.865918361484274e-31,-9.84745317238177e-06,3.369439359404339e-05
9.662727272727274e-06,-3.828933890459402e-31,-1.2770477779061714e-05,3.312428072651245e-05
9.670909090909092e-06,-2.9720524656452393e-31,-1.5457316246588874e-05,3.252560042749469e-05
9.67909090909091e-06,-2.271732906732732e-31,-1.7884845433537658e-05,3.193398195544397e-05
9.687272727272729e-06,-1.7057369884156916e-31,-2.003378290065163e-05,3.131740888841028e-05
9.695454545454547e-06,-1.2535922074655322e-31,-2.188880525877622e-05,3.070766551146894e-05
9.703636363636365e-06,-8.968391490578456e-32,-2.343861165633759e-05,3.0077559827047343e-05
9.711818181818184e-06,-6.191215251196194e-32,-2.467593326102513e-05,2.9453798891201016e-05
9.720000000000002e-06,-4.061648948518106e-32,-2.5597490311680057e-05,2.881510105613035e-05
9.72818181818182e-06,-2.456799925128909e-32,-2.6203898991618564e-05,2.81820541869702e-05
9.736363636363638e-06,-1.2721825561358628e-32,-2.6499530997232656e-05,2.754015468292036e-05
9.744545454545457e-06,-4.200034532709649e-33,-2.649232923967858e-05,2.690305734702564e-05
9.752727272727275e-06,1.7267032519280393e-33,-2.6193583615804326e-05,2.6263651015988546e-05
9.760909090909093e-06,5.657506073226578e-33,-2.561767120986508e-05,2.5628104392706352e-05
9.769090909090911e-06,8.078997591202897e-33,-2.47817656344497e-05,2.4997029844681534e-05
9.777272727272728e-06,9.381858565919303e-33,-2.370552048515572e-05,2.4368844786098227e-05
9.785454545454546e-06,9.87592612305749e-33,-2.2410732069622964e-05,2.375190902263176e-05
9.793636363636364e-06,9.803701473136114e-33,-2.0920986679227908e-05,2.3136931555831247e-05
9.801818181818183e-06,9.352234209776941e-33,-1.9261297701942444e-05,2.2539720171647807e-05
9.810000000000001e-06,8.663425946663115e-33,-1.74577378278742e-05,2.1943638308225245e-05
9.81818181818182e-06,7.842845408273737e-33,-1.5537071476402573e-05,2.137131279428357e-05
9.826363636363637e-06,6.967177175113973e-33,-1.352639238011762e-05,2.0799445914500432e-05
9.834545454545456e-06,6.090441982943054e-33,-1.145277100321145e-05,2.0256532127844772e-05
9.842727272727274e-06,5.249131704677763e-33,-9.342916158580274e-06,1.9713607261384684e-05
9.850909090909092e-06,4.466400002696397e-33,-7.222854825484212e-06,1.9203783101413646e-05
9.85909090909091e-06,3.755442544037746e-33,-5.117633763611564e-06,1.869370712000367e-05
9.867272727272729e-06,3.1221904725929425e-33,-3.0510460755056177e-06,1.821960270689783e-05
9.875454545454547e-06,2.5674289213869138e-33,-1.0453853952832155e-06,1.7745245591161808e-05
9.883636363636365e-06,2.0884397440380604e-33,8.787701127336876e-07,1.7308274985939256e-05
9.891818181818184e-06,1.680255072378098e-33,2.702742266303464e-06,1.6871285733138384e-05
9.900000000000002e-06,1.3365962612503286e-33,4.409904715583582e-06,1.6471533541205484e-05
9.90818181818182e-06,1.0505615782701733e-33,5.98580146071052e-06,1.607221454589992e-05
9.916363636363638e-06,8.151158182553338e-34,7.418231858589362e-06,1.5708401055147452e-05
9.924545454545457e-06,6.234259524518315e-34,8.697302417816888e-06,1.534566623115744e-05
9.932727272727275e-06,4.6907897388996015e-34,9.815446133985003e-06,1.5015209017691279e-05
9.940909090909093e-06,3.4621123542968845e-34,1.0767410539413563e-05,1.4686643596671741e-05
9.949090909090911e-06,2.4957272752112073e-34,1.1550216025959627e-05,1.4385821314052674e-05
9.95727272727273e-06,1.7454482053335023e-34,1.2163086344154654e-05,1.4087847180139321e-05
9.965454545454546e-06,1.171259043427977e-34,1.2607353485276233e-05,1.3812054624427388e-05
9.973636363636364e-06,7.389599582515691e-35,1.288633941324709e-05,1.3540187306295166e-05
9.981818181818183e-06,4.1968655384534713e-35,1.3005217327281102e-05,1.3284254577090447e-05
9.990000000000001e-06,1.893636462156293e-35,1.2970855300665193e-05,1.3033422049299967e-05
9.99818181818182e-06,2.8137841334762828e-36,1.2791645254688878e-05,1.279196005475335e-05
1.0006363636363637e-05,-8.01804276953685e-36,1.2477320291168593e-05,1.255684440779824e-05
1.0014545454545456e-05,-1.4864515074433444e-35,1.203876342570214e-05,1.2324577206790312e-05
1.0022727272727274e-05,-1.8766088422765635e-35,1.1487810739763117e-05,1.2099940298810185e-05
1.0030909090909092e-05,-2.0542020945923102e-35,1.0837051904466095e-05,1.1871991531131233e-05
1.003909090909091e-05,-2.0829012012902765e-35,1.0099630923092987e-05,1.1652953844788398e-05
1.0047272727272729e-05,-2.011478771925872e-35,9.28904979544013e-06,1.1425066697731503e-05
1.0055454545454547e-05,-1.8766881548411763e-35,8.418977629432328e-06,1.1207321177880401e-05
1.0063636363636365e-05,-1.7056979181994267e-35,7.503067520602143e-06,1.0976004653653634e-05
1.0071818181818183e-05,-1.5181262033412347e-35,6.5547832937764494e-06,1.0755959997067986e-05
1.0080000000000002e-05,-1.3277209915666098e-35,5.587237957523578e-06,1.0518565108482905e-05
1.008818181818182e-05,-1.1437321236929035e-35,4.613045463106093e-06,1.0293422812322647e-05
1.0096363636363638e-05,-9.720188438409408e-36,3.644187088959587e-06,1.0048159227741568e-05
1.0104545454545457e-05,-8.159334026510308e-36,2.6918934941413837e-06,9.81593471485658e-06
1.0112727272727275e-05,-6.770173696116243e-36,1.7665432062031238e-06,9.561841442346234e-06
1.0120909090909093e-05,-5.5554314622493506e-36,8.775780363155042e-07,9.321342058269804e-06
1.0129090909090911e-05,-4.5092900641554104e-36,3.343565074785419e-08,9.058225872463386e-06
1.013727272727273e-05,-3.620519965581805e-36,-7.58500725393731e-07,8.808998385435308e-06
1.0145454545454548e-05,-2.8747931765356097e-36,-1.4919357373506077e-06,8.537352059048635e-06
1.0153636363636364e-05,-2.2563545037942183e-36,-2.161678953855603e-06,8.279610756034677e-06
1.0161818181818183e-05,-1.7491929815895833e-36,-2.7636462415376123e-06,8.000520959022521e-06
1.0170000000000001e-05,-1.337830169818261e-36,-3.2948463408092122e-06,7.735065499334698e-06
1.0178181818181819e-05,-1.0078195937177286e-36,-3.7533536815839555e-06,7.450118091335088e-06
1.0186363636363637e-05,-7.460325862860311e-37,-4.138268611214483e-06,7.178248383811539e-06
1.0194545454545456e-05,-5.4078987038572124e-37,-4.44966631810316e-06,6.889437009944044e-06
1.0202727272727274e-05,-3.818850403727289e-37,-4.688535822241287e-06,6.6128708773488284e-06
1.0210909090909092e-05,-2.605353273944059e-37,-4.856710466812744e-06,6.32251361259217e-06
1.021909090909091e-05,-1.6928632392498448e-37,-4.956791381589617e-06,6.043312236126445e-06
1.0227272727272729e-05,-1.0189038940430697e-37,-4.992065399862234e-06,5.753980655550433e-06
1.0235454545454547e-05,-5.31729758610582e-38,-4.966418898979335e-06,5.474486808336136e-06
1.0243636363636365e-05,-1.8896846984345034e-38,-4.884249003614766e-06,5.188952255732052e-06
1.0251818181818183e-05,4.369105295950509e-39,-4.750373542607172e-06,4.911747296926427e-06
1.0260000000000002e-05,1.9372206931584282e-38,-4.5699410848934466e-06,4.632950613929632e-06
1.026818181818182e-05,2.8287092098443177e-38,-4.348342297735138e-06,4.360838766545626e-06
1.0276363636363638e-05,3.2814433595188003e-38,-4.091123772860967e-06,4.091892928946978e-06
1.0284545454545456e-05,3.4267129081879206e-38,-3.8039053571194126e-06,3.827926285336245e-06
1.0292727272727275e-05,3.364437666845511e-38,-3.4923019080893075e-06,3.572166746076501e-06
1.0300909090909093e-05,3.169446336600006e-38,-3.1618502746975723e-06,3.3197326336299145e-06
1.0309090909090911e-05,2.8967311690225964e-38,-2.8179421790324748e-06,3.0808377827352338e-06
1.031727272727273e-05,2.585793016633619e-38,-2.465763548286272e-06,2.84384168853639e-06
1.0325454545454548e-05,2.264192911045746e-38,-2.110240716437107e-06,2.626052124318366e-06
1.0333636363636364e-05,1.9504221805077107e-38,-1.7559937871524655e-06,2.409236950668078e-06
1.0341818181818183e-05,1.6561954094649904e-38,-1.4072973263807567e-06,2.2176865325408003e-06
1.0350000000000001e-05,1.3882608043926836e-38,-1.0680484377023238e-06,2.027092545582043e-06
1.0358181818181819e-05,1.1498118822984561e-38,-7.417421659649027e-07,1.8681491403665765e-06
1.0366363636363637e-05,9.415736230360655e-39,-4.3145407410904244e-07,1.7114983158508352e-06
1.0374545454545456e-05,7.626258473696755e-39,-1.39829744364723e-07,1.5926031788691211e-06
1.0382727272727274e-05,6.110169284301677e-39,1.3091912997273372e-07,1.4787100855886396e-06
1.0390909090909092e-05,4.842122000377597e-39,3.7901246945816305e-07,1.4064232873226847e-06
1.039909090909091e-05,3.794136732277774e-39,6.030938177659726e-07,1.341916712098402e-06
1.0407272727272729e-05,2.9378092202409406e-39,8.022171509643489e-07,1.317249478390297e-06
1.0415454545454547e-05,2.245772127347929e-39,9.758290401273886e-07,1.3009477581610944e-06
1.0423636363636365e-05,1.692600593422641e-39,1.1237467494764315e-06,1.3155757159243267e-06
1.0431818181818183e-05,1.2553130559927577e-39,1.246132871874872e-06,1.3366798030156063e-06
1.0440000000000002e-05,9.135846957182686e-40,1.3434671123090066e-06,1.37595502097801e-06
1.044818181818182e-05,6.497634524496981e-40,1.416515827130946e-06,1.4195277987659763e-06
1.0456363636363638e-05,4.48756488210893e-40,1.4662999135800757e-06,1.4692486431564686e-06
1.0464545454545456e-05,2.9783741373747287e-40,1.494061623235539e-06,1.522339057608387e-06
1.0472727272727275e-05,1.8641079480191536e-40,1.501230846981916e-06,1.5722955083865272e-06
1.0480909090909093e-05,1.0575974922444132e-40,1.4893913883206517e-06,1.625951555432697e-06
1.0489090909090911e-05,4.879425816176827e-41,1.4602477054619004e-06,1.6698763522318213e-06
1.049727272727273e-05,9.811652419916678e-42,1.4155925599495475e-06,1.718573695907479e-06
1.0505454545454548e-05,-1.5723820095431652e-41,1.3572759618120982e-06,1.7529913964706114e-06
1.0513636363636366e-05,-3.137873261174836e-41,1.2871757511780456e-06,1.7935677621935886e-06
1.0521818181818183e-05,-3.9924226372051074e-41,1.207170106528682e-06,1.8167859559735287e-06
1.053e-05,-4.348603995678168e-41,1.1191122210708644e-06,1.8476101959965204e-06
1.0538181818181819e-05,-4.3672106146068456e-41,1.0248073401891821e-06,1.8590561928258087e-06
1.0546363636363637e-05,-4.167960057976398e-41,9.259923036492852e-07,1.8794897820171102e-06
1.0554545454545456e-05,-3.8383628864374784e-41,8.243176868304085e-07,1.8793061571147905e-06
1.0562727272727274e-05,-3.4409833547059424e-41,7.213325880194782e-07,1.8893694806286154e-06
1.0570909090909092e-05,-3.019315737926435e-41,6.184720659523659e-07,1.878168002744127e-06
1.057909090909091e-05,-2.60248653160151e-41,5.170471939307453e-07,1.8783319781633025e-06
1.0587272727272729e-05,-2.2089742022444633e-41,4.1823766278247163e-07,1.857039544319474e-06
1.0595454545454547e-05,-1.8495171012091315e-41,3.2308683320605e-07,1.8480916007580786e-06
1.0603636363636365e-05,-1.5293584510199215e-41,2.324991085943439e-07,1.8178497806150526e-06
1.0611818181818183e-05,-1.249956213119605e-41,1.4723947386119595e-07,1.8008044751249903e-06
1.0620000000000002e-05,-1.0102659284770025e-41,6.793502590085589e-08,1.7629013462837456e-06
1.062818181818182e-05,-8.07686731120698e-42,-4.9216925911281775e-09,1.7389387532508794e-06
1.0636363636363638e-05,-6.387448720718078e-42,-7.096775361299426e-08,1.694761191172673e-06
1.0644545454545456e-05,-4.9957529385973105e-42,-1.2996350319935422e-07,1.6651833519109424e-06
1.0652727272727275e-05,-3.8624999036395095e-42,-1.8178502909558545e-07,1.616182993200575e-06
1.0660909090909093e-05,-2.949919315451519e-42,-2.2641564822015085e-07,1.5823825746414002e-06
1.0669090909090911e-05,-2.2230504843382458e-42,-2.6393662282711703e-07,1.5300513341452852e-06
1.067727272727273e-05,-1.6504396518159374e-42,-2.9451730697936103e-07,1.4934885351876112e-06
1.0685454545454548e-05,-1.2044163545992137e-42,-3.1840491445955606e-07,1.439340589702545e-06
1.0693636363636366e-05,-8.610860189419778e-43,-3.3591408776785257e-07,1.4015246357064934e-06
1.0701818181818184e-05,-6.00140758312214e-43,-3.474164363981133e-07,1.3470814825519042e-06
1.071e-05,-4.045627440657005e-43,-3.533302003504422e-07,1.3095520722364176e-06
1.0718181818181819e-05,-2.602731526486204e-43,-3.541101803215018e-07,1.2563258734659438e-06
1.0726363636363637e-05,-1.5576337765756377e-43,-3.5023805878556317e-07,1.220627834839689e-06
1.0734545454545456e-05,-8.17329223163734e-44,-3.4221321761596e-07,1.1700957302950391e-06
1.0742727272727274e-05,-3.074931227287061e-44,-3.3054414015922417e-07,1.1377371250416819e-06
1.0750909090909092e-05,3.0612092672663655e-45,-3.157404699115299e-07,1.0912961722677189e-06
1.075909090909091e-05,2.428809361713838e-44,-2.983057834601975e-07,1.0636780791085433e-06
1.0767272727272729e-05,3.6475082080570726e-44,-2.787311205194728e-07,1.0225697912578666e-06
1.0775454545454547e-05,4.232415084132406e-44,-2.5748929795128465e-07,1.0008794442352778e-06
1.0783636363636365e-05,4.386725453098216e-44,-2.350300186465569e-07,9.66079620941394e-07
1.0791818181818183e-05,4.2609020305714595e-44,-2.1177577203301713e-07,9.511531044192543e-07
1.0800000000000002e-05,3.9643839727811295e-44,-1.881185119247467e-07,9.232415592823364e-07
1.080818181818182e-05,3.5750825531897983e-44,-1.64417088753304e-07,9.154287896129339e-07
1.0816363636363638e-05,3.1469942361010523e-44,-1.4099540514054613e-07,8.944808084252138e-07
1.0824545454545456e-05,2.7162356354578797e-44,-1.1814125518963437e-07,8.935696240367345e-07
1.0832727272727275e-05,2.3057729202978785e-44,-9.610579945835573e-08,8.79125323921549e-07
1.0840909090909093e-05,1.9290843469203062e-44,-7.51036211428073e-08,8.843749743532144e-07
1.0849090909090911e-05,1.5929611355712194e-44,-5.5313305711925536e-08,8.755194264584725e-07
1.085727272727273e-05,1.299620367568118e-44,-3.6878485459226675e-08,8.858060129504484e-07
1.0865454545454548e-05,1.0482748245429247e-44,-1.9909290289773137e-08,8.813390078262349e-07
1.0873636363636366e-05,8.362791428884324e-45,-4.484145153396236e-09,8.953595297881324e-07
1.0881818181818184e-05,6.599494227978941e-45,9.348146746697715e-09,8.939920945506249e-07
1.0890000000000002e-05,5.151344184646599e-45,2.1566095796100045e-08,9.104554411056713e-07
1.0898181818181819e-05,3.9760042440659956e-45,3.2173051033393016e-08,9.109720680365074e-07
1.0906363636363637e-05,3.03278673240856e-45,4.119461182317129e-08,9.287309531432815e-07
1.0914545454545456e-05,2.2841315306470507e-45,4.867597450620357e-08,9.300894391869671e-07
1.0922727272727274e-05,1.696379148668039e-45,5.467925873370259e-08,9.482056295306389e-07
1.0930909090909092e-05,1.2400586285304e-45,5.928085573893972e-08,9.495783003515318e-07
1.093909090909091e-05,8.898541813055993e-46,6.256883789722185e-08,9.673370425120455e-07
1.0947272727272729e-05,6.2437063391797346e-46,6.464046409911493e-08,9.681115697121921e-07
1.0955454545454547e-05,4.2578389256707055e-46,6.559980893531018e-08,9.850062086708583e-07
1.0963636363636365e-05,2.794367931228289e-46,6.555553726865285e-08,9.847645175456487e-07
1.0971818181818183e-05,1.7342127803410862e-46,6.46188411819867e-08,1.0004677784819933e-06
1.0980000000000002e-05,9.81734558630625e-47,6.290155359886329e-08,9.989561614982714e-07
1.098818181818182e-05,4.609764596788352e-47,6.051445045738446e-08,1.013288026777113e-06
1.0996363636363638e-05,1.1228078712545174e-47,5.756574947966853e-08,1.0103858659416166e-06
1.1004545454545456e-05,-1.1068218697717102e-47,5.415980822807327e-08,1.0232828864990362e-06
1.1012727272727275e-05,-2.4347248141042286e-47,5.039601892121581e-08,1.0189734731338326e-06
1.1020909090909093e-05,-3.130464451158024e-47,4.63678942381052e-08,1.0304614491999664e-06
1.1029090909090911e-05,-3.3956385999217817e-47,4.216233735158083e-08,1.024806247837612e-06
1.103727272727273e-05,-3.378756344244829e-47,3.785908916162188e-08,1.0349767099580753e-06
1.1045454545454548e-05,-3.1873351041998875e-47,3.353034425628741e-08,1.0280932370980503e-06
1.1053636363636366e-05,-2.8976226049447624e-47,2.9240524089961256e-08,1.037083441283576e-06
1.1061818181818184e-05,-2.562321591775217e-47,2.5046192685132687e-08,1.0291264824413566e-06
1.1070000000000002e-05,-2.2166586148620285e-47,2.0996098762367487e-08,1.0371025320260724e-06
1.1078181818181819e-05,-1.883097511005751e-47,1.7131329123037702e-08,1.0282483927808438e-06
1.1086363636363637e-05,-1.5749569924472198e-47,1.3485559959199455e-08,1.0353911330420389e-06
1.1094545454545456e-05,-1.2991523439882514e-47,1.0085393527868173e-08,1.0258245757834168e-06
1.1102727272727274e-05,-1.0582450050478828e-47,6.9507665697919105e-09,1.0323178987414236e-06
1.1110909090909092e-05,-8.51951475028597e-48,4.095415208598628e-09,1.0222214559715975e-06
1.111909090909091e-05,-6.782347694218173e-48,1.5273808305786355e-09,1.0282428118066476e-06
1.1127272727272729e-05,-5.340775078587552e-48,-7.504565625668456e-10,1.0177883422809283e-06
1.1135454545454547e-05,-4.160153830913664e-48,-2.739827989833859e-09,1.0235013659948235e-06
1.1143636363636365e-05,-3.204928853463092e-48,-4.446516551699157e-09,1.0128437061845784e-06
1.1151818181818183e-05,-2.440893353069846e-48,-5.879798359137621e-09,1.018392800687355e-06
1.1160000000000002e-05,-1.836520975969884e-48,-7.051892821258287e-09,1.0076653416966542e-06
1.116818181818182e-05,-1.3636490726209819e-48,-7.977431837686375e-09,1.0131721234112657e-06
1.1176363636363638e-05,-9.977217721781771e-49,-8.672955405685417e-09,1.0024842382109734e-06
1.1184545454545456e-05,-7.177463623031554e-49,-9.156437926911535e-09,1.008045774493955e-06
1.1192727272727275e-05,-5.060738736724627e-49,-9.446847144281509e-09,9.974819410408475e-07
1.1200909090909093e-05,-3.480822964920931e-49,-9.563737414369298e-09,1.0031705610192073e-06
1.1209090909090911e-05,-2.318164318784682e-49,-9.526880190201438e-09,9.927909169253887e-07
1.121727272727273e-05,-1.4762027921935451e-49,-9.355935141066045e-09,9.986553610407872e-07
1.1225454545454548e-05,-8.778466802359779e-50,-9.070163918310725e-09,9.884974807192107e-07
1.1233636363636366e-05,-4.622341535981317e-50,-8.68818579925209e-09,9.945651705613792e-07
1.1241818181818184e-05,-1.8184713096777834e-50,-8.227772294019404e-09,9.8464678563843e-07
1.1250000000000002e-05,4.4159465197088324e-63,-7.705677742480404e-09,9.909268599799454e-07
1.125818181818182e-05,1.1130312147477181e-50,-7.137504491690798e-09,9.812491460937862e-07
1.1266363636363637e-05,1.731664735806945e-50,-6.537602482718196e-09,9.877359265794048e-07
1.1274545454545455e-05,2.0128960294971896e-50,-5.9190024355722544e-09,9.782870885194876e-07
1.1282727272727274e-05,2.0718083794984882e-50,-5.2933796322093196e-09,9.849637297693983e-07
1.1290909090909092e-05,1.9913549153234985e-50,-4.671043453284321e-09,9.757226252547367e-07
1.129909090909091e-05,1.830152501511809e-50,-4.060947955690236e-09,9.825646501960303e-07
1.1307272727272729e-05,1.6286214563319684e-50,-3.4707206781440788e-09,9.73504159224138e-07
1.1315454545454547e-05,1.4137679294023009e-50,-2.906708675920142e-09,9.804826493517754e-07
1.1323636363636365e-05,1.2028665993677126e-50,-2.3740407857021244e-09,9.715726528776155e-07
1.1331818181818183e-05,1.0062630565095511e-50,-1.876703364522823e-09,9.78657013240144e-07
1.1340000000000002e-05,8.29479564077397e-51,-1.4176250184136876e-09,9.6986690137056e-07
1.134818181818182e-05,6.747757913048345e-51,-9.98765931402341e-10,9.770270893768715e-07
1.1356363636363638e-05,5.422879723661204e-51,-6.212093954951961e-10,9.683276888341603e-07
1.1364545454545456e-05,4.30845796101447e-51,-2.8525529687196916e-10,9.755358552497906e-07
1.1372727272727275e-05,3.385459704815543e-51,9.48424524243453e-12,9.669008064972526e-07
1.1380909090909093e-05,2.631445023866485e-51,2.639883873501511e-10,9.741324320373868e-07
1.1389090909090911e-05,2.0231589338703e-51,4.797333093615291e-10,9.655390923547876e-07
1.139727272727273e-05,1.5381626442944495e-51,6.586034466531771e-10,9.727736516999534e-07
1.1405454545454548e-05,1.1557848689559083e-51,8.02809613033811e-10,9.64203528671253e-07
1.1413636363636366e-05,8.576034372522056e-52,9.148131580247189e-10,9.714247176472146e-07
1.1421818181818184e-05,6.276123978981899e-52,9.972546064489276e-10,9.62863533383304e-07
1.1430000000000002e-05,4.5218734975278705e-52,1.0528865996902548e-09,9.700592023855455e-07
1.143818181818182e-05,3.199293785377213e-52,1.0845129163466702e-09,9.614967151502438e-07
1.1446363636363639e-05,2.214436329948325e-52,1.0949358546655115e-09,9.686585764127401e-07
1.1454545454545455e-05,1.490905076405972e-52,1.0869126738050935e-09,9.600881798474776e-07
1.1462727272727274e-05,9.673419734351923e-53,1.063119506531158e-09,9.672113201473005e-07
1.1470909090909092e-05,5.950391090332267e-53,1.0261202638967545e-09,9.5862950866863e-07
1.147909090909091e-05,3.3576367993889268e-53,9.783393346567912e-10,9.657118382628088e-07
1.1487272727272728e-05,1.5983640845924222e-53,9.220390479123784e-10,9.571176492678537e-07
1.1495454545454547e-05,4.44738219317391e-54,8.593037793953518e-10,9.641593300532386e-07
1.1503636363636365e-05,-2.7614237788995705e-54,7.920313043435973e-10,9.555537545880795e-07
1.1511818181818183e-05,-6.939165580751878e-54,7.219297064570799e-10,9.625566040246178e-07
1.1520000000000002e-05,-9.045310348722625e-54,6.505170123757794e-10,9.539420091664165e-07
1.152818181818182e-05,-9.779860641072026e-54,5.791218234869479e-10,9.609089674638558e-07
1.1536363636363638e-05,-9.645278302159236e-54,5.088855175952153e-10,9.522886148759691e-07
1.1544545454545456e-05,-8.995416846441424e-54,4.4076790183967747e-10,9.59223299184911e-07
1.1552727272727275e-05,-8.073752362522974e-54,3.7555726990952167e-10,9.506009177717988e-07
1.1560909090909093e-05,-7.042918975882935e-54,3.138835472949038e-10,9.575072155841382e-07
1.1569090909090911e-05,-6.007267288588573e-54,2.56231786878164e-10,9.488866333801318e-07
1.157727272727273e-05,-5.0298907671679614e-54,2.0295409463314708e-10,9.557683927892487e-07
1.1585454545454548e-05,-4.1453158571831894e-54,1.5428037906538147e-10,9.471532893589897e-07
1.1593636363636366e-05,-3.3688314357972234e-54,1.1032995325450754e-10,9.540141159058689e-07
1.1601818181818184e-05,-2.703243326296855e-54,7.112544180829286e-11,9.454078403713668e-07
1.1610000000000002e-05,-2.1436790266740436e-54,3.660823334544733e-11,9.522509288693269e-07
1.161818181818182e-05,-1.6809342835685985e-54,6.6530138187339985e-12,9.436563591958224e-07
1.1626363636363639e-05,-1.3037437447990123e-54,-1.8920619295946204e-11,9.504844000242153e-07
1.1634545454545457e-05,-1.0002694821969383e-54,-4.033923313440778e-11,9.419038997347838e-07
1.1642727272727274e-05,-7.590305615703319e-55,-5.7867197642809874e-11,9.487190681982553e-07
1.1650909090909092e-05,-5.6944111965721074e-55,-7.179697299674874e-11,9.401544844936078e-07
1.165909090909091e-05,-4.220809507911766e-55,-8.243823607602873e-11,9.469584358220754e-07
1.1667272727272728e-05,-3.0878909893120238e-55,-9.010799941371862e-11,9.384111007274751e-07
1.1675454545454547e-05,-2.2264541659298574e-55,-9.512380752565916e-11,9.452049971499531e-07
1.1683636363636365e-05,-1.5788583005922673e-55,-9.780004199071627e-11,9.366757890309556e-07
1.1691818181818183e-05,-1.0978276697286808e-55,-9.844527124619977e-11,9.434603823929314e-07
1.1700000000000001e-05,-7.45117391666757e-56,-9.7358429087036e-11,9.349498040569509e-07
1.170818181818182e-05,-4.901753053488306e-56,-9.482353009487928e-11,9.417254944523287e-07
1.1716363636363638e-05,-3.0888102129608076e-56,-9.110478435495542e-11,9.332337219289957e-07
1.1724545454545456e-05,-1.8240633368678735e-56,-8.644429488916137e-11,9.400006174812072e-07
1.1732727272727275e-05,-9.621633925899641e-57,-8.106269854956522e-11,9.315275811590488e-07
1.1740909090909093e-05,-3.921451700666269e-57,-7.516088207760388e-11,9.38285591528852e-07
1.1749090909090911e-05,-3.0251530545406377e-58,-6.892039610714179e-11,9.298310600587557e-07
1.175727272727273e-05,1.8599044370178154e-57,-6.250188704190259e-11,9.365799550478357e-07
1.1765454545454548e-05,3.0258900369023126e-57,-5.6043152363805296e-11,9.281435735816665e-07
1.1773636363636366e-05,3.529574564068579e-57,-4.9659121837351525e-11,9.348830222399758e-07
1.1781818181818184e-05,3.60983430891091e-57,-4.344451461320394e-11,9.264643694308674e-07
1.1790000000000002e-05,3.4343509488378277e-57,-3.7477603813523106e-11,9.331940088722506e-07
1.179818181818182e-05,3.118263417501331e-57,-3.182264623850156e-11,9.247926559623307e-07
1.1806363636363639e-05,2.738464438514021e-57,-2.6529936162472496e-11,9.315121249877466e-07
1.1814545454545457e-05,2.3444344937377808e-57,-2.1634783131652366e-11,9.231276459706894e-07
1.1822727272727274e-05,1.9663553229365172e-57,-1.7157771085393462e-11,9.298365913014934e-07
1.1830909090909092e-05,1.6211103003850588e-57,-1.3107438491564165e-11,9.21468585141852e-07
1.183909090909091e-05,1.3166618983597635e-57,-9.484203656991367e-12,9.28166699508862e-07
1.1847272727272728e-05,1.055196890754651e-57,-6.283158949711197e-12,9.198148242598019e-07
1.1855454545454547e-05,8.353468984471621e-58,-3.4944079839595857e-12,9.265018574020213e-07
1.1863636363636365e-05,6.53723698703399e-58,-1.1019047974986768e-12,9.181658184871328e-07
1.1871818181818183e-05,5.059535431658423e-58,9.169107555523008e-13,9.248415610452914e-07
1.1880000000000001e-05,3.873506513402965e-58,2.5892631549343606e-12,9.165211094602408e-07
1.188818181818182e-05,2.9333526299486725e-58,3.943786972357902e-12,9.231854088780904e-07
1.1896363636363638e-05,2.1967450311678978e-58,5.008114963095043e-12,9.148803596086446e-07
1.1904545454545456e-05,1.626033944225172e-58,5.808829165841271e-12,9.215331209129518e-07
1.1912727272727274e-05,1.1886740749149443e-58,6.373115497146158e-12,9.132433316097708e-07
1.1920909090909093e-05,8.571592737260496e-59,6.729925623666731e-12,9.198844901758455e-07
1.1929090909090911e-05,6.086707878459485e-59,6.90902627240892e-12,9.116098491245965e-07
1.193727272727273e-05,4.2457790596596765e-59,6.938441304307252e-12,9.182393790611433e-07
1.1945454545454548e-05,2.898823284427781e-59,6.842417462532648e-12,9.099798183586028e-07
1.1953636363636366e-05,1.9266381196137675e-59,6.6416094123679965e-12,9.16597731337015e-07
1.1961818181818184e-05,1.235610607364005e-59,6.35510681655378e-12,9.083532062246781e-07
1.1970000000000002e-05,7.530576806053089e-60,6.002212281009309e-12,9.149595233275659e-07
1.197818181818182e-05,4.2317088708870474e-60,5.602172778358514e-12,9.067299970281736e-07
1.1986363636363639e-05,2.0357083668753087e-60,5.172085489188514e-12,9.133247555444798e-07
1.1994545454545457e-05,6.243658197811082e-61,4.725000215789528e-12,9.051102143799377e-07
1.2002727272727275e-05,-2.3846470000995523e-61,4.2700908321477486e-12,9.116934710855742e-07
1.2010909090909092e-05,-7.25857811450562e-61,3.814808359236387e-12,9.034939080990988e-07
1.201909090909091e-05,-9.629508887792199e-61,3.3670399695082568e-12,9.10065712902599e-07
1.2027272727272728e-05,-1.0388567712699849e-60,2.9352985189898496e-12,9.018811129254196e-07
1.2035454545454547e-05,-1.0159322793496862e-60,2.5268626964608495e-12,9.084415169911308e-07
1.2043636363636365e-05,-9.369084132524064e-61,2.1457648396375368e-12,9.002718756577263e-07
1.2051818181818183e-05,-8.303143974130084e-61,1.7926847392001523e-12,9.068209401736871e-07
1.2060000000000001e-05,-7.145571927584856e-61,1.4669924991149626e-12,8.986662526654814e-07
1.206818181818182e-05,-6.009538419051211e-61,1.169125205966589e-12,9.052040253063042e-07
1.2076363636363638e-05,-4.95957485776524e-61,9.011514873608704e-13,8.9706427066366e-07
1.2084545454545456e-05,-4.0276946583679577e-61,6.650963931502502e-13,9.035907928864958e-07
1.2092727272727274e-05,-3.2248931651952035e-61,4.60728506162032e-13,8.954659565079698e-07
1.2100909090909093e-05,-2.5492099847545107e-61,2.8501878480484456e-13,9.019812780545383e-07
1.2109090909090911e-05,-1.9912658755999346e-61,1.3388096109974868e-13,8.938713441155393e-07
1.211727272727273e-05,-1.5379692669553319e-61,4.622316022725628e-15,9.003755012594354e-07
1.2125454545454547e-05,-1.1749160205879567e-61,-1.0314907453511559e-13,8.922804376361843e-07
1.2133636363636366e-05,-8.878722440389856e-62,-1.8895064898312738e-13,8.987734578649595e-07
1.2141818181818184e-05,-6.63626742837318e-62,-2.5376359357023743e-13,8.906932364534693e-07
1.2150000000000002e-05,-4.904209783263875e-62,-3.010094069526838e-13,8.971751571663027e-07
1.215818181818182e-05,-3.5810504918034627e-62,-3.352041263125012e-13,8.891097525692512e-07
1.2166363636363639e-05,-2.5812399958129635e-62,-3.595477050862452e-13,8.955806008440935e-07
1.2174545454545457e-05,-1.834062265477082e-62,-3.747140959732224e-13,8.875299723679758e-07
1.2182727272727275e-05,-1.2820214697016568e-62,-3.7995435470817346e-13,8.939897662076657e-07
1.2190909090909094e-05,-8.79044018571211e-63,-3.754235074845204e-13,8.859538772017209e-07
1.219909090909091e-05,-5.886900891783943e-63,-3.6349595177545746e-13,8.924026456022214e-07
1.2207272727272728e-05,-3.824870173908225e-63,-3.478263331011022e-13,8.843814654874652e-07
1.2215454545454547e-05,-2.3844203702306583e-63,-3.310786662407835e-13,8.908192313538315e-07
1.2223636363636365e-05,-1.397561428265358e-63,-3.1350925135095963e-13,8.828127163721678e-07
1.2231818181818183e-05,-7.373865108298136e-64,-2.9375084808859343e-13,8.89239493846345e-07
1.2240000000000001e-05,-3.090913663945952e-64,-2.71026092046729e-13,8.812476038651248e-07
1.224818181818182e-05,-4.266789100654432e-65,-2.466563570561542e-13,8.876634184018477e-07
1.2256363636363638e-05,1.1295329457713273e-64,-2.2342724306901686e-13,8.796861212973437e-07
1.2264545454545456e-05,1.9453664137762667e-64,-2.0344308797068678e-13,8.860909947239818e-07
1.2272727272727274e-05,2.2816265391933784e-64,-1.8655400716097782e-13,8.781282468491174e-07
1.2280909090909093e-05,2.3202463747617652e-64,-1.7087930105048823e-13,8.845221921729862e-07
1.2289090909090911e-05,2.185645580724215e-64,-1.549272536407703e-13,8.765739528835474e-07
1.229727272727273e-05,1.9608603095230934e-64,-1.3927445205938437e-13,8.829569946367459e-07
1.2305454545454547e-05,1.6995871885953358e-64,-1.2619450941175405e-13,8.750232322913769e-07
1.2313636363636366e-05,1.4350716628998072e-64,-1.1760167756242576e-13,8.813953929736283e-07
1.2321818181818184e-05,1.186586709021082e-64,-1.1329636106226224e-13,8.734760653010664e-07
1.2330000000000002e-05,9.640921757895337e-65,-1.1120765367854517e-13,8.798373579201643e-07
1.233818181818182e-05,7.715359900006873e-65,-1.0940489335842496e-13,8.719324241819229e-07
1.2346363636363639e-05,6.091534220281042e-65,-1.0794593199237971e-13,8.782828724679268e-07
1.2354545454545457e-05,4.750363574727931e-65,-1.0878296070848107e-13,8.703923019567686e-07
1.2362727272727275e-05,3.661778599838658e-65,-1.1381036776740784e-13,8.767319291056832e-07
1.2370909090909094e-05,2.7914522208841964e-65,-1.229230302274155e-13,8.688556806974169e-07
1.2379090909090912e-05,2.1049447977002867e-65,-1.3394434961093155e-13,8.7518449933133e-07
1.2387272727272728e-05,1.5700866419559815e-65,-1.444898085176788e-13,8.673225315610389e-07
1.2395454545454547e-05,1.1581889334427768e-65,-1.5397515080503603e-13,8.73640564198335e-07
1.2403636363636365e-05,8.445012045380845e-66,-1.6383954279586463e-13,8.657928467913854e-07
1.2411818181818183e-05,6.082061382266037e-66,-1.7576510030583276e-13,8.721001172214649e-07
1.2420000000000001e-05,4.321496762652257e-66,-1.8959245962894277e-13,8.642666104491015e-07
1.242818181818182e-05,3.024378468247813e-66,-2.0291805728920436e-13,8.705631309093017e-07
1.2436363636363638e-05,2.0798464402079504e-66,-2.1274061559687042e-13,8.627437930386219e-07
1.2444545454545456e-05,1.4006259077660028e-66,-2.175569606752931e-13,8.690295849677299e-07
1.2452727272727274e-05,9.18853738823366e-67,-2.1787882979883446e-13,8.612243858542625e-07
1.2460909090909093e-05,5.823720108511504e-67,-2.1466227506515538e-13,8.674994739327276e-07
1.2469090909090911e-05,3.5154091786174816e-67,-2.0714908580644237e-13,8.597083760767763e-07
1.247727272727273e-05,1.965655308720043e-67,-1.9218768103736375e-13,8.659727739708688e-07
1.2485454545454547e-05,9.529831938211953e-68,-1.656843593406216e-13,8.581957372416978e-07
1.2493636363636366e-05,3.146326261481149e-68,-1.2479454786155098e-13,8.644494679502612e-07
1.2501818181818184e-05,-6.758137969646406e-69,-6.875662402249516e-14,8.566864660920557e-07
1.2510000000000002e-05,-2.783772725836089e-68,2.4236894219299694e-15,8.629295588053495e-07
1.251818181818182e-05,-3.776270657941823e-68,9.016467170541945e-14,8.551805608543844e-07
1.2526363636363639e-05,-4.069676192818555e-68,1.9825683302033725e-13,8.614130357942759e-07
1.2534545454545457e-05,-3.948142301182283e-68,3.316338577932079e-13,8.5367800887003e-07
1.2542727272727275e-05,-3.601203776856943e-68,4.94109332388407e-13,8.598998962559195e-07
1.2550909090909093e-05,-3.1516555526743305e-68,6.872000548076383e-13,8.521788238635021e-07
1.2559090909090912e-05,-2.6759849713192432e-68,9.110988369079273e-13,8.583901646081346e-07
1.2567272727272728e-05,-2.2191638516638595e-68,1.1667827137204436e-12,8.506830300820858e-07
1.2575454545454547e-05,-1.8052159878782982e-68,1.4571391845880168e-12,8.568838588448613e-07
1.2583636363636365e-05,-1.4446561995380769e-68,1.7859210014638317e-12,8.491906450955439e-07
1.2591818181818183e-05,-1.1396397496019217e-68,2.1554078992471635e-12,8.553810082035559e-07
1.2600000000000001e-05,-8.874567720868889e-69,2.564877575126676e-12,8.477017169481901e-07
1.260818181818182e-05,-6.828464747461346e-69,3.0111945624281024e-12,8.538816750887189e-07
1.2616363636363638e-05,-5.194822306218013e-69,3.490776093105268e-12,8.462163115091845e-07
1.2624545454545456e-05,-3.908841558569013e-69,4.000854354570917e-12,8.523859207103778e-07
1.2632727272727274e-05,-2.909443466246892e-69,4.5386093925749754e-12,8.447344889261712e-07
1.2640909090909093e-05,-2.1419658441336582e-69,5.0987686865647674e-12,8.508938151698664e-07
1.2649090909090911e-05,-1.5592290773826856e-69,5.671720731366475e-12,8.432563371328583e-07
1.2657272727272729e-05,-1.1216068950165079e-69,6.243681106595609e-12,8.494054599377173e-07
1.2665454545454547e-05,-7.96531402176844e-70,6.798469972203317e-12,8.417819585756415e-07
1.2673636363636366e-05,-5.5771437296904494e-70,7.318908196025814e-12,8.47920948065118e-07
1.2681818181818184e-05,-3.8426384804481274e-70,7.786203041358414e-12,8.403114372435501e-07
1.2690000000000002e-05,-2.598043575903454e-70,8.177625386610129e-12,8.464403621088585e-07
1.269818181818182e-05,-1.7166154962330947e-70,8.464429720379706e-12,8.388448600763034e-07
1.2706363636363639e-05,-1.1014090059873508e-70,8.611757842938448e-12,8.44963788324714e-07
1.2714545454545457e-05,-6.7910553191526435e-71,8.58040158973558e-12,8.373822979295382e-07
1.2722727272727275e-05,-3.9486551590732854e-71,8.328568076715277e-12,8.434912665297063e-07
1.2730909090909093e-05,-2.0812233785342623e-71,7.811852352711747e-12,8.359237539410853e-07
1.2739090909090912e-05,-8.920457667756874e-72,6.981418320641329e-12,8.42022766390476e-07
1.274727272727273e-05,-1.6664055577727068e-72,5.782201023852208e-12,8.344691672646827e-07
1.2755454545454547e-05,2.4809427940471814e-72,4.153040482692077e-12,8.405581884042697e-07
1.2763636363636365e-05,4.599538052924475e-72,2.0289511473380015e-12,8.330183808215001e-07
1.2771818181818183e-05,5.436701148158065e-72,-6.56141994969777e-13,8.390972971622865e-07
1.2780000000000001e-05,5.501345814636885e-72,-3.968117646777846e-12,8.31571069343518e-07
1.278818181818182e-05,5.132670151763124e-72,-7.97312921333704e-12,8.376396755183357e-07
1.2796363636363638e-05,4.550749191717813e-72,-1.2738213840571877e-11,8.301267233575281e-07
1.2804545454545456e-05,3.8933685573042204e-72,-1.8330020761676928e-11,8.361847122370303e-07
1.2812727272727274e-05,3.2425164736379305e-72,-2.4811141634724163e-11,8.286846105605008e-07
1.2820909090909093e-05,2.6431893985632863e-72,-3.2235486634022076e-11,8.347315314270766e-07
1.2829090909090911e-05,2.1165492437704794e-72,-4.064469737752728e-11,8.272436978621245e-07
1.2837272727272729e-05,1.668978200622406e-72,-5.006620984085467e-11,8.332789416115658e-07
1.2845454545454547e-05,1.2981907344560762e-72,-6.051161103518666e-11,8.258026394106006e-07
1.2853636363636366e-05,9.97262697759814e-73,-7.197326661457172e-11,8.318254408357204e-07
1.2861818181818184e-05,7.57208047030567e-73,-8.441847101155237e-11,8.243597683196042e-07
1.2870000000000002e-05,5.68559945985463e-73,-9.77823635218522e-11,8.303691871032796e-07
1.287818181818182e-05,4.222830372138005e-73,-1.1196165812477484e-10,8.229130681497442e-07
1.2886363636363639e-05,3.102474698830844e-73,-1.2681009556734747e-10,8.289080061487463e-07
1.2894545454545457e-05,2.254249115673487e-73,-1.4213455823445565e-10,8.214602343461703e-07
1.2902727272727275e-05,1.6191592702407406e-73,-1.5768990243788655e-10,8.274394904744809e-07
1.2910909090909093e-05,1.1488183402846747e-73,-1.7317162900247793e-10,8.199987811287507e-07
1.2919090909090912e-05,8.04286319614554e-74,-1.8820752619476138e-10,8.259611038647223e-07
1.292727272727273e-05,5.54729342934593e-74,-2.0235046595395256e-10,8.185261648065608e-07
1.2935454545454548e-05,3.760782935659916e-74,-2.150736321139997e-10,8.244703592007548e-07
1.2943636363636365e-05,2.497861159248562e-74,-2.2576749910505532e-10,8.170400367695477e-07
1.2951818181818183e-05,1.6173164855621152e-74,-2.337367713262992e-10,8.229651354627726e-07
1.2960000000000001e-05,1.0128564793621503e-74,-2.38196332148803e-10,8.155385945556215e-07
1.296818181818182e-05,6.053569468333541e-75,-2.3826726600711e-10,8.214440459413823e-07
1.2976363636363638e-05,3.3656398997470226e-75,-2.329753076017453e-10,8.140209833474685e-07
1.2984545454545456e-05,1.640663257753977e-75,-2.2125343073231612e-10,8.199069085883387e-07
1.2992727272727274e-05,5.734267724996842e-76,-2.019483561483815e-10,8.124878558274698e-07
1.3000909090909093e-05,-5.303416210372036e-77,-1.7382940805031624e-10,8.18355382732054e-07
1.300909090909091e-05,-3.909095262915214e-76,-1.3559869623814788e-10,8.109420515962283e-07
1.3017272727272729e-05,-5.4538003745338594e-76,-8.590354036259267e-11,8.16793664326863e-07
1.3025454545454547e-05,-5.879106759532313e-76,-2.3353543875102932e-11,8.093893115534032e-07
1.3033636363636366e-05,-5.660876514156106e-76,5.345564856157647e-11,8.152292439695382e-07
1.3041818181818184e-05,-5.1081649063084275e-76,1.4591175788404237e-10,8.078390931218681e-07
1.3050000000000002e-05,-4.415289715227974e-76,2.553498950496665e-10,8.136737600714e-07
1.305818181818182e-05,-3.699045745828685e-76,3.8301248571760204e-10,8.063054149222551e-07
1.3066363636363639e-05,-3.024960504590149e-76,5.300046445032586e-10,8.121437883620826e-07
1.3074545454545457e-05,-2.425556176198539e-76,6.972429691976013e-10,8.048075711332033e-07
1.3082727272727275e-05,-1.9128484474035552e-76,8.853958758156953e-10,8.106614843049598e-07
1.3090909090909093e-05,-1.486741208448098e-76,1.0948154082451688e-09,8.033706993824512e-07
1.3099090909090912e-05,-1.1405372548976391e-76,1.3254623004067115e-09,8.092550412161369e-07
1.310727272727273e-05,-8.644521089653845e-77,1.5768263205188947e-09,8.020260624227109e-07
1.3115454545454548e-05,-6.477683412610112e-77,1.8478425236248992e-09,8.079587257959924e-07
1.3123636363636366e-05,-4.8008259566947966e-77,2.1368025272894617e-09,8.008107904537164e-07
1.3131818181818183e-05,-3.519617621372477e-77,2.441259970202066e-09,8.068123038012877e-07
1.3140000000000001e-05,-2.5522636292792943e-77,2.7579310990976214e-09,7.99766967578182e-07
1.314818181818182e-05,-1.8300878449164623e-77,3.08259349388353e-09,8.058597401240903e-07
1.3156363636363638e-05,-1.2968421046767574e-77,3.4099865887313287e-09,7.989398659708797e-07
1.3164545454545456e-05,-9.07374297929796e-78,3.733716579104986e-09,8.051468868536156e-07
1.3172727272727274e-05,-6.260491405312412e-78,4.0461668978434845e-09,7.983750324195838e-07
1.3180909090909093e-05,-4.2515554754222586e-78,4.3384154149572144e-09,8.047179464149585e-07
1.318909090909091e-05,-2.8342921290605165e-78,4.600161263791123e-09,7.981141163355452e-07
1.3197272727272729e-05,-1.8475166777920863e-78,4.819666411587894e-09,8.046106421112191e-07
1.3205454545454547e-05,-1.1704564533994132e-78,4.983718014926311e-09,7.981893383880945e-07
1.3213636363636366e-05,-7.136245048439997e-79,5.077616707363224e-09,8.048499487231246e-07
1.3221818181818184e-05,-4.114420565813722e-79,5.0851944689800244e-09,7.98616483926681e-07
1.3230000000000002e-05,-2.163816919838594e-79,4.988865395835607e-09,8.054403937424812e-07
1.323818181818182e-05,-9.438985416054238e-80,4.769714135360835e-09,7.993865899184822e-07
1.3246363636363639e-05,-2.1358568848778204e-80,4.407628831333009e-09,8.063572018731642e-07
1.3254545454545457e-05,1.955980703135499e-80,3.8814863014612754e-09,8.004566226822511e-07
1.3262727272727275e-05,3.9972089365999286e-80,3.1693960845479595e-09,8.075365753526616e-07
1.3270909090909093e-05,4.774587730852852e-80,2.2490079575059275e-09,8.017394926866012e-07
1.3279090909090912e-05,4.811369343649932e-80,1.0978863438983755e-09,8.088655977310098e-07
1.328727272727273e-05,4.447584855052156e-80,-3.0604443314935555e-10,8.030940703490842e-07
1.3295454545454548e-05,3.8977611992992205e-80,-1.9839787999214373e-09,8.101725405746734e-07
1.3303636363636366e-05,3.2919213966783196e-80,-3.9556270094689575e-09,8.043159948064636e-07
1.3311818181818185e-05,2.7043407080979608e-80,-6.238527044744863e-09,8.112183259182923e-07
1.3320000000000001e-05,2.173435297947628e-80,-8.847270929521735e-09,8.051300176957149e-07
1.332818181818182e-05,1.7153029948966042e-80,-1.1792647728544137e-08,8.116899584234931e-07
1.3336363636363638e-05,1.3327750963613882e-80,-1.5080706649452275e-08,8.051848041002699e-07
1.3344545454545456e-05,1.0213353998942755e-80,-1.8711743898757937e-08,8.111969189109978e-07
1.3352727272727274e-05,7.728846190748484e-81,-2.2679218082952727e-08,8.040511421812665e-07
1.3360909090909093e-05,5.780473707547585e-81,-2.696860217351906e-08,8.092713889201267e-07
1.336909090909091e-05,4.275124379496841e-81,-3.155618482358355e-08,8.012243830501002e-07
1.3377272727272729e-05,3.1274698142424336e-81,-3.640783837514057e-08,8.053732041483946e-07
1.3385454545454547e-05,2.2631761706251486e-81,-4.147777393643836e-08,7.961321557641921e-07
1.3393636363636366e-05,1.6197481717034238e-81,-4.670730582920015e-08,7.98900767659134e-07
1.3401818181818184e-05,1.1460354288524242e-81,-5.2023650167123105e-08,7.881487364344936e-07
1.3410000000000002e-05,8.010604045975295e-82,-5.7338786626600186e-08,7.892094891828787e-07
1.341818181818182e-05,5.525761391600565e-82,-6.254841824622409e-08,7.766179434352445e-07
1.3426363636363639e-05,3.755943834125902e-82,-6.753106961737354e-08,7.756401799089108e-07
1.3434545454545457e-05,2.510156351655331e-82,-7.2147367605044e-08,7.608877927415649e-07
1.3442727272727275e-05,1.6442347563964685e-82,-7.623955085170314e-08,7.575617082163033e-07
1.3450909090909093e-05,1.0506352703739357e-82,-7.963125625812816e-08,7.403625819191798e-07
1.3459090909090912e-05,6.500314826386046e-83,-8.212763375896322e-08,7.344353501947989e-07
1.346727272727273e-05,3.845531120425969e-83,-8.351584481701202e-08,7.145823044992292e-07
1.3475454545454548e-05,2.124462710383597e-83,-8.35660034597186e-08,7.059140935369243e-07
1.3483636363636366e-05,1.0392322285573671e-83,-8.203261968179765e-08,6.833474527760686e-07
1.3491818181818185e-05,3.7981941642221473e-84,-7.865660342306388e-08,6.720010997049399e-07
1.3500000000000001e-05,-1.5822970402128454e-97,-7.316788441115397e-08,6.46922039966618e-07
1.350818181818182e-05,-2.0064037002067359e-84,-6.528870035294029e-08,6.333105239354496e-07
1.3516363636363638e-05,-2.8999794633895055e-84,-5.473760326663217e-08,6.06372445114276e-07
1.3524545454545456e-05,-3.1316454418221453e-84,-4.123422959139753e-08,5.915032036656058e-07
1.3532727272727274e-05,-2.9944768637237584e-84,-2.4504872296284282e-08,5.641324044270864e-07
1.3540909090909092e-05,-2.673869335408602e-84,-4.2888820955350544e-09,5.499943691410191e-07
1.354909090909091e-05,-2.2829632667624677e-84,1.965408873650978e-08,5.248813246118646e-07
1.3557272727272729e-05,-1.8873477582677082e-84,4.753600100551452e-08,5.149518326725894e-07
1.3565454545454547e-05,-1.5220539159692292e-84,7.953151790084722e-08,4.965851754793325e-07
1.3573636363636366e-05,-1.2030661583414142e-84,1.1576830222664131e-07,4.960995540314968e-07
1.3581818181818184e-05,-9.349829833484187e-85,1.5631657549091912e-07,4.90643706728216e-07
1.3590000000000002e-05,-7.16008210941147e-85,2.0117801754371607e-07,5.056385010673661e-07
1.359818181818182e-05,-5.411179475984334e-85,2.502741130524511e-07,5.189821796518616e-07
1.3606363636363639e-05,-4.040011034202252e-85,3.0343407965161724e-07,5.536520270784425e-07
1.3614545454545457e-05,-2.981910281841837e-85,3.6038254124311435e-07,5.884323740897503e-07
1.3622727272727275e-05,-2.1767597346950075e-85,4.2072713942102644e-07,6.432931902996343e-07
1.3630909090909093e-05,-1.571836180425858e-85,4.839463077170181e-07,6.983930268272965e-07
1.3639090909090912e-05,-1.1226984282792301e-85,5.493774675962204e-07,7.714824921149555e-07
1.364727272727273e-05,-7.929677173884867e-86,6.162059403658168e-07,8.441789645971632e-07
1.3655454545454548e-05,-5.535417537139331e-86,6.834549030063353e-07,9.331369726927971e-07
1.3663636363636366e-05,-3.8157510057079136e-86,7.499767468272431e-07,1.0208875810023744e-06
1.3671818181818185e-05,-2.5942101968957547e-86,8.144462258429607e-07,1.1238971917619007e-06
1.3680000000000003e-05,-1.7364096473338463e-86,8.753558077236259e-07,1.2248665466158972e-06
1.368818181818182e-05,-1.141321602689532e-86,9.310136640807104e-07,1.3407338805464883e-06
1.3696363636363638e-05,-7.339006065607283e-87,9.795447568973751e-07,1.453734553332525e-06
1.3704545454545456e-05,-4.590332829219309e-87,1.0188954912561914e-06,1.5817406491278651e-06
1.3712727272727274e-05,-2.7669056388067264e-87,1.0468424089452102e-06,1.7060810417495143e-06
1.3720909090909092e-05,-1.581175077385848e-87,1.061005392506278e-06,1.8458589740928154e-06
1.372909090909091e-05,-8.288735845125309e-88,1.058865835370212e-06,1.981246964930644e-06
1.3737272727272729e-05,-3.6656452179484357e-88,1.0377902108775616e-06,2.1327309372059288e-06
1.3745454545454547e-05,-9.475438196797818e-89,9.950594395323822e-07,2.2792502693447202e-06
1.3753636363636365e-05,5.4657283640227456e-89,9.279044069803645e-07,2.4426896449938602e-06
1.3761818181818184e-05,1.2759755960702326e-88,8.335479226916216e-07,2.6008378244168547e-06
1.3770000000000002e-05,1.5451787380079156e-88,7.09253330696831e-07,2.776863794347312e-06
1.377818181818182e-05,1.5520583733172207e-88,5.523798899428278e-07,2.9476395809749256e-06
1.3786363636363639e-05,1.4220349868032076e-88,3.604449337414647e-07,3.137375469897135e-06
1.3794545454545457e-05,1.2320744324475192e-88,1.3119269485311242e-07,3.3224065908986657e-06
1.3802727272727275e-05,1.0273329326780794e-88,-1.3733045662684336e-07,3.5276146708921323e-06
1.3810909090909093e-05,8.325467147463779e-89,-4.4669477230291114e-07,3.729316669529106e-06
1.3819090909090912e-05,6.597099112730899e-89,-7.980004647402484e-07,3.952573326501026e-06
1.382727272727273e-05,5.1316229667890965e-89,-1.1917863978836697e-06,4.174328085678307e-06
1.3835454545454548e-05,3.9289268929228694e-89,-1.6279350982568477e-06,4.419215669835166e-06
1.3843636363636366e-05,2.966304527802416e-89,-2.1055752643613903e-06,4.6655538052940906e-06
1.3851818181818185e-05,2.2112697598322095e-89,-2.622983167630931e-06,4.936852393873598e-06
1.3860000000000003e-05,1.6290577482018752e-89,-3.1774845609302797e-06,5.213618906600474e-06
1.3868181818181821e-05,1.1867181631462862e-89,-3.7653589365453953e-06,5.517476399763879e-06
1.3876363636363638e-05,8.55084877525466e-90,-4.38174819947558e-06,5.83195632160393e-06
1.3884545454545456e-05,6.094725364490757e-90,-5.020572037542821e-06,6.1760136142066696e-06
1.3892727272727274e-05,4.296516836493181e-90,-5.674452472162657e-06,6.536996795988234e-06
1.3900909090909092e-05,2.994513073721524e-90,-6.334650258452151e-06,6.9304488593106655e-06
1.390909090909091e-05,2.062021905875472e-90,-6.9910159663939145e-06,7.3482223818125324e-06
1.3917272727272729e-05,1.4014564811086493e-90,-7.631958710090098e-06,7.801807168313462e-06
1.3925454545454547e-05,9.387534559845545e-91,-8.244435591900827e-06,8.288079426481182e-06
1.3933636363636365e-05,6.184449933614818e-91,-8.813964984067302e-06,8.814002811066183e-06
1.3941818181818184e-05,3.994958107562765e-91,-9.324666774976042e-06,9.381780860175215e-06
1.3950000000000002e-05,2.518969394603755e-91,-9.759332654873224e-06,9.993602115475604e-06
1.395818181818182e-05,1.5394647611318856e-91,-1.0099529401558528e-05,1.0657056692263647e-05
1.3966363636363638e-05,9.012176369761817e-92,-1.0325737944517164e-05,1.1369568858472542e-05
1.3974545454545457e-05,4.944228180409235e-92,-1.0417530729031847e-05,1.2143924346780843e-05
1.3982727272727275e-05,2.4228557278121184e-92,-1.0353789563040544e-05,1.2973063642659733e-05
1.3990909090909093e-05,9.173725247199648e-93,-1.0112965703714409e-05,1.3874542667663362e-05
1.3999090909090912e-05,6.574554720884978e-94,-9.673383425451722e-06,1.4837351977777821e-05
1.400727272727273e-05,-3.755171327934122e-93,-9.013587705657462e-06,1.58831904952995e-05
1.4015454545454548e-05,-5.675608112284344e-93,-8.112735969211238e-06,1.699784875657413e-05
1.4023636363636366e-05,-6.150377233061884e-93,-6.951033046747221e-06,1.8206383518096148e-05
1.4031818181818185e-05,-5.843684964391217e-93,-5.510207626592915e-06,1.9492300957103188e-05
1.4040000000000003e-05,-5.1649287272681635e-93,-3.77402751907007e-06,2.0883121697663746e-05
1.4048181818181821e-05,-4.356649218644913e-93,-1.7288500123123616e-06,2.236109368428408e-05
1.405636363636364e-05,-3.5544059972629726e-93,6.357975085281155e-07,2.3955248647827168e-05
1.4064545454545456e-05,-2.8269502365440624e-93,3.3266126694728923e-06,2.564765870280019e-05
1.4072727272727274e-05,-2.202734697142235e-93,6.345896138947422e-06,2.7467902801990954e-05
1.4080909090909092e-05,-1.6870691872002478e-93,9.690921010018135e-06,2.9398966399199636e-05
1.408909090909091e-05,-1.272959920393488e-93,1.3353303203526276e-05,3.1470044187711814e-05
1.4097272727272729e-05,-9.477506660220621e-94,1.7318383791473275e-05,3.3666087596570296e-05
1.4105454545454547e-05,-6.97023777691309e-94,2.156463533143906e-05,3.601504654361486e-05
1.4113636363636365e-05,-5.067515571778411e-94,2.6063105428840176e-05,3.850481766189047e-05
1.4121818181818184e-05,-3.6436079237187667e-94,3.0776911776648274e-05,4.116134985177915e-05
1.4130000000000002e-05,-2.591465434169928e-94,3.566080383338373e-05,4.397635992277392e-05
1.413818181818182e-05,-1.8231631651429485e-94,4.066080705955268e-05,4.69731718036639e-05
1.4146363636363638e-05,-1.2684140670405794e-94,4.57139662073889e-05,5.01480679159826e-05
1.4154545454545457e-05,-8.722302373125766e-95,5.0748204514175366e-05,5.352127827681948e-05
1.4162727272727275e-05,-5.923582686575871e-95,5.568231575120335e-05,5.709424682727185e-05
1.4170909090909093e-05,-3.9682893009385144e-95,6.042610589637844e-05,6.088381307655322e-05
1.4179090909090911e-05,-2.6178477828750545e-95,6.488070069902809e-05,6.489701407263115e-05
1.418727272727273e-05,-1.696443717984584e-95,6.893903456291283e-05,6.914718626365217e-05
1.4195454545454548e-05,-1.0760289099395739e-95,7.248653496144264e-05,7.364721761436436e-05
1.4203636363636366e-05,-6.643890729676673e-96,7.540201499354356e-05,7.840701879356879e-05
1.4211818181818185e-05,-3.9584402492689425e-96,7.75587846699029e-05,8.344540887674375e-05
1.4220000000000003e-05,-2.2412527831766786e-96,7.882598907457572e-05,8.876913949272828e-05
1.4228181818181821e-05,-1.170034088687365e-96,7.907017867090235e-05,9.44028654673727e-05
1.423636363636364e-05,-5.228997429718102e-97,7.815711371518689e-05,0.00010035062882396917
1.4244545454545456e-05,-1.489917154090349e-97,7.59538010148937e-05,0.00010664265736846737
1.4252727272727274e-05,5.286487788650718e-98,7.233075713555975e-05,0.00011328090246767812
1.4260909090909092e-05,1.4949092269836238e-97,6.716448764654266e-05,0.00012030074900887906
1.426909090909091e-05,1.8424153339910552e-97,6.034016713553014e-05,0.00012770282679291507
1.4277272727272729e-05,1.846542082484103e-97,5.175449956257651e-05,0.00013552712899526486
1.4285454545454547e-05,1.677600039984901e-97,4.1318733124289974e-05,0.00014377385798010713
1.4293636363636365e-05,1.437278538820652e-97,2.8961798225111903e-05,0.0001524869592134952
1.4301818181818184e-05,1.1833317142333793e-97,1.463353148191309e-05,0.0001616671966992659
1.4310000000000002e-05,9.460651927545048e-98,-1.692056993151067e-06,0.0001713617353630312
1.431818181818182e-05,7.391716790163734e-98,-2.001352138092632e-05,0.00018157295085484719
1.4326363636363638e-05,5.667203217856601e-98,-4.029877676317086e-05,0.00019235045191429138
1.4334545454545457e-05,4.2756387955223864e-98,-6.248201338527133e-05,0.00020369930011868723
1.4342727272727275e-05,3.180386749898477e-98,-8.646079206005616e-05,0.00021567076591423815
1.4350909090909093e-05,2.335556339728746e-98,-0.0001120933882873084,0.00022827365751073455
1.4359090909090911e-05,1.694861139456866e-98,-0.00013919645605859027,0.00024156015566913572
1.436727272727273e-05,1.216109445157419e-98,-0.0001675430848853368,0.0002555438248984033
1.4375454545454548e-05,8.630818100546213e-99,-0.00019686132519516336,0.00027027707202057025
1.4383636363636366e-05,6.059206466475055e-99,-0.00022683325775423648,0.00028577914101579214
1.4391818181818184e-05,4.207356225801366e-99,-0.0002570946820658411,0.00030210208170964963
1.4400000000000003e-05,2.8885146743380658e-99,-0.00028723549665016375,0.0003192716222982643
1.4408181818181821e-05,1.9594587124371544e-99,-0.0003168008406230061,0.0003373390038728179
1.441636363636364e-05,1.3121219232524676e-99,-0.000345293060970342,0.000356337098127306
1.4424545454545458e-05,8.661238851288987e-100,-0.00037217456328577454,0.0003763160418141603
1.4432727272727274e-05,5.624466980755134e-100,-0.00039687159544302494,0.00039731634298701074
1.4440909090909092e-05,3.5827526838231656e-100,-0.00041877900368368485,0.00041938691296241714
1.444909090909091e-05,2.229015378738066e-100,-0.00043726598890769715,0.0004425762085974726
1.4457272727272729e-05,1.345436398885252e-100,-0.00045168287758668904,0.0004669319802477282
1.4465454545454547e-05,7.792008741039682e-101,-0.0004613689067358597,0.0004925107590942569
1.4473636363636365e-05,4.2428496974939745e-101,-0.00046566100586844893,0.0005193593878027501
1.4481818181818184e-05,2.0797065690303696e-101,-0.00046390354094228505,0.0005475424116921302
1.4490000000000002e-05,8.098673356386564e-102,-0.0004554589661522527,0.0005771062030480523
1.449818181818182e-05,1.0386000021055802e-102,-0.0004397193092266161,0.0006081230842523728
1.4506363636363638e-05,-2.5542663292921433e-102,-0.00041611839488881516,0.0006406395660032306
1.4514545454545457e-05,-4.08685117524164e-102,-0.0003841446896264428,0.0006747353497202108
1.4522727272727275e-05,-4.452993925637038e-102,-0.00034335462917702014,0.0007104578449330185
1.4530909090909093e-05,-4.206896033867304e-102,-0.0002933862685401268,0.0007478935954124747
1.4539090909090911e-05,-3.6815232646584106e-102,-0.00023397307323295445,0.0007870917952446284
1.454727272727273e-05,-3.0684185503310774e-102,-0.00016495765032583794,0.0008281451828345166
1.4555454545454548e-05,-2.47076548607885e-102,-8.63051989543799e-05,0.0008711057161657364
1.4563636363636366e-05,-1.9381250725663684e-102,1.8835570484400854e-06,0.0009160716012560354
1.4571818181818184e-05,-1.488770737851193e-102,9.936020656701281e-05,0.0009630985971445671
1.4580000000000003e-05,-1.123743095775634e-102,0.00020571752293925728,0.0010122896055413545
1.4588181818181821e-05,-8.35458344848438e-103,0.0003203796432375666,0.0010637052430427884
1.459636363636364e-05,-6.127953112212201e-103,0.0004425938336616933,0.001117452325837591
1.4604545454545457e-05,-4.4395170589876017e-103,0.0005714241209223221,0.0011735973643122897
1.4612727272727276e-05,-3.1792237551591237e-103,0.0007057470663759285,0.0012322503339106548
1.4620909090909092e-05,-2.2515383310449477e-103,0.0008442499517665023,0.0012934846155608346
1.462909090909091e-05,-1.5772843372748773e-103,0.000985431632431083,0.0013574126481570286
1.4637272727272729e-05,-1.0929820562804279e-103,0.0011276062954860247,0.0014241155631191252
1.4645454545454547e-05,-7.490123143723426e-104,0.0012689103366490353,0.0014937076565616522
1.4653636363636365e-05,-5.0737603934203546e-104,0.0014073125398641189,0.0015662785595576272
1.4661818181818184e-05,-3.3946938460889065e-104,0.001540627708764516,0.0016419439343962324
1.4670000000000002e-05,-2.2408053866526497e-104,0.0016665338583097438,0.0017208025007968192
1.467818181818182e-05,-1.456888176997677e-104,0.0017825930288465316,0.0018029709313122483
1.4686363636363638e-05,-9.307680910658911e-105,0.0018862757336565207,0.0018885574394282342
1.4694545454545457e-05,-5.823076611918323e-105,0.0019749889951628445,0.001977679500589747
1.4702727272727275e-05,-3.548925389212139e-105,0.0020461078648821964,0.00207045502611872
1.4710909090909093e-05,-2.089638254532194e-105,0.0020970102585521244,0.002167002241791114
1.4719090909090911e-05,-1.1718354493541765e-105,0.0021251148713729547,0.0022674487497436426
1.472727272727273e-05,-6.087209469264064e-106,0.002127921869829734,0.0023719136271441992
1.4735454545454548e-05,-2.741676808617872e-106,0.0021030559870572397,0.0024805339462069744
1.4743636363636366e-05,-8.409204334564945e-107,0.002048311579232257,0.0025934298814858274
1.4751818181818184e-05,1.6780246553707664e-107,0.0019616991321598255,0.0027107475456134224
1.4760000000000003e-05,6.42133300979064e-107,0.001841492641276306,0.002832608585557061
1.4768181818181821e-05,8.092350132399022e-107,0.0016862772259953846,0.0029591675277260325
1.477636363636364e-05,8.101986967942702e-107,0.0014949962819918907,0.003090547973039584
1.4784545454545457e-05,7.302046860097405e-107,0.0012669974239958093,0.003226912056561745
1.4792727272727276e-05,6.187563214028588e-107,0.0010020764283009717,0.003368385892894373
1.4800909090909094e-05,5.0307279516393194e-107,0.0007005183498045196,0.003515138266363935
1.480909090909091e-05,3.968221347872646e-107,0.00036313496426487686,0.0036672984101416093
1.4817272727272729e-05,3.0571850150735936e-107,-8.702326190154991e-06,0.0038250406730175866
1.4825454545454547e-05,2.3103706429986758e-107,-0.00041303498633889397,0.003988498020326297
1.4833636363636365e-05,1.717659697116658e-107,-0.000847296088435407,0.004157849187391857
1.4841818181818184e-05,1.2588104575746577e-107,-0.0013082961206230047,0.004333231455568752
1.4850000000000002e-05,9.106680394072825e-108,-0.0017922166406690834,0.004514826709937128
1.485818181818182e-05,6.5096268215239296e-108,-0.00229461249384076,0.004702777063053529
1.4866363636363638e-05,4.600699323053209e-108,-0.0028104232392438403,0.004897266288955634
1.4874545454545457e-05,3.2160393578412156e-108,-0.0033339943386001525,0.005098441740038934
1.4882727272727275e-05,2.223839010499353e-108,-0.0038591085554887817,0.005306487828399148
1.4890909090909093e-05,1.5209890814260235e-108,-0.004379027892050673,0.005521557413077437
1.4899090909090911e-05,1.0285931171869013e-108,-0.004886546254868452,0.005743834334795098
1.490727272727273e-05,6.873762030649051e-109,-0.0053740528932954565,0.005973477052909243
1.4915454545454548e-05,4.534995473622529e-109,-0.005833606493329119,0.006210667696685377
1.4923636363636366e-05,2.9498907122796903e-109,-0.006257019639907915,0.006455570220266856
1.4931818181818184e-05,1.8881815543072465e-109,-0.006635953182249438,0.006708363993793027
1.4940000000000003e-05,1.1859893464055872e-109,-0.006962019852807158,0.006969218141720587
1.4948181818181821e-05,7.279935291720252e-110,-0.007226896303130925,0.007238308337099149
1.495636363636364e-05,4.339335679498874e-110,-0.007422442532130813,0.0075158083186485205
1.4964545454545457e-05,2.4856044959855306e-110,-0.00754082749692757,0.007801889244889453
1.4972727272727276e-05,1.342653966332593e-110,-0.0075746595167532176,0.008096728676174288
1.4980909090909094e-05,6.574363617391898e-111,-0.007517119909494405,0.008400492563519877
1.498909090909091e-05,2.6178351517778847e-111,-0.007362098141781167,0.008713361262574574
1.4997272727272729e-05,4.5431387166585e-112,-0.007104326630377629,0.009035494945308966
1.5005454545454547e-05,-6.283652737545255e-112,-0.006739513208368325,0.009367075513295377
1.5013636363636365e-05,-1.0822554349385763e-111,-0.006264469167510862,0.009708256899527038
1.5021818181818184e-05,-1.1884232882788205e-111,-0.005677230711255851,0.010059221097151858
1.5030000000000002e-05,-1.1171841666566937e-111,-0.0049771716042260016,0.010420115435741055
1.503818181818182e-05,-9.683209219807273e-112,-0.004165104786039755,0.010791120365481107
1.5046363636363638e-05,-7.975887034783562e-112,-0.0032433707325763513,0.01117237632192747
1.5054545454545457e-05,-6.339306418783179e-112,-0.0022159103980383633,0.01156406042817999
1.5062727272727275e-05,-4.9047689305520245e-112,-0.0010883206579601417,0.01196630598290175
1.5070909090909093e-05,-3.7143667093146787e-112,0.00013210970237676118,0.012379284883634717
1.5079090909090911e-05,-2.7631534593915336e-112,0.0014363852473868192,0.01280312306755824
1.508727272727273e-05,-2.0241720597317225e-112,0.0028138119916609047,0.013237985232398173
1.5095454545454548e-05,-1.4627004682510992e-112,0.004252029697527835,0.013683989716203819
1.5103636363636366e-05,-1.0438704498010696e-112,0.005737069452971041,0.014141292007304688
1.5111818181818184e-05,-7.363298101902653e-113,0.00725343730684274,0.014610002562145714
1.5120000000000003e-05,-5.136337553646347e-113,0.008784224401168779,0.01509026565562631
1.5128181818181821e-05,-3.5440600036421195e-113,0.010311243675779576,0.01558218350456018
1.5136363636363639e-05,-2.4189439858823728e-113,0.011815192832592743,0.016085887211698856
1.5144545454545457e-05,-1.632824863559856e-113,0.013275842840284748,0.01660147029244397
1.5152727272727276e-05,-1.0895505924991973e-113,0.014672250840071836,0.01712904880126346
1.5160909090909094e-05,-7.181734146577979e-114,0.01598299588564763,0.017668706962341397
1.5169090909090912e-05,-4.67098829982633e-114,0.017186435521229587,0.018220544021785644
1.5177272727272729e-05,-2.9929493704126606e-114,0.018260980777766788,0.018784634175615877
1.5185454545454547e-05,-1.885022908667891e-114,0.01918538675557131,0.019361058246105258
1.5193636363636365e-05,-1.1631260793963196e-114,0.019939055569065826,0.019949879504083206
1.5201818181818184e-05,-6.996384123050306e-115,0.020502348063193437,0.020551158899832812
1.5210000000000002e-05,-4.070489852825236e-115,0.020856900378491347,0.021164947715950348
1.521818181818182e-05,-2.2601144395146986e-115,0.020985941149928453,0.021791285766158748
1.5226363636363638e-05,-1.167365033498401e-115,0.020874604880125033,0.022430211117346523
1.5234545454545457e-05,-5.2866263816056e-116,0.02051023683690009,0.023081741375132803
1.5242727272727275e-05,-1.7165531925208036e-116,0.019882684694100476,0.02374590000810133
1.5250909090909093e-05,1.4748747670440394e-117,0.018984572068588414,0.024422681537784468
1.525909090909091e-05,1.0099405771397058e-116,0.017811549109571688,0.02511209331369801
1.526727272727273e-05,1.3089978656387538e-116,0.016362515372755484,0.025814106088744515
1.5275454545454548e-05,1.3109048833422135e-116,0.014639810363702838,0.026528709458672233
1.5283636363636366e-05,1.1726371519221091e-116,0.012649367363871868,0.02725584990438319
1.5291818181818184e-05,9.830260142705951e-117,0.010400826459462501,0.027995497550022078
1.5300000000000003e-05,7.893678626655822e-117,0.007907603076649847,0.02874757426662372
1.530818181818182e-05,6.143700998012923e-117,0.005186908784940065,0.029512028942166816
1.531636363636364e-05,4.667455771507587e-117,0.002259721659904113,0.03028875864539275
1.5324545454545457e-05,3.476898187709777e-117,-0.0008492959072237379,0.031077689257685545
1.5332727272727276e-05,2.547307255645456e-117,-0.0041119334085838125,0.03187869297524177
1.5340909090909094e-05,1.8393157195304684e-117,-0.007496623172254055,0.03269167094050301
1.5349090909090912e-05,1.3108424977579299e-117,-0.010968686057386132,0.03351647050385295
1.535727272727273e-05,9.23000866704541e-118,-0.014490631089377629,0.03435296642004123
1.536545454545455e-05,6.425412634949132e-118,-0.018022507415705668,0.03520098129161369
1.5373636363636367e-05,4.424023240353418e-118,-0.021522306132330506,0.03606036196601532
1.5381818181818185e-05,3.0131243480555445e-118,-0.02494640869809236,0.036930906442288934
1.5390000000000003e-05,2.0298653806662258e-118,-0.028250077832956758,0.03781243231410348
1.539818181818182e-05,1.3521777184058845e-118,-0.031387985998394846,0.03870471314500347
1.540636363636364e-05,8.901620488500974e-119,-0.03431477579789901,0.039607536142480575
1.5414545454545458e-05,5.786135227179418e-119,-0.03698564592590671,0.04052065060697
1.5422727272727276e-05,3.7087765060477407e-119,-0.039356955647290644,0.041443812477900875
1.5430909090909095e-05,2.3398618865076167e-119,-0.0413868402196786,0.042376746954581504
1.5439090909090913e-05,1.4491292329080656e-119,-0.04303582918913365,0.043319178107761744
1.544727272727273e-05,8.77548256775658e-120,-0.04426745910720995,0.04427080717777481
1.5455454545454546e-05,5.1648538218583324e-120,-0.04504887194405563,0.0452313260713675
1.5463636363636364e-05,2.925449881402194e-120,-0.04535139031670759,0.04620041218875775
1.5471818181818183e-05,1.566937676918647e-120,-0.04515106062115711,0.04717772529917817
1.548e-05,7.655678503306453e-121,-0.04442915525662519,0.0481629190611401
1.548818181818182e-05,3.102477377556671e-121,-0.043172625364406206,0.04915562146321635
1.5496363636363637e-05,6.521921857137738e-122,-0.04137449587329306,0.05015546250938653
1.5504545454545456e-05,-5.548660353818792e-122,-0.03903419514859863,0.05116203909519886
1.5512727272727274e-05,-1.0534175728190316e-121,-0.036157812179616215,0.05217495766137001
1.5520909090909092e-05,-1.1689601882799519e-121,-0.03275827500631913,0.053193785021218194
1.552909090909091e-05,-1.094341006298047e-121,-0.028855444973307942,0.05421810416845001
1.553727272727273e-05,-9.397846618940502e-122,-0.02447612239844776,0.05524745315288375
1.5545454545454547e-05,-7.651374718832743e-122,-0.019653960344189064,0.056281391688121
1.5553636363636365e-05,-6.003352351685757e-122,-0.014429284368154835,0.05731943066504018
1.5561818181818183e-05,-4.581692269989242e-122,-0.008848817391287721,0.058361106764103776
1.5570000000000002e-05,-3.420828961657997e-122,-0.0029653101401093665,0.059405905579585264
1.557818181818182e-05,-2.508104479850423e-122,0.003162921023576417,0.06045334111772268
1.5586363636363638e-05,-1.8104301799684443e-122,0.009472545696140817,0.06150287576342905
1.5594545454545456e-05,-1.288882806208715e-122,0.01589585588417889,0.0625540013525818
1.5602727272727275e-05,-9.061077468373256e-123,0.02236148139712242,0.06360615933654633
1.5610909090909093e-05,-6.295768387655486e-123,0.028795176951799877,0.06465882006231216
1.561909090909091e-05,-4.325678127229874e-123,0.03512067251376993,0.0657114064736651
1.562727272727273e-05,-2.9398062325615316e-123,0.04126057723856354,0.06676336831859618
1.5635454545454548e-05,-1.9763509869877134e-123,0.047137326319299594,0.06781411257037424
1.5643636363636366e-05,-1.314054401455579e-123,0.052674159114628125,0.06886306950378297
1.5651818181818184e-05,-8.637419726299179e-124,0.05779611614038109,0.06990963273146368
1.5660000000000003e-05,-5.608818411245823e-124,0.06243104187577122,0.07095321443950747
1.566818181818182e-05,-3.5943335390201063e-124,0.0665105798745832,0.07199319752653162
1.567636363636364e-05,-2.26968438883351e-124,0.06997114639539045,0.07302897775011852
1.5684545454545457e-05,-1.4091826529330303e-124,0.07275486868172573,0.07405992994541098
1.5692727272727276e-05,-8.575322712885566e-125,0.07481047413991299,0.07508543538737031
1.5700909090909094e-05,-5.090480267324463e-125,0.07609411698258899,0.0761048634737621
1.5709090909090912e-05,-2.9259123146271304e-125,0.07657012943040356,0.07711758323089973
1.571727272727273e-05,-1.6080641857383118e-125,0.07621168529043815,0.07812296119760678
1.572545454545455e-05,-8.253084571205184e-126,0.07500136465178854,0.0791203566678698
1.5733636363636367e-05,-3.750592864789662e-126,0.07293160954760788,0.08010913583486351
1.5741818181818185e-05,-1.2734579596405322e-126,0.07000506171667546,0.0810886510448539
1.5750000000000003e-05,1.8888989328968377e-139,0.06623477504122043,0.08205827058201358
1.575818181818182e-05,5.805853023910678e-127,0.06164429682343056,0.0830173428755271
1.576636363636364e-05,7.795837417701845e-127,0.05626761377034324,0.08396524065503533
1.5774545454545458e-05,7.820969114135195e-127,0.050148960362831285,0.08490131167933282
1.5782727272727276e-05,6.947508392582097e-127,0.043342489164307614,0.08582493539597971
1.5790909090909095e-05,5.763262918378844e-127,0.03591180455203903,0.0867354623191396
1.5799090909090913e-05,4.571379843465455e-127,0.027929363300737017,0.0876322808099765
1.580727272727273e-05,3.5109160779901474e-127,0.019475747385651103,0.08851474769984255
1.581545454545455e-05,2.630381184833528e-127,0.01063881627154651,0.08938226239197851
1.5823636363636368e-05,1.9315159404220165e-127,0.001512747785528493,0.0902341916850225
1.5831818181818183e-05,1.3945453008012385e-127,-0.007803021593022706,0.09106994809842668
1.584e-05,9.921265140064823e-128,-0.017204944580889184,0.09188891208534394
1.584818181818182e-05,6.965641608532812e-128,-0.026586585172481123,0.0926905113162629
1.5856363636363637e-05,4.831387505734142e-128,-0.035839899763130116,0.09347414357021132
1.5864545454545456e-05,3.312867197196805e-128,-0.04485656103440721,0.09423925368014316
1.5872727272727274e-05,2.246674122877371e-128,-0.05352930744994926,0.09498526035320234
1.5880909090909092e-05,1.5071518206711922e-128,-0.061753300572075696,0.09571162758837011
1.588909090909091e-05,1.0000759183418967e-128,-0.06942747201809092,0.09641779850214886
1.589727272727273e-05,6.562140061454824e-129,-0.07645584174031284,0.09710325826910356
1.5905454545454547e-05,4.25559713217791e-129,-0.08274878944147074,0.09776747772635624
1.5913636363636365e-05,2.7252746918880726e-129,-0.08822426132915308,0.09840996525058085
1.5921818181818183e-05,1.72129596812311e-129,-0.0928088950674014,0.09903022249612653
1.593e-05,1.0703423591417019e-129,-0.09643904669421856,0.09962778309229335
1.593818181818182e-05,6.535799100075534e-130,-0.0990617044305476,0.10020218235352939
1.5946363636363638e-05,3.9043436568094435e-130,-0.10063527569512763,0.10075298123846373
1.5954545454545456e-05,2.268689702099698e-130,-0.10113023524275114,0.10127975127831419
1.5962727272727275e-05,1.2704143944304708e-130,-0.10052962413953509,0.10178208286060891
1.5970909090909093e-05,6.744521623638286e-131,-0.09882939125336494,0.10225958597871188
1.597909090909091e-05,3.2845783347927104e-131,-0.09603857104330149,0.1027118825622326
1.598727272727273e-05,1.3494658151834722e-131,-0.09217929364862286,0.10313862298354913
1.5995454545454548e-05,3.240640797436422e-132,-0.08728662557445695,0.10353946282584647
1.6003636363636366e-05,-1.7365998924611328e-132,-0.08140824161326572,0.10391409441974024
1.6011818181818184e-05,-3.7662940778680185e-132,-0.07460393099537295,0.10426220909059544
1.6020000000000002e-05,-4.237119535010457e-132,-0.06694494309239829,0.10458354236765532
1.602818181818182e-05,-3.95384989351133e-132,-0.058513180270047725,0.10487782335749345
1.603636363636364e-05,-3.3654453414097685e-132,-0.04940024766699773,0.10514483169588165
1.6044545454545457e-05,-2.7088773310218494e-132,-0.03970637173153939,0.10538433622861305
1.6052727272727276e-05,-2.0983780631396663e-132,-0.029539201245845557,0.10559616128662085
1.6060909090909094e-05,-1.5797969540151623e-132,-0.019012506280011665,0.10578011729667453
1.6069090909090912e-05,-1.1629627467136886e-132,-0.008244792017885305,0.10593607357339785
1.607727272727273e-05,-8.404031433075087e-133,0.002642154339270718,0.10606388381214396
1.608545454545455e-05,-5.977602190155128e-133,0.013524764376970526,0.10616346232362263
1.6093636363636367e-05,-4.1926530945920485e-133,0.024279217028845175,0.10623470756600034
1.6101818181818185e-05,-2.9035884188517813e-133,0.03478297449191425,0.10627757860986095
1.6110000000000003e-05,-1.987238269996644e-133,0.044916304931668045,0.10629201993792484
1.611818181818182e-05,-1.3448727235773386e-133,0.05456377154682166,0.10627803492556309
1.612636363636364e-05,-9.002496380144359e-134,0.06361566799125444,0.10623561507177477
1.6134545454545458e-05,-5.961121911807859e-134,0.07196938086626053,0.10616480741327099
1.6142727272727276e-05,-3.904006344232105e-134,0.07953066098968366,0.10606565115254771
1.6150909090909095e-05,-2.527786230982973e-134,0.08621478640540159,0.1059382361857906
1.6159090909090913e-05,-1.6170652286200002e-134,0.09194760159852826,0.10578264977166693
1.616727272727273e-05,-1.0210194467521951e-134,0.09666641910642029,0.10559902373365809
1.617545454545455e-05,-6.353690855924866e-135,0.10032077163750926,0.10538749338042323
1.6183636363636368e-05,-3.8886221249098895e-135,0.10287300490052345,0.10514823142535563
1.6191818181818186e-05,-2.3336032874590342e-135,0.10429870357465197,0.104881420844545
1.62e-05,-1.3669663468879526e-135,0.10458694518341184,0.10458727411985526
1.620818181818182e-05,-7.761127495111595e-136,0.1037403790366414,0.10426602112598263
1.6216363636363637e-05,-4.220898235405423e-136,0.10177512984040588,0.10391791292424173
1.6224545454545456e-05,-2.1512646379533168e-136,0.0987205280074884,0.10354322513122041
1.6232727272727274e-05,-9.793614850443932e-137,0.09461867109552563,0.10314224614242287
1.6240909090909092e-05,-3.444937355806725e-137,0.08952382312041823,0.10271529577862241
1.624909090909091e-05,-2.2936232275137268e-138,0.08350166070535872,0.10226269847398552
1.625727272727273e-05,1.2170421613426586e-137,0.07662837709842062,0.10178481635018112
1.6265454545454547e-05,1.7088675447984895e-137,0.06898965699418923,0.10128200853494287
1.6273636363636365e-05,1.7203542650294866e-137,0.06067953680018934,0.1007546772055807
1.6281818181818183e-05,1.5185289045816207e-137,0.05179916647285126,0.10020321478452773
1.629e-05,1.2468687331530059e-137,0.04245549028995939,0.09962806094872476
1.629818181818182e-05,9.77077761644499e-138,0.032759864910278005,0.09902963995413992
1.6306363636363638e-05,7.405658849613508e-138,0.02282663378374447,0.0984084261484647
1.6314545454545456e-05,5.471859859161597e-138,0.012771677408890906,0.09776487408571957
1.6322727272727275e-05,3.9609478899289526e-138,0.002710959083965689,0.09709948972604282
1.6330909090909093e-05,2.818317797496143e-138,-0.007240914335094864,0.09641275629722837
1.633909090909091e-05,1.975567774150017e-138,-0.016972097568496762,0.09570520813182148
1.634727272727273e-05,1.3664427326141443e-138,-0.0263748595182993,0.09497735540252453
1.6355454545454548e-05,9.336090738724763e-139,-0.035346865864250884,0.0942297574429539
1.6363636363636366e-05,6.3056911591880855e-139,-0.043792375346227395,0.09346294952138483
1.6371818181818184e-05,4.212009825250504e-139,-0.05162333482789576,0.09267751252149982
1.6380000000000002e-05,2.7830646292222666e-139,-0.05876035983099331,0.09187400482264374
1.638818181818182e-05,1.818961650235981e-139,-0.06513358899498439,0.09105302537914328
1.639636363636364e-05,1.1756530864737347e-139,-0.07068340282452236,0.09021515354947368
1.6404545454545457e-05,7.510509681434611e-140,-0.07536099910698561,0.08936100290008586
1.6412727272727275e-05,4.738521558555482e-140,-0.07912881948293204,0.0884911714804886
1.6420909090909094e-05,2.94904816341577e-140,-0.08196082380138003,0.08760628407755586
1.6429090909090912e-05,1.807353329382087e-140,-0.0838426110568391,0.08670695498340757
1.643727272727273e-05,1.0880735732274978e-140,-0.08477138785366768,0.08579381692169265
1.644545454545455e-05,6.411547734246274e-141,-0.08475578744404813,0.08486749781960679
1.6453636363636367e-05,3.6777445017890754e-141,-0.08381554440827912,0.08392863519744312
1.6461818181818185e-05,2.0356508985042362e-141,-0.08198103196150854,0.0829778678579905
1.6470000000000003e-05,1.0707551770371343e-141,-0.07929267065288265,0.08201583515038811
1.647818181818182e-05,5.1929960182323734e-142,-0.07580021884727205,0.08104318385501064
1.648636363636364e-05,2.1560460700611552e-142,-0.07156195682497254,0.08006055237597685
1.6494545454545458e-05,5.707183839081482e-143,-0.06664377758290403,0.07906859245446396
1.6502727272727276e-05,-1.8812525809784979e-143,-0.06111819845701455,0.07806793898374985
1.6510909090909095e-05,-4.94213758344127e-143,-0.05506330849853174,0.07705924555609327
1.6519090909090913e-05,-5.658582890890721e-143,-0.048561667118706055,0.07604314120278748
1.652727272727273e-05,-5.268651659487857e-143,-0.041699169863754784,0.07502027819590344
1.653545454545455e-05,-4.446812703182486e-143,-0.03456389729350973,0.07399127756773294
1.6543636363636368e-05,-3.539333479774755e-143,-0.02724496281706233,0.07295678707351501
1.6551818181818186e-05,-2.707117966307882e-143,-0.019831374993239025,0.07191741781653145
1.6560000000000004e-05,-2.0106749858182126e-143,-0.012410929243079197,0.07087380985314148
1.6568181818181822e-05,-1.4594400601058245e-143,-0.005069143158755239,0.06982656262176569
1.6576363636363637e-05,-1.039512854072047e-143,0.0021117513555052427,0.06877630535498161
1.6584545454545455e-05,-7.285883463618114e-144,0.00905374699154895,0.06772362426709859
1.6592727272727274e-05,-5.034789067484348e-144,0.015683920139327297,0.06666913474293581
1.6600909090909092e-05,-3.434882036351928e-144,0.021935200716330372,0.06561340836900204
1.660909090909091e-05,-2.3156650149429052e-144,0.02774704474773853,0.0645570438029124
1.661727272727273e-05,-1.5435987115968463e-144,0.033066003286904365,0.06350059673205331
1.6625454545454547e-05,-1.0177329682233902e-144,0.03784618288333664,0.06244464639388493
1.6633636363636365e-05,-6.63770220662902e-145,0.04204959444880585,0.061389731413715204
1.6641818181818183e-05,-4.281849819026461e-145,0.045646389016416024,0.060336409141263724
1.665e-05,-2.7309695542261252e-145,0.04861498050802308,0.059285200061709016
1.665818181818182e-05,-1.7210699856087304e-145,0.050942057198775606,0.058236637429260774
1.6666363636363638e-05,-1.0706727251041313e-145,0.05262248507171598,0.0571912225742069
1.6674545454545456e-05,-6.565725116894007e-146,0.05365910766988656,0.05614946273614242
1.6682727272727275e-05,-3.9609940155853834e-146,0.05406244835976608,0.05511183912037225
1.6690909090909093e-05,-2.3440117174066913e-146,0.05385032210182667,0.05407883134365573
1.669909090909091e-05,-1.354802991015906e-146,0.0530473648676473,0.05305089954622928
1.670727272727273e-05,-7.597074552082597e-147,0.05168448973696437,0.052028494439501194
1.6715454545454548e-05,-4.087453078009669e-147,0.049798279443544674,0.05101205417863715
1.6723636363636366e-05,-2.0676695399569356e-147,0.04743032570978355,0.050001999619844154
1.6731818181818184e-05,-9.41554969601434e-148,0.044626526113129755,0.04899874602863674
1.6740000000000002e-05,-3.406258731588204e-148,0.04143634946216788,0.04800268378770741
1.674818181818182e-05,-4.058188377279329e-149,0.03791208072840655,0.04701420438458451
1.675636363636364e-05,9.271931098797751e-149,0.0341080564859769,0.04603366743253889
1.6764545454545457e-05,1.3782023107112574e-148,0.030079901562335896,0.04506143977529571
1.6772727272727275e-05,1.3950712446647297e-148,0.025883777207650446,0.04409785026648221
1.6780909090909094e-05,1.2244081093564099e-148,0.021575650559718842,0.043143240274155746
1.6789090909090912e-05,9.954331529607398e-149,0.01721059452768769,0.04219790818412973
1.679727272727273e-05,7.707602072455345e-149,0.012842126455521498,0.041262169106891115
1.680545454545455e-05,5.765757132152761e-149,0.008521593070435766,0.04033629150468288
1.6813636363636367e-05,4.201716558960827e-149,0.004297608288468767,0.03942056351824514
1.6821818181818185e-05,2.9984230655559895e-149,0.00021554945581055314,0.03851522444841634
1.6830000000000003e-05,2.1025786785466103e-149,-0.0036828834324744027,0.03762053484627765
1.683818181818182e-05,1.4522124459522122e-149,-0.0073600420579628695,0.036736705793341866
1.684636363636364e-05,9.895572396791865e-150,-0.010782635242904074,0.03586396974754688
1.6854545454545458e-05,6.660109193517303e-150,-0.013921964212648151,0.03500251065295749
1.6862727272727276e-05,4.430847969682698e-150,-0.01675408735923276,0.03415253251182169
1.6870909090909094e-05,2.9151790390277974e-150,-0.019259915214312126,0.03331419331169204
1.6879090909090913e-05,1.8972126510577273e-150,-0.02142523729399855,0.032487668401096424
1.688727272727273e-05,1.2213473289623358e-150,-0.023240683369273568,0.03167309105121236
1.689545454545455e-05,7.775623906910988e-151,-0.024701622532617647,0.03087060794471668
1.6903636363636368e-05,4.8932384090314765e-151,-0.025808004165186544,0.030080328898197773
1.6911818181818186e-05,3.041495433615641e-151,-0.026564145551675664,0.029302372120219095
1.6920000000000004e-05,1.8651373930498707e-151,-0.026978471436123103,0.02853682522224353
1.6928181818181822e-05,1.126556666245952e-151,-0.02706321125720552,0.0277837783477983
1.693636363636364e-05,6.686339785197792e-152,-0.026834060143707202,0.02704329811111693
1.6944545454545455e-05,3.886150307177878e-152,-0.026309809989115616,0.026315447225210876
1.6952727272727274e-05,2.2003111156548927e-152,-0.02551195705967782,0.02560027244981864
1.6960909090909092e-05,1.2035897138433515e-152,-0.024464292625255547,0.024897809929454187
1.696909090909091e-05,6.270383779471426e-153,-0.023192483040901803,0.024208087629625133
1.697727272727273e-05,3.025978731473987e-153,-0.021723645554525006,0.023531116211424313
1.6985454545454547e-05,1.2661466683611074e-153,-0.020085925878760146,0.022866905813276894
1.6993636363636365e-05,3.607802849316956e-154,-0.018308083250702337,0.022215442909916283
1.7001818181818183e-05,-6.688155516619748e-155,-0.01641908831980647,0.02157672068284418
1.701e-05,-2.3776797109741484e-154,-0.014447738761033915,0.02095070291192291
1.701818181818182e-05,-2.7837033859967007e-154,-0.012422297016760673,0.020337366597589532
1.7026363636363638e-05,-2.5891664235721668e-154,-0.010370154036911971,0.019736654487086683
1.7034545454545456e-05,-2.167869700351138e-154,-0.008317522322276477,0.019148528090096935
1.7042727272727274e-05,-1.706586643015733e-154,-0.006289160990992658,0.018572910925164325
1.7050909090909093e-05,-1.2890200108716903e-154,-0.004308134992637699,0.018009749630070303
1.705909090909091e-05,-9.445932759104995e-155,-0.002395609997720137,0.017458950406660238
1.706727272727273e-05,-6.760686790447503e-155,-0.0005706839017628408,0.016920445586694456
1.7075454545454548e-05,-4.746471584977009e-155,0.0011497446889305943,0.016394126038408043
1.7083636363636366e-05,-3.2782833421314756e-155,0.0027510711704851337,0.015879910322161926
1.7091818181818184e-05,-2.2319776278373966e-155,0.0042210435506641756,0.015377675987618291
1.7100000000000002e-05,-1.5000637754264474e-155,0.005549786129888225,0.014887328350788003
1.710818181818182e-05,-9.961525582218654e-156,0.0067297898657786995,0.014408733649849416
1.711636363636364e-05,-6.540542120865111e-156,0.00775587142162596,0.013941784500285279
1.7124545454545457e-05,-4.247480408950832e-156,0.008625103237253266,0.013486337788693046
1.7132727272727275e-05,-2.7285599947194467e-156,0.00933671724579635,0.013042274014266908
1.7140909090909094e-05,-1.7337097559464287e-156,0.009891985090485923,0.012609442587543198
1.7149090909090912e-05,-1.089216079953053e-156,0.010294077871081374,0.012187712537718907
1.715727272727273e-05,-6.76215399307035e-157,0.0105479085705194,0.0117769275565834
1.716545454545455e-05,-4.144647074509637e-157,0.010659960379806401,0.011376945930136498
1.7173636363636367e-05,-2.5045906649216613e-157,0.01063810415516375,0.010987607241303822
1.7181818181818185e-05,-1.4893429546821935e-157,0.010491408208594923,0.010608759854443
1.7190000000000003e-05,-8.69064252039111e-158,0.010229943554663806,0.010240240682444774
1.719818181818182e-05,-4.9558568231289e-158,0.009864587616164497,0.009881889093520621
1.720636363636364e-05,-2.744319128561955e-158,0.009406829233770531,0.009533540581070326
1.7214545454545458e-05,-1.460372091896713e-158,0.008868577634265216,0.009195026550143792
1.7222727272727276e-05,-7.328510793303282e-159,0.008261977793414355,0.008866182126636622
1.7230909090909094e-05,-3.333692107161143e-159,0.007599234387947832,0.008546831890511841
1.7239090909090913e-05,-1.233201927660567e-159,0.006892446271536683,0.008236811450544
1.724727272727273e-05,-1.988236447872412e-160,0.006153453137139853,0.00793593979637111
1.725545454545455e-05,2.55472608920817e-160,0.00539369574760284,0.007644053672557985
1.7263636363636367e-05,4.087728812281475e-160,0.0046240908326981136,0.007360967795692663
1.7271818181818186e-05,4.1700723304379563e-160,0.0038549214684439497,0.007086520512587396
1.7280000000000004e-05,3.641810468137918e-160,0.0030957434777662348,0.0068205236471628895
1.7288181818181822e-05,2.9324594609553135e-160,0.0023553081242713393,0.006562817445814597
1.729636363636364e-05,2.243943043960544e-160,0.001641501116581393,0.006313212259412307
1.730454545454546e-05,1.6568939539968334e-160,0.0009612977024254002,0.0060715503849456745
1.7312727272727277e-05,1.190944860052703e-160,0.0003207334121108832,0.005837642131710274
1.7320909090909092e-05,8.378726496958982e-161,-0.0002751101877114195,0.005611331879198187
1.732909090909091e-05,5.790530785303925e-161,-0.0008221055452326235,0.005392431308784308
1.733727272727273e-05,3.94076855423796e-161,-0.0013170659472262227,0.005180786825738848
1.7345454545454547e-05,2.6455077441679595e-161,-0.0017577202107401835,0.004976212848670956
1.7353636363636365e-05,1.7539627832560591e-161,-0.0021426764410154295,0.0047785576956752614
1.7361818181818183e-05,1.1493870167949303e-161,-0.002471376131951485,0.0045876398089519715
1.737e-05,7.448478951765445e-162,-0.002744039939121156,0.004403309283205467
1.737818181818182e-05,4.774580691229157e-162,-0.002961606485474278,0.0042253897632855576
1.7386363636363638e-05,3.027471869969518e-162,-0.003125665567603703,0.004053732993253205
1.7394545454545456e-05,1.8985150457993664e-162,-0.0032383871171897238,0.003888168867093005
1.7402727272727274e-05,1.1769065318410236e-162,-0.0033024472396433495,0.0037285506901744902
1.7410909090909093e-05,7.206825888730602e-163,-0.0033209526018800617,0.0035747154988030366
1.741909090909091e-05,4.3545533795393e-163,-0.0032973643755698076,0.0034265181379595088
1.742727272727273e-05,2.5921154644852204e-163,-0.0032354228632274014,0.0032838035111879514
1.7435454545454547e-05,1.5166722438970905e-163,-0.003139073844294034,0.003146428070915178
1.7443636363636366e-05,8.694047998283842e-164,-0.003012397579101638,0.0030142451364611215
1.7451818181818184e-05,4.858352468021667e-164,-0.0028595413024805286,0.0028871129436927696
1.7460000000000002e-05,2.6259241884726966e-164,-0.0026846559278928235,0.002764893599515237
1.746818181818182e-05,1.3545220236504892e-164,-0.002491837569396388,0.002647447421156482
1.747636363636364e-05,6.499537518098797e-165,-0.0022850743744042747,0.0025346455062735425
1.7484545454545457e-05,2.7344785872507645e-165,-0.0020681990469066268,0.0024263506822416255
1.7492727272727275e-05,8.248468259021911e-166,-0.0018448473302153118,0.002322443088971639
1.7500909090909094e-05,-6.584022719022737e-167,-0.00161842261185721,0.0022227886281540724
1.7509090909090912e-05,-4.1884383787371286e-166,-0.0013920667122818556,0.0021272764078383113
1.751727272727273e-05,-5.0433067122391586e-166,-0.0011686368246776706,0.0020357761043416378
1.7525454545454548e-05,-4.692105379832543e-166,-0.0009506884863301618,0.0019481856289836187
1.7533636363636367e-05,-3.8992435211805594e-166,-0.0007404643833325697,0.0018643792669692245
1.7541818181818185e-05,-3.036699753489163e-166,-0.0005398887206105225,0.0017842635201283207
1.7550000000000003e-05,-2.265355775849504e-166,-0.0003505668284993445,0.00170771824634698
1.755818181818182e-05,-1.6379746711697925e-166,-0.00017378962569446769,0.0016346583265044875
1.756636363636364e-05,-1.1560522289502135e-166,-1.0542516298620767e-05,0.0015649702780538568
1.7574545454545458e-05,-8.000356712450033e-167,0.00013848173421899187,0.0014985772031889334
1.7582727272727276e-05,-5.4452627919845186e-167,0.0002728666233258387,0.0014353734793593885
1.7590909090909094e-05,-3.6526993507458675e-167,0.0003924525306259697,0.0013752903764242953
1.7599090909090913e-05,-2.4184008753527835e-167,0.0004973148340130051,0.0013182314297975
1.760727272727273e-05,-1.5819764749342628e-167,0.0005877400247898349,0.0012641361671987907
1.761545454545455e-05,-1.0231023181138353e-167,0.0006642003168993836,0.0012129186481321006
1.7623636363636367e-05,-6.544185165918791e-168,0.0007273272324009661,0.0011645269083651964
1.7631818181818186e-05,-4.1407152687685204e-168,0.0007778846268950236,0.0011188869112015761
1.7640000000000004e-05,-2.591467002554252e-168,0.0008167415954809818,0.001075955584898852
1.7648181818181822e-05,-1.603734069429444e-168,0.0008448456727649572,0.0010356720930400033
1.765636363636364e-05,-9.80816556788516e-169,0.0008631967101377222,0.0009980026850890506
1.766454545454546e-05,-5.922804894996872e-169,0.0008728217807129056,0.0009629007795332605
1.7672727272727277e-05,-3.526871560974388e-169,0.0008747514276078652,0.0009303422450053246
1.7680909090909095e-05,-2.0671373682655683e-169,0.0008699975352775929,0.0009002953338258603
1.768909090909091e-05,-1.189340931827902e-169,0.0008595330669371358,0.0008727454352158711
1.769727272727273e-05,-6.69099013589168e-170,0.0008442738742348846,0.0008476754403822249
1.7705454545454547e-05,-3.658453587712655e-170,0.0008250627487099276,0.0008250794402673969
1.7713636363636365e-05,-1.9250956434978594e-170,0.0008026558485587025,0.0008049536950336399
1.7721818181818183e-05,-9.579249960433319e-171,0.0007777115991622388,0.000787299174331862
1.773e-05,-4.34794061079565e-171,0.0007507821319369219,0.0007721229902606346
1.773818181818182e-05,-1.6369245918014296e-171,0.0007223072935628993,0.000759430088397645
1.7746363636363638e-05,-3.1968022659779656e-172,0.0006926112266549412,0.0007492348084514362
1.7754545454545456e-05,2.5266696196820962e-172,0.0006619014935602468,0.0007415424063575797
1.7762727272727274e-05,4.4563676149067993e-172,0.0006302706872406169,0.000736370308879411
1.7770909090909093e-05,4.594098523698095e-172,0.0005977004471290299,0.0007337204316823229
1.777909090909091e-05,3.995520754338997e-172,0.000564067773420648,0.0007336096184776012
1.778727272727273e-05,3.187639531735582e-172,0.0005291535104233532,0.0007360338570405755
1.7795454545454547e-05,2.41101802208634e-172,0.0004926528482983068,0.0007410072522074104
1.7803636363636366e-05,1.7574175237827963e-172,0.0004541876727057165,0.0007485192145265482
1.7811818181818184e-05,1.2460261838666434e-172,0.0004133205734741683,0.0007585810782558467
1.7820000000000002e-05,8.642765830413797e-173,0.0003695703063802787,0.0007711772193256565
1.782818181818182e-05,5.886906571398639e-173,0.00032242848642134687,0.0007863181507383178
1.783636363636364e-05,3.947693565694088e-173,0.0002713772765718339,0.0008039864528969117
1.7844545454545457e-05,2.6109299308762313e-173,0.00021590782294642833,0.0008241949493152857
1.7852727272727275e-05,1.705225285064544e-173,0.00015553917558884251,0.0008469284040581511
1.7860909090909093e-05,1.1007046380187955e-173,8.983742383734696e-05,0.0008722052411913524
1.7869090909090912e-05,7.025809791546308e-174,1.8434766488227848e-05,0.0009000161813257324
1.787727272727273e-05,4.435892648503326e-174,-5.8951770077033986e-05,0.000930387890279324
1.7885454545454548e-05,2.7704258425372905e-174,-0.0001425022578465698,0.000963320011230619
1.7893636363636366e-05,1.7112597421157491e-174,-0.00023227673242804168,0.0009988490619692685
1.7901818181818185e-05,1.0449770346486592e-174,-0.0003281992937043814,0.001036985581379895
1.7910000000000003e-05,6.303971415271085e-175,-0.00043004373638892484,0.0010777765193364641
1.791818181818182e-05,3.7530241970356346e-175,-0.00053742100058393,0.0011212443987240936
1.792636363636364e-05,2.201651590119013e-175,-0.00064976872501975,0.0011674463741382026
1.7934545454545458e-05,1.2699029869541674e-175,-0.0007663431749232094,0.0012164173907139584
1.7942727272727276e-05,7.179163805514546e-176,-0.0008862138021766384,0.0012682240621068306
1.7950909090909094e-05,3.959152969115667e-176,-0.0010082606773464723,0.0013229137818453933
1.7959090909090913e-05,2.114097262978093e-176,-0.001131175011075888,0.0013805616193098365
1.796727272727273e-05,1.0794118221968133e-176,-0.0012534629560841965,0.0014412272121721026
1.797545454545455e-05,5.1465976789641805e-177,-0.0013734528504812074,0.0015049930195152575
1.7983636363636367e-05,2.17282115524475e-177,-0.0014893060282303778,0.0015719306019730424
1.7991818181818186e-05,6.853758600191339e-178,-0.0015990312833905034,0.0016421288074001162
1.8000000000000004e-05,-1.6424519790343898e-190,-0.0017005030313193808,0.0017156707381283983
1.8008181818181822e-05,-2.6968109082719437e-178,-0.0017914831625080365,0.0017926507687162081
1.801636363636364e-05,-3.3640881384983324e-178,-0.0018696465333980215,0.0018731631205017095
1.802454545454546e-05,-3.1353447191605987e-178,-0.0019326099837815686,0.0019573070070001346
1.8032727272727277e-05,-2.587461757533006e-178,-0.0019779647126593114,0.002045187301699388
1.8040909090909095e-05,-1.9940379784429996e-178,-0.002003311784297531,0.002136907553830494
1.8049090909090913e-05,-1.4693742873702733e-178,-0.002006300474352694,0.00223258276631535
1.805727272727273e-05,-1.0483968538408319e-178,-0.001984669103082115,0.0023323204995106916
1.8065454545454547e-05,-7.296995583144185e-179,-0.001936287939699374,0.0024362452945413675
1.8073636363636365e-05,-4.977873137185607e-179,-0.0018592036998140522,0.0025444685609570497
1.8081818181818183e-05,-3.3388606038638474e-179,-0.001751685097647768,0.0026571237091981602
1.809e-05,-2.2067485550731706e-179,-0.0016122688574385367,0.002774325976197537
1.809818181818182e-05,-1.4393521276676021e-179,-0.001439805535281762,0.002896216891634345
1.8106363636363638e-05,-9.27465863622341e-180,-0.0012335044547954598,0.003022915611273304
1.8114545454545456e-05,-5.908132442684812e-180,-0.0009929770186473267,0.00315457095538814
1.8122727272727274e-05,-3.7222574892866716e-180,-0.0007182776243498537,0.003291306173498093
1.8130909090909093e-05,-2.31976218909143e-180,-0.00040994138800166735,0.0034332764776105187
1.813909090909091e-05,-1.4300116188837359e-180,-6.90178649662656e-05,0.0035806094377055096
1.814727272727273e-05,-8.717103966898089e-181,0.0003029000470996785,0.0037334657015596646
1.8155454545454547e-05,-5.251790233663314e-181,0.0007036528289540906,0.0038919774054184627
1.8163636363636366e-05,-3.124476628744467e-181,0.0011304974688600598,0.004056309636443158
1.8171818181818184e-05,-1.833338599966309e-181,0.001580097749617587,0.004226599329262606
1.8180000000000002e-05,-1.059082952794185e-181,0.002048522393813173,0.004403014992530842
1.818818181818182e-05,-6.007946993061409e-182,0.0025312517037375617,0.004585698545684768
1.819636363636364e-05,-3.3342301059920226e-182,0.0030231932539136665,0.004774820899256368
1.8204545454545457e-05,-1.799876741966197e-182,0.0035187071010807343,0.004970529067893794
1.8212727272727275e-05,-9.363391983244836e-183,0.004011640869138078,0.005172995362059216
1.8220909090909093e-05,-4.618054818816613e-183,0.004495374945563682,0.0053823718982683785
1.822909090909091e-05,-2.0893331263859187e-183,0.004962877892062704,0.005598831420486751
1.823727272727273e-05,-7.974621645033167e-184,0.005406772026820066,0.005822531025729948
1.8245454545454548e-05,-1.779095366119351e-184,0.005819408980161736,0.006053642975844655
1.8253636363636366e-05,8.857032468482995e-185,0.0061929548613773415,0.006292329078867717
1.8261818181818185e-05,1.7845257864894684e-184,0.0065194845038938675,0.006538760261592848
1.8270000000000003e-05,1.8650885262320393e-184,0.006791084081138513,0.0067931026102520135
1.827818181818182e-05,1.6168474469459516e-184,0.00699996120874342,0.007055524934215684
1.828636363636364e-05,1.2785318250129914e-184,0.007138561472890852,0.007326196991851091
1.8294545454545458e-05,9.56045306654301e-185,0.007199690152419121,0.007605284766752707
1.8302727272727276e-05,6.880072361610057e-185,0.007176637736795095,0.007892960905876626
1.8310909090909094e-05,4.812056017077021e-185,0.007063307686297824,0.008189387931524048
1.8319090909090912e-05,3.290904950276293e-185,0.006854344737895266,0.008494740419701377
1.832727272727273e-05,2.209313455094164e-185,0.006545261933486721,0.00880917686297955
1.833545454545455e-05,1.4598788350803371e-185,0.006132564439539443,0.009132872638059184
1.8343636363636367e-05,9.512591920861178e-186,0.005613868141684719,0.00946598169635901
1.8351818181818186e-05,6.120193111500535e-186,0.004988010937416937,0.009808678930652364
1.8360000000000004e-05,3.891348670639788e-186,0.0042551546173046784,0.010161113282862585
1.8368181818181822e-05,2.4465355052519556e-186,0.0034168752224477367,0.010523457738378948
1.837636363636364e-05,1.521435082797437e-186,0.0024762397953397575,0.010895855787198112
1.838454545454546e-05,9.359197422686607e-187,0.0014378675044801057,0.011278476966703595
1.8392727272727277e-05,5.694311919554351e-187,0.00030797322124128225,0.011671458878873804
1.8400909090909095e-05,3.4252416455915794e-187,-0.0009056082386254718,0.01207496598041407
1.8409090909090913e-05,2.0356286007833286e-187,-0.0021934188266698137,0.012489129534454173
1.841727272727273e-05,1.1940572584852606e-187,-0.0035443963390836214,0.012914107219914046
1.842545454545455e-05,6.902991723841935e-188,-0.004945917032242446,0.01335002347390848
1.8433636363636365e-05,3.924886922659977e-188,-0.006383862676035828,0.013797027465153969
1.8441818181818183e-05,2.1881574455712008e-188,-0.007842712640821642,0.014255236260193387
1.845e-05,1.1907744191991853e-188,-0.00930566128212143,0.014724788779425525
1.845818181818182e-05,6.280824014990227e-189,-0.010754760530954591,0.015205794097400133
1.8466363636363638e-05,3.173341579778959e-189,-0.012171087221059,0.01569837917143852
1.8474545454545456e-05,1.5025395512230658e-189,-0.013534934291807885,0.016202644368886417
1.8482727272727274e-05,6.354702573593654e-190,-0.014826024602582085,0.01671870302007226
1.8490909090909093e-05,2.076603924413189e-190,-0.016023745686342076,0.017246645962675045
1.849909090909091e-05,1.2844421627481477e-191,-0.017107403363225793,0.01778657131199977
1.850727272727273e-05,-6.331669422996929e-191,-0.018056491735571664,0.0183385594371381
1.8515454545454547e-05,-8.259260116198659e-191,-0.018850976700478708,0.018902691748030925
1.8523636363636366e-05,-7.724506881284647e-191,-0.01947158975166983,0.019479037085456233
1.8531818181818184e-05,-6.33426272379112e-191,-0.019900128505874016,0.020067658779249164
1.8540000000000002e-05,-4.83185482999157e-191,-0.020119760086982644,0.020668612962275776
1.854818181818182e-05,-3.5175672207555205e-191,-0.02011532324048407,0.021281943638693613
1.855636363636364e-05,-2.4768352064125795e-191,-0.01987362483746805,0.021907692940459005
1.8564545454545457e-05,-1.7001549725558083e-191,-0.01938372626773712,0.022545884438626887
1.8572727272727275e-05,-1.1433331782925076e-191,-0.018637215120656563,0.023196544869864482
1.8580909090909093e-05,-7.557597772556152e-192,-0.017628457515061823,0.023859676407146268
1.858909090909091e-05,-4.921595061628535e-192,-0.01635482646980679,0.02453528891343451
1.859727272727273e-05,-3.1624634404524422e-192,-0.014816901807496324,0.02522336234084822
1.8605454545454548e-05,-2.007332314347686e-192,-0.013018637257761149,0.025923888138465103
1.8613636363636366e-05,-1.2595257234877987e-192,-0.010967490674217529,0.026636823352548876
1.8621818181818185e-05,-7.815987475055851e-193,-0.008674513601008254,0.027362139442954427
1.8630000000000003e-05,-4.797753208723142e-193,-0.006154396819372052,0.028099769994754366
1.863818181818182e-05,-2.9131194252397393e-193,-0.0034254689696480976,0.02884966489822058
1.864636363636364e-05,-1.7491782493772108e-193,-0.000509645875866892,0.02961173384042033
1.8654545454545458e-05,-1.0381125082114285e-193,0.002567671206252063,0.030385903589407192
1.8662727272727276e-05,-6.084683711559459e-194,0.005777749547559454,0.031172059602586566
1.8670909090909094e-05,-3.5180106208544e-194,0.009088731541547233,0.03197010403523067
1.8679090909090912e-05,-2.0029886016901362e-194,0.012465893631455907,0.03277989787388842
1.868727272727273e-05,-1.1202470539020119e-194,0.0158719564924947,0.033601317267401745
1.869545454545455e-05,-6.132514187090876e-195,0.019267444603622612,0.03443419856561298
1.8703636363636367e-05,-3.267964800912448e-195,0.022611092544370243,0.03527839064839836
1.8711818181818185e-05,-1.6804254491774993e-195,0.025860294555676015,0.03613370512379319
1.8720000000000004e-05,-8.211571246091745e-196,0.0289715931219661,0.03699996250376489
1.8728181818181822e-05,-3.699765562466057e-196,0.03190120157734775,0.03787694959704525
1.873636363636364e-05,-1.4270342156354224e-196,0.03460555502456719,0.0387644576420606
1.874454545454546e-05,-3.5092826196258276e-197,0.03704188319399692,0.03966224862746931
1.8752727272727277e-05,1.0746417912368644e-197,0.03916879827377823,0.040570083831835885
1.8760909090909095e-05,2.6227179099952377e-197,0.040946890223279894,0.04148770043180273
1.8769090909090913e-05,2.7897453746235383e-197,0.042339321651466054,0.042414829300550405
1.877727272727273e-05,2.4131065780699522e-197,0.04331241400990396,0.043351182835267205
1.878545454545455e-05,1.8921082917815346e-197,0.043836216626178766,0.04429646131538419
1.8793636363636368e-05,1.399067825355225e-197,0.04388504999529829,0.045250352415365194
1.8801818181818186e-05,9.941332502246354e-198,0.043438014760656375,0.0462125259004493
1.881e-05,6.859610037048206e-198,0.04247945795701128,0.04718264480711603
1.881818181818182e-05,4.625556059036229e-198,0.04099938835865916,0.04816034873882143
1.8826363636363638e-05,3.0607487674272268e-198,0.03899383317755747,0.04914527621486306
1.8834545454545456e-05,1.992967301983455e-198,0.03646512888758822,0.050137037301257494
1.8842727272727274e-05,1.2794383584476667e-198,0.033422139609387495,0.051135246169067665
1.8850909090909092e-05,8.1090512809875e-199,0.02988039727004968,0.05213948423656824
1.885909090909091e-05,5.078717873425925e-199,0.025862158646292172,0.05314934155938626
1.886727272727273e-05,3.145088674752104e-199,0.021396375399032434,0.054164372051227774
1.8875454545454547e-05,1.9264265902345327e-199,0.016518574300494526,0.055184141967686895
1.8883636363636365e-05,1.167230208815922e-199,0.011270646028768202,0.056208179097950076
1.8891818181818184e-05,6.995041880032532e-200,0.005700542144304971,0.057236026316664274
1.8900000000000002e-05,4.144726523166076e-200,-0.0001381188482801922,0.05826718688483776
1.890818181818182e-05,2.4265971668675292e-200,-0.00618653412929662,0.05930118084146709
1.891636363636364e-05,1.402413321097285e-200,-0.01238128432703503,0.06033748870827285
1.8924545454545457e-05,7.989546321237756e-201,-0.018654981531787455,0.061375608383091855
1.8932727272727275e-05,4.4777902095163606e-201,-0.024936991379020952,0.06241499960383042
1.8940909090909093e-05,2.4617246144188346e-201,-0.03115422176887113,0.06345513899327894
1.894909090909091e-05,1.3218311135247797e-201,-0.03723196960628693,0.06449546760039711
1.895727272727273e-05,6.885989327622912e-202,-0.04309481585151794,0.06553544183148702
1.8965454545454548e-05,3.4418573821829596e-202,-0.048667558183453086,0.06657448625339568
1.8973636363636366e-05,1.6174890681687198e-202,-0.053876169716786756,0.06761203832511255
1.8981818181818185e-05,6.842676962424857e-203,-0.05864877149490166,0.06864750842344014
1.8990000000000003e-05,2.299736744568105e-203,-0.06291660591880463,0.06968031655441538
1.899818181818182e-05,2.545381174289254e-204,-0.06661499788152253,0.0707098612569627
1.900636363636364e-05,-5.402701262574357e-204,-0.06968429016788395,0.07173554681383613
1.9014545454545458e-05,-7.460601890340903e-204,-0.07207073965990209,0.07275676231558106
1.9022727272727276e-05,-7.015803438741258e-204,-0.07372736106365299,0.07377289829161103
1.9030909090909094e-05,-5.7204126287235786e-204,-0.07461470524735958,0.07478333679113468
1.9039090909090912e-05,-4.320493876152984e-204,-0.07470155985210053,0.07578745679969434
1.904727272727273e-05,-3.107854737546841e-204,-0.07396556060284813,0.07678463573340115
1.905545454545455e-05,-2.1598217242697614e-204,-0.07239370270198837,0.07777424347615022
1.9063636363636367e-05,-1.462205611020443e-204,-0.06998274282060324,0.0787556552077828
1.9071818181818185e-05,-9.693815229598304e-205,-0.06673948350211224,0.0797282343726015
1.9080000000000004e-05,-6.315012538154684e-205,-0.0626809332430127,0.08069135629079147
1.9088181818181822e-05,-4.052026240767952e-205,-0.05783433709835581,0.08164438082995235
1.909636363636364e-05,-2.565093196433034e-205,-0.05223707435469564,0.08258668580189778
1.910454545454546e-05,-1.603849863259515e-205,-0.045936421597783036,0.0835176305365068
1.9112727272727277e-05,-9.912640234891081e-206,-0.038989181351576856,0.08443659766147445
1.9120909090909095e-05,-6.058817368404005e-206,-0.03146117835299017,0.08534294915408158
1.9129090909090913e-05,-3.6631843463191125e-206,-0.023426627425784715,0.08623607475636373
1.913727272727273e-05,-2.1907967262152008e-206,-0.014967378799017755,0.08711534238980546
1.914545454545455e-05,-1.2957412246944238e-206,-0.0061720485519422864,0.0879801511869981
1.9153636363636368e-05,-7.575294818483817e-207,0.0028649563701124044,0.0888298783840123
1.9161818181818186e-05,-4.374319149471199e-207,0.012044507463405926,0.08966393476310629
1.9170000000000005e-05,-2.4920357014434042e-207,0.02126390565904606,0.09048171027819848
1.917818181818182e-05,-1.3983523162988625e-207,0.030418099985207232,0.09128262960915294
1.9186363636363638e-05,-7.710315344876518e-208,0.03940095868021878,0.09206609882166324
1.9194545454545456e-05,-4.163163100801499e-208,0.04810657653534472,0.09283155873580808
1.9202727272727274e-05,-2.1898181846929323e-208,0.05643060145981642,0.09357843487106875
1.9210909090909092e-05,-1.1128139628744696e-208,0.06427156270669537,0.09430618642991151
1.921909090909091e-05,-5.385900861228113e-209,0.07153218288857234,0.09501426163392819
1.922727272727273e-05,-2.41462802652884e-209,0.07812065585552705,0.095702140312851
1.9235454545454547e-05,-9.386172168931799e-210,0.08395187270900897,0.09636929650518625
1.9243636363636365e-05,-2.4846626430189255e-210,0.0889485786852934,0.09701523291614893
1.9251818181818184e-05,4.279087131870407e-211,0.09304244435790318,0.09763945234558642
1.9260000000000002e-05,1.4132475860101653e-210,0.09617503557287285,0.09824148262322684
1.926818181818182e-05,1.5371207728039378e-210,0.09829866773306269,0.09882085805135753
1.927636363636364e-05,1.3282050710735233e-210,0.0993771314731924,0.09937713382791057
1.9284545454545457e-05,1.0331383352724477e-210,0.09938627839753394,0.0999098782671382
1.9292727272727275e-05,7.555683840164398e-211,0.09831445736557569,0.10041867616343304
1.9300909090909093e-05,5.301823036967263e-211,0.09616279378267134,0.10090313209801507
1.930909090909091e-05,3.6093629146888385e-211,0.09294530645522171,0.10136286266037309
1.931727272727273e-05,2.3999193756881495e-211,0.08868885877348859,0.10179751068191636
1.9325454545454548e-05,1.5652973663287279e-211,0.08343294325802116,0.10220672669803622
1.9333636363636366e-05,1.0043673582597265e-211,0.07722930081480443,0.10259019349041287
1.9341818181818185e-05,6.352666750125029e-212,0.07014137835565372,0.10294759762137645
1.9350000000000003e-05,3.9663962022415895e-212,0.062243630719758664,0.10327866323434205
1.935818181818182e-05,2.44699092248383e-212,0.05362067504548838,0.10358311490460924
1.936636363636364e-05,1.4925895067765748e-212,0.04436630785518793,0.10386071926033028
1.9374545454545458e-05,9.004884676451023e-213,0.034582397097563125,0.10411124075290655
1.9382727272727276e-05,5.374034025553189e-213,0.02437766321197433,0.1043344893351406
1.9390909090909094e-05,3.1722209658542185e-213,0.013866364908415947,0.10453027104502219
1.9399090909090912e-05,1.851489339584422e-213,0.00316690677074726,0.10469843972683562
1.940727272727273e-05,1.0678551879534326e-213,-0.007599613033394324,0.10483884453231725
1.941545454545455e-05,6.0804398168581836e-214,-0.018310895733369675,0.10495138350486442
1.9423636363636367e-05,3.4135347633449785e-214,-0.02884495577676589,0.1050359502231534
1.9431818181818185e-05,1.8857426403748162e-214,-0.0390816352756497,0.10509248699502487
1.9440000000000004e-05,1.0222561354121956e-214,-0.048904098786216085,0.10512093289580264
1.9448181818181822e-05,5.415601804111222e-215,-0.05820028834514655,0.10512127433980911
1.945636363636364e-05,2.7860103127540325e-215,-0.06686431918980515,0.10509349669790005
1.946454545454546e-05,1.3773102051742663e-215,-0.0747977973753779,0.10503763012978652
1.9472727272727277e-05,6.42102123153405e-216,-0.08191104155916902,0.10495370680577006
1.9480909090909095e-05,2.7135260460338497e-216,-0.08812419253530072,0.10484180008707056
1.9489090909090913e-05,9.32530051669395e-217,-0.09336819565288233,0.10470198913236362
1.949727272727273e-05,1.3967439724386148e-217,-0.09758564301453179,0.10453438979736317
1.950545454545455e-05,-1.6672980861148844e-217,-0.1007314643038762,0.10433912808802694
1.9513636363636368e-05,-2.478398390153769e-217,-0.10277345720137514,0.10411636150257442
1.9521818181818186e-05,-2.34883637367622e-217,-0.10369265058612648,0.10386626241374657
1.9530000000000004e-05,-1.9056654020647735e-217,-0.10348349605392702,0.10358902898127548
1.9538181818181823e-05,-1.4255467358510715e-217,-0.10215388567406132,0.10328487912151882
1.954636363636364e-05,-1.0134011808014414e-217,-0.09972499632351692,0.10295405055896936
1.9554545454545456e-05,-6.951594379207784e-218,-0.09623096334171331,0.10259680559094407
1.9562727272727274e-05,-4.641961115862783e-218,-0.09171838860579593,0.1022134203043654
1.9570909090909092e-05,-3.033947012141559e-218,-0.08624569040132776,0.10180419988505529
1.957909090909091e-05,-1.9479082002658718e-218,-0.07988230462242721,0.10136945748138801
1.958727272727273e-05,-1.2315475188888558e-218,-0.07270774884756238,0.10090953936148796
1.9595454545454547e-05,-7.680675470806094e-219,-0.0648105626732136,0.10042479433924117
1.9603636363636365e-05,-4.73075967031602e-219,-0.056287139321178556,0.09991560766717014
1.9611818181818184e-05,-2.8800294756086277e-219,-0.04724046494337374,0.09938236233442839
1.9620000000000002e-05,-1.7338773521026933e-219,-0.037778783211111326,0.09882548021582523
1.962818181818182e-05,-1.0325382526579874e-219,-0.028014203678397208,0.09824537688924741
1.963636363636364e-05,-6.082346574543282e-220,-0.018061273039280373,0.0976425082576507
1.9644545454545457e-05,-3.543441140239363e-220,-0.008035528750399819,0.09701732080071228
1.9652727272727275e-05,-2.0406723809070307e-220,0.0019479454413414352,0.0963703016593132
1.9660909090909093e-05,-1.1609017798168192e-220,0.011775942738222904,0.09570192642199034
1.966909090909091e-05,-6.516511999498313e-221,0.02133851645800485,0.09501271051995762
1.967727272727273e-05,-3.6036786544236185e-221,0.03053030503978783,0.0943031567454254
1.9685454545454548e-05,-1.9588608516557685e-221,0.03925178180684241,0.09357380575534047
1.9693636363636366e-05,-1.0431674204818714e-221,0.047410413642752995,0.09282518552199176
1.9701818181818184e-05,-5.41553209823672e-222,0.054921714189508905,0.09205785878730142
1.9710000000000003e-05,-2.719283154773631e-222,0.061710178817901,0.0912723765564264
1.971818181818182e-05,-1.3031021251973429e-222,0.06771009042519649,0.09046932047955349
1.972636363636364e-05,-5.808914321832281e-223,0.07286618705384094,0.08964926232045846
1.9734545454545457e-05,-2.2704250846655274e-223,0.07713418436744494,0.08881279946340749
1.9742727272727276e-05,-6.36247502575851e-224,0.08048114813491988,0.08796052202862302
1.9750909090909094e-05,4.718068451582806e-225,0.08288571402801331,0.08709303999851847
1.9759090909090912e-05,2.7883364801279146e-224,0.08433815419916314,0.08621095932196603
1.976727272727273e-05,3.119094729275309e-224,0.08484029224338833,0.08531489951394251
1.977545454545455e-05,2.6958832159140464e-224,0.08440527022854837,0.0844054797045723
1.9783636363636367e-05,2.0812958120920664e-224,0.08305717347274374,0.08348332597392082
1.9791818181818185e-05,1.505828244814128e-224,0.08083052062768321,0.08254906787650186
1.9800000000000004e-05,1.0435905464923869e-224,0.07776962836648972,0.08160333521099125
1.9808181818181822e-05,7.010048677684938e-225,0.07392786155020821,0.08064676510438394
1.981636363636364e-05,4.596332529741783e-225,0.06936678113865868,0.07967998836614461
1.982454545454546e-05,2.9550407249960335e-225,0.06415520330086326,0.07870364676750424
1.9832727272727277e-05,1.868499976413258e-225,0.05836818415407603,0.07771836957187774
1.9840909090909095e-05,1.1644164006852622e-225,0.05208594530802002,0.07672480021297154
1.9849090909090913e-05,7.162140087887751e-226,0.045392755905505164,0.07572356400938189
1.985727272727273e-05,4.3524588573612614e-226,0.0383757871290776,0.0747153030485544
1.986545454545455e-05,2.61501302198849e-226,0.031123955186317248,0.07370063646568659
1.9873636363636368e-05,1.553926596068995e-226,0.02372676859803555,0.07268020199592583
1.9881818181818186e-05,9.134198015120883e-227,0.016273195201560228,0.07165461051031054
1.9890000000000004e-05,5.310811307891088e-227,0.008850563656430575,0.07062449242045614
1.9898181818181823e-05,3.0532873399991173e-227,0.001543513416093917,0.06959044840409699
1.990636363636364e-05,1.7347753544888134e-227,-0.005566993876732912,0.06855309864656367
1.991454545454546e-05,9.732020508624471e-228,-0.012404589782397949,0.06751303184547532
1.9922727272727274e-05,5.383755972555456e-228,-0.01889833076666418,0.06647085515987802
1.9930909090909092e-05,2.931468244208738e-228,-0.02498343716543793,0.06542714365128885
1.993909090909091e-05,1.566903877455933e-228,-0.0306019318892239,0.06438248878907611
1.994727272727273e-05,8.189294944187536e-229,-0.03570317293956437,0.0633374504606926
1.9955454545454547e-05,4.159812988882321e-229,-0.040244275449068764,0.062292601951455424
1.9963636363636365e-05,2.0335211871384343e-229,-0.044190420614896635,0.061248486541657675
1.9971818181818184e-05,9.400436712490839e-230,-0.04751505054754659,0.06020565703714939
1.9980000000000002e-05,3.963877832892103e-230,-0.05019994967809568,0.059164638770201367
1.998818181818182e-05,1.3863901511144686e-230,-0.05223521493430724,0.05812596199723806
1.999636363636364e-05,2.5153168448750522e-231,-0.05361911838740939,0.057090132842610254
2.0004545454545457e-05,-1.8469090822727802e-231,-0.05435786746672528,0.056057657191044656
2.0012727272727275e-05,-3.02620400411017e-231,-0.05446526912062334,0.05502902077088276
2.0020909090909093e-05,-2.89826191792978e-231,-0.053962305453623696,0.05400470353781229
2.002909090909091e-05,-2.3416978122726022e-231,-0.05287662937756586,0.05298516970141436
2.003727272727273e-05,-1.7355886326218965e-231,-0.05124198966872006,0.051970872007621745
2.0045454545454548e-05,-1.2195459918674707e-231,-0.049097595514502844,0.05096225208648177
2.0053636363636366e-05,-8.258341020379407e-232,-0.04648743115766171,0.04995973447588413
2.0061818181818184e-05,-5.4395774203216545e-232,-0.04345953159978938,0.04896373722756463
2.0070000000000003e-05,-3.505184427478126e-232,-0.040065230509880596,0.04797465595528345
2.007818181818182e-05,-2.2180197262689927e-232,-0.03635839150003521,0.04699288419913666
2.008636363636364e-05,-1.38178930940976e-232,-0.03239463378451485,0.046018788208666055
2.0094545454545457e-05,-8.490118365363971e-233,-0.02823056293768214,0.045052736151189446
2.0102727272727276e-05,-5.151342493769994e-233,-0.023923017020534613,0.04409506473602836
2.0110909090909094e-05,-3.08908310220488e-233,-0.019528337766150736,0.04314611597849539
2.0119090909090912e-05,-1.831788452805248e-233,-0.015101675814627187,0.04220619711865938
2.012727272727273e-05,-1.0744348585017035e-233,-0.010696338182645074,0.041275623334743695
2.013545454545455e-05,-6.233984610504747e-234,-0.006363185257427408,0.04035467269382871
2.0143636363636367e-05,-3.5772991828652716e-234,-0.002150083636146218,0.03944363296019597
2.0151818181818185e-05,-2.0293932404425352e-234,0.0018985798930434075,0.038542753524074144
2.0160000000000003e-05,-1.1373492149998e-234,0.005742318995817699,0.03765229428238343
2.0168181818181822e-05,-6.290441025042235e-235,0.009344899914869791,0.03677247661628707
2.017636363636364e-05,-3.4282182098704916e-235,0.012674623013358841,0.035903532240859334
2.0184545454545458e-05,-1.8370058633977866e-235,0.015704532757698966,0.03504565533764517
2.0192727272727277e-05,-9.647926673190076e-236,0.01841255620806289,0.03419904927924258
2.0200909090909095e-05,-4.942908223356462e-236,0.020781571091716224,0.033363881967980076
2.0209090909090913e-05,-2.4520276467438733e-236,0.02279940548503076,0.03254032844065175
2.021727272727273e-05,-1.16307495120261e-236,0.02445877201268614,0.03172853132137813
2.022545454545455e-05,-5.151822430322841e-237,0.025757140276620287,0.03092863749628258
2.0233636363636368e-05,-2.020620619593547e-237,0.026696551943827557,0.030140765363949322
2.0241818181818186e-05,-5.921200087472615e-238,0.027283383543939718,0.029365034031536025
2.0250000000000004e-05,1.8784669540034748e-250,0.02752806254922938,0.028601538749817013
2.0258181818181823e-05,2.010813056155435e-238,0.02744474272759407,0.027850371409655898
2.026636363636364e-05,2.330283175267047e-238,0.027050945071316723,0.027111605193340386
2.027454545454546e-05,2.017654332298233e-238,0.026367170810777312,0.026385305529258996
2.0282727272727277e-05,1.5468761402130366e-238,0.025416493124280945,0.02567152459251942
2.0290909090909096e-05,1.107478134004521e-238,0.024224134155798625,0.02497030228965376
2.029909090909091e-05,7.5814854199075825e-239,0.022817033856159727,0.024281670816606715
2.030727272727273e-05,5.025366158884329e-239,0.021223416975871847,0.023605645676427117
2.0315454545454547e-05,3.2494227657799787e-239,0.01947236426621475,0.022942240069972912
2.0323636363636365e-05,2.0593306974134476e-239,0.017593393597498026,0.02229144637923525
2.0331818181818184e-05,1.2832187314811826e-239,0.01561605628815052,0.0216532597441933
2.0340000000000002e-05,7.879077770172714e-240,0.013569553465037385,0.02102765085416187
2.034818181818182e-05,4.7743002085330395e-240,0.011482376753963415,0.02041459767128479
2.0356363636363638e-05,2.8579902141067204e-240,0.009381977039896156,0.01981405074447949
2.0364545454545457e-05,1.691348721422166e-240,0.007294464449319605,0.019225971692938885
2.0372727272727275e-05,9.899413908980042e-241,0.0052443421025427615,0.01865029257592347
2.0380909090909093e-05,5.731478527573687e-241,0.0032542755717519132,0.018086959463213006
2.038909090909091e-05,3.282335002575087e-241,0.0013448993707593716,0.017535887645564626
2.039727272727273e-05,1.8588129834480343e-241,-0.00046533879609047526,0.01699700840552649
2.0405454545454548e-05,1.04037756019247e-241,-0.002160295877025399,0.016470222027147378
2.0413636363636366e-05,5.7501744315437045e-242,-0.0037262138101062563,0.015955445748957246
2.0421818181818184e-05,3.134487589963333e-242,-0.005151763273157283,0.01545256662017338
2.0430000000000003e-05,1.6821858811738416e-242,-0.006428052240563315,0.014961488573455185
2.043818181818182e-05,8.865234581384756e-243,-0.007548601171011728,0.014482087174797665
2.044636363636364e-05,4.5706697386939125e-243,-0.008509287030188302,0.014014253798582673
2.0454545454545457e-05,2.292171834810076e-243,-0.009308258679270289,0.01355785422980859
2.0462727272727276e-05,1.1077907772645938e-243,-0.009945826431644648,0.013112768055820114
2.0470909090909094e-05,5.075791310377272e-244,-0.010424328795443359,0.01267885290653558
2.0479090909090912e-05,2.1334010163207404e-244,-0.010747979578007483,0.012255977390128535
2.048727272727273e-05,7.564757809330314e-245,-0.01092269863094516,0.01184399250717626
2.049545454545455e-05,1.567849252596264e-245,-0.010955929562553916,0.0114427567421007
2.0503636363636367e-05,-7.25125946135041e-246,-0.010856447740324144,0.011052115871674829
2.0511818181818185e-05,-1.3572760005087951e-245,-0.010634161853010653,0.010671919167722676
2.0520000000000003e-05,-1.3178467988831674e-245,-0.010299912202944348,0.010302008452992683
2.052818181818182e-05,-1.0613402984294122e-245,-0.00986526875896513,0.009942224758447351
2.053636363636364e-05,-7.796816008034802e-246,-0.009342331823120584,0.009592407076175102
2.0544545454545458e-05,-5.41632044146357e-246,-0.008743537954946838,0.009252389229682677
2.0552727272727276e-05,-3.621087473095603e-246,-0.008081473560808414,0.008922008351842614
2.0560909090909095e-05,-2.352863962592636e-246,-0.0073686982976355255,0.008601092150899797
2.0569090909090913e-05,-1.4948637695559545e-246,-0.006617580165714039,0.008289476719749432
2.057727272727273e-05,-9.323173114100438e-247,-0.005840143879164049,0.007986984795475778
2.058545454545455e-05,-5.723258432010517e-247,-0.005047933810468282,0.007693452102800034
2.0593636363636368e-05,-3.464539717708815e-247,-0.004251892511757919,0.007408697592915283
2.0601818181818186e-05,-2.070770347227227e-247,-0.0034622555251354486,0.007132557156195502
2.0610000000000004e-05,-1.2231707616017293e-247,-0.0026884629113868106,0.0068648471701319045
2.0618181818181823e-05,-7.144282213103908e-248,-0.0019390876549049514,0.006605404100233182
2.062636363636364e-05,-4.127438766555595e-248,-0.0012217808459928075,0.006354042972180643
2.063454545454546e-05,-2.358771949215946e-248,-0.0005432333029645483,0.006110601128863289
2.0642727272727277e-05,-1.3332412210317504e-248,9.084692182426623e-05,0.005874893456211506
2.0650909090909096e-05,-7.450386946213935e-249,0.0006757419036441369,0.005646758389246816
2.0659090909090914e-05,-4.1134506470002924e-249,0.0012077169980284747,0.005426011855298816
2.066727272727273e-05,-2.2415737567935657e-249,0.0016840008540870662,0.005212493530242217
2.0675454545454547e-05,-1.2038860076161808e-249,0.0021027534788007705,0.005006021511320067
2.0683636363636365e-05,-6.359094762041523e-250,0.00246302363718385,0.004806436820168824
2.0691818181818183e-05,-3.2935696279932816e-250,0.0027646969420150177,0.004613560778360841
2.0700000000000002e-05,-1.6650907617861037e-250,0.0030084360305298336,0.004427235836359586
2.070818181818182e-05,-8.159154810321432e-251,0.003195614245038456,0.004247287500086028
2.0716363636363638e-05,-3.8297066101318274e-251,0.00332824423120493,0.004073559730802342
2.0724545454545456e-05,-1.6845919788176092e-251,0.003408902843292602,0.003905883066163496
2.0732727272727275e-05,-6.618874978482145e-252,0.003440653701871085,0.0037441030777626574
2.0740909090909093e-05,-2.0093831374162084e-252,0.0034269686883061133,0.0035880560543820363
2.074909090909091e-05,-1.1546324789687117e-253,0.0033716495839694904,0.0034375893108056863
2.075727272727273e-05,5.2877094372637506e-253,0.0032787509727639076,0.0032925454665418442
2.0765454545454548e-05,6.407824781945453e-253,0.0031525054255608473,0.0031527737579701448
2.0773636363636366e-05,5.567502000751167e-253,0.0029972518768129185,0.00301812356742847
2.0781818181818184e-05,4.241366711240731e-253,0.0028173679892100206,0.0028884462850387836
2.0790000000000003e-05,3.0056870646940277e-253,0.00261720718402363,0.002763598337378344
2.079818181818182e-05,2.0327895700809786e-253,0.00240104089485297,0.002643433558099927
2.080636363636364e-05,1.3297416259330664e-253,0.0021730064828558685,0.0025278155502217628
2.0814545454545457e-05,8.479666955778906e-254,0.0019370611340724779,0.002416600937844953
2.0822727272727276e-05,5.297649549606262e-254,0.0016969419458190528,0.002309660489571493
2.0830909090909094e-05,3.2532266922323233e-254,0.0014561323008437056,0.0022068540191834906
2.0839090909090912e-05,1.968142611688587e-254,0.0012178345263027816,0.002108059317575706
2.084727272727273e-05,1.1748876356999177e-254,0.0009849487407395923,0.0020131398309663905
2.085545454545455e-05,6.9280374946701125e-255,0.0007600577070256398,0.0019219801115306864
2.0863636363636367e-05,4.038481787094563e-255,0.0005454174333508087,0.0018344477119038422
2.0871818181818185e-05,2.3281720727090907e-255,0.00034295319831214075,0.0017504335850202367
2.0880000000000003e-05,1.3276672998480277e-255,0.00015426062024248674,0.0016698098799711979
2.088818181818182e-05,7.489102541543098e-256,-1.9388654754041795e-05,0.0015924735114163603
2.089636363636364e-05,4.1775887967649494e-256,-0.000177037107100809,0.0015183017137446212
2.0904545454545458e-05,2.3033300784673193e-256,-0.0003180278269899722,0.001447196868759483
2.0912727272727276e-05,1.2542089533486236e-256,-0.00044198782917117543,0.0013790417653181722
2.0920909090909095e-05,6.736730416111933e-257,-0.0005488087088151086,0.0013137437262424573
2.0929090909090913e-05,3.5632856080992484e-257,-0.0006386251464358462,0.0012511915255602186
2.093727272727273e-05,1.8514248984284634e-257,-0.0007117917605442612,0.0011912968935156559
2.094545454545455e-05,9.415664703630775e-258,-0.0007688587903942713,0.0011339549633473693
2.0953636363636368e-05,4.661330824405964e-258,-0.0008105470686954013,0.0010790813548615132
2.0961818181818186e-05,2.2267524579854183e-258,-0.0008377227163553865,0.0010265778612027526
2.0970000000000004e-05,1.0108788012351838e-258,-0.0008513719590607851,0.0009763635110410591
2.0978181818181822e-05,4.23123516296634e-259,-0.0008525764296809804,0.0009283469704102303
2.098636363636364e-05,1.5161685274094667e-259,-0.0008424892819587644,0.0008824502521095305
2.099454545454546e-05,3.46379012859529e-260,-0.0008223124005693323,0.0008385890089819798
2.1002727272727277e-05,-9.854102694465119e-261,-0.0007932749511901937,0.0007966878846579369
2.1010909090909095e-05,-2.2342155692822015e-260,-0.000756613472479481,0.0007566695259001033
2.1019090909090914e-05,-2.2077921850580563e-260,-0.000713553670505477,0.0007184609369070044
2.1027272727272732e-05,-1.774149702174361e-260,-0.0006652940358392613,0.000681991654919823
2.103545454545455e-05,-1.2923492099732374e-260,-0.0006129913647799301,0.0006471908647996677
2.1043636363636365e-05,-8.877543223556598e-261,-0.0005577482295187785,0.0006139947807447306
2.1051818181818183e-05,-5.860285300507999e-261,-0.0005006024078793848,0.0005823346815693309
2.106e-05,-3.75658933066402e-261,-0.0004425182519321111,0.0005521531395602994
2.106818181818182e-05,-2.353305858020471e-261,-0.00038437994653680766,0.0005233835323478557
2.1076363636363638e-05,-1.446645911744727e-261,-0.00032698658390711724,0.0004959743749487504
2.1084545454545456e-05,-8.750943257138457e-262,-0.00027104895873477643,0.0004698612343431028
2.1092727272727275e-05,-5.219082897102443e-262,-0.00021718797031675065,0.00044499806906349575
2.1100909090909093e-05,-3.073017323153616e-262,-0.00016593450348273214,0.00042132280182665527
2.110909090909091e-05,-1.7880068707066328e-262,-0.00011773064885891942,0.0003987942675422846
2.111727272727273e-05,-1.0286511679883125e-262,-7.293211500945815e-05,0.0003773529737295457
2.1125454545454548e-05,-5.853394922995279e-263,-3.181168011008814e-05,0.00035696201524416563
2.1133636363636366e-05,-3.2948224381172674e-263,5.436471166503708e-06,0.0003375647603287414
2.1141818181818184e-05,-1.834365816159743e-263,3.869167916462477e-05,0.00031912791868514206
2.1150000000000002e-05,-1.0097448422615831e-263,6.790115962892562e-05,0.0003015980243716789
2.115818181818182e-05,-5.492038626359732e-264,9.307391812749801e-05,0.00028494475000597646
2.116636363636364e-05,-2.948709973856291e-264,0.00011427436651077789,0.000269118111082842
2.1174545454545457e-05,-1.5606240058954824e-264,0.00013161577064273178,0.00025409010668595516
2.1182727272727276e-05,-8.125686077873886e-265,0.00014525364858463562,0.00023981454127545358
2.1190909090909094e-05,-4.1500745607352723e-265,0.00015537922734349218,0.0002262651415225167
2.1199090909090912e-05,-2.0702011000304106e-265,0.00016221305449389578,0.00021339978267453406
2.120727272727273e-05,-1.0018969251098146e-265,0.00016599884870987226,0.00020119337895267868
2.121545454545455e-05,-4.652321325781757e-266,0.00016699766075212248,0.00018960811689222262
2.1223636363636367e-05,-2.0311328016620377e-266,0.00016548240397663147,0.00017861963714587933
2.1231818181818185e-05,-7.982577378686498e-267,0.00016173280117104212,0.0001681946241445273
2.1240000000000003e-05,-2.4923863103598087e-267,0.000156030782671068,0.00015830908160826065
2.124818181818182e-05,-2.562773320811705e-268,0.00014865635942354303,0.00014893431613449205
2.125636363636364e-05,5.053455600743068e-268,0.0001398839840856486,0.00014004644685254664
2.1264545454545458e-05,6.48293249824819e-268,0.00012997940349760632,0.00013162146130949153
2.1272727272727276e-05,5.663633999708371e-268,0.0001191969970298087,0.00012363548013160044
2.1280909090909095e-05,4.290078684365609e-268,0.00010777758745129104,0.00011606916870433569
2.1289090909090913e-05,3.0101728088949993e-268,9.594670413801422e-05,0.00010889868897103308
2.129727272727273e-05,2.011587274700089e-268,8.391327265966436e-05,0.00010210933140487501
2.130545454545455e-05,1.298722028247293e-268,7.18687000572487e-05,9.567751773990469e-05
2.1313636363636368e-05,8.16820975101322e-269,5.9986321437830154e-05,8.959308463963344e-05
2.1321818181818186e-05,5.030756609642721e-269,4.8421170837438044e-05,8.383314490582343e-05
2.1330000000000004e-05,3.044618764635077e-269,3.731003759302526e-05,7.839201428890889e-05
2.1338181818181822e-05,1.8148932496220717e-269,2.6771768660906523e-05,7.324818923124962e-05
2.134636363636364e-05,1.0673383607993569e-269,1.6907777354394524e-05,6.840046414240404e-05
2.135454545454546e-05,6.199873305888263e-270,7.802719772304075e-06,6.382973840313565e-05
2.1362727272727277e-05,3.5598244477286985e-270,-4.7469832822674453e-07,5.9539418760360745e-05
2.1370909090909095e-05,2.0213765924974098e-270,-7.870819382670317e-06,5.551422365951083e-05
2.1379090909090914e-05,1.1353722593058015e-270,-1.4346069177030186e-05,5.176248842584237e-05
2.1387272727272732e-05,6.308145777361228e-271,-1.9873958897087338e-05,4.827457439693467e-05
2.139545454545455e-05,3.4660757326421117e-271,-2.4440080331807958e-05,4.506416037022732e-05
2.140363636363637e-05,1.882519331057961e-271,-2.8041116938089787e-05,4.212923056953757e-05
2.1411818181818183e-05,1.0098817047428211e-271,-3.06838897689851e-05,3.94888034790181e-05
2.142e-05,5.344836591847658e-272,-3.238445349447272e-05,3.7149646837699756e-05
2.142818181818182e-05,2.786229665575562e-272,-3.316725398062379e-05,3.5134229786680704e-05
2.1436363636363638e-05,1.4272254457806256e-272,-3.3064355212791e-05,3.3456231908330355e-05
2.1444545454545456e-05,7.15919181655326e-273,-3.2114739817806e-05,3.2135410433354536e-05
2.1452727272727275e-05,3.4983943628388084e-273,-3.0363684117613992e-05,3.118504361760227e-05
2.1460909090909093e-05,1.6515944183683452e-273,-2.7862205582745907e-05,3.06113687070376e-05
2.146909090909091e-05,7.426074962186722e-274,-2.466657779188392e-05,3.0416729737668382e-05
2.147727272727273e-05,3.0929389275072495e-274,-2.0837905580635664e-05,3.0585233973394505e-05
2.1485454545454548e-05,1.1169397761204569e-274,-1.644175100911638e-05,3.11039069136586e-05
2.1493636363636366e-05,2.746811171580614e-275,-1.1547799117020213e-05,3.1937777895566304e-05
2.1501818181818184e-05,-4.394734448983702e-276,-6.2295511809833265e-06,3.3065272723598766e-05
2.1510000000000002e-05,-1.3484035715042278e-275,-5.640323484406334e-07,3.444463604928064e-05
2.151818181818182e-05,-1.3624788430753607e-275,5.3684999057094616e-06,3.605563090871988e-05
2.152636363636364e-05,-1.09372223963431e-275,1.148486007451391e-05,3.786036708187067e-05
2.1534545454545457e-05,-7.903519320738342e-276,1.769926486701998e-05,3.984497568733018e-05
2.1542727272727275e-05,-5.369773326815496e-276,2.392370185678418e-05,4.1979833312027284e-05
2.1550909090909094e-05,-3.50047949290367e-276,3.0068347870963874e-05,4.4257437068333186e-05
2.1559090909090912e-05,-2.213874486038486e-276,3.604204702710134e-05,4.665664611282734e-05
2.156727272727273e-05,-1.3675374524689722e-276,4.175285660042114e-05,4.917426352493467e-05
2.157545454545455e-05,-8.286279253155752e-277,4.7108666925886055e-05,5.179638855891155e-05
2.1583636363636367e-05,-4.939414065324679e-277,5.201789934571186e-05,5.452195838947772e-05
2.1591818181818185e-05,-2.9024119367420096e-277,5.6390283846666034e-05,5.734294525665536e-05
2.1600000000000003e-05,-1.6835235856798627e-277,6.013771553779194e-05,6.025878452468486e-05
2.160818181818182e-05,-9.648851075925973e-278,6.317518654666275e-05,6.326620376290745e-05
2.161636363636364e-05,-5.46768848050242e-278,6.542178731069412e-05,6.636408442850182e-05
2.1624545454545458e-05,-3.0645144083726933e-278,6.680176865886514e-05,6.955304831541577e-05
2.1632727272727276e-05,-1.6990417773339725e-278,6.724565356668284e-05,7.28308356727486e-05
2.1640909090909095e-05,-9.317238459271946e-279,6.669138507083491e-05,7.620127873509169e-05
2.1649090909090913e-05,-5.052020788704287e-279,6.508549459694557e-05,7.966072600924494e-05
2.165727272727273e-05,-2.7069261569188287e-279,6.238427293084226e-05,8.321563907813173e-05
2.166545454545455e-05,-1.4319213834166832e-279,5.8554924295314666e-05,8.686096109203065e-05
2.1673636363636368e-05,-7.468074539233361e-280,5.357668252112293e-05,9.060525338585507e-05
2.1681818181818186e-05,-3.8327180235818326e-280,4.7441867158738684e-05,9.444220506468218e-05
2.1690000000000004e-05,-1.9302088697358305e-280,4.015685659717781e-05,9.838196944122838e-05
2.1698181818181822e-05,-9.499733872011488e-281,3.174295486568541e-05,0.0001024172458049225
2.170636363636364e-05,-4.540122469361061e-281,2.2237128816451176e-05,0.00010655927964881725
2.171454545454546e-05,-2.0851473352911987e-281,1.1692592840269977e-05,0.00011080011848927191
2.1722727272727277e-05,-9.030862325048945e-282,1.7921916349924299e-07,0.0001151516051239524
2.1730909090909095e-05,-3.545514319679933e-282,-1.221624688264525e-05,0.00011960551609043843
2.1739090909090914e-05,-1.1319525419125567e-282,-2.5390185444280435e-05,0.00012417380556062089
2.1747272727272732e-05,-1.5750789312177819e-283,-3.922233118483212e-05,0.00012884837670651555
2.175545454545455e-05,1.7467023384011118e-283,-5.357624675494871e-05,0.0001336408265756536
2.176363636363637e-05,2.41210884912851e-283,-6.830005163596447e-05,0.0001385435770189855
2.1771818181818187e-05,2.1237269630129432e-283,-8.322741390758256e-05,0.00014356742791862386
2.1780000000000005e-05,1.6007101549516906e-283,-9.817880877148282e-05,0.00014870568666926727
2.178818181818182e-05,1.1124170699210917e-283,-0.00011296304366352257,0.0001539679564912381
2.1796363636363638e-05,7.346622490989254e-284,-0.0001273790455598981,0.00015934875494746567
2.1804545454545456e-05,4.68177863079838e-284,-0.00014121790168340124,0.00016485614164119084
2.1812727272727275e-05,2.904344194707016e-284,-0.00015426514030544988,0.00017048611226040672
2.1820909090909093e-05,1.7634969400103597e-284,-0.00016630323378361112,0.00017624489935664175
2.182909090909091e-05,1.0518536985010283e-284,-0.00017711430144372786,0.00018213017644647814
2.183727272727273e-05,6.178145893158616e-285,-0.00018648298548528688,0.00018814613828645595
2.1845454545454548e-05,3.5795343557829606e-285,-0.00019419946883477004,0.00019429225916224206
2.1853636363636366e-05,2.0482272466908393e-285,-0.00020006259987046305,0.00020057056473553458
2.1861818181818184e-05,1.1584153920823787e-285,-0.0002038830852682972,0.00020698237104192473
2.1870000000000002e-05,6.478968886567934e-286,-0.00020548670894521417,0.00021352748669588306
2.187818181818182e-05,3.5843780086356283e-286,-0.00020471753227620812,0.0002202090267705369
2.188636363636364e-05,1.9615480474245863e-286,-0.000201441028502641,0.00022702461899329208
2.1894545454545457e-05,1.061629906929142e-286,-0.00019554710259636366,0.00023397905281512087
2.1902727272727275e-05,5.679908526363253e-287,-0.00018695294685271464,0.00024106789283908272
2.1910909090909094e-05,3.001813217480247e-287,-0.0001756056822030019,0.00024829740141882995
2.1919090909090912e-05,1.5653934829237896e-287,-0.00016148473570225017,0.00025566127367346406
2.192727272727273e-05,8.042193403198251e-288,-0.00014460390589075717,0.0002631669748761249
2.193545454545455e-05,4.061179414688652e-288,-0.0001250130697686177,0.00027080659144462153
2.1943636363636367e-05,2.009198003491383e-288,-0.00010279948796953486,0.00027858846419595053
2.1951818181818185e-05,9.690138642756126e-289,-7.808866836925e-05,0.0002865033873533711
2.1960000000000003e-05,4.520260071518064e-289,-5.1044752796150186e-05,0.00029456020595121764
2.196818181818182e-05,2.012368806784447e-289,-2.1870396695205458e-05,0.0003027487806169385
2.197636363636364e-05,8.333822154490852e-290,9.193882512649687e-06,0.0003110780605461722
2.1984545454545458e-05,3.0260532588403836e-290,4.187090609117789e-05,0.00031953735819964936
2.1992727272727276e-05,7.87799344670048e-291,7.584859425978501e-05,0.00032813531451136087
2.2000909090909094e-05,-5.427175874668107e-292,0.00011078228903886413,0.00033686108976734225
2.2009090909090913e-05,-2.979716682796611e-291,0.00014629763460148184,0.00034572260865514573
2.201727272727273e-05,-3.0965528038155337e-291,0.00018199400173091223,0.00035470926923845
2.202545454545455e-05,-2.4864007829461856e-291,0.00021744843446504537,0.0003638278929758687
2.2033636363636368e-05,-1.7832983303288192e-291,0.0002522200884251166,0.00037306848339102214
2.2041818181818186e-05,-1.1986317163358749e-291,0.00028585512180448117,0.0003824364083913548
2.2050000000000004e-05,-7.717214935367664e-292,0.0003178919916658201,0.0003919226071878034
2.2058181818181822e-05,-4.815835314954524e-292,0.00034786710019885,0.00040153069457603534
2.206636363636364e-05,-2.933473490968612e-292,0.00037532072806318277,0.0004112528246861531
2.207454545454546e-05,-1.7520816094739525e-292,0.0003998031850180752,0.0004210906223767969
2.2082727272727277e-05,-1.029210222013912e-292,0.00042088110185300917,0.00043103767360039725
2.2090909090909095e-05,-5.958534271902193e-293,0.00043814378230439617,0.0004410934485769204
2.2099090909090914e-05,-3.4048193370253975e-293,0.0004512095292907604,0.000451253110996867
2.2107272727272732e-05,-1.922233180744446e-293,0.00045973185652904957,0.00046151389029906525
2.211545454545455e-05,-1.0729151667094816e-293,0.00046340549450395467,0.0004718725971781779
2.212363636363637e-05,-5.9230058574114944e-294,0.000461972098930853,0.0004823242159311027
2.2131818181818187e-05,-3.2344632277237734e-294,0.00045522557034401927,0.0004928671944226295
2.2140000000000005e-05,-1.7470800348938127e-294,0.0004430168952990249,0.000503494349134901
2.2148181818181823e-05,-9.331248173300943e-295,0.00042525842292667813,0.0005142056770354404
2.2156363636363638e-05,-4.925331207701572e-295,0.00040192749522101795,0.0005249919824313842
2.2164545454545456e-05,-2.566937802501112e-295,0.0003730693554706251,0.0005358546492200136
2.2172727272727275e-05,-1.3192218336596541e-295,0.000338799266613209,0.0005467826969620813
2.2180909090909093e-05,-6.67325608960979e-296,0.0002993037799467927,0.0005577786673996866
2.218909090909091e-05,-3.313714486348341e-296,0.0002548411044824632,0.0005688300851720451
2.219727272727273e-05,-1.6089382540312833e-296,0.00020574053816778642,0.0005799403638391998
2.2205454545454548e-05,-7.592535041239588e-297,0.00015240093412126755,0.0005910958734879037
2.2213636363636366e-05,-3.4481157286385736e-297,9.528818775274143e-05,0.0006023005688694482
2.2221818181818184e-05,-1.4808166723211252e-297,3.493174404025793e-05,0.0006135400426036593
2.2230000000000002e-05,-5.800877043044195e-298,-2.8079861888296918e-05,0.0006248184295912262
2.223818181818182e-05,-1.8848595624112908e-298,-9.310440355477279e-05,0.0006361209435398689
2.224636363636364e-05,-3.1769206354295275e-299,-0.00015945225974820968,0.0006474515234898755
2.2254545454545457e-05,2.1671018201797416e-299,-0.00022639355327599232,0.0006587954082379416
2.2262727272727275e-05,3.298770750511021e-299,-0.0002931660623878163,0.0006701559660766997
2.2270909090909094e-05,2.935024274914393e-299,-0.00035898382219666915,0.000681518854200229
2.2279090909090912e-05,2.203053535829165e-299,-0.00042304632098499407,0.0006928865124517827
2.228727272727273e-05,1.516914600092763e-299,-0.0004845481848400145,0.0007042453834303776
2.229545454545455e-05,9.902221829368422e-300,-0.0005426892338141245,0.0007155966533779432
2.2303636363636367e-05,6.229417151200442e-300,-0.0005966847839452785,0.0007269278765728898
2.2311818181818185e-05,3.8118859436247655e-300,-0.0006457760621727117,0.000738238707102099
2.2320000000000003e-05,2.2819479930216884e-300,-0.0006892405956003938,0.0007495180838174995
2.232818181818182e-05,1.3414682761578846e-300,-0.0007264024328288038,0.000760763908848362
2.233636363636364e-05,7.76384692911736e-301,-0.0007566420533057804,0.0007719667147741305
2.2344545454545458e-05,4.431686337213102e-301,-0.0007794058209232085,0.0007831225004512585
2.2352727272727276e-05,2.498019525575507e-301,-0.0007942148404617188,0.0007942235299478129
2.2360909090909094e-05,1.391634313543988e-301,-0.0008006730799818487,0.0008052638229462518
2.2369090909090913e-05,7.666391390241312e-302,-0.0007984746288663038,0.0008162374367546484
2.237727272727273e-05,4.177494569126173e-302,-0.0007874099698912748,0.0008271364152308519
2.238545454545455e-05,2.251757735958053e-302,-0.0007673711543706396,0.0008379565932684993
2.2393636363636367e-05,1.2004147815592737e-302,-0.0007383557819684077,0.0008486881220725432
2.2401818181818186e-05,6.326484004223381e-303,-0.0007004697010723122,0.0008593285229165298
2.2410000000000004e-05,3.293898182874304e-303,-0.0006539283614936847,0.0008698662146241252
2.2418181818181822e-05,1.6924567024730565e-303,-0.0005990567685053736,0.0008803002431232924
2.242636363636364e-05,8.568899773221605e-304,-0.0005362880056250366,0.000890617526341383
2.243454545454546e-05,4.265670266693969e-304,-0.0004661603128484904,0.0009008184106179081
2.2442727272727277e-05,2.0812817061091308e-304,-0.00038931272697072077,0.0009108886068720764
2.2450909090909095e-05,9.906028047900351e-305,-0.00030647931091786396,0.0009208294857001403
2.2459090909090914e-05,4.56522831923374e-305,-0.00021848201935617393,0.0009306258959226636
2.2467272727272732e-05,2.011708153991926e-305,-0.0001262222679398527,0.0009402799170803806
2.247545454545455e-05,8.278245332229748e-306,-3.067129310274976e-05,0.0009497759183586818
2.2483636363636368e-05,3.0163540852013354e-306,6.714059201320193e-05,0.0009591163481479102
2.2491818181818187e-05,8.211592915779612e-307,0.0001661357223621565,0.0009682855010377797
2.2500000000000005e-05,-1.9107e-319,0.00026520164729626353,0.000977285844766851
2.2508181818181823e-05,-2.4067425610052816e-307,0.00036320438472803724,0.0009861020110609052
2.251636363636364e-05,-2.5911155155182e-307,0.00045900219706330537,0.0009947361438077129
2.252454545454546e-05,-2.084226786606733e-307,0.0005514597125343293,0.001003173614166534
2.2532727272727274e-05,-1.484478401727594e-307,0.0006394622076460247,0.0010114159206668582
2.2540909090909093e-05,-9.873556970911411e-308,0.0007219298610534599,0.0010194495510807188
2.254909090909091e-05,-6.2793243110740885e-308,0.0007978317864383053,0.0010272750731888313
2.255727272727273e-05,-3.86675320525967e-308,0.0008661996519305653,0.0010348804288378567
2.2565454545454547e-05,-2.3227640503490653e-308,0.0009261406963750104,0.0010422650186220552
2.2573636363636366e-05,-1.3675559515707315e-308,0.000976849958272421,0.0010494185232825344
2.2581818181818184e-05,-7.916620646477465e-309,0.0010176215414936535,0.0010563389994548249
2.2590000000000002e-05,-4.51579964343568e-309,0.0010478587527857643,0.0010630180882439826
2.259818181818182e-05,-2.542079540911103e-309,0.0010670829595384069,0.0010694523933718109
2.260636363636364e-05,-1.413709844888273e-309,0.0010749410320903476,0.0010756356663753585
2.2614545454545457e-05,-7.77235874690684e-310,0.0010712112528275426,0.0010815630221695388
2.2622727272727275e-05,-4.2261926978425e-310,0.0010558075942172188,0.0010872303962966518
2.2630909090909094e-05,-2.27314225723347e-310,0.0010287822894647863,0.0010926314541480889
2.2639090909090912e-05,-1.2093805603389e-310,0.0009903266423707422,0.001097764310421754
2.264727272727273e-05,-6.3626188864024e-311,0.0009407700468774397,0.0011026212943593319
2.265545454545455e-05,-3.308349043006e-311,0.0008805772113868356,0.0011072026178499817
2.2663636363636367e-05,-1.6987188242285e-311,0.0008103436078429647,0.0011114994572146706
2.2671818181818185e-05,-8.60254926733e-312,0.0007307891904411799,0.0011155139669173097
2.2680000000000003e-05,-4.288987010727e-312,0.0006427504532804445,0.0011192364162237944
2.268818181818182e-05,-2.099863733156e-312,0.0005471709199474562,0.0011226706823141358
2.269636363636364e-05,-1.005775046273e-312,0.0004450901805530658,0.0011258064260186332
2.2704545454545458e-05,-4.68584932965e-313,0.00033763161278868294,0.0011286489721805053
2.2712727272727276e-05,-2.1038706111e-313,0.00022598894281041266,0.0011311877124431378
2.2720909090909094e-05,-8.955403807e-314,0.00011141181889404518,0.0011334291013168946
2.2729090909090913e-05,-3.496826194e-314,-4.809414433641946e-06,0.001135362627263949
2.273727272727273e-05,-1.1519051265e-314,-0.00012135954192743788,0.0011369955274379406
2.274545454545455e-05,-2.217921237e-315,-0.00023691469361045083,0.0011383177648451057
2.2753636363636367e-05,9.5296159e-316,-0.00035015873561397576,0.0011393369982378423
2.2761818181818186e-05,1.65710586e-315,-0.00045979961694468056,0.0011400440390523616
2.2770000000000004e-05,1.49474512e-315,-0.0005645854530570457,0.0011404466080457843
2.2778181818181822e-05,1.118348103e-315,-0.0006633201300562753,0.0011405367196900358
2.278636363636364e-05,7.63237624e-316,-0.0007548782194160343,0.0011403218138727
2.279454545454546e-05,4.9256888e-316,-0.0008382190021872975,0.0011397954287370908
2.2802727272727277e-05,3.0592979e-316,-0.0009123994136728104,0.0011389644115739333
2.2810909090909095e-05,1.8467142e-316,-0.00097658573427366,0.0011378240975551872
2.2819090909090913e-05,1.08999533e-316,-0.0010300638694651556,0.001136380473796126
2.2827272727272732e-05,6.315488e-317,-0.0010722480813754808,0.0011346308872048731
2.283545454545455e-05,3.6016926e-317,-0.0011026880559355974,0.0011325802523146787
2.2843636363636368e-05,2.025485e-317,-0.001121074212725983,0.0011302280748529123
2.2851818181818186e-05,1.124697e-317,-0.0011272411891221717,0.0011275780481087977
2.2860000000000005e-05,6.17179e-318,-0.001121169455772604,0.0011246319098864141
2.2868181818181823e-05,3.3489e-318,-0.0011029850464498714,0.001121392053097795
2.287636363636364e-05,1.7974e-318,-0.0010729574115131257,0.0011178624439017034
2.288454545454546e-05,9.5427e-319,-0.001031495430217246,0.0011140441679922083
2.2892727272727278e-05,5.01086e-319,-0.0009791416425198212,0.0011099433391946686
2.2900909090909093e-05,2.60135e-319,-0.0009165647854961059,0.0011055598010500645
2.290909090909091e-05,1.33427e-319,-0.0008445507426153204,0.0011009016605652365
2.291727272727273e-05,6.755e-320,-0.0007639920356201167,0.0010959676525933292
2.2925454545454547e-05,3.37e-320,-0.0006758760082728351,0.001090767655245557
2.2933636363636366e-05,1.6536e-320,-0.0005812718685079587,0.001085299490097394
2.2941818181818184e-05,7.96e-321,-0.00048131677031701175,0.0010795745256729644
2.2950000000000002e-05,3.735e-321,-0.000377201128786049,0.0010735899184896704
2.295818181818182e-05,1.7e-321,-0.00027015337094407865,0.001067358199533042
2.296636363636364e-05,7.4e-322,-0.0001614243313443138,0.00106087614986441
2.2974545454545457e-05,3e-322,-5.227150451665655e-05,0.0010541571009792413
2.2982727272727275e-05,1.1e-322,5.6056633424926504e-05,0.001047197776259478
2.2990909090909093e-05,3e-323,0.00016233602463874242,0.001040011926371766
2.2999090909090912e-05,0.0,0.0002653819473739486,0.0010325965485479807
2.300727272727273e-05,-5e-324,0.00036406325699380707,0.0010249654272320424
2.3015454545454548e-05,-1e-323,0.0004573157668984435,0.0010171161637572857
2.3023636363636367e-05,-5e-324,0.000544154600007154,0.0010090622022981676
2.3031818181818185e-05,-5e-324,0.0006236853577050999,0.001000802062285535
2.3040000000000003e-05,-0.0,0.0006951139714169433,0.0009923484997625318
2.304818181818182e-05,-5e-324,0.0007577551219461645,0.000983701235725268
2.305636363636364e-05,-0.0,0.0008110391330971402,0.0009748720300504933
2.3064545454545458e-05,-0.0,0.0008545172685445433,0.0009658620452660569
2.3072727272727276e-05,-0.0,0.000887865384085887,0.000956681788734919
2.3080909090909094e-05,-0.0,0.0009108859109549219,0.0009473340498684069
2.3089090909090913e-05,-0.0,0.0009235081694307446,0.0009378278884562024
2.309727272727273e-05,-0.0,0.0009257870351990238,0.0009281678427673483
2.310545454545455e-05,-0.0,0.0009179000034679034,0.0009183613981995635
2.3113636363636367e-05,-0.0,0.0009001427173884777,0.0009084148944286225
2.3121818181818186e-05,-0.0,0.0008729230475751558,0.0008983341878844343
2.3130000000000004e-05,-0.0,0.0008367538281851595,0.0008881273996846405
2.3138181818181822e-05,-0.0,0.0007922443718466775,0.0008777987758636822
2.314636363636364e-05,-0.0,0.000740090900501503,0.0008673581265155446
2.315454545454546e-05,-0.0,0.0006810660417660412,0.00085680817680551
2.3162727272727277e-05,-0.0,0.0006160075505687849,0.0008461602639540583
2.3170909090909095e-05,-0.0,0.0005458064234866102,0.0008354157475383848
2.3179090909090913e-05,-0.0,0.00047139457830960423,0.0008245872667338644
2.318727272727273e-05,-0.0,0.00039373227388681995,0.0008136750285966272
2.319545454545455e-05,-0.0,0.0003137954452551536,0.0008026926945118779
2.3203636363636368e-05,-0.0,0.0002325631264822229,0.0007916395794984064
2.3211818181818186e-05,-0.0,0.00015100512865233603,0.0007805300439110469
2.3220000000000005e-05,-0.0,7.00701331190583e-05,0.0007693628063226958
2.3228181818181823e-05,-0.0,-9.325649302800284e-06,0.0007581525722366975
2.323636363636364e-05,-0.0,-8.63091139417922e-05,0.0007468977807465368
2.324454545454546e-05,-0.0,-0.0001600600665618254,0.0007356131122972752
2.3252727272727278e-05,0.0,-0.00022982008489817952,0.0007242970502908342
2.3260909090909096e-05,0.0,-0.00029490034191709627,0.0007129638784104913
2.3269090909090914e-05,0.0,-0.0003546883121902695,0.0007016124402396869
2.327727272727273e-05,0.0,-0.0004086533003995823,0.0006902562644520587
2.3285454545454547e-05,0.0,-0.00045635074904401015,0.0006788948484698911
2.3293636363636366e-05,0.0,-0.0004974253006310486,0.0006675406355314683
2.3301818181818184e-05,0.0,-0.000531612607724835,0.0006561940350754621
2.3310000000000002e-05,0.0,-0.0005587399019254266,0.0006448661154883856
2.331818181818182e-05,0.0,-0.000578725349913547,0.0006335584092777988
2.332636363636364e-05,0.0,-0.0005915762408744409,0.0006222803730358104
2.3334545454545457e-05,0.0,-0.0005973860646962759,0.0006110348167304848
2.3342727272727275e-05,0.0,-0.0005963305541294388,0.0005998294099389224
2.3350909090909093e-05,0.0,-0.0005886627764247206,0.0005886683307783253
2.335909090909091e-05,0.0,-0.0005747073706984149,0.0005775573549539884
2.336727272727273e-05,0.0,-0.0005548540362861644,0.0005665020514827933
2.3375454545454548e-05,0.0,-0.000529550384560282,0.0005555062674838927
2.3383636363636366e-05,0.0,-0.0004992942720438746,0.0005445769164378789
2.3391818181818185e-05,0.0,-0.0004646257361372036,0.0005337159550599042
2.3400000000000003e-05,0.0,-0.0004261186563845961,0.0005229315274460661
2.340818181818182e-05,0.0,-0.0003843722639886325,0.0005122238086745949
2.341636363636364e-05,0.0,-0.0003400026202831582,0.0005016019969147066
2.3424545454545458e-05,0.0,-0.00029363418119420404,0.0004910646597020628
2.3432727272727276e-05,0.0,-0.0002458915594587941,0.00048062181751311854
2.3440909090909094e-05,0.0,-0.00019739158966835702,0.00047027066179297026
2.3449090909090913e-05,0.0,-0.0001487357932065268,0.00046002175822840033
2.345727272727273e-05,0.0,-0.00010050333102488895,0.0004498712006255213
2.346545454545455e-05,0.0,-5.324452211973559e-05,0.00043982978932237876
2.3473636363636367e-05,0.0,-7.474994721691149e-06,0.00042989283364589783
2.3481818181818186e-05,0.0,3.632947422178923e-05,0.0004200710379147706
2.3490000000000004e-05,0.0,7.77373875100051e-05,0.0004103592611611546
2.3498181818181822e-05,0.0,0.00011636519235075737,0.0004007677751560352
2.350636363636364e-05,-0.0,0.0001518801614915756,0.0003912913293524532
2.351454545454546e-05,-0.0,0.0001840024829371493,0.0003819394351040161
2.3522727272727277e-05,-0.0,0.000212506561871096,0.00037270706484257994
2.3530909090909095e-05,-0.0,0.00023722154939836233,0.0003636026644453176
2.3539090909090913e-05,-0.0,0.0002580311230727847,0.00035462173949014865
2.354727272727273e-05,-0.0,0.00027487255374113715,0.00034577140131620263
2.355545454545455e-05,-0.0,0.0002877351019068188,0.0003370479632644031
2.3563636363636368e-05,-0.0,0.00029665779449928,0.0003284569807032852
2.3571818181818186e-05,-0.0,0.0003017266395551585,0.00031999580226618133
2.3580000000000005e-05,-0.0,0.00030307134181856854,0.0003116682631089656
2.3588181818181823e-05,-0.0,0.00030086158661408655,0.0003034729181863477
2.359636363636364e-05,-0.0,0.0002953029625185077,0.00029541178248577743
2.360454545454546e-05,-0.0,0.00028663259535771743,0.0002874847249380351
2.3612727272727278e-05,-0.0,0.0002751145669037438,0.0002796919090211001
2.3620909090909096e-05,-0.0,0.0002610351913827295,0.00027203455785871917
2.3629090909090914e-05,-0.0,0.00024469822158090906,0.0002645110220540853
2.3637272727272732e-05,-0.0,0.00022642005401936848,0.0002571238506051593
2.3645454545454547e-05,-0.0,0.0002065249994377708,0.00024986968821197894
2.3653636363636366e-05,-0.0,0.000185340680771832,0.000242752314805903
2.3661818181818184e-05,-0.0,0.00016319361602858845,0.0002357668399466761
2.3670000000000002e-05,-0.0,0.00014040503806453906,0.0002289181177540852
2.367818181818182e-05,-0.0,0.00011728699736615885,0.00022219994995030176
2.368636363636364e-05,-0.0,9.413878763326105e-05,0.0002156180537706256
2.3694545454545457e-05,-0.0,7.124372738636831e-05,0.00020916519730942922
2.3702727272727275e-05,-0.0,4.886632407198875e-05,0.0002028477053150469
2.3710909090909093e-05,-0.0,2.72498403351849e-05,0.0001966576218051846
2.371909090909091e-05,-0.0,6.61427537428802e-06,0.00019060159059881317
2.372727272727273e-05,-0.0,-1.2845232310837532e-05,0.00018467126352847467
2.3735454545454548e-05,-0.0,-3.0959580825192724e-05,0.00017887329524646887
2.3743636363636366e-05,-0.0,-4.7586465520358686e-05,0.0001731992857474623
2.3751818181818185e-05,0.0,-6.261073608337203e-05,0.00016765558631264961
2.3760000000000003e-05,0.0,-7.594436694950575e-05,0.0001622340797362079
2.376818181818182e-05,0.0,-8.752606255889687e-05,0.00015694050778914485
2.377636363636364e-05,0.0,-9.732052305402006e-05,0.00015176735114778373
2.3784545454545458e-05,0.0,-0.00010531739949362287,0.00014671945763176217
2.3792727272727276e-05,0.0,-0.00011152997051870606,0.00014179018835803803
2.3800909090909094e-05,0.0,-0.00011599357463813563,0.00013698324710269497
2.3809090909090912e-05,0.0,-0.00011876383390566277,0.00013229311389651328
2.381727272727273e-05,0.0,-0.00011991470574549243,0.00012772214388903505
2.382545454545455e-05,0.0,-0.00011953640006816077,0.00012326612073875964
2.3833636363636367e-05,0.0,-0.00011773319862976051,0.00011892590111255119
2.3841818181818185e-05,0.0,-0.00011462121286144516,0.00011469869583865021
2.3850000000000004e-05,0.0,-0.00011032611517525933,0.00011058377485807719
2.3858181818181822e-05,0.0,-0.00010498087708384932,0.00010657983367560869
2.386636363636364e-05,0.0,-9.872354540597616e-05,0.00010268453316027362
2.387454545454546e-05,0.0,-9.169508542056805e-05,9.88980428561332e-05
2.3882727272727277e-05,0.0,-8.403731713604095e-05,9.521645963208455e-05
2.3890909090909095e-05,0.0,-7.589096791785874e-05,9.164134902861112e-05
2.3899090909090913e-05,0.0,-6.739386162532791e-05,8.816735508049722e-05
2.390727272727273e-05,0.0,-5.86792612063007e-05,8.479729742495915e-05
2.391545454545455e-05,0.0,-4.987437844078333e-05,8.152454038943696e-05
2.3923636363636368e-05,0.0,-4.109906126352937e-05,7.83529582015872e-05
2.3931818181818186e-05,0.0,-3.246466588127088e-05,7.527486379105767e-05
2.3940000000000005e-05,0.0,-2.4073117779448037e-05,7.22949376008259e-05
2.3948181818181823e-05,0.0,-1.6016162729420112e-05,6.940471547632124e-05
2.395636363636364e-05,0.0,-8.37480609792914e-06,6.660939772612566e-05
2.396454545454546e-05,0.0,-1.2189361574192467e-06,6.390005217414754e-05
2.3972727272727278e-05,0.0,5.392875275841555e-06,6.128208731247622e-05
2.3980909090909096e-05,0.0,1.1413403668322454e-05,5.874643386139357e-05
2.3989090909090914e-05,0.0,1.6806644703584234e-05,5.6298385412452606e-05
2.3997272727272732e-05,0.0,2.15475415373942e-05,5.392907433043346e-05
2.400545454545455e-05,-0.0,2.5621579869388835e-05,5.164335949551981e-05
2.401363636363637e-05,-0.0,2.9024265322754773e-05,4.943290687788172e-05
2.4021818181818184e-05,-0.0,3.1760498337227855e-05,4.73018389268603e-05
2.4030000000000002e-05,-0.0,3.3843862221770484e-05,4.524266577349905e-05
2.403818181818182e-05,-0.0,3.529584019326676e-05,4.325850417543742e-05
2.404636363636364e-05,-0.0,3.614497716068071e-05,4.134298358749606e-05
2.4054545454545457e-05,-0.0,3.642600171775979e-05,3.9497991590712384e-05
2.4062727272727275e-05,-0.0,3.617892330245293e-05,3.771850398319533e-05
2.4070909090909093e-05,-0.0,3.544811879138002e-05,3.600501313565463e-05
2.407909090909091e-05,-0.0,3.4281421947661225e-05,3.4354009116268155e-05
2.408727272727273e-05,-0.0,3.272922815467178e-05,3.2764490021405926e-05
2.4095454545454548e-05,-0.0,3.084362577083897e-05,3.123456040815317e-05
2.4103636363636366e-05,-0.0,2.8677564255608116e-05,2.976169895615419e-05
2.4111818181818185e-05,-0.0,2.6284067968948013e-05,2.8345651381994547e-05
2.4120000000000003e-05,-0.0,2.3715503261050142e-05,2.6982429804504535e-05
2.412818181818182e-05,-0.0,2.1022905168643892e-05,2.567337146416695e-05
2.413636363636364e-05,-0.0,1.8255368740495847e-05,2.4413153804155015e-05
2.4144545454545458e-05,-0.0,1.5459508745439513e-05,2.320458017067154e-05
2.4152727272727276e-05,-0.0,1.2678990288174283e-05,2.204120222694722e-05
2.4160909090909094e-05,-0.0,9.954131686581598e-06,2.0927092100385096e-05
2.4169090909090912e-05,-0.0,7.321579863759749e-06,1.9854956625137903e-05
2.417727272727273e-05,-0.0,4.814057490418325e-06,1.8829874615237275e-05
2.418545454545455e-05,-0.0,2.4601801874443357e-06,1.7844053342196197e-05
2.4193636363636367e-05,-0.0,2.8434126986127376e-07,1.6903261615097394e-05
2.4201818181818185e-05,-0.0,-1.693339214571725e-06,1.5999606299327872e-05
2.4210000000000004e-05,-0.0,-3.4570050238190413e-06,1.5139187771122114e-05
2.4218181818181822e-05,-0.0,-4.994998229072929e-06,1.4314452201094477e-05
2.422636363636364e-05,-0.0,-6.29974249893956e-06,1.3531446340010057e-05
2.423454545454546e-05,-0.0,-7.3675802815666705e-06,1.2783418653758123e-05
2.4242727272727277e-05,-0.0,-8.198569222737185e-06,1.2075966401801864e-05
2.4250909090909095e-05,0.0,-8.796243284409877e-06,1.1403602849475996e-05
2.4259090909090913e-05,0.0,-9.167344070905475e-06,1.0771084708304262e-05
2.426727272727273e-05,0.0,-9.321527835060053e-06,1.0174616829326116e-05
2.427545454545455e-05,0.0,-9.271053530644462e-06,9.617741130770948e-06
2.4283636363636368e-05,0.0,-9.03045710793879e-06,9.098690606563073e-06
2.4291818181818186e-05,0.0,-8.616217025772813e-06,8.61943996519171e-06
2.4300000000000005e-05,0.0,-8.046415685236628e-06,8.18041522068495e-06
2.4308181818181823e-05,0.0,-7.340401186301762e-06,7.781691551579226e-06
2.431636363636364e-05,0.0,-6.51845347592e-06,7.425777520352771e-06
2.432454545454546e-05,0.0,-5.601458601091224e-06,7.110544013353762e-06
2.4332727272727278e-05,0.0,-4.610594409531801e-06,6.8401121937086765e-06
2.4340909090909096e-05,0.0,-3.567030661282486e-06,6.609932785067482e-06
2.4349090909090914e-05,0.0,-2.4916461341511393e-06,6.42493774724157e-06
2.4357272727272732e-05,0.0,-1.4047649301847344e-06,6.278193717624503e-06
2.436545454545455e-05,0.0,-3.2591382330147637e-07,6.1745254373876385e-06
2.437363636363637e-05,0.0,7.263978676573036e-07,6.105115980635535e-06
2.4381818181818187e-05,0.0,1.7348747383617887e-06,6.073963655390748e-06
2.4390000000000002e-05,0.0,2.6836072741182614e-06,6.071384756429753e-06
2.439818181818182e-05,0.0,3.558218829061768e-06,6.100196363873603e-06
2.440636363636364e-05,0.0,4.3459873807578005e-06,6.151119232797615e-06
2.4414545454545457e-05,0.0,5.035942092085484e-06,6.225703355329158e-06
2.4422727272727275e-05,0.0,5.6189349514526975e-06,6.3161879282002056e-06
2.4430909090909093e-05,0.0,6.087687981225525e-06,6.42285262051168e-06
2.443909090909091e-05,0.0,6.436816702760446e-06,6.540150497631228e-06
2.444727272727273e-05,0.0,6.662830723988365e-06,6.667080657352381e-06
2.4455454545454548e-05,0.0,6.764112472079773e-06,6.800568938026575e-06
2.4463636363636366e-05,0.0,6.740875230738086e-06,6.938331858603996e-06
2.4471818181818185e-05,0.0,6.595101761622049e-06,7.079705771810528e-06
2.4480000000000003e-05,0.0,6.330464894548208e-06,7.221173428784425e-06
2.448818181818182e-05,0.0,5.952231562434653e-06,7.3642266333262425e-06
2.449636363636364e-05,0.0,5.467151834245515e-06,7.504236920377601e-06
2.4504545454545458e-05,-0.0,4.883334562356406e-06,7.644496052480662e-06
2.4512727272727276e-05,-0.0,4.210111310743624e-06,7.779459247386752e-06
2.4520909090909094e-05,-0.0,3.4578902691308887e-06,7.913817824728024e-06
2.4529090909090912e-05,-0.0,2.638001887427685e-06,8.041362662722506e-06
2.453727272727273e-05,-0.0,1.7625379848709271e-06,8.167770784965085e-06
2.454545454545455e-05,-0.0,8.441860983433267e-07,8.286457910986786e-06
2.4553636363636367e-05,-0.0,-1.039391666913203e-07,8.403678040702929e-06
2.4561818181818185e-05,-0.0,-1.068466031437467e-06,8.51277849062933e-06
2.4570000000000004e-05,-0.0,-2.0359349565080195e-06,8.62019908133833e-06
2.4578181818181822e-05,-0.0,-2.9929658752503744e-06,8.719525447436964e-06
2.458636363636364e-05,-0.0,-3.926421591941077e-06,8.817019342699623e-06
2.459454545454546e-05,-0.0,-4.823565741037783e-06,8.906796133006035e-06
2.4602727272727277e-05,-0.0,-5.672213767780957e-06,8.994611305807007e-06
2.4610909090909095e-05,-0.0,-6.460875467161521e-06,9.075373000690004e-06
2.4619090909090913e-05,-0.0,-7.1788877067374625e-06,9.1540455732471e-06
2.462727272727273e-05,-0.0,-7.816536057760097e-06,9.226553609331918e-06
2.463545454545455e-05,-0.0,-8.365164168166402e-06,9.296835680938436e-06
2.4643636363636368e-05,-0.0,-8.817269830915255e-06,9.362008118083633e-06
2.4651818181818186e-05,-0.0,-9.166586832742742e-06,9.424805142587944e-06
2.4660000000000004e-05,-0.0,-9.408151811398419e-06,9.483654810202872e-06
2.4668181818181823e-05,-0.0,-9.538355501997636e-06,9.539969057473512e-06
2.467636363636364e-05,-0.0,-9.554977912857392e-06,9.593547641261044e-06
2.468454545454546e-05,-0.0,-9.457207136337645e-06,9.644425772034494e-06
2.4692727272727277e-05,-0.0,-9.245641670218696e-06,9.693772648224123e-06
2.4700909090909096e-05,-0.0,-8.922276299787012e-06,9.74025662491818e-06
2.4709090909090914e-05,-0.0,-8.490471768866748e-06,9.786352255188339e-06
2.4717272727272732e-05,-0.0,-7.954908646767361e-06,9.829433696531388e-06
2.472545454545455e-05,-0.0,-7.321525974006031e-06,9.87315811615026e-06
2.473363636363637e-05,-0.0,-6.597445439851178e-06,9.913736896367175e-06
2.4741818181818187e-05,-0.0,-5.7908820077507325e-06,9.955834356860529e-06
2.4750000000000005e-05,0.0,-4.91104205984826e-06,9.994682726247958e-06
2.4758181818181824e-05,0.0,-3.968010277751239e-06,1.0035733782655946e-05
2.476636363636364e-05,0.0,-2.972626610843723e-06,1.0073467445774271e-05
2.4774545454545457e-05,0.0,-1.936354802311535e-06,1.0113869686702546e-05
2.4782727272727275e-05,0.0,-8.711440439100495e-07,1.015092715617356e-05
2.4790909090909093e-05,0.0,2.107145878183355e-07,1.0190885481557556e-05
2.479909090909091e-05,0.0,1.2967351986594727e-06,1.0227516730821005e-05
2.480727272727273e-05,0.0,2.3743858887269395e-06,1.0267043618442334e-05
2.4815454545454548e-05,0.0,3.4312375281406693e-06,1.030330855183655e-05
2.4823636363636366e-05,0.0,4.455110714830768e-06,1.0342234120884748e-05
2.4831818181818184e-05,0.0,5.434219156319625e-06,1.0378010714814042e-05
2.4840000000000003e-05,0.0,6.357307764212305e-06,1.0416001730403449e-05
2.484818181818182e-05,0.0,7.213783818762239e-06,1.0451003072757439e-05
2.485636363636364e-05,0.0,7.993839649401212e-06,1.048758950966127e-05
2.4864545454545458e-05,0.0,8.688565384583693e-06,1.0521388446166654e-05
2.4872727272727276e-05,0.0,9.290050450572818e-06,1.0555995824015022e-05
2.4880909090909094e-05,0.0,9.791472643401188e-06,1.0588055487777156e-05
2.4889090909090912e-05,0.0,1.0187173759214781e-05,1.0620040923924075e-05
2.489727272727273e-05,0.0,1.0472720942180457e-05,1.0649749185122642e-05
2.490545454545455e-05,0.0,1.0644953092512371e-05,1.067843909286032e-05
2.4913636363636367e-05,0.0,1.0702011867341633e-05,1.0705144965126595e-05
2.4921818181818185e-05,0.0,1.0643357002594089e-05,1.0729872490216097e-05
2.4930000000000004e-05,0.0,1.046976588325115e-05,1.0752922652981397e-05
2.4938181818181822e-05,0.0,1.0183317489701271e-05,1.0773063165945383e-05
2.494636363636364e-05,0.0,9.787361045450355e-06,1.0791836956920643e-05
2.495454545454546e-05,0.0,9.286469882204749e-06,1.0806840223753308e-05
2.4962727272727277e-05,0.0,8.686381219369089e-06,1.0820781772771368e-05
2.4970909090909095e-05,0.0,7.993922724837e-06,1.0830199809237433e-05
2.4979090909090913e-05,0.0,7.216926881591188e-06,1.0838846320989982e-05
2.498727272727273e-05,0.0,6.364134328300665e-06,1.0842356246379351e-05
2.499545454545455e-05,0.0,5.445087468971366e-06,1.0845361701547042e-05
2.5003636363636368e-05,-0.0,4.470015753827885e-06,1.0842783152799898e-05
2.5011818181818186e-05,-0.0,3.4497141192444785e-06,1.083993693871198e-05
2.5020000000000004e-05,-0.0,2.3954161386194795e-06,1.083124385051041e-05
2.5028181818181823e-05,-0.0,1.3186634793232118e-06,1.0822484080808373e-05
2.503636363636364e-05,-0.0,2.3117328347638443e-07,1.0807810829241461e-05
2.504454545454546e-05,-0.0,-8.552949084323725e-07,1.079323225135923e-05
2.5052727272727277e-05,-0.0,-1.929071093191819e-06,1.0772874240029558e-05
2.5060909090909096e-05,-0.0,-2.9787040452558905e-06,1.0752730711191377e-05
2.5069090909090914e-05,-0.0,-3.993086371253943e-06,1.0727139561980947e-05
2.5077272727272732e-05,-0.0,-4.961573969761941e-06,1.0701841184272142e-05
2.508545454545455e-05,-0.0,-5.8740985848452145e-06,1.067161479154033e-05
2.509363636363637e-05,-0.0,-6.72127225373126e-06,1.0641719872066766e-05
2.5101818181818187e-05,-0.0,-7.4944825746632705e-06,1.0607587614671294e-05
2.5110000000000005e-05,-0.0,-8.185977859121818e-06,1.0573789637520215e-05
2.5118181818181823e-05,-0.0,-8.788941380329173e-06,1.0536593075351957e-05
2.5126363636363642e-05,-0.0,-9.297554083562494e-06,1.049970294227026e-05
2.5134545454545457e-05,-0.0,-9.70704528009208e-06,1.0460372437832895e-05
2.5142727272727275e-05,-0.0,-1.0013731003657898e-05,1.0421296360591957e-05
2.5150909090909093e-05,-0.0,-1.0215039865316402e-05,1.0380824182534214e-05
2.515909090909091e-05,-0.0,-1.0309526397862773e-05,1.0340537710663346e-05
2.516727272727273e-05,-0.0,-1.0296872032282458e-05,1.0299948285573617e-05
2.5175454545454548e-05,-0.0,-1.0177873992467084e-05,1.0259467096392638e-05
2.5183636363636366e-05,-0.0,-9.954422527968425e-06,1.021978526867574e-05
2.5191818181818184e-05,-0.0,-9.62946702662084e-06,1.0180133589474683e-05
2.5200000000000003e-05,-0.0,-9.206971659425682e-06,1.014235198883741e-05
2.520818181818182e-05,-0.0,-8.691861309100602e-06,1.0104529751006064e-05
2.521636363636364e-05,-0.0,-8.089958620036092e-06,1.006957653841019e-05
2.5224545454545457e-05,-0.0,-7.407913079140229e-06,1.0034526553450414e-05
2.5232727272727276e-05,-0.0,-6.653123092718465e-06,1.0003234978067078e-05
2.5240909090909094e-05,-0.0,-5.833652064208169e-06,9.971811636879345e-06
2.5249090909090912e-05,-0.0,-4.95813950275827e-06,9.944892969413179e-06
2.525727272727273e-05,0.0,-4.03570820496305e-06,9.917834102098893e-06
2.526545454545455e-05,0.0,-3.075868552150521e-06,9.895855486220373e-06
2.5273636363636367e-05,0.0,-2.088420953085974e-06,9.873758958304586e-06
2.5281818181818185e-05,0.0,-1.0833574365103027e-06,9.857127505158455e-06
2.5290000000000004e-05,0.0,-7.076336065210916e-08,9.840433935147232e-06
2.5298181818181822e-05,0.0,9.392798398091641e-07,9.829388076424854e-06
2.530636363636364e-05,0.0,1.9367900021927125e-06,9.818370749292498e-06
2.5314545454545458e-05,0.0,2.911976870916078e-06,9.812979412166576e-06
2.5322727272727277e-05,0.0,3.855331273538749e-06,9.807741965440255e-06
2.5330909090909095e-05,0.0,4.757710159712873e-06,9.807911528911031e-06
2.5339090909090913e-05,0.0,5.610416896240387e-06,9.808393377664581e-06
2.534727272727273e-05,0.0,6.405276283934487e-06,9.813881781777741e-06
2.535545454545455e-05,0.0,7.134703833170268e-06,9.819870704478563e-06
2.5363636363636368e-05,0.0,7.791768903361629e-06,9.830307614843497e-06
2.5371818181818186e-05,0.0,8.37025137706066e-06,9.84145844166391e-06
2.5380000000000004e-05,0.0,8.864691602483206e-06,9.856369983668712e-06
2.5388181818181823e-05,0.0,9.270433398878823e-06,9.872227939009377e-06
2.539636363636364e-05,0.0,9.583659976003343e-06,9.89106429619319e-06
2.540454545454546e-05,0.0,9.801422670404063e-06,9.911091369288855e-06
2.5412727272727277e-05,0.0,9.921662446629561e-06,9.933255563020837e-06
2.5420909090909096e-05,0.0,9.943224151633352e-06,9.956858320953767e-06
2.5429090909090914e-05,0.0,9.865863547070714e-06,9.981734655695771e-06
2.5437272727272732e-05,0.0,9.690247177825639e-06,1.0008292039416121e-05
2.544545454545455e-05,0.0,9.417945165712848e-06,1.0035272923378563e-05
2.545363636363637e-05,0.0,9.051417044143397e-06,1.0064162792821526e-05
2.5461818181818187e-05,0.0,8.593990772652276e-06,1.0092672965228568e-05
2.5470000000000005e-05,0.0,8.04983509095715e-06,1.012329647966996e-05
2.5478181818181823e-05,0.0,7.423925392727456e-06,1.01528140161052e-05
2.548636363636364e-05,0.0,6.72200332092206e-06,1.01846172197944e-05
2.549454545454546e-05,0.0,5.950530309469153e-06,1.0214690927229327e-05
2.5502727272727278e-05,-0.0,5.116635319504281e-06,1.0247183112286571e-05
2.5510909090909093e-05,-0.0,4.228057042174541e-06,1.0277446113932548e-05
2.551909090909091e-05,-0.0,3.293080865258613e-06,1.0310214730293667e-05
2.552727272727273e-05,-0.0,2.320470929341162e-06,1.0340394214254718e-05
2.5535454545454548e-05,-0.0,1.3193976321271927e-06,1.0373116236197436e-05
2.5543636363636366e-05,-0.0,2.993609762339244e-07,1.0403039403637109e-05
2.5551818181818184e-05,-0.0,-7.298898050869413e-07,1.0435489082166467e-05
2.5560000000000003e-05,-0.0,-1.7584398696079785e-06,1.0465085316326094e-05
2.556818181818182e-05,-0.0,-2.7762951190941034e-06,1.0497138253667506e-05
2.557636363636364e-05,-0.0,-3.77347072406907e-06,1.0526437555287335e-05
2.5584545454545457e-05,-0.0,-4.74008121497882e-06,1.0558071075929037e-05
2.5592727272727276e-05,-0.0,-5.666431487197763e-06,1.0587198825712293e-05
2.5600909090909094e-05,-0.0,-6.543108021392733e-06,1.0618488594147238e-05
2.5609090909090912e-05,-0.0,-7.361069578413609e-06,1.0647656659723576e-05
2.561727272727273e-05,-0.0,-8.111736590151503e-06,1.0678769469503307e-05
2.562545454545455e-05,-0.0,-8.78707843451343e-06,1.0708263708422286e-05
2.5633636363636367e-05,-0.0,-9.379697753736657e-06,1.0739446446118923e-05
2.5641818181818185e-05,-0.0,-9.882910952001292e-06,1.0769610777458364e-05
2.5650000000000003e-05,-0.0,-1.0290823993316987e-05,1.0801175679125563e-05
2.5658181818181822e-05,-0.0,-1.0598402616575881e-05,1.0832393005084589e-05
2.566636363636364e-05,-0.0,-1.08015360927007e-05,1.0864699418620229e-05
2.5674545454545458e-05,-0.0,-1.0897093668634016e-05,1.0897369810976507e-05
2.5682727272727276e-05,-0.0,-1.0882972873799885e-05,1.093080287490816e-05
2.5690909090909095e-05,-0.0,-1.0758138906925465e-05,1.0965319694010696e-05
2.5699090909090913e-05,-0.0,-1.0522654376301178e-05,1.1000266615219165e-05
2.570727272727273e-05,-0.0,-1.0177698736358782e-05,1.1036991467278722e-05
2.571545454545455e-05,-0.0,-9.725576848176531e-06,1.107381629952168e-05
2.5723636363636368e-05,-0.0,-9.16971618973592e-06,1.1113053905496928e-05
2.5731818181818186e-05,-0.0,-8.514652351270993e-06,1.1152071922762655e-05
2.5740000000000004e-05,-0.0,-7.766002570411259e-06,1.1194046141816935e-05
2.5748181818181823e-05,-0.0,-6.9304271908067814e-06,1.1235499118217068e-05
2.575636363636364e-05,0.0,-6.015579066646289e-06,1.1280331493741227e-05
2.576454545454546e-05,0.0,-5.030041082910852e-06,1.1324365294229378e-05
2.5772727272727277e-05,0.0,-3.983252114596688e-06,1.137205743262534e-05
2.5780909090909096e-05,0.0,-2.8854219038689905e-06,1.1418703248094813e-05
2.5789090909090914e-05,0.0,-1.7474354891785284e-06,1.1469124167881805e-05
2.5797272727272732e-05,0.0,-5.807479731552222e-07,1.1518284590725538e-05
2.580545454545455e-05,0.0,6.027294343619471e-07,1.1571163951317185e-05
2.581363636363637e-05,0.0,1.7907510171754666e-06,1.1622604850913717e-05
2.5821818181818187e-05,0.0,2.970864579938771e-06,1.1677532612524624e-05
2.5830000000000005e-05,0.0,4.130544559721947e-06,1.1730881373680585e-05
2.5838181818181823e-05,0.0,5.257328770801127e-06,1.1787313978107044e-05
2.584636363636364e-05,0.0,6.338957239462862e-06,1.184206423260079e-05
2.585454545454546e-05,0.0,7.363511511185112e-06,1.1899336995712645e-05
2.5862727272727278e-05,0.0,8.319552756626904e-06,1.1954859600568336e-05
2.5870909090909096e-05,0.0,9.196256967444712e-06,1.2012204650830634e-05
2.5879090909090915e-05,0.0,9.98354552076739e-06,1.206776428611465e-05
2.588727272727273e-05,0.0,1.0672209404199806e-05,1.2124333046758913e-05
2.5895454545454548e-05,0.0,1.1254025431738544e-05,1.2179109467243494e-05
2.5903636363636366e-05,0.0,1.1721862843788123e-05,1.2233998464053563e-05
2.5911818181818184e-05,0.0,1.2069778770275419e-05,1.2287111263976557e-05
2.5920000000000003e-05,0.0,1.2293101144333103e-05,1.2339389987914188e-05
2.592818181818182e-05,0.0,1.2388497785522313e-05,1.238992566478302e-05
2.593636363636364e-05,0.0,1.2354030525857279e-05,1.2438665206556409e-05
2.5944545454545457e-05,0.0,1.2189193427057718e-05,1.2485705264340706e-05
2.5952727272727276e-05,0.0,1.1894934330056393e-05,1.2530006485418378e-05
2.5960909090909094e-05,0.0,1.1473659184186197e-05,1.2572655380051169e-05
2.5969090909090912e-05,0.0,1.0929218820996325e-05,1.2611675546311894e-05
2.597727272727273e-05,0.0,1.026687806457166e-05,1.2649087433017695e-05
2.598545454545455e-05,0.0,9.493267304567483e-06,1.2682064416718206e-05
2.5993636363636367e-05,0.0,8.61631689652531e-06,1.2713467781549119e-05
2.6001818181818185e-05,-0.0,7.645174991646279e-06,1.2739741067004727e-05
2.6010000000000003e-05,-0.0,6.590109630211208e-06,1.2764460451483796e-05
2.601818181818182e-05,-0.0,5.462396155621056e-06,1.2783488352903978e-05
2.602636363636364e-05,-0.0,4.274191217332172e-06,1.2800962566614371e-05
2.6034545454545458e-05,-0.0,3.0383948287770154e-06,1.281233525890945e-05
2.6042727272727276e-05,-0.0,1.7685021276813729e-06,1.282213162412089e-05
2.6050909090909095e-05,-0.0,4.784466468540925e-07,1.2825579694027088e-05
2.6059090909090913e-05,-0.0,-8.175629605835533e-07,1.282740395222433e-05
2.606727272727273e-05,-0.0,-2.105210689087719e-06,1.2822802279106273e-05
2.607545454545455e-05,-0.0,-3.370243309024009e-06,1.2816503919060517e-05
2.6083636363636368e-05,-0.0,-4.598640670811642e-06,1.2803870849289952e-05
2.6091818181818186e-05,-0.0,-5.7767839772633325e-06,1.2789443766229418e-05
2.6100000000000004e-05,-0.0,-6.891619824210965e-06,1.2768935653483776e-05
2.6108181818181822e-05,-0.0,-7.930817849649481e-06,1.2746514117677289e-05
2.611636363636364e-05,-0.0,-8.882919904467403e-06,1.2718415368293198e-05
2.612454545454546e-05,-0.0,-9.737478761580578e-06,1.268826537671984e-05
2.6132727272727277e-05,-0.0,-1.0485184512055513e-05,1.2652974272145795e-05
2.6140909090909096e-05,-0.0,-1.1117976954146974e-05,1.2615480523112247e-05
2.6149090909090914e-05,-0.0,-1.1629142462776014e-05,1.2573491254634265e-05
2.6157272727272732e-05,-0.0,-1.2013394031899067e-05,1.2529140112554845e-05
2.616545454545455e-05,-0.0,-1.226693340838372e-05,1.2481021554293206e-05
2.617363636363637e-05,-0.0,-1.2387494479420053e-05,1.2430380473812825e-05
2.6181818181818187e-05,-0.0,-1.2374367330999355e-05,1.2376752353371658e-05
2.6190000000000005e-05,-0.0,-1.222840265785868e-05,1.2320446415587509e-05
2.6198181818181823e-05,-0.0,-1.1951996472217704e-05,1.2261953733105903e-05
2.620636363636364e-05,-0.0,-1.1549055327248319e-05,1.2200640141630442e-05
2.621454545454546e-05,-0.0,-1.1024942538615596e-05,1.2137926822538874e-05
2.6222727272727278e-05,-0.0,-1.0386406149210518e-05,1.2072268317976474e-05
2.6230909090909096e-05,-0.0,-9.641489632942863e-06,1.2005951157436676e-05
2.6239090909090915e-05,-0.0,-8.799426568274339e-06,1.1936589435941924e-05
2.6247272727272733e-05,-0.0,-7.870520727840638e-06,1.1867233508608149e-05
2.6255454545454548e-05,0.0,-6.866013225302258e-06,1.1794763867345746e-05
2.6263636363636366e-05,0.0,-5.797938532862153e-06,1.1722860620051758e-05
2.6271818181818184e-05,0.0,-4.6789713300571e-06,1.1647809078376416e-05
2.6280000000000002e-05,0.0,-3.5222662629975955e-06,1.1573758237358857e-05
2.628818181818182e-05,0.0,-2.341292780251166e-06,1.149656229447265e-05
2.629636363636364e-05,0.0,-1.149667265868616e-06,1.1420658571323788e-05
2.6304545454545457e-05,0.0,3.901528775736778e-08,1.1341652661508702e-05
2.6312727272727276e-05,0.0,1.2113478333023403e-06,1.126407806184828e-05
2.6320909090909094e-05,0.0,2.354273853650712e-06,1.1183484562470977e-05
2.6329090909090912e-05,0.0,3.4552438545581985e-06,1.1104306780839002e-05
2.633727272727273e-05,0.0,4.502363741988929e-06,1.1022233079401778e-05
2.634545454545455e-05,0.0,5.484533192149622e-06,1.0941410067404777e-05
2.6353636363636367e-05,0.0,6.391572279370247e-06,1.0857851829546458e-05
2.6361818181818185e-05,0.0,7.214334806504613e-06,1.0775242271061415e-05
2.6370000000000003e-05,0.0,7.94480698130015e-06,1.0690092698123072e-05
2.637818181818182e-05,0.0,8.57619029808442e-06,1.0605471767276404e-05
2.638636363636364e-05,0.0,9.102967715071154e-06,1.0518536235758937e-05
2.6394545454545458e-05,0.0,9.520952460370782e-06,1.0431615647449638e-05
2.6402727272727276e-05,0.0,9.827319049737314e-06,1.0342630773124917e-05
2.6410909090909095e-05,0.0,1.0020616351096968e-05,1.02530819099043e-05
2.6419090909090913e-05,0.0,1.0100762780795832e-05,1.0161737873493929e-05
2.642727272727273e-05,0.0,1.0069023961450003e-05,1.006921666525081e-05
2.643545454545455e-05,0.0,9.927973409007973e-06,9.975181506440723e-06
2.6443636363636368e-05,0.0,9.68143704418567e-06,9.879353690060673e-06
2.6451818181818186e-05,0.0,9.33442253676489e-06,9.782298204735907e-06
2.6460000000000004e-05,0.0,8.89303468608225e-06,9.682863640300686e-06
2.6468181818181822e-05,0.0,8.364378214210582e-06,9.582485600067253e-06
2.647636363636364e-05,0.0,7.756449498348309e-06,9.479200514637651e-06
2.648454545454546e-05,0.0,7.078018895232396e-06,9.375247098068533e-06
2.6492727272727277e-05,0.0,6.338505412098663e-06,9.267943329068152e-06
2.6500909090909095e-05,-0.0,5.547845554049144e-06,9.160230817287457e-06
2.6509090909090914e-05,-0.0,4.716358224666927e-06,9.048831332873572e-06
2.6517272727272732e-05,-0.0,3.8546075744643766e-06,8.937261336418327e-06
2.652545454545455e-05,-0.0,2.973265681141225e-06,8.821791567412939e-06
2.653363636363637e-05,-0.0,2.082976908674875e-06,8.706363313152557e-06
2.6541818181818187e-05,-0.0,1.1942257307839657e-06,8.586958079778936e-06
2.6550000000000005e-05,-0.0,3.1720971916739955e-07,8.467776487191191e-06
2.6558181818181823e-05,-0.0,-5.382807114375132e-07,8.344682461899903e-06
2.656636363636364e-05,-0.0,-1.3629743396442106e-06,8.221961891925379e-06
2.657454545454546e-05,-0.0,-2.148221642924934e-06,8.095535693502403e-06
2.6582727272727278e-05,-0.0,-2.886086624478943e-06,7.96959942718652e-06
2.6590909090909096e-05,-0.0,-3.5694269897605327e-06,7.8403016006917e-06
2.6599090909090915e-05,-0.0,-4.191961885997313e-06,7.711577243837783e-06
2.6607272727272733e-05,-0.0,-4.748326610327256e-06,7.579962453666529e-06
2.661545454545455e-05,-0.0,-5.234113889637786e-06,7.44897351081743e-06
2.662363636363637e-05,-0.0,-5.645901534425797e-06,7.315677308163856e-06
2.6631818181818184e-05,-0.0,-5.9812664657512086e-06,7.183031234254564e-06
2.6640000000000002e-05,-0.0,-6.238785304777468e-06,7.0487538335772605e-06
2.664818181818182e-05,-0.0,-6.418021896045344e-06,6.915126949638157e-06
2.665636363636364e-05,-0.0,-6.519502307264e-06,6.780614491852715e-06
2.6664545454545457e-05,-0.0,-6.544678008754998e-06,6.646734167972519e-06
2.6672727272727275e-05,-0.0,-6.49587808246548e-06,6.512757943679018e-06
2.6680909090909094e-05,-0.0,-6.376251440606025e-06,6.379382469443024e-06
2.6689090909090912e-05,-0.0,-6.189700144878148e-06,6.246716633137106e-06
2.669727272727273e-05,-0.0,-5.940805007939806e-06,6.114613287372697e-06
2.670545454545455e-05,-0.0,-5.634744729695826e-06,5.984011681826595e-06
2.6713636363636367e-05,-0.0,-5.277209872912155e-06,5.853933591355403e-06
2.6721818181818185e-05,-0.0,-4.874313015311881e-06,5.726106361312391e-06
2.6730000000000003e-05,-0.0,-4.432496427564546e-06,5.59876880055306e-06
2.673818181818182e-05,-0.0,-3.958438617566425e-06,5.47435955996605e-06
2.674636363636364e-05,-0.0,-3.4589610518113844e-06,5.350416499876193e-06
2.6754545454545458e-05,0.0,-2.9409363167715175e-06,5.229980988029915e-06
2.6762727272727276e-05,0.0,-2.411198919751364e-06,5.110002880164073e-06
2.6770909090909095e-05,0.0,-1.876459851378519e-06,4.993990156698562e-06
2.6779090909090913e-05,0.0,-1.3432259412364332e-06,4.878444047665332e-06
2.678727272727273e-05,0.0,-8.177249344705853e-07,4.7671813184358925e-06
2.679545454545455e-05,0.0,-3.0583710208027184e-07,4.656414478647569e-06
2.6803636363636368e-05,0.0,1.869659258081387e-07,4.550096679853486e-06
2.6811818181818186e-05,0.0,6.556745424486097e-07,4.44432499074546e-06
2.6820000000000004e-05,0.0,1.0957863315561934e-06,4.34301017813391e-06
2.6828181818181822e-05,0.0,1.5033427186209368e-06,4.242312397235856e-06
2.683636363636364e-05,0.0,1.8749569373305656e-06,4.145923684405339e-06
2.684454545454546e-05,0.0,2.20783327225987e-06,4.050242377700232e-06
2.6852727272727277e-05,0.0,2.499777665650258e-06,3.958576726929556e-06
2.6860909090909095e-05,0.0,2.7491998958899974e-06,3.867726221340827e-06
2.6869090909090914e-05,0.0,2.9551076458589295e-06,3.7804698749264853e-06
2.6877272727272732e-05,0.0,3.1170928799303512e-06,3.69415102036735e-06
2.688545454545455e-05,0.0,3.235311039441655e-06,3.6109007332216474e-06
2.689363636363637e-05,0.0,3.310453647752212e-06,3.5287215806894998e-06
2.6901818181818187e-05,0.0,3.3437149862683466e-06,3.4490101977301407e-06
2.6910000000000005e-05,0.0,3.336753560029234e-06,3.370511106597662e-06
2.6918181818181823e-05,0.0,3.2916491143353683e-06,3.293835630660927e-06
2.692636363636364e-05,0.0,3.210855992791693e-06,3.2185169451516203e-06
2.693454545454546e-05,0.0,3.0971536435065387e-06,3.1443670651167192e-06
2.6942727272727278e-05,0.0,2.9535950853057012e-06,3.071717315281515e-06
2.6950909090909096e-05,0.0,2.7834541398044605e-06,2.9996023991156864e-06
2.6959090909090914e-05,0.0,2.5901722173372916e-06,2.929125045727368e-06
2.6967272727272733e-05,0.0,2.3773054148538e-06,2.8585979022532466e-06
2.697545454545455e-05,0.0,2.148472643152001e-06,2.7898349930669242e-06
2.698363636363637e-05,0.0,1.9073054515574177e-06,2.7205112131822903e-06
2.6991818181818188e-05,0.0,1.6574001625320396e-06,2.653062807496442e-06
2.7000000000000002e-05,-0.0,1.4022728676898343e-06,2.584635017181423e-06
2.700818181818182e-05,-0.0,1.1453177702954355e-06,2.518173726004414e-06
2.701636363636364e-05,-0.0,8.897692877349838e-07,2.4504205711925726e-06
2.7024545454545457e-05,-0.0,6.386682521117128e-07,2.38470105958377e-06
2.7032727272727275e-05,-0.0,3.9483247052811367e-07,2.3174912060974697e-06
2.7040909090909094e-05,-0.0,1.608318310947076e-07,2.252354944037066e-06
2.7049090909090912e-05,-0.0,-6.103193269885888e-08,2.1856466904884136e-06
2.705727272727273e-05,-0.0,-2.687407780494811e-07,2.121022501382372e-06
2.706545454545455e-05,-0.0,-4.605712177713715e-07,2.054859745490471e-06
2.7073636363636367e-05,-0.0,-6.351006093923748e-07,1.9907608524839615e-06
2.7081818181818185e-05,-0.0,-7.912090257946162e-07,1.9252662415024407e-06
2.7090000000000003e-05,-0.0,-9.280769201304636e-07,1.8617846170625078e-06
2.709818181818182e-05,-0.0,-1.0451788457599766e-06,1.7971507275238674e-06
2.710636363636364e-05,-0.0,-1.142273533416586e-06,1.7344495422144298e-06
2.7114545454545458e-05,-0.0,-1.2193906637314212e-06,1.6709288315462018e-06
2.7122727272727276e-05,-0.0,-1.2768147035996645e-06,1.6092336914861206e-06
2.7130909090909094e-05,-0.0,-1.3150661983911733e-06,1.547127835850763e-06
2.7139090909090913e-05,-0.0,-1.334880927314288e-06,1.486717423281257e-06
2.714727272727273e-05,-0.0,-1.3371873361931e-06,1.426366565634923e-06
2.715545454545455e-05,-0.0,-1.3230826618939488e-06,1.3675631896599757e-06
2.7163636363636368e-05,-0.0,-1.2938081574691051e-06,1.3093354428538026e-06
2.7171818181818186e-05,-0.0,-1.2507238176335953e-06,1.2524957990323287e-06
2.7180000000000004e-05,-0.0,-1.1952829899047746e-06,1.1967771034788391e-06
2.7188181818181822e-05,-0.0,-1.1290072366209928e-06,1.142283303261053e-06
2.719636363636364e-05,-0.0,-1.0534617871268975e-06,1.0894674946259122e-06
2.720454545454546e-05,-0.0,-9.702318892252862e-07,1.0377181449657817e-06
2.7212727272727277e-05,-0.0,-8.809003367592682e-07,9.881967302754453e-07
2.7220909090909095e-05,-0.0,-7.87026417275926e-07,9.395973541483135e-07
2.7229090909090914e-05,-0.0,-6.90126489980281e-07,8.937479239992199e-07
2.7237272727272732e-05,-0.0,-5.916563686956471e-07,8.486993017328592e-07
2.724545454545455e-05,-0.0,-4.929956470877942e-07,8.068708477225842e-07
2.725363636363637e-05,0.0,-3.9543406525371434e-07,7.657530618238146e-07
2.7261818181818187e-05,0.0,-3.0015998001327956e-07,7.282458778572936e-07
2.7270000000000005e-05,0.0,-2.0825096731682938e-07,6.913951459279036e-07
2.7278181818181823e-05,0.0,-1.2066655399633698e-07,6.584328835101128e-07
2.728636363636364e-05,0.0,-3.8243046531955976e-08,6.261083713802654e-07
2.729454545454546e-05,0.0,3.83096041105509e-08,5.978012237470591e-07
2.7302727272727278e-05,0.0,1.0840898949314726e-07,5.701413880760428e-07
2.7310909090909096e-05,0.0,1.715995941537076e-07,5.464436176853514e-07
2.7319090909090914e-05,0.0,2.275504401633218e-07,5.234175128042466e-07
2.7327272727272733e-05,0.0,2.7605117118689507e-07,5.040896132955721e-07
2.733545454545455e-05,0.0,3.1700673315300037e-07,4.854570208940603e-07
2.734363636363637e-05,0.0,3.504308185190088e-07,4.700493555012589e-07
2.7351818181818187e-05,0.0,3.7643824905136853e-07,4.553492238754217e-07
2.7360000000000006e-05,0.0,3.952364768053197e-07,4.432231348065641e-07
2.7368181818181824e-05,0.0,4.0711638353161124e-07,4.3180481735767273e-07
2.737636363636364e-05,0.0,4.1244255532265566e-07,4.2219436105080603e-07
2.7384545454545457e-05,0.0,4.1164320342587247e-07,4.1328889007727197e-07
2.7392727272727275e-05,0.0,4.0519989528333585e-07,4.053874742997191e-07
2.7400909090909094e-05,0.0,3.936372522953752e-07,3.981974464916823e-07
2.7409090909090912e-05,0.0,3.775127616278603e-07,3.912428668875878e-07
2.741727272727273e-05,0.0,3.5740683760491587e-07,3.850237200979698e-07
2.742545454545455e-05,0.0,3.339132540166873e-07,3.783600007279606e-07
2.7433636363636367e-05,0.0,3.076300534416422e-07,3.7247485667187986e-07
2.7441818181818185e-05,0.0,2.7915102500025694e-07,3.65583409380019e-07
2.7450000000000003e-05,0.0,2.49057828294487e-07,3.5952818557527473e-07
2.745818181818182e-05,0.0,2.1791282783021988e-07,3.5203287291866525e-07
2.746636363636364e-05,0.0,1.8625268789447968e-07,3.4543819416334767e-07
2.7474545454545458e-05,0.0,1.545827625873783e-07,3.370938042974671e-07
2.7482727272727276e-05,0.0,1.2337230067813718e-07,3.297130634393816e-07
2.7490909090909094e-05,0.0,9.305047164815762e-08,3.203860228450954e-07
2.7499090909090913e-05,0.0,6.400320820927895e-08,3.120773624617596e-07
2.750727272727273e-05,-0.0,3.657085092352265e-08,3.0172461060446195e-07
2.751545454545455e-05,-0.0,1.104657106217897e-08,2.924317387106328e-07
2.7523636363636367e-05,-0.0,-1.2324461851318662e-08,2.810809087804103e-07
2.7531818181818186e-05,-0.0,-3.334521036248613e-08,2.7081529110967145e-07
2.7540000000000004e-05,-0.0,-5.186624675909082e-08,2.5854751570668264e-07
2.7548181818181822e-05,-0.0,-6.778463196724683e-08,2.4737301033568703e-07
2.755636363636364e-05,-0.0,-8.104225219276713e-08,2.3430866612070152e-07
2.756454545454546e-05,-0.0,-9.162367213102851e-08,2.223288544118084e-07
2.7572727272727277e-05,-0.0,-9.955356614975353e-08,2.0861608650739324e-07
2.7580909090909095e-05,-0.0,-1.0489379103261872e-07,1.9596426018704868e-07
2.7589090909090914e-05,-0.0,-1.0774016438916314e-07,1.8177008309243888e-07
2.7597272727272732e-05,-0.0,-1.0821901113361979e-07,1.6860199569317312e-07
2.760545454545455e-05,-0.0,-1.0648353729649006e-07,1.5410605153413584e-07
2.7613636363636368e-05,-0.0,-1.0271008731609714e-07,1.4059616412978655e-07
2.7621818181818187e-05,-0.0,-9.709433867473594e-08,1.259880522737921e-07
2.7630000000000005e-05,-0.0,-8.984748575917301e-08,1.1233205728917771e-07
2.7638181818181823e-05,-0.0,-8.119246185387898e-08,9.781626742282207e-08
2.764636363636364e-05,-0.0,-7.136024351447441e-08,8.425076770159026e-08
2.765454545454546e-05,-0.0,-6.058627587281696e-08,7.007758693306785e-08
2.7662727272727278e-05,-0.0,-4.9107052170674645e-08,5.696928077773027e-08
2.7670909090909096e-05,-0.0,-3.7156876962131576e-08,4.360470077415649e-08
2.7679090909090914e-05,-0.0,-2.496483953978648e-08,3.199170805727997e-08
2.7687272727272733e-05,-0.0,-1.275202087562913e-08,2.160920203144022e-08
2.769545454545455e-05,-0.0,-7.289527974075044e-10,1.805300298476563e-08
2.770363636363637e-05,-0.0,1.0906657308925649e-08,2.1703863951363666e-08
2.7711818181818187e-05,-0.0,2.197192782359973e-08,3.142169958335238e-08
2.7720000000000006e-05,-0.0,3.230052495522454e-08,4.1522832814054024e-08
2.7728181818181824e-05,-0.0,4.174410201342404e-08,5.286813432994942e-08
2.7736363636363642e-05,-0.0,5.0173454131995633e-08,6.321818994386726e-08
2.7744545454545457e-05,-0.0,5.7479389629793325e-08,7.418016933793897e-08
2.7752727272727275e-05,0.0,6.357332313406453e-08,8.385768961530748e-08
2.7760909090909094e-05,0.0,6.838759912875102e-08,9.404384879376389e-08
2.7769090909090912e-05,0.0,7.187555645554436e-08,1.0277241846282809e-07
2.777727272727273e-05,0.0,7.401134455961109e-08,1.1201684001894e-07
2.778545454545455e-05,0.0,7.4789502312511e-08,1.196613756940518e-07
2.7793636363636367e-05,0.0,7.422431146604915e-08,1.2786149065567167e-07
2.7801818181818185e-05,0.0,7.234893930709747e-08,1.3434084811068834e-07
2.7810000000000003e-05,0.0,6.92143876163899e-08,1.414244500840115e-07
2.781818181818182e-05,0.0,6.488826612789171e-08,1.4668827219987593e-07
2.782636363636364e-05,0.0,5.9453408095545754e-08,1.526043066874835e-07
2.7834545454545458e-05,0.0,5.3006344519667e-08,1.5662502622009577e-07
2.7842727272727276e-05,0.0,4.56556536194893e-08,1.6134049312574562e-07
2.7850909090909094e-05,0.0,3.752020370539876e-08,1.6411003479924784e-07
2.7859090909090913e-05,0.0,2.8727309637709532e-08,1.676088577103647e-07
2.786727272727273e-05,0.0,1.941082399706008e-08,1.6913706913997063e-07
2.787545454545455e-05,0.0,9.70918334935622e-09,1.7141967492724646e-07
2.7883636363636367e-05,0.0,-2.365715008951002e-10,1.717334747160355e-07
2.7891818181818186e-05,0.0,-1.0284783045198369e-08,1.728166794625047e-07
2.7900000000000004e-05,0.0,-2.0295153291893208e-08,1.7195957560767997e-07
2.7908181818181822e-05,0.0,-3.0130687919798156e-08,1.718766484859503e-07
2.791636363636364e-05,0.0,-3.965958671701899e-08,1.6990846088516856e-07
2.792454545454546e-05,0.0,-4.8757059368064575e-08,1.6870926806690507e-07
2.7932727272727277e-05,0.0,-5.7307047362360096e-08,1.6570594828524026e-07
2.7940909090909095e-05,0.0,-6.520383405470295e-08,1.6345714548104155e-07
2.7949090909090913e-05,0.0,-7.235352480252337e-08,1.5951068348922724e-07
2.7957272727272732e-05,0.0,-7.867537811267848e-08,1.5629598100812765e-07
2.796545454545455e-05,0.0,-8.410296823948751e-08,1.515143975590521e-07
2.7973636363636368e-05,0.0,-8.85851606659274e-08,1.4743488375876057e-07
2.7981818181818187e-05,0.0,-9.208688404712511e-08,1.4194227125931476e-07
2.7990000000000005e-05,0.0,-9.458968422993094e-08,1.3711677826597214e-07
2.7998181818181823e-05,0.0,-9.609204691041471e-08,1.3105339895550546e-07
2.800636363636364e-05,-0.0,-9.660947559729263e-08,1.2561895233214768e-07
2.801454545454546e-05,-0.0,-9.617431201543047e-08,1.1914142447324829e-07
2.8022727272727278e-05,-0.0,-9.4835287904854e-08,1.1325379279248828e-07
2.8030909090909096e-05,-0.0,-9.265680020464145e-08,1.0653535279349896e-07
2.8039090909090914e-05,-0.0,-8.971790476333849e-08,1.0036968725836193e-07
2.8047272727272733e-05,-0.0,-8.611102603656072e-08,9.360052732346315e-08
2.805545454545455e-05,-0.0,-8.194038183656449e-08,8.735210582218293e-08
2.806363636363637e-05,-0.0,-7.73201241443838e-08,8.073979436065951e-08
2.8071818181818187e-05,-0.0,-7.237220023706906e-08,7.462479656475237e-08
2.8080000000000006e-05,-0.0,-6.7223942851293e-08,6.839466200316699e-08
2.8088181818181824e-05,-0.0,-6.200540280011964e-08,6.265062050304652e-08
2.8096363636363642e-05,-0.0,-5.684644145433997e-08,5.704572332289888e-08
2.810454545454546e-05,-0.0,-5.187360385859187e-08,5.1930662723873253e-08
2.811272727272728e-05,-0.0,-4.72067969676739e-08,4.7210438860689346e-08
2.8120909090909093e-05,-0.0,-4.2955802494116386e-08,4.299842612137061e-08
2.8129090909090912e-05,-0.0,-3.921666009484533e-08,3.943453127359842e-08
2.813727272727273e-05,-0.0,-3.6067963075514086e-08,3.6404968730463006e-08
2.8145454545454548e-05,-0.0,-3.356711445735434e-08,3.427587413251265e-08
2.8153636363636367e-05,-0.0,-3.174659611558149e-08,3.2702907072191485e-08
2.8161818181818185e-05,-0.0,-3.061030872186659e-08,3.23025877849116e-08
2.8170000000000003e-05,-0.0,-3.013004636843914e-08,3.247485566812952e-08
2.817818181818182e-05,-0.0,-3.024217697234435e-08,3.41542755213515e-08
2.818636363636364e-05,-0.0,-3.084460675036778e-08,3.643582296688237e-08
2.8194545454545458e-05,-0.0,-3.179411302535823e-08,4.063042602523991e-08
2.8202727272727276e-05,-0.0,-3.2904134152634944e-08,4.548001244694966e-08
2.8210909090909094e-05,-0.0,-3.394310930750932e-08,5.2663822466926294e-08
2.8219090909090913e-05,-0.0,-3.463346524623894e-08,6.058332036072255e-08
2.822727272727273e-05,-0.0,-3.4651351946714775e-08,7.12267387979728e-08
2.823545454545455e-05,-0.0,-3.362723306987434e-08,8.273183303583463e-08
2.8243636363636367e-05,-0.0,-3.114743902243847e-08,9.731693270855124e-08
2.8251818181818186e-05,0.0,-2.6756789530119714e-08,1.1295003083125373e-07
2.8260000000000004e-05,0.0,-1.9962389737220415e-08,1.3199947264361611e-07
2.8268181818181822e-05,0.0,-1.0238699940243194e-08,1.5234923615816616e-07
2.827636363636364e-05,0.0,2.966025752192365e-09,1.7644434873749833e-07
2.828454545454546e-05,0.0,2.022184342666774e-08,2.0216018247661573e-07
2.8292727272727277e-05,0.0,4.2107688182097104e-08,2.3195266738658332e-07
2.8300909090909095e-05,0.0,6.920034487012638e-08,2.637570272501981e-07
2.8309090909090913e-05,0.0,1.0206177671122686e-07,2.9998044357676886e-07
2.831727272727273e-05,0.0,1.412247893470538e-07,3.3868205791026005e-07
2.832545454545455e-05,0.0,1.871770319010079e-07,3.8216574120072854e-07
2.8333636363636368e-05,0.0,2.403433639568975e-07,4.2867528107527077e-07
2.8341818181818186e-05,0.0,3.0106664952766283e-07,4.803616263064652e-07
2.8350000000000005e-05,0.0,3.695870768245933e-07,5.357105848576763e-07
2.8358181818181823e-05,0.0,4.4602014528831907e-07,5.966761268528028e-07
2.836636363636364e-05,0.0,5.303335074418741e-07,6.620394535480362e-07
2.837454545454546e-05,0.0,6.223229017197604e-07,7.335201505569892e-07
2.8382727272727278e-05,0.0,7.215874638140069e-07,8.102431732495903e-07
2.8390909090909096e-05,0.0,8.275047592549829e-07,8.936643137941399e-07
2.8399090909090914e-05,0.0,9.392059392641611e-07,9.83294432714006e-07
2.8407272727272733e-05,0.0,1.055551484229216e-06,1.0803055518361536e-06
2.841545454545455e-05,0.0,1.1751080622473237e-06,1.1846291556009373e-06
2.842363636363637e-05,0.0,1.2961270921039555e-06,1.2971443590515764e-06
2.8431818181818187e-05,0.0,1.4165256600361459e-06,1.4182294307043175e-06
2.8440000000000006e-05,0.0,1.533870497749238e-06,1.5484735240638699e-06
2.8448181818181824e-05,0.0,1.6453657850290325e-06,1.6887183540407172e-06
2.8456363636363642e-05,0.0,1.7478455920428014e-06,1.8392790953783133e-06
2.846454545454546e-05,0.0,1.8377718209275371e-06,2.001467434859586e-06
2.847272727272728e-05,0.0,1.9112385404309344e-06,2.175354185024607e-06
2.8480909090909097e-05,0.0,1.963983629265933e-06,2.362717164724526e-06
2.848909090909091e-05,0.0,1.9914086525950916e-06,2.563426231454914e-06
2.849727272727273e-05,0.0,1.988607890676343e-06,2.7797113738186805e-06
2.8505454545454548e-05,-0.0,1.950407416903551e-06,3.0112983339263034e-06
2.8513636363636366e-05,-0.0,1.8714150807476242e-06,3.2608459496718054e-06
2.8521818181818185e-05,-0.0,1.7460821858930895e-06,3.5280052409490215e-06
2.8530000000000003e-05,-0.0,1.5687775628531598e-06,3.81583255111197e-06
2.853818181818182e-05,-0.0,1.3338746176320007e-06,4.123984753112381e-06
2.854636363636364e-05,-0.0,1.0358517930744479e-06,4.4558782144792385e-06
2.8554545454545458e-05,-0.0,6.694067060842892e-07,4.81126558648067e-06
2.8562727272727276e-05,-0.0,2.2958401961402465e-07,5.193882011695134e-06
2.8570909090909094e-05,-0.0,-2.880831289508403e-07,5.603672991331153e-06
2.8579090909090913e-05,-0.0,-8.874185923899139e-07,6.044650210859545e-06
2.858727272727273e-05,-0.0,-1.5714363241614597e-06,6.51705379997794e-06
2.859545454545455e-05,-0.0,-2.342162221667423e-06,7.025131858204392e-06
2.8603636363636367e-05,-0.0,-3.200446151315341e-06,7.56952308967443e-06
2.8611818181818186e-05,-0.0,-4.145765993427227e-06,8.154677206488547e-06
2.8620000000000004e-05,-0.0,-5.176025958971236e-06,8.781735089385332e-06
2.8628181818181822e-05,-0.0,-6.287351865353762e-06,9.455321803067385e-06
2.863636363636364e-05,-0.0,-7.4738865092414525e-06,1.0177181349810031e-05
2.864454545454546e-05,-0.0,-8.727588733130412e-06,1.095209949831109e-05
2.8652727272727277e-05,-0.0,-1.0038040241346503e-05,1.1782519679212862e-05
2.8660909090909095e-05,-0.0,-1.1392264672786465e-05,1.2673388104605045e-05
2.8669090909090913e-05,-0.0,-1.2774563874035275e-05,1.3627937752611156e-05
2.867727272727273e-05,-0.0,-1.4166376727941804e-05,1.4651291761151865e-05
2.868545454545455e-05,-0.0,-1.5546166267505796e-05,1.5747555561261912e-05
2.8693636363636368e-05,-0.0,-1.688934112965176e-05,1.6922064312402614e-05
2.8701818181818186e-05,-0.0,-1.8168217664521433e-05,1.8179871159066783e-05
2.8710000000000005e-05,-0.0,-1.9352029200283275e-05,1.9526578321275657e-05
2.8718181818181823e-05,-0.0,-2.040698905838996e-05,2.0968254451564165e-05
2.872636363636364e-05,-0.0,-2.129641390625391e-05,2.251084456456348e-05
2.873454545454546e-05,-0.0,-2.19809139087679e-05,2.4161493928779734e-05
2.8742727272727278e-05,-0.0,-2.2418655881737384e-05,2.5926586974122264e-05
2.8750909090909096e-05,0.0,-2.2565705244787704e-05,2.781440137647051e-05
2.8759090909090914e-05,0.0,-2.237645200635399e-05,2.9831878164781184e-05
2.8767272727272732e-05,0.0,-2.180412527865388e-05,3.198847980439859e-05
2.877545454545455e-05,0.0,-2.080139990702602e-05,3.429184087381351e-05
2.878363636363637e-05,0.0,-1.9321097697457407e-05,3.6752659958858866e-05
2.8791818181818187e-05,0.0,-1.7316984431825884e-05,3.937942070491741e-05
2.8800000000000005e-05,0.0,-1.4744662368740914e-05,4.2184110837977795e-05
2.8808181818181824e-05,0.0,-1.1562556239618773e-05,4.517623565658094e-05
2.8816363636363642e-05,0.0,-7.732988870026447e-06,4.836912976833625e-05
2.882454545454546e-05,0.0,-3.223340494401192e-06,5.177350806427438e-05
2.883272727272728e-05,0.0,1.9927163997139982e-06,5.540411770632648e-05
2.8840909090909097e-05,0.0,7.93391724769502e-06,5.92730846299465e-05
2.8849090909090915e-05,0.0,1.4610053672453052e-05,6.339664543591679e-05
2.8857272727272733e-05,0.0,2.2020585529448416e-05,6.778855021334592e-05
2.8865454545454548e-05,0.0,3.0153235118150732e-05,7.246661636714372e-05
2.8873636363636366e-05,0.0,3.898258467147167e-05,7.744644113767151e-05
2.8881818181818185e-05,0.0,4.8468700947523526e-05,8.274753171869757e-05
2.8890000000000003e-05,0.0,5.855581340004049e-05,8.838756377776176e-05
2.889818181818182e-05,0.0,6.917107494154503e-05,9.43878638101336e-05
2.890636363636364e-05,0.0,8.022343667749638e-05,0.00010076842410178731
2.8914545454545458e-05,0.0,9.160267011537004e-05,0.00010755254310043778
2.8922727272727276e-05,0.0,0.00010317857217125475,0.0001147627737886539
2.8930909090909094e-05,0.0,0.00011480038973766567,0.0001224245645981306
2.8939090909090912e-05,0.0,0.00012629650156864613,0.00013056327851408345
2.894727272727273e-05,0.0,0.00013747439570991325,0.00013920671915908998
2.895545454545455e-05,0.0,0.00014812098058006727,0.00014838331380247847
2.8963636363636367e-05,0.0,0.00015800326702131853,0.00015812345495643337
2.8971818181818185e-05,0.0,0.00016686945711516578,0.00016845889362374712
2.8980000000000004e-05,0.0,0.0001744504732360582,0.0001794228742256376
2.8988181818181822e-05,0.0,0.00018046195763817067,0.00019105073675300822
2.899636363636364e-05,0.0,0.00018460676878962,0.0002033788701927069
2.900454545454546e-05,-0.0,0.0001865779956466195,0.00021644647562808593
2.9012727272727277e-05,-0.0,0.00018606250506973356,0.00023029340871200382
2.9020909090909095e-05,-0.0,0.0001827450306114233,0.0002449630120050887
2.9029090909090913e-05,-0.0,0.00017631280295086772,0.000260498958716717
2.903727272727273e-05,-0.0,0.0001664607133399318,0.00027694902331999065
2.904545454545455e-05,-0.0,0.00015289699159440554,0.0002943610751818586
2.9053636363636368e-05,-0.0,0.00013534936947866933,0.00031278762319787533
2.9061818181818186e-05,-0.0,0.000113571688871948,0.00033228113773339953
2.9070000000000005e-05,-0.0,8.735090197489593e-05,0.00035289917887909225
2.9078181818181823e-05,-0.0,5.6514398145458966e-05,0.0003746992472967144
2.908636363636364e-05,-0.0,2.0937578897446716e-05,0.0003977442875842553
2.909454545454546e-05,-0.0,-1.944841066615075e-05,0.00042209728243505345
2.9102727272727278e-05,-0.0,-6.464889897702747e-05,0.0004478269130619747
2.9110909090909096e-05,-0.0,-0.00011459797171594081,0.00047500211615893276
2.9119090909090914e-05,-0.0,-0.00016915095272394958,0.0005036976825680203
2.9127272727272732e-05,-0.0,-0.00022807722455567414,0.0005339889928718179
2.913545454545455e-05,-0.0,-0.00029105354194033077,0.0005659573433401039
2.914363636363637e-05,-0.0,-0.0003576580009198021,0.0005996850639059386
2.9151818181818187e-05,-0.0,-0.00042736483431065855,0.0006352603763928183
2.9160000000000005e-05,-0.0,-0.0004995402100753309,0.0006727730787939335
2.9168181818181824e-05,-0.0,-0.0005734392128729718,0.0007123187640378683
2.9176363636363642e-05,-0.0,-0.0006482041901836192,0.0007539952278614881
2.918454545454546e-05,-0.0,-0.0007228646426600926,0.0007979059058469986
2.919272727272728e-05,-0.0,-0.000796338833476515,0.0008441571299648479
2.9200909090909097e-05,-0.0,-0.0008674372831501045,0.0008928606759807548
2.9209090909090915e-05,-0.0,-0.0009348683043853321,0.0009441319573510042
2.9217272727272733e-05,-0.0,-0.0009972457157369468,0.0009980916128649393
2.922545454545455e-05,-0.0,-0.001053098853166167,0.0010548646875462107
2.9233636363636366e-05,-0.0,-0.0011008849747794333,0.0011145812299814925
2.9241818181818185e-05,-0.0,-0.0011390041261571439,0.0011773764698471674
2.9250000000000003e-05,0.0,-0.0011658165017328955,0.001243390434149052
2.925818181818182e-05,0.0,-0.0011796623017780125,0.0013127690915670483
2.926636363636364e-05,0.0,-0.0011788840448670626,0.0013856630351879477
2.9274545454545458e-05,0.0,-0.0011618512525164942,0.0014622295266010625
2.9282727272727276e-05,0.0,-0.001126987376355326,0.0015426303281406647
2.9290909090909094e-05,0.0,-0.0010727987891475427,0.0016270345460230214
2.9299090909090912e-05,0.0,-0.0009979056097750869,0.0017156157262786635
2.930727272727273e-05,0.0,-0.0009010740795347517,0.001808555367452101
2.931545454545455e-05,0.0,-0.0007812501535190104,0.001906039420141625
2.9323636363636367e-05,0.0,-0.0006375939172429037,0.00200826231690485
2.9331818181818185e-05,0.0,-0.0004695143859290039,0.002115423034734489
2.9340000000000004e-05,0.0,-0.0002767041929243909,0.0022277294736037464
2.9348181818181822e-05,0.0,-5.9173625615161466e-05,0.0023453942536699043
2.935636363636364e-05,0.0,0.00018271657700382664,0.002468639264837514
2.936454545454546e-05,0.0,0.0004482242901422743,0.002597691375674127
2.9372727272727277e-05,0.0,0.0007361975904980555,0.0027327869746263957
2.9380909090909095e-05,0.0,0.0010450495488594253,0.0028741677655264707
2.9389090909090913e-05,0.0,0.0013727369292204725,0.003022085126539628
2.939727272727273e-05,0.0,0.0017167435034429327,0.0031767961580197925
2.940545454545455e-05,0.0,0.0020740686877892068,0.003338567697486663
2.9413636363636368e-05,0.0,0.0024412221934343036,0.0035076727700207623
2.9421818181818186e-05,0.0,0.0028142253564775836,0.0036843941158705784
2.9430000000000005e-05,0.0,0.003188619773284445,0.0038690211723588098
2.9438181818181823e-05,0.0,0.0035594838136109377,0.004061852994182565
2.944636363636364e-05,0.0,0.003921457516492961,0.004263195869958297
2.945454545454546e-05,0.0,0.004268776292104861,0.004473365542799035
2.9462727272727278e-05,0.0,0.004595313756715981,0.004692685535346491
2.9470909090909096e-05,0.0,0.004894633917741464,0.0049214886085519865
2.9479090909090914e-05,0.0,0.005160052802195199,0.005160115837622277
2.9487272727272732e-05,0.0,0.00538470948537916,0.00540891727875167
2.949545454545455e-05,0.0,0.005561646328437669,0.005668251806189408
2.950363636363637e-05,-0.0,0.005683898074808032,0.005938486988624693
2.9511818181818187e-05,-0.0,0.005744589288241034,0.006219999665919187
2.9520000000000005e-05,-0.0,0.0057370394408643,0.006513175067620712
2.9528181818181824e-05,-0.0,0.005654874780918648,0.006818408078085272
2.9536363636363642e-05,-0.0,0.005492145928782433,0.007136101657948226
2.954454545454546e-05,-0.0,0.005243449969432635,0.007466668719548318
2.955272727272728e-05,-0.0,0.0049040556325206965,0.007810529937018591
2.9560909090909097e-05,-0.0,0.0044700299809064085,0.008168116131139139
2.9569090909090915e-05,-0.0,0.0039383648680928005,0.008539865574116281
2.9577272727272733e-05,-0.0,0.003307101277954109,0.008926226765056668
2.958545454545455e-05,-0.0,0.0025754495299325476,0.009327655350774625
2.959363636363637e-05,-0.0,0.001743903223000016,0.009744617160580185
2.9601818181818188e-05,-0.0,0.0008143447055985047,0.010177584874119388
2.9610000000000003e-05,-0.0,-0.000209860200155943,0.010627041177441975
2.961818181818182e-05,-0.0,-0.0013237805203090433,0.011093475312729471
2.962636363636364e-05,-0.0,-0.002520853792542536,0.011577386216757414
2.9634545454545458e-05,-0.0,-0.0037928373262383153,0.012079279085443291
2.9642727272727276e-05,-0.0,-0.005129779235215399,0.012599668360678898
2.9650909090909094e-05,-0.0,-0.0065200113002945904,0.013139074435213163
2.9659090909090912e-05,-0.0,-0.007950165558526533,0.01369802636399463
2.966727272727273e-05,-0.0,-0.009405216313446683,0.014277058822501859
2.967545454545455e-05,-0.0,-0.010868549015959409,0.014876714433603163
2.9683636363636367e-05,-0.0,-0.012322057178942475,0.01549754107577638
2.9691818181818185e-05,-0.0,-0.013746268161661072,0.01614009373527323
2.9700000000000004e-05,-0.0,-0.015120498294600285,0.016804932240598317
2.9708181818181822e-05,-0.0,-0.01642303741415922,0.01749262257151744
2.971636363636364e-05,-0.0,-0.01763136244338555,0.018203735073671123
2.972454545454546e-05,-0.0,-0.01872237919394451,0.018938845179661445
2.9732727272727277e-05,-0.0,-0.019672691080968988,0.019698532133830094
2.9740909090909095e-05,-0.0,-0.02045889294223476,0.020483379105227153
2.9749090909090913e-05,-0.0,-0.02105788764286357,0.021293972428475708
2.975727272727273e-05,0.0,-0.021447222633746533,0.022130901112784238
2.976545454545455e-05,0.0,-0.02160544312395147,0.022994756581498375
2.9773636363636368e-05,0.0,-0.021512458032873435,0.023886131604429078
2.9781818181818186e-05,0.0,-0.02114991441553937,0.02480562049715243
2.9790000000000004e-05,0.0,-0.02050157561328908,0.025753817524858162
2.9798181818181823e-05,0.0,-0.019553697981171743,0.026731317503581674
2.980636363636364e-05,0.0,-0.018295400691969874,0.027738713741730425
2.981454545454546e-05,0.0,-0.016719022823794834,0.028776598969943196
2.9822727272727277e-05,0.0,-0.014820461712387295,0.02984556290075824
2.9830909090909096e-05,0.0,-0.012599486398829214,0.03094619340224753
2.9839090909090914e-05,0.0,-0.010060019935917193,0.03207907376650127
2.9847272727272732e-05,0.0,-0.007210384338738001,0.03324478403493577
2.985545454545455e-05,0.0,-0.004063502082830369,0.03444389807213434
2.986363636363637e-05,0.0,-0.0006370482713827668,0.03567698494793441
2.9871818181818187e-05,0.0,0.0030464520854109564,0.03694460591462199
2.9880000000000005e-05,0.0,0.006959586808483353,0.038247315752502356
2.9888181818181824e-05,0.0,0.011070083901966326,0.039585659745639434
2.9896363636363642e-05,0.0,0.015340907477776226,0.040960174903357335
2.990454545454546e-05,0.0,0.019730425471727285,0.042371387022997316
2.991272727272728e-05,0.0,0.024192651533796322,0.043819811709258395
2.9920909090909097e-05,0.0,0.028677562548615955,0.04530595160231516
2.9929090909090915e-05,0.0,0.0331314922341229,0.046830297129494984
2.9937272727272733e-05,0.0,0.037497600186921116,0.048393323964194684
2.994545454545455e-05,0.0,0.04171641460451179,0.04999549345939768
2.995363636363637e-05,0.0,0.04572644573096781,0.051637250387895905
2.9961818181818188e-05,0.0,0.049464865859338986,0.05331902302379297
2.9970000000000006e-05,0.0,0.05286825049793712,0.05504122119839579
2.997818181818182e-05,0.0,0.05587337408677162,0.05680423601328521
2.998636363636364e-05,0.0,0.058418052453904315,0.058608438229718555
2.9994545454545458e-05,0.0,0.06044202304924995,0.06045417761423271
3.0002727272727276e-05,-0.0,0.06188785290573253,0.06234178166330681
3.0010909090909094e-05,-0.0,0.06270186327526642,0.06427155459899772
3.0019090909090912e-05,-0.0,0.0628350589901715,0.06624377641572125
3.002727272727273e-05,-0.0,0.062244049829279856,0.06825870155837309
3.003545454545455e-05,-0.0,0.060891950541242,0.07031655826506725
3.0043636363636367e-05,-0.0,0.05874924571330142,0.07241754697293597
3.0051818181818185e-05,-0.0,0.055794605388437654,0.07456183992005791
3.0060000000000004e-05,-0.0,0.05201563724174157,0.07674957933416819
3.0068181818181822e-05,-0.0,0.047409561240404546,0.07898087724923011
3.007636363636364e-05,-0.0,0.04198379304043708,0.0812558135392871
3.008454545454546e-05,-0.0,0.035756422923989034,0.08357443590042948
3.0092727272727277e-05,-0.0,0.028756577857608507,0.08593675779579975
3.0100909090909095e-05,-0.0,0.021024655254286973,0.08834275855215214
3.0109090909090913e-05,-0.0,0.012612418247497021,0.09079238128257182
3.011727272727273e-05,-0.0,0.0035829437267707077,0.0932855330483375
3.012545454545455e-05,-0.0,-0.0059895839689258,0.0958220828233979
3.0133636363636368e-05,-0.0,-0.01602023896607957,0.09840186167658911
3.0141818181818186e-05,-0.0,-0.02641388263529678,0.10102466083662895
3.0150000000000004e-05,-0.0,-0.037065856327621424,0.10369023185652002
3.0158181818181823e-05,-0.0,-0.04786283687486153,0.10639828483020075
3.016636363636364e-05,-0.0,-0.05868385127533835,0.10914848850968499
3.017454545454546e-05,-0.0,-0.06940144453551056,0.11194046871508986
3.0182727272727277e-05,-0.0,-0.07988299215490681,0.11477380838514366
3.0190909090909096e-05,-0.0,-0.08999214626284958,0.11764804621171022
3.0199090909090914e-05,-0.0,-0.09959040197837019,0.1205626766150983
3.0207272727272732e-05,-0.0,-0.10853876820845057,0.12351714862305499
3.021545454545455e-05,-0.0,-0.11669952486381367,0.12651086577316045
3.022363636363637e-05,-0.0,-0.12393804639542352,0.129543185245224
3.0231818181818187e-05,-0.0,-0.13012466967749095,0.13261341770331617
3.0240000000000005e-05,-0.0,-0.13513658262162995,0.13572082668018953
3.0248181818181823e-05,-0.0,-0.13885970853741889,0.13886462838059832
3.0256363636363642e-05,0.0,-0.1411905601898935,0.1420439913073359
3.026454545454546e-05,0.0,-0.14203803677406568,0.14525803605489526
3.0272727272727278e-05,0.0,-0.14132513665614765,0.14850583515941293
3.0280909090909097e-05,0.0,-0.13899055874201724,0.1517864129170349
3.0289090909090915e-05,0.0,-0.134990165741813,0.1550987454348359
3.0297272727272733e-05,0.0,-0.12929828341614588,0.15844176051120448
3.030545454545455e-05,0.0,-0.12190881111910759,0.16181433786187946
3.031363636363637e-05,0.0,-0.11283612059468798,0.16521530910011584
3.0321818181818188e-05,0.0,-0.10211572202858077,0.16864345811139747
3.0330000000000006e-05,0.0,-0.0898046787922689,0.1720975211691039
3.0338181818181824e-05,0.0,-0.07598175511972768,0.17557618743314207
3.0346363636363643e-05,0.0,-0.060747284101503894,0.1790780992324629
3.0354545454545457e-05,0.0,-0.04422274683239577,0.18260185266660256
3.0362727272727276e-05,0.0,-0.02655005726747224,0.18614599807999507
3.0370909090909094e-05,0.0,-0.00789055128106321,0.1897090407508656
3.0379090909090912e-05,0.0,0.01157631746619503,0.19328944157424957
3.038727272727273e-05,0.0,0.031654568021528176,0.19688561782939104
3.039545454545455e-05,0.0,0.05213355788302208,0.20049594407921772
3.0403636363636367e-05,0.0,0.072790108603622,0.2041187530148439
3.0411818181818185e-05,0.0,0.09339087166342189,0.20775233656953868
3.0420000000000004e-05,0.0,0.11369491094876154,0.21139494684654966
3.0428181818181822e-05,0.0,0.13345647430973062,0.21504479743593374
3.043636363636364e-05,0.0,0.15242792306751018,0.2187000644391
3.0444545454545458e-05,0.0,0.17036278507255903,0.22235888796784473
3.0452727272727277e-05,0.0,0.18701889403399866,0.22601937328520083
3.0460909090909095e-05,0.0,0.2021615754056661,0.2296795924582063
3.0469090909090913e-05,0.0,0.21556683717614517,0.23333758563933174
3.047727272727273e-05,0.0,0.22702452251358915,0.23699136283840685
3.048545454545455e-05,0.0,0.23634138039932825,0.24063890537164626
3.0493636363636368e-05,0.0,0.24334401017738597,0.24427816771415312
3.0501818181818186e-05,-0.0,0.24788163637191862,0.2479070791440456
3.0510000000000004e-05,-0.0,0.2498286711939849,0.25152354563533763
3.051818181818182e-05,-0.0,0.24908702387614057,0.2551254517227118
3.052636363636364e-05,-0.0,0.2455881183314586,0.25871066239548335
3.053454545454546e-05,-0.0,0.23929458361595582,0.2622770252041226
3.054272727272728e-05,-0.0,0.2302015852532419,0.26582237211942905
3.0550909090909096e-05,-0.0,0.21833776962073484,0.2693445218950758
3.0559090909090914e-05,-0.0,0.20376579825160493,0.27284128186188933
3.056727272727273e-05,-0.0,0.1865824540201534,0.2763104505517421
3.057545454545455e-05,-0.0,0.16691830668650087,0.2797498194046498
3.058363636363637e-05,-0.0,0.1449369311074126,0.2831571756486748
3.059181818181819e-05,-0.0,0.12083367749517299,0.28653030390698
3.0600000000000005e-05,-0.0,0.09483399934125812,0.28986698931652916
3.0608181818181823e-05,-0.0,0.06719135092720824,0.29316501903272163
3.061636363636364e-05,-0.0,0.03818467262939261,0.2964221855572115
3.062454545454546e-05,-0.0,0.008115488393226802,0.2996362881486575
3.063272727272728e-05,-0.0,-0.022695354288637296,0.3028051363176105
3.0640909090909096e-05,-0.0,-0.05391126590400965,0.3059265511625889
3.0649090909090915e-05,-0.0,-0.08518377670321026,0.3089983689784043
3.065727272727273e-05,-0.0,-0.11615663270358356,0.3120184425465009
3.066545454545455e-05,-0.0,-0.1464700756666326,0.3149846447930099
3.067363636363637e-05,-0.0,-0.17576525321676928,0.31789487007041073
3.068181818181819e-05,-0.0,-0.20368870239252315,0.3207470377936729
3.0690000000000006e-05,-0.0,-0.229896847802654,0.3235390937562285
3.0698181818181824e-05,-0.0,-0.25406045424720647,0.3262690136673473
3.070636363636364e-05,-0.0,-0.27586897319189496,0.328934804548629
3.071454545454546e-05,-0.0,-0.29503472287586285,0.3315345080937096
3.072272727272728e-05,-0.0,-0.311296843097554,0.3340662021916325
3.07309090909091e-05,-0.0,-0.32442496785770997,0.33652800403139543
3.0739090909090916e-05,-0.0,-0.33422256202552153,0.33891807179542743
3.0747272727272734e-05,-0.0,-0.3405298720035425,0.34123460743651185
3.075545454545455e-05,0.0,-0.34322644495584775,0.343475858578142
3.076363636363637e-05,0.0,-0.3422331764761952,0.3456401208999275
3.077181818181819e-05,0.0,-0.337513852540812,0.3477257402719649
3.078000000000001e-05,0.0,-0.32907615813497576,0.3497311146967178
3.0788181818181825e-05,0.0,-0.3169721319749524,0.35165469669205696
3.079636363636364e-05,0.0,-0.301298054169487,0.3534949947523826
3.080454545454546e-05,0.0,-0.28219376137303953,0.3552505759801637
3.081272727272728e-05,0.0,-0.2598413918656618,0.35692006704615536
3.08209090909091e-05,0.0,-0.23446357093709744,0.3585021570527596
3.0829090909090916e-05,0.0,-0.20632105483828944,0.3599955979918339
3.0837272727272735e-05,0.0,-0.1757098592744214,0.3613992078057762
3.084545454545455e-05,0.0,-0.14295790583364998,0.36271187036079616
3.085363636363637e-05,0.0,-0.10842122676173153,0.3639325386541864
3.086181818181819e-05,0.0,-0.0724797749967224,0.3650602343401051
3.087000000000001e-05,0.0,-0.035532892268503855,0.36609405101495435
3.0878181818181826e-05,0.0,0.002005506747879214,0.3670331533507517
3.0886363636363644e-05,0.0,0.039711971841152646,0.36787678037581734
3.089454545454546e-05,0.0,0.0771587103171258,0.3686242442867513
3.090272727272728e-05,0.0,0.1139188671645127,0.3692749336296323
3.091090909090909e-05,0.0,0.1495718221528743,0.3698283118746148
3.091909090909091e-05,0.0,0.1837084330302651,0.37028392039435126
3.092727272727273e-05,0.0,0.21593615434863522,0.37064137689450855
3.093545454545455e-05,0.0,0.24588396281864136,0.37090037808181
3.0943636363636365e-05,0.0,0.2732070224674204,0.3710606980487339
3.0951818181818183e-05,0.0,0.29759102621289935,0.37112219052390866
3.096e-05,0.0,0.3187561547312351,0.3710847873094975
3.096818181818182e-05,0.0,0.33646059862057043,0.37094850001196056
3.097636363636364e-05,0.0,0.3505035957815827,0.3707134186259478
3.0984545454545457e-05,0.0,0.36072794255808227,0.3703797126537172
3.0992727272727275e-05,0.0,0.36702194441292235,0.36994762991977437
3.100090909090909e-05,-0.0,0.3693207796498827,0.3694174970023092
3.100909090909091e-05,-0.0,0.36760725781723036,0.3687897183486371
3.101727272727273e-05,-0.0,0.3619119628234229,0.36806477596145715
3.102545454545455e-05,-0.0,0.35231277933571375,0.36724322886688443
3.1033636363636366e-05,-0.0,0.3389338095917142,0.3663257120214813
3.1041818181818184e-05,-0.0,0.32194369620540697,0.36531293616306015
3.105e-05,-0.0,0.3015533747674778,0.3642056859304163
3.105818181818182e-05,-0.0,0.27801328790356483,0.36300482010305524
3.106636363636364e-05,-0.0,0.2516100998470768,0.36171126895330796
3.107454545454546e-05,-0.0,0.2226629573969236,0.36032603485580905
3.1082727272727276e-05,-0.0,0.1915193492652276,0.35885018892003545
3.1090909090909094e-05,-0.0,0.15855062118683416,0.3572848719249198
3.109909090909091e-05,-0.0,0.12414720868422342,0.35563129030754465
3.110727272727273e-05,-0.0,0.0887136529944009,0.35389071735397737
3.111545454545455e-05,-0.0,0.05266346831882436,0.35206448864558754
3.112363636363637e-05,-0.0,0.016413930218573243,0.35015400341528496
3.1131818181818185e-05,-0.0,-0.019619144374686204,0.34816071957547196
3.1140000000000003e-05,-0.0,-0.055026555429724844,0.34608615513054825
3.114818181818182e-05,-0.0,-0.08941074763987497,0.3439318829287078
3.115636363636364e-05,-0.0,-0.12239064142267798,0.3416995320078924
3.116454545454546e-05,-0.0,-0.15360620400498234,0.3393907822264922
3.1172727272727276e-05,-0.0,-0.18272270167128427,0.3370073654117642
3.1180909090909095e-05,-0.0,-0.2094345792324379,0.3345510600312167
3.118909090909091e-05,-0.0,-0.23346891848188775,0.3320236920105186
3.119727272727273e-05,-0.0,-0.2545884337559996,0.3294271296074193
3.120545454545455e-05,-0.0,-0.2725939696035983,0.3267632837707268
3.121363636363637e-05,-0.0,-0.2873264728898385,0.3240341033717884
3.1221818181818186e-05,-0.0,-0.29866841929785115,0.32124157498728734
3.1230000000000004e-05,-0.0,-0.3065446820313003,0.31838771862964915
3.123818181818182e-05,-0.0,-0.3109228384432813,0.3154745868539746
3.124636363636364e-05,-0.0,-0.31181291820316415,0.31250426110863766
3.125454545454546e-05,0.0,-0.30926660434621905,0.30947885009009046
3.126272727272728e-05,0.0,-0.3033759060180811,0.30640048680908405
3.1270909090909096e-05,0.0,-0.29427132881972257,0.3032713261454928
3.1279090909090914e-05,0.0,-0.2821195752781203,0.3000935426949924
3.128727272727273e-05,0.0,-0.26712081402135984,0.2968693275083459
3.129545454545455e-05,0.0,-0.24950556164257248,0.2936008867492623
3.130363636363637e-05,0.0,-0.22953122592403333,0.29029043763743273
3.131181818181819e-05,0.0,-0.20747836300219863,0.2869402079121187
3.1320000000000005e-05,0.0,-0.18364670414049392,0.28355243103409494
3.132818181818182e-05,0.0,-0.1583510100067079,0.2801293464128565
3.133636363636364e-05,0.0,-0.13191681170698902,0.2766731939579031
3.134454545454546e-05,0.0,-0.10467609830352467,0.2731862149919637
3.135272727272728e-05,0.0,-0.07696301014645172,0.2696706462750918
3.1360909090909096e-05,0.0,-0.04910959610409813,0.2661287214936592
3.1369090909090915e-05,0.0,-0.021441690713659006,0.26256266490991087
3.137727272727273e-05,0.0,0.0057250355568506835,0.2589746932882484
3.138545454545455e-05,0.0,0.032088803287808165,0.25536700934671624
3.139363636363637e-05,0.0,0.05736518286901129,0.25174180395969664
3.140181818181819e-05,0.0,0.08129024434061563,0.2481012496049772
3.1410000000000006e-05,0.0,0.10362336285580924,0.2444475026666203
3.1418181818181824e-05,0.0,0.12414964994837253,0.2407826970807538
3.142636363636364e-05,0.0,0.14268198673419885,0.23710894655497078
3.143454545454546e-05,0.0,0.15906264133072406,0.2334283386170605
3.144272727272728e-05,0.0,0.17316445904524497,0.22974293656840192
3.14509090909091e-05,0.0,0.1848916201659524,0.2260547741321542
3.1459090909090915e-05,0.0,0.19417996639377644,0.22236585696792002
3.1467272727272734e-05,0.0,0.2009969029878629,0.2186781580994765
3.147545454545455e-05,0.0,0.2053408894764688,0.2149936188363124
3.148363636363637e-05,0.0,0.20724053722811286,0.21131414513622346
3.149181818181819e-05,0.0,0.20675333721193948,0.20764160780555257
3.150000000000001e-05,-0.0,0.20396404583659306,0.20397783991972449
3.1508181818181825e-05,-0.0,0.19898276078757557,0.20032463620715144
3.151636363636364e-05,-0.0,0.1919427222378265,0.19668375161223325
3.152454545454546e-05,-0.0,0.18299787764900358,0.19305689980660484
3.153272727272728e-05,-0.0,0.17232025058596678,0.1894457529358042
3.15409090909091e-05,-0.0,0.16009715551915854,0.18585193924418927
3.1549090909090916e-05,-0.0,0.14652830148433224,0.18227704400014827
3.1557272727272735e-05,-0.0,0.1318228277121168,0.17872260626573447
3.156545454545455e-05,-0.0,0.11619631394684701,0.17519012094793887
3.157363636363637e-05,-0.0,0.09986780716996493,0.1716810347888667
3.158181818181819e-05,-0.0,0.08305690486185495,0.1681967494443006
3.159000000000001e-05,-0.0,0.06598093281889575,0.1647386168129997
3.1598181818181826e-05,-0.0,0.04885225293851056,0.16130794300063717
3.1606363636363644e-05,-0.0,0.03187573334882645,0.15790598314547907
3.161454545454546e-05,-0.0,0.01524640985095118,0.15453394608779736
3.162272727272728e-05,-0.0,-0.000852636075548821,0.15119298888186786
3.16309090909091e-05,-0.0,-0.016252161413289556,0.14788422195997794
3.163909090909092e-05,-0.0,-0.030798390737599175,0.14460870354568092
3.1647272727272735e-05,-0.0,-0.044354377421314976,0.14136744507910745
3.165545454545455e-05,-0.0,-0.056801088277266085,0.13816140576232466
3.1663636363636365e-05,-0.0,-0.06803820725331979,0.13499149800003904
3.167181818181818e-05,-0.0,-0.07798465795545609,0.13185858231371483
3.168e-05,-0.0,-0.0865788487843925,0.12876347254974055
3.168818181818182e-05,-0.0,-0.09377864827561863,0.12570693139408964
3.169636363636364e-05,-0.0,-0.09956110178131898,0.12268967510897315
3.1704545454545456e-05,-0.0,-0.10392190388136992,0.1197123698641757
3.1712727272727275e-05,-0.0,-0.10687464382151234,0.11677563578298791
3.172090909090909e-05,-0.0,-0.10844984381872817,0.11388004428029845
3.172909090909091e-05,-0.0,-0.10869381222253142,0.11102612122856062
3.173727272727273e-05,-0.0,-0.10766733525913733,0.10821434545715261
3.174545454545455e-05,-0.0,-0.10544423240318614,0.10544515088817687
3.1753636363636366e-05,0.0,-0.10210980131573053,0.102718926307858
3.1761818181818184e-05,0.0,-0.09775917876115611,0.10003601636855002
3.177e-05,0.0,-0.09249564397963167,0.0973967226927723
3.177818181818182e-05,0.0,-0.08642889066162818,0.09480130368995879
3.178636363636364e-05,0.0,-0.07967329296856776,0.0922499769992289
3.179454545454546e-05,0.0,-0.07234618999526628,0.0897429181249288
3.1802727272727275e-05,0.0,-0.0645662117063322,0.0872802641677534
3.1810909090909094e-05,0.0,-0.056451667734529955,0.084862111339554
3.181909090909091e-05,0.0,-0.04811901854168997,0.08248851987647958
3.182727272727273e-05,0.0,-0.03968144635163498,0.08015951054830082
3.183545454545455e-05,0.0,-0.031247541010846973,0.07787507059436138
3.184363636363637e-05,0.0,-0.02292011355801781,0.07563514939325941
3.1851818181818185e-05,0.0,-0.014795147830039289,0.07343966521507869
3.186e-05,0.0,-0.006960897940582699,0.07128850026127641
3.186818181818182e-05,0.0,0.0005028630218976713,0.06918150798719133
3.187636363636364e-05,0.0,0.007525440179086856,0.06711850775724063
3.188454545454546e-05,0.0,0.014045659406416937,0.06509929246206345
3.1892727272727276e-05,0.0,0.020012156975979474,0.0631236230588106
3.1900909090909095e-05,0.0,0.025383520166160856,0.06119123618906853
3.190909090909091e-05,0.0,0.030128284668237082,0.05930183888676456
3.191727272727273e-05,0.0,0.034224796396922386,0.05745511589734913
3.192545454545455e-05,0.0,0.03766094688449875,0.055650724835779854
3.193363636363637e-05,0.0,0.04043379279271179,0.05388830291488522
3.1941818181818186e-05,0.0,0.04254907120329652,0.052167462822726815
3.1950000000000004e-05,0.0,0.04402062324108912,0.050487798588604284
3.195818181818182e-05,0.0,0.04486973924147071,0.04884888242313526
3.196636363636364e-05,0.0,0.04512443909847767,0.0472502694833838
3.197454545454546e-05,0.0,0.044818701626990684,0.045691495881136746
3.198272727272728e-05,0.0,0.04399165675098686,0.04417208215295332
3.1990909090909095e-05,0.0,0.04268675410191182,0.04269153259381432
3.1999090909090914e-05,0.0,0.04095092119145474,0.04124933729174945
3.200727272727273e-05,-0.0,0.03883372372831539,0.0398449728872636
3.201545454545455e-05,-0.0,0.03638653989773656,0.03847790309338591
3.202363636363637e-05,-0.0,0.03366175953590521,0.03714758091845323
3.203181818181819e-05,-0.0,0.03071201813012367,0.03585344765834812
3.2040000000000005e-05,-0.0,0.0275894744818957,0.03459493655408296
3.204818181818182e-05,-0.0,0.024345139705993318,0.0333714703107662
3.205636363636364e-05,-0.0,0.02102826402628348,0.032182466094939445
3.206454545454546e-05,-0.0,0.01768578659023319,0.031027331701398774
3.207272727272728e-05,-0.0,0.014361852279406997,0.029905471731438055
3.2080909090909096e-05,-0.0,0.011097398262647922,0.0288162825910182
3.2089090909090914e-05,-0.0,0.007929811840354805,0.027759159632959125
3.209727272727273e-05,-0.0,0.004892659979112365,0.026733491225175106
3.210545454545455e-05,-0.0,0.0020154898509007545,0.025738666590223457
3.211363636363637e-05,-0.0,-0.000676301316701375,0.024774069227744264
3.212181818181819e-05,-0.0,-0.0031615296924329826,0.023839085146086778
3.2130000000000006e-05,-0.0,-0.0054232250307534305,0.022933095956442294
3.2138181818181824e-05,-0.0,-0.00744857175220376,0.02205548716556279
3.214636363636364e-05,-0.0,-0.009228795677366912,0.021205641278595127
3.215454545454546e-05,-0.0,-0.010759001674561869,0.02038294581064752
3.216272727272728e-05,-0.0,-0.012037967866456941,0.01958678673984607
3.21709090909091e-05,-0.0,-0.013067902314484821,0.018816555899530713
3.2179090909090915e-05,-0.0,-0.01385416826510705,0.01807164511205113
3.2187272727272734e-05,-0.0,-0.014404984103002576,0.017351452642848268
3.219545454545455e-05,-0.0,-0.01473110411894061,0.01665537831918746
3.220363636363637e-05,-0.0,-0.014845486071455992,0.015982828761756718
3.221181818181819e-05,-0.0,-0.014762951309514676,0.015333213751796127
3.2220000000000007e-05,-0.0,-0.014499842937003252,0.014705950003867376
3.2228181818181825e-05,-0.0,-0.014073687148592433,0.014100458991253461
3.223636363636364e-05,-0.0,-0.01350286246022964,0.013516169083326313
3.224454545454546e-05,-0.0,-0.012806281106364259,0.012952514974868507
3.225272727272728e-05,0.0,-0.01200308639020344,0.012408938080510334
3.22609090909091e-05,0.0,-0.011112369262915908,0.011884887641505646
3.2269090909090916e-05,0.0,-0.01015290688254348,0.01137981934506274
3.2277272727272734e-05,0.0,-0.009142925372815695,0.010893198105234727
3.228545454545455e-05,0.0,-0.008099888474908069,0.010424494953310172
3.229363636363637e-05,0.0,-0.007040313269589727,0.00997319141130001
3.230181818181819e-05,0.0,-0.005979613650565542,0.00953877477737051
3.231000000000001e-05,0.0,-0.0049319717586979945,0.009120743934491521
3.2318181818181826e-05,0.0,-0.003910237146881859,0.00871860322861893
3.2326363636363644e-05,0.0,-0.0029258530414150424,0.008331869484947563
3.233454545454546e-05,0.0,-0.0019888087016059312,0.007960064742717645
3.234272727272728e-05,0.0,-0.0011076165579968992,0.00760272419052251
3.23509090909091e-05,0.0,-0.0002893125329673044,0.0072593880770523925
3.235909090909092e-05,0.0,0.0004605222832710478,0.006929610228037383
3.2367272727272735e-05,0.0,0.0011377206128712436,0.006612949494205114
3.2375454545454554e-05,0.0,0.0017394707772658202,0.006308978478175061
3.238363636363637e-05,0.0,0.0022642435358108354,0.006017274907208005
3.239181818181819e-05,0.0,0.002711706273059216,0.005737430180565404
3.24e-05,0.0,0.0030826268432662153,0.005469041063755678
3.240818181818182e-05,0.0,0.0033787693551463206,0.005211717666674891
3.241636363636364e-05,0.0,0.0036027841203247314,0.0049650758472704615
3.2424545454545456e-05,0.0,0.003758093898961346,0.004728744248548072
3.2432727272727275e-05,0.0,0.003848778459500709,0.0045023577729296224
3.244090909090909e-05,0.0,0.0038794593303925194,0.004285563341472936
3.244909090909091e-05,0.0,0.0038551864639761995,0.004078014756572873
3.245727272727273e-05,0.0,0.003781328360565215,0.003879376898221425
3.246545454545455e-05,0.0,0.003663467018061955,0.0036893222337634397
3.2473636363636366e-05,0.0,0.0035072988830036653,0.00350753323169493
3.2481818181818184e-05,0.0,0.0033185427864138232,0.0033337007053442355
3.249e-05,0.0,0.0031028556556035665,0.003167524301845562
3.249818181818182e-05,0.0,0.002865756604250815,0.00300871278489105
3.250636363636364e-05,-0.0,0.002612559820489871,0.002856982541833277
3.251454545454546e-05,-0.0,0.002348316498849302,0.002712059822574139
3.2522727272727275e-05,-0.0,0.002077765898810194,0.0025736772975477103
3.2530909090909094e-05,-0.0,0.001805295462293235,0.0024415781792626037
3.253909090909091e-05,-0.0,0.0015349097859375118,0.002315510954234902
3.254727272727273e-05,-0.0,0.001270208122671125,0.0021952352247305257
3.255545454545455e-05,-0.0,0.0010143699815182178,0.002080514824513614
3.256363636363637e-05,-0.0,0.0007701483052369635,0.0019711251349767327
3.2571818181818185e-05,-0.0,0.0005398696323298856,0.0018668448739206469
3.258e-05,-0.0,0.0003254405930195074,0.0017674645663807262
3.258818181818182e-05,-0.0,0.00012836004749129586,0.001672777363931006
3.259636363636364e-05,-0.0,-5.0263851600624454e-05,0.0015825882896271842
3.260454545454546e-05,-0.0,-0.00020969240255877314,0.0014967044993414275
3.2612727272727276e-05,-0.0,-0.00034953163329589526,0.001414944875349525
3.2620909090909094e-05,-0.0,-0.0004697048316969513,0.001337130178372558
3.262909090909091e-05,-0.0,-0.0005704230206997838,0.0012630925378306645
3.263727272727273e-05,-0.0,-0.0006521540383214413,0.0011926659617311898
3.264545454545455e-05,-0.0,-0.0007155908421408113,0.0011256952652241737
3.265363636363637e-05,-0.0,-0.0007616196104925883,0.0010620274041423477
3.2661818181818186e-05,-0.0,-0.0007912881602154335,0.001001519398225062
3.2670000000000004e-05,-0.0,-0.0008057751445786174,0.0009440309326833166
3.267818181818182e-05,-0.0,-0.0008063604362843613,0.0008894308686268523
3.268636363636364e-05,-0.0,-0.0007943970404347507,0.0008375915159486682
3.269454545454546e-05,-0.0,-0.0007712848222030932,0.0007883933808047004
3.270272727272728e-05,-0.0,-0.0007384462747011982,0.0007417214534367902
3.2710909090909095e-05,-0.0,-0.0006973044951196532,0.0006974679201424552
3.2719090909090914e-05,-0.0,-0.0006492634824578649,0.0006555307326715124
3.272727272727273e-05,-0.0,-0.0005956908187580782,0.0006158141084381655
3.273545454545455e-05,-0.0,-0.0005379027482978001,0.000578229554638976
3.274363636363637e-05,-0.0,-0.00047715162614384054,0.0005426940927739987
3.2751818181818187e-05,0.0,-0.00041461566917689517,0.000509133799412555
3.2760000000000005e-05,0.0,-0.00035139090939380845,0.0004774798137637319
3.276818181818182e-05,0.0,-0.0002884852211152582,0.00044767432142865605
3.277636363636364e-05,0.0,-0.00022681427070165162,0.00041966452398915544
3.278454545454546e-05,0.0,-0.0001671992194517124,0.00039341081349486345
3.279272727272728e-05,0.0,-0.00011036599738666426,0.0003688789723387446
3.2800909090909096e-05,0.0,-5.694595739470382e-05,0.00034605002391100104
3.2809090909090914e-05,0.0,-7.477715448729608e-06,0.00032491093449623433
3.281727272727273e-05,0.0,3.7590017014353127e-05,0.0003054652134180061
3.282545454545455e-05,0.0,7.789479832317648e-05,0.00028772223515766203
3.283363636363637e-05,0.0,0.0001131562016769392,0.00027170706326782424
3.284181818181819e-05,0.0,0.000143171111953447,0.00025744822813676216
3.2850000000000006e-05,0.0,0.00016780873311635216,0.00024498469050603024
3.2858181818181824e-05,0.0,0.00018700545014489802,0.00023435196514853677
3.286636363636364e-05,0.0,0.00020075967284481923,0.0002255845327305714
3.287454545454546e-05,0.0,0.00020912677118374606,0.00021870171465707014
3.288272727272728e-05,0.0,0.00021221419335487547,0.00021370637709082748
3.28909090909091e-05,0.0,0.00021017683901591505,0.0002105751290851843
3.2899090909090915e-05,0.0,0.00020321274146049668,0.00020925738306839075
3.2907272727272733e-05,0.0,0.00019155909421367774,0.0002096753864956963
3.291545454545455e-05,0.0,0.00017548864002826488,0.00021172645617917955
3.292363636363637e-05,0.0,0.0001553064237868624,0.00021529312622086216
3.293181818181819e-05,0.0,0.00013134689564219792,0.00022024573228834622
3.2940000000000006e-05,0.0,0.00010397133707560954,0.00022645709297930126
3.2948181818181825e-05,0.0,7.356557060483166e-05,0.0002338006857824818
3.295636363636364e-05,0.0,4.053790377560441e-05,0.00024216476075994593
3.296454545454546e-05,0.0,5.317249938788609e-06,0.0002514448471506425
3.297272727272728e-05,0.0,-3.164863777962513e-05,0.00026155586507820217
3.29809090909091e-05,0.0,-6.989488692516358e-05,0.00027242092757783106
3.2989090909090916e-05,0.0,-0.00010894125012236359,0.00028398190265275483
3.2997272727272734e-05,0.0,-0.0001482939428660641,0.0002961870553457631
3.300545454545455e-05,-0.0,-0.0001874476419982653,0.00030900047949925993
3.301363636363637e-05,-0.0,-0.00022588770813559178,0.0003223904108043152
3.302181818181819e-05,-0.0,-0.00026309268947205875,0.0003363374598358327
3.303000000000001e-05,-0.0,-0.00029853715687551814,0.0003508246672094711
3.3038181818181826e-05,-0.0,-0.0003316949111841635,0.0003658441885529018
3.3046363636363644e-05,-0.0,-0.00036204259327142144,0.00038138967551251847
3.305454545454546e-05,-0.0,-0.00038906371597972666,0.0003974610197220253
3.306272727272728e-05,-0.0,-0.00041225312463736907,0.00041405936363046964
3.30709090909091e-05,-0.0,-0.0004311218797928229,0.0004311895930009216
3.307909090909092e-05,-0.0,-0.0004452025422643305,0.0004488581079750941
3.3087272727272735e-05,-0.0,-0.0004540548268538953,0.00046707288140028703
3.309545454545455e-05,-0.0,-0.00045727157736350746,0.00048584399338306723
3.310363636363637e-05,-0.0,-0.0004544850021277445,0.0005051812073057415
3.311181818181819e-05,-0.0,-0.00044537309639017535,0.0005250971640586499
3.312000000000001e-05,-0.0,-0.0004296661657478192,0.0005456025539934743
3.3128181818181826e-05,-0.0,-0.0004071533538098231,0.0005667117709901756
3.3136363636363645e-05,-0.0,-0.00037768906739644125,0.000588435871626315
3.3144545454545456e-05,-0.0,-0.0003411991842623602,0.0006107904025869434
3.3152727272727274e-05,-0.0,-0.0002976869216677643,0.0006337864361379577
3.316090909090909e-05,-0.0,-0.00024723823932542254,0.0006574402083374244
3.316909090909091e-05,-0.0,-0.00019002664748569683,0.0006817626013956558
3.317727272727273e-05,-0.0,-0.00012631729032395745,0.0007067701668097993
3.318545454545455e-05,-0.0,-5.6470176480511e-05,0.0007324734893215785
3.3193636363636366e-05,-0.0,1.9057567344107218e-05,0.0007588891206668263
3.3201818181818184e-05,-0.0,9.971053736502451e-05,0.0007860273055504612
3.321e-05,-0.0,0.00018483509698269466,0.0008139043201006889
3.321818181818182e-05,-0.0,0.0002736807217519304,0.0008425300666607724
3.322636363636364e-05,-0.0,0.00036540272878244316,0.000871920297715965
3.323454545454546e-05,-0.0,0.00045906645836706696,0.0009020845927379629
3.3242727272727275e-05,-0.0,0.0005536529575684403,0.0009330379541361938
3.3250909090909094e-05,0.0,0.0006480661954733931,0.0009647896657494075
3.325909090909091e-05,0.0,0.000741141818059707,0.0009973537724184997
3.326727272727273e-05,0.0,0.0008316574273629321,0.0010307392864613402
3.327545454545455e-05,0.0,0.0009183443451669303,0.0010649591062075535
3.3283636363636367e-05,0.0,0.0009999007960883963,0.0011000219850393702
3.3291818181818185e-05,0.0,0.001075006419030694,0.0011359395053479916
3.33e-05,0.0,0.0011423379899216154,0.0011727201562570866
3.330818181818182e-05,0.0,0.0012005862128226616,0.0012103740559235472
3.331636363636364e-05,0.0,0.0012484734113216234,0.0012489094013292791
3.332454545454546e-05,0.0,0.0012847719280245965,0.0012883347209646037
3.3332727272727276e-05,0.0,0.0013083230173821328,0.0013286578661387532
3.3340909090909094e-05,0.0,0.0013180559964506798,0.0013698856745912177
3.334909090909091e-05,0.0,0.0013130073999323962,0.0014120255711687025
3.335727272727273e-05,0.0,0.0012923398703688664,0.001455082627082163
3.336545454545455e-05,0.0,0.0012553605020815778,0.0014990637324386335
3.337363636363637e-05,0.0,0.0012015383487196715,0.0015439721416752382
3.3381818181818186e-05,0.0,0.001130520799422056,0.001589814075468662
3.3390000000000004e-05,0.0,0.0010421485279118001,0.0016365909461583113
3.339818181818182e-05,0.0,0.000936468722552169,0.0016843081461908075
3.340636363636364e-05,0.0,0.0008137463136872445,0.0017329652439260048
3.341454545454546e-05,0.0,0.0006744729275860452,0.001782566624096522
3.342272727272728e-05,0.0,0.0005193733140602433,0.0018331100303007103
3.3430909090909095e-05,0.0,0.000349409017312334,0.0018845986437831398
3.3439090909090913e-05,0.0,0.0001657790866984582,0.0019370284205604171
3.344727272727273e-05,0.0,-3.0082344313687954e-05,0.0019904011315366858
3.345545454545455e-05,0.0,-0.00023651174689538995,0.0020447109964863526
3.346363636363637e-05,0.0,-0.0004516252495105231,0.002099958163885783
3.3471818181818186e-05,0.0,-0.0006733311074696692,0.0021561351784568153
3.3480000000000005e-05,0.0,-0.0008993455961770616,0.002213240355176816
3.348818181818182e-05,0.0,-0.0011272122862015061,0.002271264630104498
3.349636363636364e-05,0.0,-0.0013543246078023122,0.0023302042810923913
3.350454545454546e-05,-0.0,-0.0015779515608773322,0.002390048702358487
3.351272727272728e-05,-0.0,-0.001795266374197998,0.002450791944831593
3.3520909090909096e-05,-0.0,-0.0020033778660236154,0.002512421923479818
3.3529090909090914e-05,-0.0,-0.0021993642075447298,0.002574930292428962
3.353727272727273e-05,-0.0,-0.002380308741914988,0.002638303541399392
3.354545454545455e-05,-0.0,-0.0025433374657225878,0.002702530783318134
3.355363636363637e-05,-0.0,-0.0026856577374507326,0.0027675971242344557
3.356181818181819e-05,-0.0,-0.0028045977395875638,0.002833489021801979
3.3570000000000006e-05,-0.0,-0.002897646188344624,0.0029001902244349333
3.3578181818181824e-05,-0.0,-0.0029624917581594612,0.0029676844546911224
3.358636363636364e-05,-0.0,-0.0029970616679648437,0.0030359541116049635
3.359454545454546e-05,-0.0,-0.002999558863203955,0.003104980139927207
3.360272727272728e-05,-0.0,-0.0029684972222716478,0.003174743578542004
3.36109090909091e-05,-0.0,-0.002902734218882212,0.0032452225904755715
3.3619090909090915e-05,-0.0,-0.0028015004831123376,0.0033163968245223355
3.362727272727273e-05,-0.0,-0.0026644257237356675,0.0033882416973161768
3.363545454545455e-05,-0.0,-0.0024915605030197134,0.0034607354194447415
3.364363636363637e-05,-0.0,-0.002283393392332227,0.003533850734929293
3.365181818181819e-05,-0.0,-0.0020408630825005276,0.003607564351970445
3.3660000000000006e-05,-0.0,-0.0017653650765424118,0.0036818464521742185
3.3668181818181825e-05,-0.0,-0.0014587526536608798,0.003756672164294401
3.367636363636364e-05,-0.0,-0.001123331861650999,0.0038320092509780508
3.368454545454546e-05,-0.0,-0.000761850369358276,0.003907831175758416
3.369272727272728e-05,-0.0,-0.0003774800906809035,0.003984103454871189
3.37009090909091e-05,-0.0,2.6206424167515374e-05,0.004060797797123585
3.3709090909090916e-05,-0.0,0.00044526574691981086,0.004137877668961974
3.3717272727272734e-05,-0.0,0.0008754193062435252,0.004215312936841465
3.372545454545455e-05,-0.0,0.001312094836254503,0.004293065232462349
3.373363636363637e-05,-0.0,0.0017504731854550409,0.0043711025002233835
3.374181818181819e-05,-0.0,0.002185540044962922,0.004449384764491013
3.375000000000001e-05,0.0,0.0026121420701158107,0.004527877982046025
3.3758181818181825e-05,0.0,0.0030250467893891625,0.00460654080348477
3.3766363636363644e-05,0.0,0.0034190056204168096,0.004685337152684218
3.377454545454546e-05,0.0,0.003788819246067424,0.004764224540053917
3.378272727272728e-05,0.0,0.004129404545253801,0.004843164837357598
3.37909090909091e-05,0.0,0.004435862224591763,0.004922114642642753
3.379909090909092e-05,0.0,0.004703544259227177,0.005001033787645467
3.3807272727272735e-05,0.0,0.004928120225028529,0.005079878174923926
3.381545454545455e-05,0.0,0.005105641590664403,0.005158605643955455
3.382363636363637e-05,0.0,0.005232603037447915,0.005237171603313519
3.383181818181819e-05,0.0,0.005305999887648678,0.005315531987023528
3.384000000000001e-05,0.0,0.005323380748467291,0.005393641892378438
3.3848181818181826e-05,0.0,0.005282894519054896,0.005471455475956445
3.3856363636363645e-05,0.0,0.0051833309616493356,0.005548927685355142
3.386454545454546e-05,0.0,0.005024154104685598,0.00562601106974367
3.387272727272728e-05,0.0,0.004805527825004103,0.005702660566362823
3.38809090909091e-05,0.0,0.004528333047197756,0.005778827328466183
3.388909090909091e-05,0.0,0.004194176099676869,0.005854466400138181
3.389727272727273e-05,0.0,0.003805387877967893,0.005929527789668466
3.390545454545455e-05,0.0,0.003365013584699161,0.006003966744387781
3.3913636363636366e-05,0.0,0.0028767929411067246,0.006077732414652044
3.3921818181818184e-05,0.0,0.0023451308950181646,0.00615078032913073
3.393e-05,0.0,0.0017750589833266947,0.006223059098666283
3.393818181818182e-05,0.0,0.0011721876410450667,0.0062945245965578284
3.394636363636364e-05,0.0,0.0005426498821591445,0.006365125238103065
3.395454545454546e-05,0.0,-0.00010696309231745247,0.006434817294092821
3.3962727272727275e-05,0.0,-0.0007696736784573784,0.006503549346999693
3.397090909090909e-05,0.0,-0.0014381962467709514,0.00657127811256525
3.397909090909091e-05,0.0,-0.0021050212044057713,0.006637952714374967
3.398727272727273e-05,0.0,-0.0027625037350147404,0.006703530360594257
3.399545454545455e-05,0.0,-0.0034029561226896375,0.006767961093072373
3.4003636363636366e-05,-0.0,-0.004018742493848779,0.006831202665447049
3.4011818181818185e-05,-0.0,-0.004602374753738537,0.006893206410018352
3.402e-05,-0.0,-0.0051466084534193355,0.00695393068995247
3.402818181818182e-05,-0.0,-0.005644537299689832,0.007013328487166676
3.403636363636364e-05,-0.0,-0.006089685015044405,0.007071358854433514
3.404454545454546e-05,-0.0,-0.006476093267881718,0.007127976761772605
3.4052727272727276e-05,-0.0,-0.006798404424933148,0.007183142051998102
3.4060909090909094e-05,-0.0,-0.007051937928122903,0.007236811994072769
3.406909090909091e-05,-0.0,-0.007232759166385069,0.007288947345076066
3.407727272727273e-05,-0.0,-0.0073377397986421206,0.007339507950102187
3.408545454545455e-05,-0.0,-0.007364608586213693,0.007388455630824167
3.409363636363637e-05,-0.0,-0.0073119919101261085,0.007435753047149659
3.4101818181818186e-05,-0.0,-0.007179443279632189,0.007481363262815169
3.4110000000000004e-05,-0.0,-0.006967461280994312,0.007525251949195993
3.411818181818182e-05,-0.0,-0.00667749556828996,0.007567383616363255
3.412636363636364e-05,-0.0,-0.006311940658546708,0.007607727099736542
3.413454545454546e-05,-0.0,-0.005874117459632782,0.00764624858503472
3.414272727272728e-05,-0.0,-0.005368242628633503,0.007682920179685854
3.4150909090909095e-05,-0.0,-0.00479938602846597,0.007717709996229771
3.415909090909091e-05,-0.0,-0.0041734167187127075,0.007750593478425398
3.416727272727273e-05,-0.0,-0.003496938080574408,0.007781540934141982
3.417545454545455e-05,-0.0,-0.002777212832973508,0.0078105311665847745
3.418363636363637e-05,-0.0,-0.00202207884478217,0.007837536959079374
3.4191818181818186e-05,-0.0,-0.001239856784612661,0.007862540459958725
3.4200000000000005e-05,-0.0,-0.00043925077245822745,0.007885517213014531
3.420818181818182e-05,-0.0,0.0003707566952435757,0.007906452664871567
3.421636363636364e-05,-0.0,0.001181014185569006,0.007925325402158257
3.422454545454546e-05,-0.0,0.001982313701331718,0.007942124096279535
3.423272727272728e-05,-0.0,0.0027655045016092327,0.00795683064842074
3.4240909090909096e-05,-0.0,0.003521606856309343,0.00796943686109719
3.4249090909090914e-05,-0.0,0.004241924211720452,0.007979928202922612
3.425727272727273e-05,0.0,0.004918152256982606,0.00798829950057477
3.426545454545455e-05,0.0,0.005542483416143059,0.007994540016035582
3.427363636363637e-05,0.0,0.006107705346537479,0.00799864748685042
3.428181818181819e-05,0.0,0.00660729210095144,0.008000615159748278
3.4290000000000005e-05,0.0,0.007035486707332712,0.008000443570185619
3.4298181818181824e-05,0.0,0.007387374034404521,0.00799813009961025
3.430636363636364e-05,0.0,0.007658942942751451,0.007993677974912313
3.431454545454546e-05,0.0,0.007847136866930978,0.007987088815022412
3.432272727272728e-05,0.0,0.007949892132790706,0.00797836844356207
3.43309090909091e-05,0.0,0.007966163483128796,0.007967522768003613
3.4339090909090915e-05,0.0,0.007895936461642305,0.007954560129995531
3.434727272727273e-05,0.0,0.007740226487158742,0.007939490721929418
3.435545454545455e-05,0.0,0.007501064634750363,0.00792232534374273
3.436363636363637e-05,0.0,0.007181470324756889,0.007903078413135343
3.437181818181819e-05,0.0,0.00678541130225974,0.007881763149120181
3.4380000000000006e-05,0.0,0.006317751465470696,0.007858398079526764
3.4388181818181825e-05,0.0,0.005784187269215758,0.007832998823819626
3.439636363636364e-05,0.0,0.005191173586732796,0.0078055878513957335
3.440454545454546e-05,0.0,0.004545840057047456,0.007776183182723817
3.441272727272728e-05,0.0,0.0038558990741370583,0.007744811010714786
3.44209090909091e-05,0.0,0.003129546686063195,0.0077114917737264475
3.4429090909090916e-05,0.0,0.0023753577656395975,0.0076762551261008085
3.4437272727272734e-05,0.0,0.001602176887679271,0.007639123953139033
3.444545454545455e-05,0.0,0.0008190064004183084,0.00760013107133827
3.445363636363637e-05,0.0,3.4893209652133144e-05,0.007559301848882061
3.446181818181819e-05,0.0,-0.0007411841969136473,0.007516671935933526
3.447000000000001e-05,0.0,-0.0015004269706195379,0.007472269220228304
3.4478181818181825e-05,0.0,-0.002234323888334462,0.007426131836710633
3.4486363636363644e-05,0.0,-0.0029347546804074053,0.007378290223308758
3.449454545454546e-05,0.0,-0.003594087351820683,0.007328784639777992
3.450272727272728e-05,-0.0,-0.004205268242866567,0.0072776480918051835
3.45109090909091e-05,-0.0,-0.004761903687515047,0.007224922602355383
3.451909090909092e-05,-0.0,-0.005258332254945909,0.007170643742387708
3.4527272727272735e-05,-0.0,-0.005689686700463772,0.0071148549440854855
3.453545454545455e-05,-0.0,-0.006051944903992921,0.007057594314560128
3.454363636363637e-05,-0.0,-0.006341969235200404,0.006998906357483563
3.455181818181819e-05,-0.0,-0.006557533951547094,0.006938831654504451
3.456000000000001e-05,-0.0,-0.006697340406668415,0.006877415467049892
3.4568181818181826e-05,-0.0,-0.006761020018856324,0.006814700752371288
3.4576363636363644e-05,-0.0,-0.00674912512047745,0.00675073324643842
3.458454545454546e-05,-0.0,-0.006663107976393497,0.006685558142333507
3.459272727272728e-05,-0.0,-0.006505288420412258,0.006619221402931333
3.46009090909091e-05,-0.0,-0.0062788107111785485,0.006551770274525628
3.460909090909092e-05,-0.0,-0.005987590350561167,0.006483250738222256
3.4617272727272736e-05,-0.0,-0.005636251736542896,0.0064137118677143855
3.4625454545454554e-05,-0.0,-0.0052300576371349765,0.006343199494249455
3.4633636363636365e-05,-0.0,-0.0047748315704206935,0.006271764251329562
3.4641818181818184e-05,-0.0,-0.0042768742572562475,0.006199451692638158
3.465e-05,-0.0,-0.0037428753764733795,0.006126313705286785
3.465818181818182e-05,-0.0,-0.003179821896980809,0.006052395476074558
3.466636363636364e-05,-0.0,-0.00259490428659117,0.005977749805773435
3.467454545454546e-05,-0.0,-0.001995421903646812,0.00590242145968328
3.4682727272727275e-05,-0.0,-0.0013886888648176675,0.0058264637849516935
3.469090909090909e-05,-0.0,-0.0007819416513209044,0.005749921100299885
3.469909090909091e-05,-0.0,-0.00018224966706221612,0.0056728469123843665
3.470727272727273e-05,-0.0,0.0004035701031253515,0.0055952850913760874
3.471545454545455e-05,-0.0,0.0009690332675806294,0.005517288905798392
3.4723636363636366e-05,-0.0,0.001508062061089172,0.005438901791027161
3.4731818181818185e-05,-0.0,0.0020150523706829143,0.005360176378583844
3.474e-05,-0.0,0.0024849330041007613,0.005281155690558273
3.474818181818182e-05,-0.0,0.002913216576153421,0.005201891331299357
3.475636363636364e-05,0.0,0.0032960415196216972,0.005122425930673476
3.476454545454546e-05,0.0,0.0036302048628882202,0.005042809694285101
3.4772727272727276e-05,0.0,0.003913185554145307,0.004963084872345718
3.4780909090909094e-05,0.0,0.004143158249637416,0.0048832999282231474
3.478909090909091e-05,0.0,0.004318997618933463,0.0048034967290510825
3.479727272727273e-05,0.0,0.004440273351709156,0.004723721689240071
3.480545454545455e-05,0.0,0.004507236176089118,0.004644016266844136
3.481363636363637e-05,0.0,0.004520795316526077,0.004564424564890693
3.4821818181818185e-05,0.0,0.004482487927912967,0.0044849875784141345
3.4830000000000004e-05,0.0,0.004394441140746229,0.004405746886959037
3.483818181818182e-05,0.0,0.004259327438495306,0.004326742936806017
3.484636363636364e-05,0.0,0.004080314161906186,0.004248014626532816
3.485454545454546e-05,0.0,0.003861007995021022,0.004169601734010705
3.486272727272728e-05,0.0,0.003605395333705892,0.0040915403763313865
3.4870909090909095e-05,0.0,0.003317779469149882,0.004013869509100549
3.487909090909091e-05,0.0,0.003002715536064522,0.003936622424641381
3.488727272727273e-05,0.0,0.002664944178329203,0.003859837069858634
3.489545454545455e-05,0.0,0.002309324873966237,0.003783543924432095
3.490363636363637e-05,0.0,0.0019407698371629526,0.003707779711059113
3.4911818181818186e-05,0.0,0.0015641793783510271,0.0036325721604369395
3.4920000000000004e-05,0.0,0.0011843795550391812,0.0035579565317536872
3.492818181818182e-05,0.0,0.0008060628872580053,0.0034839579161302357
3.493636363636364e-05,0.0,0.0004337328433258818,0.003410609852978702
3.494454545454546e-05,0.0,7.165272549816058e-05,0.003337934941498811
3.495272727272728e-05,0.0,-0.00027620049768509555,0.0032659647362207767
3.4960909090909096e-05,0.0,-0.000606176953430017,0.003194719521437977
3.4969090909090914e-05,0.0,-0.0009149888537278233,0.003124228601948677
3.497727272727273e-05,0.0,-0.0011997394377506636,0.0030545101435779463
3.498545454545455e-05,0.0,-0.0014579456883671228,0.002985590946455851
3.499363636363637e-05,0.0,-0.0016875547372157788,0.002917487263215987
3.500181818181819e-05,-0.0,-0.0018869539643418115,0.0028502231540955864
3.5010000000000005e-05,-0.0,-0.0020549748865684434,0.0027838131618687987
3.5018181818181824e-05,-0.0,-0.002190891012349424,0.0027182784008818635
3.502636363636364e-05,-0.0,-0.0022944099187532205,0.0026536318949259025
3.503454545454546e-05,-0.0,-0.00236565987751514,0.002589891644464512
3.504272727272728e-05,-0.0,-0.002405171420950225,0.0025270693229190078
3.5050909090909097e-05,-0.0,-0.0024138542942827176,0.0024651796944966044
3.5059090909090915e-05,-0.0,-0.002392970288101798,0.002404233219942817
3.506727272727273e-05,-0.0,-0.002344102482834798,0.002344241356524221
3.507545454545455e-05,-0.0,-0.0022691214661276,0.002285213451990592
3.508363636363637e-05,-0.0,-0.0021701491037781433,0.0022271576418888103
3.509181818181819e-05,-0.0,-0.0020495204554694226,0.0021700822174421743
3.5100000000000006e-05,-0.0,-0.001909744428217183,0.0021139920356887123
3.5108181818181824e-05,-0.0,-0.0017534637535358362,0.0020588943415471945
3.511636363636364e-05,-0.0,-0.0015834148593010483,0.002004790814537334
3.512454545454546e-05,-0.0,-0.0014023881847207216,0.0019516876165795462
3.513272727272728e-05,-0.0,-0.0012131894573814254,0.0018995834058917343
3.51409090909091e-05,-0.0,-0.001018602415755971,0.0018484831795882225
3.5149090909090916e-05,-0.0,-0.0008213534196422319,0.0017983827811535328
3.5157272727272734e-05,-0.0,-0.0006240783456002802,0.0017492859202337552
3.516545454545455e-05,-0.0,-0.0004292921154397273,0.0017011858754455984
3.517363636363637e-05,-0.0,-0.00023936115407112083,0.0016540849120671797
3.518181818181819e-05,-0.0,-5.647901946400101e-05,0.0016079740280546364
3.519000000000001e-05,-0.0,0.0001173546070741314,0.0015628538619745541
3.5198181818181825e-05,-0.0,0.00028035143672079063,0.001518713439180922
3.5206363636363643e-05,-0.0,0.0004309485154250813,0.0014755515744012979
3.521454545454546e-05,-0.0,0.0005678185655056671,0.0014333556407170513
3.522272727272728e-05,-0.0,0.000689876749748456,0.0013921224292356897
3.52309090909091e-05,-0.0,0.0007962839287624043,0.001351837981252543
3.5239090909090917e-05,-0.0,0.00088644652660055,0.0013124968749767768
3.5247272727272735e-05,-0.0,0.0009600131601092503,0.0012740841285360056
3.525545454545455e-05,0.0,0.0010168682237441632,0.0012365919421326085
3.526363636363637e-05,0.0,0.0010571226533856654,0.0012000045961843696
3.527181818181819e-05,0.0,0.0010811021197838892,0.0011643117855347355
3.528000000000001e-05,0.0,0.0010893329245323996,0.0011294973052819847
3.5288181818181826e-05,0.0,0.0010825258888574028,0.0010955482682558464
3.5296363636363644e-05,0.0,0.0010615585380402803,0.001062448195705216
3.530454545454546e-05,0.0,0.0010274558920615948,0.0010301816042176213
3.531272727272728e-05,0.0,0.0009813701762283855,0.0009987319065500682
3.53209090909091e-05,0.0,0.0009245597643475876,0.000968081081229588
3.532909090909092e-05,0.0,0.0008583676617125193,0.0009382125497483256
3.5337272727272736e-05,0.0,0.0007841998260951041,0.0009091058909537039
3.5345454545454554e-05,0.0,0.0007035036124374514,0.0008807446057807263
3.535363636363637e-05,0.0,0.0006177466113941028,0.0008531060972984771
3.536181818181819e-05,0.0,0.0005283961336929923,0.0008261739756784102
3.537000000000001e-05,0.0,0.00043689957187390146,0.0007999237803990763
3.537818181818182e-05,0.0,0.0003446658487467601,0.0007743392296261963
3.538636363636364e-05,0.0,0.0002530481383030603,0.0007493944001356027
3.539454545454546e-05,0.0,0.00016332802021552394,0.0007250731002309805
3.5402727272727275e-05,0.0,7.670120386177604e-05,0.0007013484322676603
3.541090909090909e-05,0.0,-5.7350676251509744e-06,0.0006782042795955832
3.541909090909091e-05,0.0,-8.299284809983825e-05,0.000655613344009623
3.542727272727273e-05,0.0,-0.0001542024936606198,0.0006335595966120307
3.543545454545455e-05,0.0,-0.00021861980633243152,0.0006120159977205068
3.5443636363636366e-05,0.0,-0.00027563130333239515,0.0005909666786870062
3.5451818181818184e-05,0.0,-0.0003247576211538953,0.0005703856068811432
3.546e-05,0.0,-0.0003656550844452777,0.0005502572475974205
3.546818181818182e-05,0.0,-0.00039811548891758897,0.0005305574268225105
3.547636363636364e-05,0.0,-0.0004220641651830331,0.0005112712738566514
3.548454545454546e-05,0.0,-0.0004375564064262425,0.0004923774581717082
3.5492727272727276e-05,0.0,-0.0004447723570994575,0.00047386233594561467
3.5500909090909094e-05,-0.0,-0.0004440104723933736,0.0004557085964847238
3.550909090909091e-05,-0.0,-0.0004356796690744768,0.0004379047288202534
3.551727272727273e-05,-0.0,-0.00042029029742391224,0.00042043891340091776
3.552545454545455e-05,-0.0,-0.00039844407150655054,0.0004033031858481655
3.553363636363637e-05,-0.0,-0.00037082310090126374,0.00038649315931686495
3.5541818181818185e-05,-0.0,-0.00033817817140586407,0.00037000658823304824
3.5550000000000004e-05,-0.0,-0.00030131642517204773,0.00035384921564596874
3.555818181818182e-05,-0.0,-0.0002610885923100401,0.0003380278260876744
3.556636363636364e-05,-0.0,-0.00021837592631280623,0.0003225621869933606
3.557454545454546e-05,-0.0,-0.0001740769947674172,0.00030747311659156236
3.5582727272727277e-05,-0.0,-0.00012909447482553022,0.000292800118433225
3.5590909090909095e-05,-0.0,-8.432209987108262e-05,0.00027858543995287326
3.559909090909091e-05,-0.0,-4.063189982042454e-05,0.0002648965154002396
3.560727272727273e-05,-0.0,1.1381274205736328e-06,0.00025180732222040617
3.561545454545455e-05,-0.0,4.0195781584284764e-05,0.000239423921231363
3.562363636363637e-05,-0.0,7.580573757433265e-05,0.00022786425930512765
3.5631818181818186e-05,-0.0,0.00010729981707836131,0.0002172833917781858
3.5640000000000004e-05,-0.0,0.00013408634453384536,0.00020785153726543903
3.564818181818182e-05,-0.0,0.00015565848653742635,0.00019977246749998184
3.565636363636364e-05,-0.0,0.00017160148330224974,0.00019325717680410186
3.566454545454546e-05,-0.0,0.00018159869096043038,0.000188526624183414
3.567272727272728e-05,-0.0,0.00018543636436223375,0.00018577989365367413
3.5680909090909096e-05,-0.0,0.00018300712152100453,0.00018518002460254332
3.5689090909090914e-05,-0.0,0.0001743120429695424,0.00018682951715901438
3.569727272727273e-05,-0.0,0.0001594613719989081,0.00019075659151028787
3.570545454545455e-05,-0.0,0.00013867379500609982,0.00019692077276876256
3.571363636363637e-05,-0.0,0.0001122742949353655,0.00020521385046451724
3.572181818181819e-05,-0.0,8.069058500105337e-05,0.00021549374599818267
3.5730000000000005e-05,-0.0,4.444814445655349e-05,0.00022758709567756867
3.5738181818181823e-05,-0.0,4.163893037406232e-06,0.00024132769574909994
3.574636363636364e-05,-0.0,-3.946144424567375e-05,0.0002565463462636121
3.575454545454546e-05,0.0,-8.565221517452415e-05,0.0002731014860840128
3.576272727272728e-05,0.0,-0.00013356787941593958,0.0002908585043047634
3.5770909090909096e-05,0.0,-0.00018231411196953932,0.0003097131286000226
3.5779090909090915e-05,0.0,-0.00023095485984301153,0.0003295680757464665
3.578727272727273e-05,0.0,-0.0002785252269161499,0.00035035140137446594
3.579545454545455e-05,0.0,-0.00032404504877868955,0.00037199591756990647
3.580363636363637e-05,0.0,-0.0003665330070787381,0.0003944529836572974
3.581181818181819e-05,0.0,-0.00040502112179734953,0.0004176772706525496
3.5820000000000006e-05,0.0,-0.000438569450070628,0.00044163553807943003
3.5828181818181824e-05,0.0,-0.0004662808119124798,0.00046629774640378796
3.583636363636364e-05,0.0,-0.00048731535664351246,0.0004916403082761999
3.584454545454546e-05,0.0,-0.0005009047791915648,0.0005176437707969543
3.585272727272728e-05,0.0,-0.0005063659928713283,0.000544290322235706
3.58609090909091e-05,0.0,-0.0005031140649311577,0.0005715678283163324
3.5869090909090916e-05,0.0,-0.0004906742232091189,0.0005994617332408711
3.5877272727272734e-05,0.0,-0.0004686927467768818,0.0006279649338959136
3.588545454545455e-05,0.0,-0.000436946560550453,0.000657064538032729
3.589363636363637e-05,0.0,-0.0003953513635608824,0.000686756827497209
3.590181818181819e-05,0.0,-0.00034396813292091765,0.0007170296013857824
3.591000000000001e-05,0.0,-0.0002830078604714231,0.0007478812951363106
3.5918181818181825e-05,0.0,-0.00021283439657944354,0.0007792998392787134
3.592636363636364e-05,0.0,-0.00013396529548126163,0.0008112848627938138
3.593454545454546e-05,0.0,-4.7070578769927067e-05,0.0008438241406396983
3.594272727272728e-05,0.0,4.70306420729439e-05,0.0008769177184908156
3.59509090909091e-05,0.0,0.00014737571703898422,0.0009105531070757615
3.5959090909090916e-05,0.0,0.0002528661880356812,0.0009447301225969199
3.5967272727272735e-05,0.0,0.0003622776745711346,0.0009794360156310789
3.597545454545455e-05,0.0,0.00047427186089099354,0.0010146698273369589
3.598363636363637e-05,0.0,0.0005874105002818865,0.0010504186182154155
3.599181818181819e-05,0.0,0.0007001713216234306,0.0010866801932276461
3.600000000000001e-05,-0.0,0.0008109656929321156,0.001123441524789125
3.6008181818181826e-05,-0.0,0.0009181578670423815,0.0011606987971387761
3.6016363636363644e-05,-0.0,0.001020085606172105,0.00119843900326268
3.602454545454546e-05,-0.0,0.0011150819553849727,0.0012366563957622557
3.603272727272728e-05,-0.0,0.0012014979103505742,0.0012753380847713163
3.60409090909091e-05,-0.0,0.0012777257027623329,0.001314476153313776
3.604909090909092e-05,-0.0,0.0013422224077323755,0.001354057899534939
3.6057272727272735e-05,-0.0,0.001393533561844128,0.0013940730720822156
3.6065454545454554e-05,-0.0,0.0014303164686782907,0.0014345091928564058
3.607363636363637e-05,-0.0,0.0014513628608660712,0.001475353584354255
3.608181818181819e-05,-0.0,0.0014556205843470212,0.001516593987097279
3.609000000000001e-05,-0.0,0.001442213971743819,0.0015582152775771585
3.609818181818183e-05,-0.0,0.0014104625777778953,0.0016002053664119855
3.6106363636363645e-05,-0.0,0.0013598979605375827,0.0016425467336400573
3.611454545454546e-05,-0.0,0.0012902782082053598,0.0016852273684851299
3.6122727272727275e-05,-0.0,0.0012015999315112963,0.0017282274693352954
3.613090909090909e-05,-0.0,0.0010941074675889448,0.0017715349725904396
3.613909090909091e-05,-0.0,0.0009682990708729009,0.001815127969166441
3.614727272727273e-05,-0.0,0.000824929900921767,0.0018589941765848588
3.615545454545455e-05,-0.0,0.0006650116552287359,0.0019031098043172131
3.6163636363636366e-05,-0.0,0.000489808736775209,0.0019474621575908471
3.6171818181818184e-05,-0.0,0.00030083089080377035,0.001992025833325045
3.618e-05,-0.0,9.982229248487495e-05,0.0020367875125026956
3.618818181818182e-05,-0.0,-0.00011125288378211376,0.0020817204810445705
3.619636363636364e-05,-0.0,-0.00033022833241823417,0.0021268105751596302
3.620454545454546e-05,-0.0,-0.0005547567902676689,0.002172030092896759
3.6212727272727276e-05,-0.0,-0.0007823343334008802,0.0022173638072319683
3.6220909090909094e-05,-0.0,-0.0010103275651872465,0.002262783361464736
3.622909090909091e-05,-0.0,-0.0012360034158695311,0.0023082722598405897
3.623727272727273e-05,-0.0,-0.0014565612285390539,0.0023538018223724618
3.624545454545455e-05,-0.0,-0.0016691667643303218,0.0023993541026944122
3.625363636363637e-05,0.0,-0.0018709877215521056,0.0024449004160131795
3.6261818181818185e-05,0.0,-0.0020592303300352582,0.0024904212170530874
3.6270000000000003e-05,0.0,-0.0022311765538421875,0.0025358881111568546
3.627818181818182e-05,0.0,-0.0023842214132234977,0.0025812798482904957
3.628636363636364e-05,0.0,-0.0025159099208273135,0.0026265685859497125
3.629454545454546e-05,0.0,-0.0026239731180885354,0.0026717313133238275
3.6302727272727276e-05,0.0,-0.002706362695780627,0.0027167409612761173
3.6310909090909095e-05,0.0,-0.0027612836881338084,0.0027615727575932537
3.631909090909091e-05,0.0,-0.0027872247428367128,0.0028062005808518805
3.632727272727273e-05,0.0,-0.002782985489658549,0.002850597955705785
3.633545454545455e-05,0.0,-0.0027477005582572447,0.0028947398319117417
3.634363636363637e-05,0.0,-0.0026808598307631,0.002938598149433838
3.6351818181818186e-05,0.0,-0.002582324556619816,0.0029821489999858563
3.6360000000000004e-05,0.0,-0.002452339005484441,0.003025362916410236
3.636818181818182e-05,0.0,-0.0022915373881837596,0.0030682171509074344
3.637636363636364e-05,0.0,-0.0021009458351417816,0.0031106810625319897
3.638454545454546e-05,0.0,-0.0018819792855805325,0.0031527330329406615
3.639272727272728e-05,0.0,-0.0016364332083180042,0.0031943415309368434
3.6400909090909096e-05,0.0,-0.00136647014523161,0.003235485991859867
3.6409090909090914e-05,0.0,-0.0010746011404482478,0.0032761343204217573
3.641727272727273e-05,0.0,-0.0007636621910383117,0.0033162668918596057
3.642545454545455e-05,0.0,-0.00043678592737087006,0.003355851406241602
3.643363636363637e-05,0.0,-9.736880225242922e-05,0.003394869035281158
3.644181818181819e-05,0.0,0.0002509658635574495,0.003433287656411266
3.6450000000000005e-05,0.0,0.0006044085669483466,0.0034710890744330102
3.645818181818182e-05,0.0,0.0009590075663533696,0.0035082417369950297
3.646636363636364e-05,0.0,0.0013107155563669517,0.003544727909183046
3.647454545454546e-05,0.0,0.001655438497272416,0.0035805170002840454
3.648272727272728e-05,0.0,0.00198908598275939,0.003615591564435424
3.6490909090909096e-05,0.0,0.002307622496287606,0.003649922350222186
3.6499090909090915e-05,0.0,0.0026071188824473256,0.003683492042130857
3.650727272727273e-05,-0.0,0.002883803344791364,0.0037162730800321107
3.651545454545455e-05,-0.0,0.003134111276352908,0.00374824814304707
3.652363636363637e-05,-0.0,0.0033547332336616724,0.0037793916776227682
3.653181818181819e-05,-0.0,0.003542660379627182,0.003809686254277381
3.6540000000000006e-05,-0.0,0.0036952267451201078,0.003839108594930941
3.6548181818181824e-05,-0.0,0.0038101476932463066,0.00386764109884724
3.655636363636364e-05,-0.0,0.003885554013818284,0.003895262977955502
3.656454545454546e-05,-0.0,0.003920021127883121,0.0039219564445643115
3.657272727272728e-05,-0.0,0.003912592942720954,0.003947703354871081
3.65809090909091e-05,-0.0,0.0038627999657062555,0.003972485769784501
3.6589090909090915e-05,-0.0,0.003770671359923019,0.003996288280119595
3.6597272727272734e-05,-0.0,0.0036367407044296807,0.004019092884230851
3.660545454545455e-05,-0.0,0.0034620453064681403,0.004040886932808702
3.661363636363637e-05,-0.0,0.0032481190005111352,0.004061652503438059
3.662181818181819e-05,-0.0,0.0029969784585884107,0.0040813796681721
3.663000000000001e-05,-0.0,0.0027111031265251175,0.00410005077577402
3.6638181818181825e-05,-0.0,0.002393408990240569,0.004117658521142219
3.664636363636364e-05,-0.0,0.0020472164637616425,0.004134185761202157
3.665454545454546e-05,-0.0,0.0016762127747888499,0.00414962766123734
3.666272727272728e-05,-0.0,0.0012844093032385597,0.004163967861067701
3.66709090909091e-05,-0.0,0.0008760944019548162,0.004177203798084701
3.6679090909090916e-05,-0.0,0.00045578229559891184,0.004189320198299239
3.6687272727272735e-05,-0.0,2.8158712539766472e-05,0.004200316536954714
3.669545454545455e-05,-0.0,-0.00040197604554931726,0.004210178947375611
3.670363636363637e-05,-0.0,-0.0008297658515359972,0.0042189086835651
3.671181818181819e-05,-0.0,-0.0012503585435166445,0.004226493613251423
3.672000000000001e-05,-0.0,-0.0016589659649028855,0.004232936497262521
3.6728181818181826e-05,-0.0,-0.002050923452866931,0.004238227258296137
3.6736363636363644e-05,-0.0,-0.002421747977931622,0.004242369891563918
3.674454545454546e-05,-0.0,-0.002767194152742279,0.004245356676144399
3.675272727272728e-05,0.0,-0.003083307354563202,0.0042471925808292834
3.67609090909091e-05,0.0,-0.003366473243458623,0.004247872511090232
3.676909090909092e-05,0.0,-0.0036134630059337655,0.0042474021715782
3.6777272727272735e-05,0.0,-0.0038214737113532894,0.00424577932144417
3.6785454545454554e-05,0.0,-0.003988163234898618,0.004243010196822343
3.679363636363637e-05,0.0,-0.004111679275212519,0.0042390955851693965
3.680181818181819e-05,0.0,-0.0041906820761261135,0.004234042091689987
3.681000000000001e-05,0.0,-0.004224360548780455,0.004227853645991227
3.681818181818183e-05,0.0,-0.004212441581762547,0.004220537108498676
3.6826363636363645e-05,0.0,-0.004155192421225968,0.004212099598100778
3.683454545454546e-05,0.0,-0.004053416098963733,0.004202548169460866
3.684272727272728e-05,0.0,-0.0039084399826262725,0.004191893107702698
3.68509090909091e-05,0.0,-0.0037220976173088787,0.004180141655412256
3.685909090909092e-05,0.0,-0.0034967041201679518,0.004167307169886834
3.686727272727273e-05,0.0,-0.0032350254782016257,0.004153397129185291
3.687545454545455e-05,0.0,-0.002940242182546953,0.004138427799559285
3.6883636363636366e-05,0.0,-0.002615907709385231,0.00412240699258493
3.6891818181818184e-05,0.0,-0.0022659024266945705,0.004105353655615104
3.69e-05,0.0,-0.001894383566650125,0.004087276076482281
3.690818181818182e-05,0.0,-0.0015057319545877309,0.004068195598177163
3.691636363636364e-05,0.0,-0.0011044962264028257,0.004048121164211309
3.692454545454546e-05,0.0,-0.0006953352964973883,0.00402707617938823
3.6932727272727275e-05,0.0,-0.0002829598575234549,0.004005070449126278
3.6940909090909094e-05,0.0,0.00012792629901474167,0.003982129068988444
3.694909090909091e-05,0.0,0.0005326843557886763,0.0039582629280206
3.695727272727273e-05,0.0,0.0009267971655748945,0.00393349841684076
3.696545454545455e-05,0.0,0.0013059238250699645,0.003907847733066329
3.697363636363637e-05,0.0,0.0016659514177520278,0.003881338155519098
3.6981818181818185e-05,0.0,0.0020030432629691746,0.003853983405850546
3.699e-05,0.0,0.0023136830635283197,0.0038258112469753054
3.699818181818182e-05,0.0,0.002594714407324594,0.0037968371179974963
3.700636363636364e-05,-0.0,0.0028433751489718184,0.003767088878273692
3.701454545454546e-05,-0.0,0.003057326273851685,0.003736583843867882
3.7022727272727276e-05,-0.0,0.003234674928295067,0.003705349612361684
3.7030909090909095e-05,-0.0,0.003373991384484701,0.0036734054917243572
3.703909090909091e-05,-0.0,0.003474319795823868,0.00364077850066281
3.704727272727273e-05,-0.0,0.003535182686629114,0.003607490000491687
3.705545454545455e-05,-0.0,0.0035565792077551835,0.0035735661649872524
3.706363636363637e-05,-0.0,0.003538977275848414,0.0035390304099410103
3.7071818181818186e-05,-0.0,0.003483299797094997,0.0035039078569396335
3.7080000000000004e-05,-0.0,0.003390905255389288,0.0034682239127256306
3.708818181818182e-05,-0.0,0.003263563018679971,0.0034320025034759506
3.709636363636364e-05,-0.0,0.003103423784838884,0.0033952708970319337
3.710454545454546e-05,-0.0,0.0029129856488291322,0.0033580517474969076
3.711272727272728e-05,-0.0,0.0026950563254401713,0.0033203739887718415
3.7120909090909095e-05,-0.0,0.002452712105757453,0.0032822589924785843
3.7129090909090914e-05,-0.0,0.0021892541603355958,0.0032437371022893697
3.713727272727273e-05,-0.0,0.001908162827387528,0.003204828460076548
3.714545454545455e-05,-0.0,0.001613050539978675,0.00316556450834479
3.715363636363637e-05,-0.0,0.0013076140521676848,0.0031259642692913875
3.716181818181819e-05,-0.0,0.0009955866203567713,0.0030860599276920082
3.7170000000000005e-05,-0.0,0.0006806907830462978,0.003045869545270785
3.717818181818182e-05,-0.0,0.0003665923601111551,0.003005425658004049
3.718636363636364e-05,-0.0,5.68562621433766e-05,0.0029647455651923412
3.719454545454546e-05,-0.0,-0.00024509533803150185,0.00292386174117249
3.720272727272728e-05,-0.0,-0.0005360219651179109,0.0028827909478103798
3.7210909090909096e-05,-0.0,-0.0008129004776982448,0.002841565177044379
3.7219090909090915e-05,-0.0,-0.0010729569836970816,0.0028002008922284258
3.722727272727273e-05,-0.0,-0.0013136946991181868,0.0027587291886307873
3.723545454545455e-05,-0.0,-0.001532917479209558,0.002717166470423367
3.724363636363637e-05,-0.0,-0.0017287488185323944,0.00267554254276992
3.725181818181819e-05,0.0,-0.0018996461849899956,0.002633873976928274
3.7260000000000006e-05,0.0,-0.0020444106216557048,0.0025921889290462844
3.7268181818181824e-05,0.0,-0.0021621916181902086,0.00255050433786111
3.727636363636364e-05,0.0,-0.0022524873197605094,0.002508846398569059
3.728454545454546e-05,0.0,-0.0023151402047216756,0.0024672325803290554
3.729272727272728e-05,0.0,-0.0023503284220220168,0.0024256868631213195
3.73009090909091e-05,0.0,-0.002358553034546858,0.0023842273621834512
3.7309090909090915e-05,0.0,-0.0023406214647202044,0.0023428756541508697
3.7317272727272734e-05,0.0,-0.0022976274830300816,0.00230165056105597
3.732545454545455e-05,0.0,-0.002230928118230262,0.002260571140071398
3.733363636363637e-05,0.0,-0.0021421178994074372,0.002219656920681301
3.734181818181819e-05,0.0,-0.0020330008646129265,0.002178924399531886
3.735000000000001e-05,0.0,-0.0019055607881824092,0.0021383937518118013
3.7358181818181825e-05,0.0,-0.0017619300891618204,0.0020980789476927556
3.736636363636364e-05,0.0,-0.0016043578864898627,0.0020580006844484948
3.737454545454546e-05,0.0,-0.001435177662931783,0.002018170512015367
3.738272727272728e-05,0.0,-0.0012567749894908558,0.0019786094676645196
3.73909090909091e-05,0.0,-0.0010715557455140293,0.0019393268537414535
3.7399090909090916e-05,0.0,-0.0008819152474133837,0.0019003438131098692
3.7407272727272734e-05,0.0,-0.000690208671378195,0.0018616676311729774
3.741545454545455e-05,0.0,-0.0004987231232499894,0.0018233192782904774
3.742363636363637e-05,0.0,-0.000309651672523177,0.0017853043009048303
3.743181818181819e-05,0.0,-0.0001250696279048009,0.001747643185811269
3.744000000000001e-05,0.0,5.308671026472682e-05,0.0017103400533243034
3.7448181818181826e-05,0.0,0.00022303862942914203,0.0016734145750368912
3.7456363636363644e-05,0.0,0.0003831807699050476,0.0016368697790662865
3.746454545454546e-05,0.0,0.0005320939750135564,0.0016007241830942138
3.747272727272728e-05,0.0,0.0006685551708641752,0.0015649800636134503
3.74809090909091e-05,0.0,0.000791544264662036,0.0015296544526432398
3.748909090909092e-05,0.0,0.0009002480930613914,0.0014947492077224337
3.7497272727272735e-05,0.0,0.0009940614925445467,0.0014602795643704882
3.7505454545454554e-05,-0.0,0.0010725856015371688,0.001426247271934424
3.751363636363637e-05,-0.0,0.00113562353851319,0.0013926654927931136
3.752181818181819e-05,-0.0,0.0011831736313000516,0.00135953614406899
3.753000000000001e-05,-0.0,0.0012154203998457037,0.0013268700845744008
3.7538181818181827e-05,-0.0,0.0012327235176050621,0.0012946696291440995
3.7546363636363645e-05,-0.0,0.0012356049952729202,0.0012629431590474914
3.755454545454546e-05,-0.0,0.001224734844734942,0.001231693561633001
3.756272727272728e-05,-0.0,0.0012009154908049155,0.0012009266311196567
3.75709090909091e-05,-0.0,0.001165065203613965,0.0011706459404347007
3.757909090909092e-05,-0.0,0.0011182008255333302,0.001140854657151536
3.7587272727272736e-05,-0.0,0.0010614200634267758,0.0011115570872570904
3.7595454545454554e-05,-0.0,0.0009958836100780314,0.0010827538046188612
3.760363636363637e-05,-0.0,0.000922797348109192,0.0010544498292327036
3.7611818181818184e-05,-0.0,0.0008433948759278061,0.0010266432464325062
3.762e-05,-0.0,0.0007589205785809238,0.0009993397066258701
3.762818181818182e-05,-0.0,0.0006706134472506945,0.0009725349808012301
3.763636363636364e-05,-0.0,0.0005796918299162166,0.000946235206431001
3.764454545454546e-05,-0.0,0.00048733927286044663,0.0009204340773502446
3.7652727272727275e-05,-0.0,0.0003946915886536966,0.0008951380223724539
3.7660909090909094e-05,-0.0,0.00030282526142896783,0.0008703389498312275
3.766909090909091e-05,-0.0,0.00021274727510305026,0.0008460433414040993
3.767727272727273e-05,-0.0,0.0001253864251000597,0.0008222416553272314
3.768545454545455e-05,-0.0,4.1586149488361635e-05,0.0007989401563515691
3.769363636363637e-05,-0.0,-3.790110839278691e-05,0.0007761282193419227
3.7701818181818185e-05,-0.0,-0.00011241801643717484,0.0007538116037530457
3.771e-05,-0.0,-0.00018140498129404453,0.0007319789854959126
3.771818181818182e-05,-0.0,-0.0002444013383822821,0.0007106353252566676
3.772636363636364e-05,-0.0,-0.00030104517355973034,0.0006897689878582879
3.773454545454546e-05,-0.0,-0.0003510718612343775,0.000669383850283794
3.7742727272727276e-05,-0.0,-0.0003943114171333636,0.0006494683433142644
3.7750909090909094e-05,0.0,-0.00043068477509686687,0.000630024997033529
3.775909090909091e-05,0.0,-0.00046019910609538113,0.0006110426606959202
3.776727272727273e-05,0.0,-0.00048294230417873416,0.0005925222882294945
3.777545454545455e-05,0.0,-0.0004990767682885546,0.0005744534627609019
3.778363636363637e-05,0.0,-0.0005088326108728048,0.0005568353774486094
3.7791818181818186e-05,0.0,-0.0005125004241342102,0.0005396586166355482
3.7800000000000004e-05,0.0,-0.0005104237326562993,0.000522920481499288
3.780818181818182e-05,0.0,-0.0005029912572389127,0.0005066127680028366
3.781636363636364e-05,0.0,-0.0004906291092171761,0.0004907308139964926
3.782454545454546e-05,0.0,-0.0004737930275271253,0.0004752677740374456
3.783272727272728e-05,0.0,-0.00045296076252196096,0.0004602170151034682
3.7840909090909095e-05,0.0,-0.0004286247012480572,0.0004455731300333735
3.7849090909090914e-05,0.0,-0.00040128481877673425,0.00043132757247773255
3.785727272727273e-05,0.0,-0.0003714420294742014,0.00041747638483971187
3.786545454545455e-05,0.0,-0.0003395920009913895,0.00040400922870314273
3.787363636363637e-05,0.0,-0.00030621948247267384,0.00039092354050949935
3.7881818181818187e-05,0.0,-0.00027179318721158786,0.0003782073708204158
3.7890000000000005e-05,0.0,-0.00023676125890344224,0.00036585943198713395
3.789818181818182e-05,0.0,-0.00020154733992555358,0.0003538663981215491
3.790636363636364e-05,0.0,-0.00016654724986508315,0.000342228083330326
3.791454545454546e-05,0.0,-0.00013212627294269345,0.000330930065090421
3.792272727272728e-05,0.0,-9.861704415691301e-05,0.0003199730376997685
3.7930909090909096e-05,0.0,-6.631801598756516e-05,0.0003093417971190927
3.7939090909090914e-05,0.0,-3.5492480414622504e-05,0.00029903765912232165
3.794727272727273e-05,0.0,-6.3681148795640294e-06,0.0002890449774401204
3.795545454545455e-05,0.0,2.0862984331239603e-05,0.00027936540491485984
3.796363636363637e-05,0.0,4.604382195751024e-05,0.0002699832046293296
3.797181818181819e-05,0.0,6.905162073994324e-05,0.0002609000685579229
3.7980000000000006e-05,0.0,8.979658156494882e-05,0.00025210052087351023
3.7988181818181824e-05,0.0,0.00010822033414584762,0.0002435859935868272
3.799636363636364e-05,0.0,0.0001242941260450036,0.0002353416119176506
3.800454545454546e-05,-0.0,0.0001380167974798299,0.00022736825977260263
3.801272727272728e-05,-0.0,0.0001494125882669561,0.00021965198029854946
3.80209090909091e-05,-0.0,0.0001585288215232727,0.00021219284352293495
3.8029090909090915e-05,-0.0,0.00016543350644613805,0.00020497809403903324
3.8037272727272733e-05,-0.0,0.00017021289972698564,0.00019800675488451617
3.804545454545455e-05,-0.0,0.00017296906200261282,0.0001912675133059062
3.805363636363637e-05,-0.0,0.0001738174423048692,0.0001847581537735309
3.806181818181819e-05,-0.0,0.00017288451981829975,0.0001784689977270618
3.8070000000000007e-05,-0.0,0.00017030552847963163,0.00017239644820627996
3.8078181818181825e-05,-0.0,0.00016622228613186462,0.0001665325971330991
3.808636363636364e-05,-0.0,0.00016078114615229445,0.0001608723772610224
3.809454545454546e-05,-0.0,0.0001541310857735722,0.0001554097283268074
3.810272727272728e-05,-0.0,0.00014642194176684638,0.00015013808124508108
3.81109090909091e-05,-0.0,0.0001378028008048034,0.00014505324017544818
3.8119090909090916e-05,-0.0,0.0001284205487110077,0.00014014716121334915
3.8127272727272734e-05,-0.0,0.00011841857996382621,0.00013541746898871725
3.813545454545455e-05,-0.0,0.00010793566628377308,0.00013085472961861356
3.814363636363637e-05,-0.0,9.710498090883747e-05,0.00012645828571166792
3.815181818181819e-05,-0.0,8.605327326096622e-05,0.00012221745337018342
3.816000000000001e-05,-0.0,7.490018712841406e-05,0.00011813313594507286
3.8168181818181826e-05,-0.0,6.375771422718155e-05,0.00011419359010019682
3.8176363636363644e-05,-0.0,5.2729774049379636e-05,0.00011040107339956701
3.818454545454546e-05,-0.0,4.1911910241528865e-05,0.00010674301809631045
3.819272727272728e-05,-0.0,3.1391093361040156e-05,0.00010322278708563977
3.82009090909091e-05,-0.0,2.124561970936954e-05,9.98272600546392e-05
3.820909090909092e-05,-0.0,1.154509600732462e-05,9.656062224738384e-05
3.8217272727272735e-05,-0.0,2.350499932131501e-06,9.340950056996658e-05
3.8225454545454553e-05,-0.0,-6.285693052391641e-06,9.037859491528921e-05
3.823363636363637e-05,-0.0,-1.4319325601061109e-05,8.74545972646285e-05
3.824181818181819e-05,-0.0,-2.1714325517119853e-05,8.464240002725566e-05
3.825000000000001e-05,0.0,-2.8442431586481505e-05,8.192908557473216e-05
3.8258181818181826e-05,0.0,-3.448288514544006e-05,7.93194131905361e-05
3.8266363636363645e-05,0.0,-3.98220935442785e-05,7.680117734164427e-05
3.827454545454546e-05,0.0,-4.445327090922832e-05,7.437868632711066e-05
3.828272727272728e-05,0.0,-4.8376060870600036e-05,7.204075360172767e-05
3.82909090909091e-05,0.0,-5.159614523169525e-05,6.979093775548217e-05
3.829909090909092e-05,0.0,-5.412484191541664e-05,6.761935229461635e-05
3.8307272727272736e-05,0.0,-5.597869495516886e-05,6.552853754582697e-05
3.8315454545454554e-05,0.0,-5.7179058802258306e-05,6.351015180642028e-05
3.832363636363637e-05,0.0,-5.7751678808019305e-05,6.156548910750523e-05
3.833181818181819e-05,0.0,-5.7726269405954125e-05,5.968795135688227e-05
3.834000000000001e-05,0.0,-5.713609126534457e-05,5.7877408060134634e-05
3.834818181818183e-05,0.0,-5.601752850985606e-05,5.612914930574183e-05
3.835636363636364e-05,0.0,-5.440966698842953e-05,5.444149944932849e-05
3.836454545454546e-05,0.0,-5.235387454544306e-05,5.281172035095288e-05
3.8372727272727275e-05,0.0,-4.98933842545697e-05,5.123653413422627e-05
3.8380909090909094e-05,0.0,-4.7072881645626974e-05,4.971519224512279e-05
3.838909090909091e-05,0.0,-4.393809705472747e-05,4.824282479192782e-05
3.839727272727273e-05,0.0,-4.053540435440633e-05,4.682062227256575e-05
3.840545454545455e-05,0.0,-3.6911427462427366e-05,4.544220160909367e-05
3.8413636363636367e-05,0.0,-3.311265617657701e-05,4.411057332711148e-05
3.8421818181818185e-05,0.0,-2.918507302864459e-05,4.2817987280570136e-05
3.843e-05,0.0,-2.517379298427778e-05,4.1569088911342855e-05
3.843818181818182e-05,0.0,-2.112271792730207e-05,4.035497039161008e-05
3.844636363636364e-05,0.0,-1.707420794993581e-05,3.9181665880607526e-05
3.845454545454546e-05,0.0,-1.3068771518967703e-05,3.80393758580554e-05
3.8462727272727276e-05,0.0,-9.144776599056097e-06,3.693522343715787e-05
3.8470909090909094e-05,0.0,-5.338184785328054e-06,3.585883083254599e-05
3.847909090909091e-05,0.0,-1.682310426144541e-06,3.481806663848461e-05
3.848727272727273e-05,0.0,1.792393398259538e-06,3.380232425950912e-05
3.849545454545455e-05,0.0,5.058520334354574e-06,3.281984250777672e-05
3.850363636363637e-05,-0.0,8.091866144227071e-06,3.186015817350374e-05
3.8511818181818186e-05,-0.0,1.0871552755017822e-05,3.0931486868649975e-05
3.8520000000000004e-05,-0.0,1.3380119968498569e-05,3.002388896359059e-05
3.852818181818182e-05,-0.0,1.5603584127636437e-05,2.9145160201734805e-05
3.853636363636364e-05,-0.0,1.7531463357630777e-05,2.828625699604188e-05
3.854454545454546e-05,-0.0,1.915676933780081e-05,2.745417098996335e-05
3.855272727272728e-05,-0.0,2.047596591145037e-05,2.6641103180597195e-05
3.8560909090909095e-05,-0.0,2.1488895196115117e-05,2.5852885278735073e-05
3.8569090909090913e-05,-0.0,2.2198672209203966e-05,2.5083271398345156e-05
3.857727272727273e-05,-0.0,2.2611549367776155e-05,2.433662156436087e-05
3.858545454545455e-05,-0.0,2.273675255088876e-05,2.3608496108524228e-05
3.859363636363637e-05,-0.0,2.2586290723818676e-05,2.290153051283781e-05
3.8601818181818186e-05,-0.0,2.217474141047165e-05,2.2213274844264917e-05
3.8610000000000005e-05,-0.0,2.1519014558262848e-05,2.1544459445410684e-05
3.861818181818182e-05,-0.0,2.0638097564149283e-05,2.0894725830556266e-05
3.862636363636364e-05,-0.0,1.9552784418146942e-05,2.0262802166895358e-05
3.863454545454546e-05,-0.0,1.828539206982248e-05,1.9650431728401774e-05
3.864272727272728e-05,-0.0,1.685946723293713e-05,1.905433560989863e-05
3.8650909090909096e-05,-0.0,1.5299486912790056e-05,1.8478271526637557e-05
3.8659090909090914e-05,-0.0,1.3630555969093075e-05,1.7917045931272665e-05
3.866727272727273e-05,-0.0,1.1878105014301498e-05,1.7376243956290554e-05
3.867545454545455e-05,-0.0,1.0067591894357881e-05,1.6848948303646074e-05
3.868363636363637e-05,-0.0,8.224209908110782e-06,1.6342287638534895e-05
3.869181818181819e-05,-0.0,6.372605796122142e-06,1.5847906703689346e-05
3.8700000000000006e-05,-0.0,4.536610371891579e-06,1.537410536426893e-05
3.8708181818181824e-05,-0.0,2.7389844811557675e-06,1.4911462312978686e-05
3.871636363636364e-05,-0.0,1.0011827605630325e-06,1.4469002221791178e-05
3.872454545454546e-05,-0.0,-6.568625708300527e-07,1.4036681458558681e-05
3.873272727272728e-05,-0.0,-2.2169359108772813e-06,1.3623749408139719e-05
3.87409090909091e-05,-0.0,-3.662708760042414e-06,1.3220035880761389e-05
3.8749090909090915e-05,-0.0,-4.979885072020798e-06,1.2834486914034806e-05
3.875727272727273e-05,0.0,-6.156320338779747e-06,1.245732884158204e-05
3.876545454545455e-05,0.0,-7.182113575613756e-06,1.2096678160592077e-05
3.877363636363637e-05,0.0,-8.049671669843224e-06,1.1743679567085646e-05
3.878181818181819e-05,0.0,-8.753745853095893e-06,1.1405127711924845e-05
3.8790000000000006e-05,0.0,-9.29144034815783e-06,1.1073575603662508e-05
3.8798181818181825e-05,0.0,-9.662193524407174e-06,1.0754069460892147e-05
3.880636363636364e-05,0.0,-9.867732169012524e-06,1.0440998162254994e-05
3.881454545454546e-05,0.0,-9.911999742966886e-06,1.0137327801103452e-05
3.882272727272728e-05,0.0,-9.801059739984342e-06,9.839620444378529e-06
3.88309090909091e-05,0.0,-9.542975500277293e-06,9.548549675486196e-06
3.8839090909090916e-05,0.0,-9.147668048331068e-06,9.263075080942527e-06
3.8847272727272734e-05,0.0,-8.626753722799833e-06,8.98150301808082e-06
3.885545454545455e-05,0.0,-7.993363547201596e-06,8.705286273604772e-06
3.886363636363637e-05,0.0,-7.261946452130642e-06,8.430439029778588e-06
3.887181818181819e-05,0.0,-6.448058602789272e-06,8.16086698603021e-06
3.888000000000001e-05,0.0,-5.568141208770602e-06,7.890523848466784e-06
3.8888181818181825e-05,0.0,-4.639289295156793e-06,7.6255934842559886e-06
3.8896363636363644e-05,0.0,-3.6790139947127414e-06,7.358361367542966e-06
3.890454545454546e-05,0.0,-2.7050009806023566e-06,7.096990506728724e-06
3.891272727272728e-05,0.0,-1.7348676981787428e-06,6.8326549623202874e-06
3.89209090909091e-05,0.0,-7.859220729806109e-07,6.575091806668864e-06
3.892909090909092e-05,0.0,1.2507463070148818e-07,6.315092326289722e-06
3.8937272727272735e-05,0.0,9.82138151478911e-07,6.063481465877617e-06
3.894545454545455e-05,0.0,1.7702821715129187e-06,5.811578725318528e-06
3.895363636363637e-05,0.0,2.4757273253132775e-06,5.570756481248073e-06
3.896181818181819e-05,0.0,3.086095837838655e-06,5.333957234490137e-06
3.897000000000001e-05,0.0,3.5905894663695174e-06,5.112517170205182e-06
3.8978181818181826e-05,0.0,3.980148555816534e-06,4.902223632881021e-06
3.8986363636363645e-05,0.0,4.247590175045421e-06,4.713692647576426e-06
3.899454545454546e-05,0.0,4.387723482667016e-06,4.546664448794227e-06
3.900272727272728e-05,-0.0,4.397440673684505e-06,4.410028541759595e-06
3.90109090909091e-05,-0.0,4.2757820818624315e-06,4.307876088526571e-06
3.901909090909092e-05,-0.0,4.023974255368169e-06,4.245676349949985e-06
3.9027272727272736e-05,-0.0,3.645440084531998e-06,4.23079437931773e-06
3.9035454545454554e-05,-0.0,3.145780340146613e-06,4.263043219207955e-06
3.904363636363637e-05,-0.0,2.5327262775437857e-06,4.350722543123977e-06
3.905181818181819e-05,-0.0,1.8160632733962822e-06,4.486833611376732e-06
3.906000000000001e-05,-0.0,1.0075257854862949e-06,4.6788345923496375e-06
3.906818181818183e-05,-0.0,1.2066425726647467e-07,4.914527414228173e-06
3.9076363636363645e-05,-0.0,-8.29315073679821e-07,5.200369582127939e-06
3.9084545454545464e-05,-0.0,-1.8257361633875652e-06,5.522314729540469e-06
3.909272727272728e-05,-0.0,-2.850663304072391e-06,5.886169052113756e-06
3.9100909090909093e-05,-0.0,-3.8851334420176465e-06,6.278867128488036e-06
3.910909090909091e-05,-0.0,-4.909408361852336e-06,6.705427548142595e-06
3.911727272727273e-05,-0.0,-5.9032441127615e-06,7.155289480898456e-06
3.912545454545455e-05,-0.0,-6.846174754939618e-06,7.63217226294425e-06
3.9133636363636366e-05,-0.0,-7.71780722916463e-06,8.128607602220687e-06
3.9141818181818185e-05,-0.0,-8.498123902304262e-06,8.646506914468783e-06
3.915e-05,-0.0,-9.167789121413349e-06,9.181606618345707e-06
3.915818181818182e-05,-0.0,-9.708455924332717e-06,9.733688559700334e-06
3.916636363636364e-05,-0.0,-1.0103068910777012e-05,1.030157974906308e-05
3.917454545454546e-05,-0.0,-1.0336159179016872e-05,1.0882823641185938e-05
3.9182727272727276e-05,-0.0,-1.0394127182168872e-05,1.1479101072391038e-05
3.9190909090909094e-05,-0.0,-1.0265509356856051e-05,1.208578954639355e-05
3.919909090909091e-05,-0.0,-9.941224427946583e-06,1.2707104725287033e-05
3.920727272727273e-05,-0.0,-9.414795399093518e-06,1.333647143001657e-05
3.921545454545455e-05,-0.0,-8.682543402448528e-06,1.3980257511058355e-05
3.922363636363637e-05,-0.0,-7.743749803303317e-06,1.4630253611084406e-05
3.9231818181818186e-05,-0.0,-6.600783235704392e-06,1.5294546347019366e-05
3.9240000000000004e-05,-0.0,-5.259188581180783e-06,1.596368633241181e-05
3.924818181818182e-05,-0.0,-3.727735292276999e-06,1.6647007312298155e-05
3.925636363636364e-05,0.0,-2.0184229034681595e-06,1.7334264341154035e-05
3.926454545454546e-05,0.0,-1.4644206174080357e-07,1.803554226087323e-05
3.927272727272728e-05,0.0,1.8699100563261688e-06,1.8740272599998103e-05
3.9280909090909095e-05,0.0,4.009360500724565e-06,1.9458786089612907e-05
3.928909090909091e-05,0.0,6.247837432297302e-06,2.0180669110629052e-05
3.929727272727273e-05,0.0,8.55869246141431e-06,2.0916000162528005e-05
3.930545454545455e-05,0.0,1.0912967122328874e-05,2.1654985122895388e-05
3.931363636363637e-05,0.0,1.327970151037426e-05,2.240697598892283e-05
3.9321818181818186e-05,0.0,1.56262824540912e-05,2.316323014352656e-05
3.9330000000000005e-05,0.0,1.7918827948077865e-05,2.3931939245391046e-05
3.933818181818182e-05,0.0,2.0122603945619777e-05,2.470579414148689e-05
3.934636363636364e-05,0.0,2.2202469013669846e-05,2.549144842731108e-05
3.935454545454546e-05,0.0,2.412334179613549e-05,2.6283342903474664e-05
3.936272727272728e-05,0.0,2.585068572331481e-05,2.7086285532642765e-05
3.9370909090909096e-05,0.0,2.7351004954179326e-05,2.7896705248675846e-05
3.9379090909090914e-05,0.0,2.8592345153044234e-05,2.871733866092463e-05
3.938727272727273e-05,0.0,2.9544792392316378e-05,2.954675299908337e-05
3.939545454545455e-05,0.0,3.0180963246988814e-05,3.0385478325745018e-05
3.940363636363637e-05,0.0,3.047647901104469e-05,3.123427621313009e-05
3.941181818181819e-05,0.0,3.04104169256229e-05,3.209143065288521e-05
3.9420000000000005e-05,0.0,2.996573136707714e-05,3.295985736488912e-05
3.9428181818181824e-05,0.0,2.9129638102819256e-05,3.383565165687276e-05
3.943636363636364e-05,0.0,2.789395498647446e-05,3.472374897626112e-05
3.944454545454546e-05,0.0,2.625539283245154e-05,3.5618207409199316e-05
3.945272727272728e-05,0.0,2.4215790682318967e-05,3.652575958485499e-05
3.94609090909091e-05,0.0,2.1782290247647744e-05,3.743866502666071e-05
3.9469090909090915e-05,0.0,1.896744498066815e-05,3.8365152815230504e-05
3.947727272727273e-05,0.0,1.578925997866495e-05,3.9295999127743094e-05
3.948545454545455e-05,0.0,1.2271159763274484e-05,4.024056391115974e-05
3.949363636363637e-05,0.0,8.441881883253261e-06,4.118851784291842e-05
3.950181818181819e-05,-0.0,4.335295258343543e-06,4.214993737656144e-05
3.9510000000000006e-05,-0.0,-9.856800112732987e-09,4.3113811590230946e-05
3.9518181818181825e-05,-0.0,-4.550287903287388e-06,4.409048837150345e-05
3.952636363636364e-05,-0.0,-9.238572172022824e-06,4.506872672024005e-05
3.953454545454546e-05,-0.0,-1.4023616956422326e-05,4.6058689388695264e-05
3.954272727272728e-05,-0.0,-1.885120047738174e-05,4.704936501227803e-05
3.95509090909091e-05,-0.0,-2.3664569134449976e-05,4.805028262983472e-05
3.9559090909090916e-05,-0.0,-2.8405088220773047e-05,4.905110887620275e-05
3.9567272727272734e-05,-0.0,-3.3012938840731924e-05,5.006031738802988e-05
3.957545454545455e-05,-0.0,-3.742785295541015e-05,5.1068671008345235e-05
3.958363636363637e-05,-0.0,-4.1589877699943775e-05,5.208321069683996e-05
3.959181818181819e-05,-0.0,-4.544015943854235e-05,5.3096166297885396e-05
3.960000000000001e-05,-0.0,-4.892173746023421e-05,5.411282869227006e-05
3.9608181818181825e-05,-0.0,-5.1980336783357475e-05,5.512720306011175e-05
3.9616363636363644e-05,-0.0,-5.45651492405435e-05,5.614258547850737e-05
3.962454545454546e-05,-0.0,-5.662959186735257e-05,5.715499006651545e-05
3.963272727272728e-05,-0.0,-5.813203162299573e-05,5.816555575301353e-05
3.96409090909091e-05,-0.0,-5.903646563427715e-05,5.9172455394256676e-05
3.964909090909092e-05,-0.0,-5.93131464756017e-05,6.0174597114222864e-05
3.9657272727272735e-05,-0.0,-5.893914247857575e-05,6.11723729038095e-05
3.966545454545455e-05,-0.0,-5.789882370238751e-05,6.216247784375054e-05
3.967363636363637e-05,-0.0,-5.6184264986072204e-05,6.314749206643698e-05
3.968181818181819e-05,-0.0,-5.379555843806456e-05,6.412200590165297e-05
3.969000000000001e-05,-0.0,-5.0741028786379585e-05,6.509066686042959e-05
3.9698181818181826e-05,-0.0,-4.7037346201568e-05,6.6046154934065e-05
3.9706363636363644e-05,-0.0,-4.2709532500061244e-05,6.699497960372733e-05
3.971454545454546e-05,-0.0,-3.77908580219465e-05,6.792818331705625e-05
3.972272727272728e-05,-0.0,-3.232262793685282e-05,6.885385585653683e-05
3.97309090909091e-05,-0.0,-2.635385824444102e-05,6.976174253471713e-05
3.973909090909092e-05,-0.0,-1.9940843280108102e-05,7.066116681995435e-05
3.9747272727272736e-05,-0.0,-1.3146618089305855e-05,7.154097151953281e-05
3.9755454545454554e-05,0.0,-6.040320572804522e-06,7.241131605573515e-05
3.976363636363637e-05,0.0,1.3035401919425267e-06,7.326057405171446e-05
3.977181818181819e-05,0.0,8.805901603815743e-06,7.409930788064783e-05
3.978000000000001e-05,0.0,1.6384041952731356e-05,7.491587687154332e-05
3.978818181818183e-05,0.0,2.3952541123948652e-05,7.572079535407314e-05
3.9796363636363645e-05,0.0,3.1424295985753217e-05,7.650286672368357e-05
3.9804545454545464e-05,0.0,3.8711577864637654e-05,7.727210638314802e-05
3.981272727272728e-05,0.0,4.572711868375438e-05,7.801820522238752e-05
3.98209090909091e-05,0.0,5.2385211688064715e-05,7.875024721522937e-05
3.982909090909092e-05,0.0,5.860281221621861e-05,7.945922122270428e-05
3.9837272727272737e-05,0.0,6.430062371576783e-05,8.01528834059514e-05
3.984545454545455e-05,0.0,6.940415414304135e-05,8.082388118013293e-05
3.9853636363636366e-05,0.0,7.384472804647493e-05,8.147829914767898e-05
3.9861818181818185e-05,0.0,7.756044000317339e-05,8.211073879695693e-05
3.987e-05,0.0,8.049703566049467e-05,8.272533670222643e-05
3.987818181818182e-05,0.0,8.260870742230245e-05,8.331886613358672e-05
3.988636363636364e-05,0.0,8.385879280546727e-05,8.38933185712973e-05
3.989454545454546e-05,0.0,8.422036466534797e-05,8.44477692120105e-05
3.9902727272727276e-05,0.0,8.367670383490703e-05,8.49819558370691e-05
3.9910909090909094e-05,0.0,8.222164622288229e-05,8.549729187566013e-05
3.991909090909091e-05,0.0,7.985979805146062e-05,8.599124681060376e-05
3.992727272727273e-05,0.0,7.660661466082863e-05,8.64675123342737e-05
3.993545454545455e-05,0.0,7.248834014310753e-05,8.692137074309996e-05
3.994363636363637e-05,0.0,6.754180696620517e-05,8.735863734356045e-05
3.9951818181818185e-05,0.0,6.181409668183137e-05,8.777258175634081e-05
3.9960000000000004e-05,0.0,5.536206475251707e-05,8.817089922812721e-05
3.996818181818182e-05,0.0,4.825173445058328e-05,8.85451082894084e-05
3.997636363636364e-05,0.0,4.0557566648866736e-05,8.890446099250708e-05
3.998454545454546e-05,0.0,3.2361614111094e-05,8.923906329424191e-05
3.999272727272728e-05,0.0,2.375257057264319e-05,8.955933458355937e-05
4.0000909090909095e-05,-0.0,1.4824726454298918e-05,8.985437008266751e-05
4.000909090909091e-05,-0.0,5.676844447652425e-06,9.013531686289308e-05
4.001727272727273e-05,-0.0,-3.58903057194124e-06,9.03907080461609e-05
4.002545454545455e-05,-0.0,-1.2868811830354855e-05,9.063194704924647e-05
4.003363636363637e-05,-0.0,-2.2057644859405236e-05,9.084748158361112e-05
4.0041818181818186e-05,-0.0,-3.105119876688007e-05,9.104848843940383e-05
4.0050000000000004e-05,-0.0,-3.9746957378635674e-05,9.122381452762755e-05
4.005818181818182e-05,-0.0,-4.8045492965217934e-05,9.13839360905358e-05
4.006636363636364e-05,-0.0,-5.5851705419563e-05,9.15185711246737e-05
4.007454545454546e-05,-0.0,-6.307601015454611e-05,9.163705084359857e-05
4.008272727272728e-05,-0.0,-6.963545863450198e-05,9.173040328403136e-05
4.0090909090909096e-05,-0.0,-7.545477633415999e-05,9.180641877609293e-05
4.0099090909090914e-05,-0.0,-8.046730401929562e-05,9.185782256658311e-05
4.010727272727273e-05,-0.0,-8.4615829550774e-05,9.189053398471424e-05
4.011545454545455e-05,-0.0,-8.785329890981724e-05,9.189929421458172e-05
4.012363636363637e-05,-0.0,-9.014339680622715e-05,9.188790147636911e-05
4.013181818181819e-05,-0.0,-9.146098903840351e-05,9.185334945598104e-05
4.0140000000000005e-05,-0.0,-9.179242069694982e-05,9.179715599233899e-05
4.0148181818181824e-05,-0.0,-9.113566631352394e-05,9.171871150227931e-05
4.015636363636364e-05,-0.0,-8.950033012389038e-05,9.161719193772084e-05
4.016454545454546e-05,-0.0,-8.690749670902698e-05,9.149443013206128e-05
4.017272727272728e-05,-0.0,-8.33894343700496e-05,9.134729916525304e-05
4.0180909090909097e-05,-0.0,-7.898915565017001e-05,9.118001942247135e-05
4.0189090909090915e-05,-0.0,-7.375984140823806e-05,9.098729914573663e-05
4.019727272727273e-05,-0.0,-6.7764136743161e-05,9.077559311860517e-05
4.020545454545455e-05,-0.0,-6.107332883851168e-05,9.053767615119358e-05
4.021363636363637e-05,-0.0,-5.3766418416450576e-05,9.028199238081974e-05
4.022181818181819e-05,-0.0,-4.59290979363932e-05,8.99996984291179e-05
4.0230000000000006e-05,-0.0,-3.7652650925142256e-05,8.970090107325503e-05
4.0238181818181824e-05,-0.0,-2.9032787862144417e-05,8.937552481664815e-05
4.024636363636364e-05,-0.0,-2.0168434850129037e-05,8.903494429821407e-05
4.025454545454546e-05,0.0,-1.1160491866042104e-05,8.866829288340306e-05
4.026272727272728e-05,0.0,-2.110577702914359e-06,8.828776665433698e-05
4.02709090909091e-05,0.0,6.8802212229752465e-06,8.788218555056554e-05
4.0279090909090916e-05,0.0,1.5712581213541252e-05,8.746408759536446e-05
4.0287272727272734e-05,0.0,2.4290134230092383e-05,8.702247403192654e-05
4.029545454545455e-05,0.0,3.252060756503764e-05,8.656973217715204e-05
4.030363636363637e-05,0.0,4.031689528568445e-05,8.609553587005821e-05
4.031181818181819e-05,0.0,4.759804761826453e-05,8.561163646576631e-05
4.032000000000001e-05,0.0,5.4290165763536344e-05,8.510884788798295e-05
4.0328181818181825e-05,0.0,6.0327191133850805e-05,8.459782798882505e-05
4.0336363636363643e-05,0.0,6.565157965239063e-05,8.407095499321824e-05
4.034454545454546e-05,0.0,7.021485353339074e-05,8.353738270397945e-05
4.035272727272728e-05,0.0,7.397802484000285e-05,8.299141682963363e-05
4.03609090909091e-05,0.0,7.691188706418737e-05,8.244036103846958e-05
4.0369090909090917e-05,0.0,7.899717295938981e-05,8.188073539045652e-05
4.0377272727272735e-05,0.0,8.02245788506959e-05,8.131772672559671e-05
4.038545454545455e-05,0.0,8.059465761854932e-05,8.075026789478474e-05
4.039363636363637e-05,0.0,8.011758447174381e-05,8.018125333855983e-05
4.040181818181819e-05,0.0,7.881280146442665e-05,7.96121303423334e-05
4.041000000000001e-05,0.0,7.670854844178592e-05,7.904342448955556e-05
4.0418181818181826e-05,0.0,7.384128969273078e-05,7.847909819835643e-05
4.0426363636363644e-05,0.0,7.02550470206758e-05,7.791733470852719e-05
4.043454545454546e-05,0.0,6.600065119455948e-05,7.736451168491773e-05
4.044272727272728e-05,0.0,6.113492479399795e-05,7.681659898031532e-05
4.04509090909091e-05,0.0,5.571981030028183e-05,7.628219398620224e-05
4.045909090909092e-05,0.0,4.9821457896383675e-05,7.575527958606998e-05
4.0467272727272736e-05,0.0,4.350928781470526e-05,7.524639114598267e-05
4.0475454545454554e-05,0.0,3.685504220533143e-05,7.47478391888282e-05
4.048363636363637e-05,0.0,2.9931841389145912e-05,7.427174255665258e-05
4.049181818181819e-05,0.0,2.2813259012849244e-05,7.380912902477505e-05
4.050000000000001e-05,-0.0,1.5572430043731663e-05,7.337329058063458e-05
4.050818181818183e-05,-0.0,8.281204740652706e-06,7.295442033895729e-05
4.0516363636363645e-05,-0.0,1.0093607263432424e-06,7.256653672549457e-05
4.0524545454545463e-05,-0.0,-6.176115919536668e-06,7.219948566658407e-05
4.053272727272728e-05,-0.0,-1.3211671007740077e-05,7.186754986496054e-05
4.05409090909091e-05,-0.0,-2.0037736020893817e-05,7.156073422762237e-05
4.054909090909092e-05,-0.0,-2.6599188982068073e-05,7.129312928385274e-05
4.0557272727272736e-05,-0.0,-3.284571782299388e-05,7.105540253697499e-05
4.0565454545454555e-05,-0.0,-3.8732083497054697e-05,7.086102172309572e-05
4.057363636363637e-05,-0.0,-4.421828195935002e-05,7.070179726635129e-05
4.058181818181819e-05,-0.0,-4.9269606027800214e-05,7.059018718721195e-05
4.059e-05,-0.0,-5.385661001409157e-05,7.05195826928434e-05
4.059818181818182e-05,-0.0,-5.795498183986242e-05,7.050110344816149e-05
4.060636363636364e-05,-0.0,-6.154532910175942e-05,7.053010015712565e-05
4.061454545454546e-05,-0.0,-6.461288719047131e-05,7.061609432582314e-05
4.0622727272727276e-05,-0.0,-6.714715907661703e-05,7.075670224488938e-05
4.0630909090909094e-05,-0.0,-6.914149772437603e-05,7.095966246655292e-05
4.063909090909091e-05,-0.0,-7.059264325704366e-05,7.12250806042816e-05
4.064727272727273e-05,-0.0,-7.1500227954472e-05,7.155880437756994e-05
4.065545454545455e-05,-0.0,-7.18662628912352e-05,7.196356442071033e-05
4.066363636363637e-05,-0.0,-7.169462051094247e-05,7.244328484691354e-05
4.0671818181818185e-05,-0.0,-7.099052766459229e-05,7.300336738615694e-05
4.0680000000000004e-05,-0.0,-6.97600836102226e-05,7.364585026504799e-05
4.068818181818182e-05,-0.0,-6.800981717100292e-05,7.437876512724101e-05
4.069636363636364e-05,-0.0,-6.574629667632767e-05,7.520236627662045e-05
4.070454545454546e-05,-0.0,-6.297580546684567e-05,7.612719281605246e-05
4.0712727272727277e-05,-0.0,-5.9704094636109526e-05,7.7151874614783e-05
4.0720909090909095e-05,-0.0,-5.5936223319561703e-05,7.828926354280742e-05
4.072909090909091e-05,-0.0,-5.167649524031359e-05,7.95365757599936e-05
4.073727272727273e-05,-0.0,-4.6928498397938516e-05,8.090872028374867e-05
4.074545454545455e-05,-0.0,-4.169525276178855e-05,8.240175614207677e-05
4.075363636363637e-05,0.0,-3.597946862861819e-05,8.403234561761084e-05
4.0761818181818186e-05,0.0,-2.9783915954378868e-05,8.579568848545235e-05
4.0770000000000004e-05,0.0,-2.3111902504593702e-05,8.770986117648786e-05
4.077818181818182e-05,0.0,-1.5967856122053646e-05,8.976953908609563e-05
4.078636363636364e-05,0.0,-8.3580038217339e-06,9.199385090831264e-05
4.079454545454546e-05,0.0,-2.911378294263383e-07,9.437731457990082e-05
4.080272727272728e-05,0.0,8.220543876758526e-06,9.693973768321478e-05
4.0810909090909096e-05,0.0,1.716053744130468e-05,9.967587321581174e-05
4.0819090909090914e-05,0.0,2.6507090697002936e-05,0.00010260583266634326
4.082727272727273e-05,0.0,3.6232237882881126e-05,0.00010572501365228618
4.083545454545455e-05,0.0,4.630083295092551e-05,0.00010905346365713672
4.084363636363637e-05,0.0,5.666960461900531e-05,0.00011258764066225338
4.085181818181819e-05,0.0,6.728625775271231e-05,0.00011634717528763696
4.0860000000000005e-05,0.0,7.808864674851718e-05,0.00012032999494246004
4.0868181818181823e-05,0.0,8.900404730648211e-05,0.00012455498348573843
4.087636363636364e-05,0.0,9.99485532877214e-05,0.00012902192590599055
4.088454545454546e-05,0.0,0.00011082662521938757,0.0001337486606740538
4.089272727272728e-05,0.0,0.0001215308164129165,0.0001387371828275338
4.0900909090909096e-05,0.0,0.00013194170157947827,0.00014400402696986648
4.0909090909090915e-05,0.0,0.00014192803124498654,0.00014955370057089085
4.091727272727273e-05,0.0,0.00015134713317610708,0.00015540122531946241
4.092545454545455e-05,0.0,0.00016004557942572053,0.00016155386024655223
4.093363636363637e-05,0.0,0.000167860134496471,0.00016802496370603315
4.094181818181819e-05,0.0,0.0001746189965181913,0.0001748247109915512
4.0950000000000006e-05,0.0,0.00018014333926131832,0.00018196471370937332
4.0958181818181824e-05,0.0,0.00018424915829400338,0.00018945814512676926
4.096636363636364e-05,0.0,0.00018674941967349506,0.00019731486047298556
4.097454545454546e-05,0.0,0.00018745650428904625,0.00020555102425519003
4.098272727272728e-05,0.0,0.00018618493539978144,0.00021417480390874627
4.09909090909091e-05,0.0,0.0001827543711016168,0.00022320525799346587
4.0999090909090916e-05,0.0,0.0001769928374859183,0.00023264901441235366
4.1007272727272734e-05,-0.0,0.00016874017219995095,0.00024252783973878107
4.101545454545455e-05,-0.0,0.0001578516420726951,0.00025284704837148846
4.102363636363637e-05,-0.0,0.00014420169252285056,0.0002636308452294659
4.103181818181819e-05,-0.0,0.00012768778071833216,0.0002748835295477448
4.104000000000001e-05,-0.0,0.00010823423901288057,0.00028663139998858395
4.1048181818181825e-05,-0.0,8.579611015366672e-05,0.0002988781023370609
4.105636363636364e-05,-0.0,6.0362891243486485e-05,0.000311651621304386
4.106454545454546e-05,-0.0,3.196211956154787e-05,0.00032495536215342133
4.107272727272728e-05,-0.0,6.627302055821588e-07,0.0003388185393839215
4.10809090909091e-05,-0.0,-3.342188677999575e-05,0.0003532447669697689
4.1089090909090916e-05,-0.0,-7.013120347924518e-05,0.0003682640010045852
4.1097272727272735e-05,-0.0,-0.00010925531938868835,0.0003838805326669187
4.110545454545455e-05,-0.0,-0.00015053324810908813,0.0004001245575678287
4.111363636363637e-05,-0.0,-0.00019365179664157018,0.00041700151337210157
4.112181818181819e-05,-0.0,-0.0002382451052264895,0.0004345413379691181
4.113000000000001e-05,-0.0,-0.0002838949111041425,0.0004527510664651693
4.1138181818181826e-05,-0.0,-0.0003301315936866003,0.00047165990524287017
4.1146363636363644e-05,-0.0,-0.00037643605139826565,0.0004912769005476045
4.115454545454546e-05,-0.0,-0.0004222424518782701,0.0005116300946658819
4.116272727272728e-05,-0.0,-0.0004669418873717162,0.0005327309034666093
4.11709090909091e-05,-0.0,-0.0005098869560233132,0.0005546058298623221
4.117909090909092e-05,-0.0,-0.0005503972775037429,0.0005772689463913673
4.1187272727272736e-05,-0.0,-0.0005877659380471501,0.000600744912438021
4.1195454545454554e-05,-0.0,-0.000621266845682324,0.0006250506590140398
4.120363636363637e-05,-0.0,-0.0006501629613495313,0.000650208779878159
4.121181818181819e-05,-0.0,-0.0006737153558828611,0.0006762391702854004
4.122000000000001e-05,-0.0,-0.0006911930267006153,0.0007031622259023012
4.122818181818183e-05,-0.0,-0.0007018833917010878,0.0007310008086348272
4.1236363636363645e-05,-0.0,-0.0007051033615440514,0.0007597730770931652
4.124454545454546e-05,-0.0,-0.0007002108754619577,0.0007895047553462657
4.125272727272728e-05,0.0,-0.0006866167702559598,0.0008202118194648048
4.12609090909091e-05,0.0,-0.0006637968374684454,0.0008519226447401398
4.126909090909092e-05,0.0,-0.0006313039101713913,0.0008846511687497178
4.1277272727272736e-05,0.0,-0.0005887798086570789,0.0009184281050454706
4.1285454545454555e-05,0.0,-0.0005359669638513057,0.0009532655785127526
4.129363636363637e-05,0.0,-0.000472719528769613,0.0009891962342671846
4.130181818181819e-05,0.0,-0.0003990137820738951,0.0010262306807375973
4.131000000000001e-05,0.0,-0.0003149576240142509,0.0010644030060252825
4.131818181818183e-05,0.0,-0.00022079896399239513,0.0011037226543247059
4.1326363636363646e-05,0.0,-0.00011693280086500554,0.0011442246012489644
4.133454545454546e-05,0.0,-3.906802092454344e-06,0.0011859175179277956
4.1342727272727276e-05,0.0,0.00011757480393218577,0.0012288366626685666
4.1350909090909094e-05,0.0,0.0002466491964709855,0.001272990344685069
4.135909090909091e-05,0.0,0.0003822949510853844,0.0013184134702812363
4.136727272727273e-05,0.0,0.000523334189127266,0.001365114397733812
4.137545454545455e-05,0.0,0.0006684370071781541,0.0014131270373887001
4.138363636363637e-05,0.0,0.0008161282806162516,0.0014624601868603933
4.1391818181818185e-05,0.0,0.0009647969075032303,0.0015131461283019359
4.1400000000000003e-05,0.0,0.001112707528153521,0.0015651944481383441
4.140818181818182e-05,0.0,0.0012580147223618023,0.0016186352003271483
4.141636363636364e-05,0.0,0.0013987796506608162,0.0016734790499458865
4.142454545454546e-05,0.0,0.0015329890685597868,0.0017297532742332777
4.1432727272727276e-05,0.0,0.001658576603926553,0.0017874698303512906
4.1440909090909095e-05,0.0,0.001773446148027855,0.0018466527389835819
4.144909090909091e-05,0.0,0.0018754971707812698,0.00190731537236774
4.145727272727273e-05,0.0,0.0019626517310870023,0.001969478097958579
4.146545454545455e-05,0.0,0.0020328829143179176,0.002033155724956115
4.147363636363637e-05,0.0,0.0020842443917960703,0.0020983646652483205
4.1481818181818186e-05,0.0,0.0021149007620342012,0.0021651210789686575
4.1490000000000004e-05,0.0,0.002123158301338519,0.0022334372218435947
4.149818181818182e-05,0.0,0.002107495722717762,0.0023033304083620106
4.150636363636364e-05,-0.0,0.002066594517570343,0.0023748086425714686
4.151454545454546e-05,-0.0,0.001999368434946551,0.002447890087901377
4.152272727272728e-05,-0.0,0.001904991638888512,0.0025225785054071134
4.1530909090909096e-05,-0.0,0.0017829250759702465,0.0025988924992776507
4.1539090909090914e-05,-0.0,0.001632940583166987,0.0026768316954195407
4.154727272727273e-05,-0.0,0.0014551422709782932,0.0027564146380780205
4.155545454545455e-05,-0.0,0.0012499847286315884,0.0028376370159759736
4.156363636363637e-05,-0.0,0.0010182876174263866,0.0029205167342580005
4.157181818181819e-05,-0.0,0.000761246244968116,0.0030050458198999635
4.1580000000000005e-05,-0.0,0.0004804377471992739,0.003091240898737726
4.158818181818182e-05,-0.0,0.00017782254666559968,0.003179090673169393
4.159636363636364e-05,-0.0,-0.00014425919586261377,0.0032686098085714555
4.160454545454546e-05,-0.0,-0.00048309636380142667,0.003359784063468757
4.161272727272728e-05,-0.0,-0.0008356210667487431,0.003452625442729067
4.1620909090909096e-05,-0.0,-0.0011984283200309502,0.0035471171653425047
4.1629090909090915e-05,-0.0,-0.0015678012471424603,0.003643267879875455
4.163727272727273e-05,-0.0,-0.0019397417535825731,0.0037410586729842046
4.164545454545455e-05,-0.0,-0.0023100065404787337,0.00384049416879647
4.165363636363637e-05,-0.0,-0.00267414824402633,0.003941553710930326
4.166181818181819e-05,-0.0,-0.00302756140329612,0.004044237281319852
4.1670000000000006e-05,-0.0,-0.0033655328755601015,0.004148522832034186
4.1678181818181824e-05,-0.0,-0.003683296236223045,0.004254405156609182
4.168636363636364e-05,-0.0,-0.003976089621019177,0.0043618611110656505
4.169454545454546e-05,-0.0,-0.004239216392663848,0.004470879844693928
4.170272727272728e-05,-0.0,-0.004468107943964724,0.004581437341319517
4.17109090909091e-05,-0.0,-0.00465838788580656,0.004693516756197117
4.1719090909090915e-05,-0.0,-0.004805936812700432,0.004807093340698665
4.1727272727272734e-05,-0.0,-0.0049069567919443535,0.004922144024282007
4.173545454545455e-05,-0.0,-0.004958034686005341,0.005038643372790412
4.174363636363637e-05,-0.0,-0.00495620339252573,0.005156561983917984
4.175181818181819e-05,0.0,-0.004899000073275529,0.005275873687579495
4.176000000000001e-05,0.0,-0.004784520443169775,0.00539654277280448
4.1768181818181825e-05,0.0,-0.004611468203733777,0.005518542185784626
4.177636363636364e-05,0.0,-0.004379198732537322,0.005641830057674016
4.178454545454546e-05,0.0,-0.004087756181342473,0.005766378210183215
4.179272727272728e-05,0.0,-0.0037379031910207017,0.005892138889098415
4.18009090909091e-05,0.0,-0.003331142500479216,0.006019082466757196
4.1809090909090916e-05,0.0,-0.002869729809456702,0.006147155687485956
4.1817272727272735e-05,0.0,-0.002356677350444556,0.0062763270781680406
4.182545454545455e-05,0.0,-0.0017957477322757553,0.0064065383627236235
4.183363636363637e-05,0.0,-0.0011914377359942292,0.006537755771892438
4.184181818181819e-05,0.0,-0.0005489518711544653,0.006669916569744852
4.185000000000001e-05,0.0,0.0001258343638140644,0.006802984205170993
4.1858181818181826e-05,0.0,0.0008264214318112867,0.006936892102150631
4.1866363636363644e-05,0.0,0.0015457426863584036,0.007071600428870889
4.187454545454546e-05,0.0,0.002276230900001973,0.007207039426046523
4.188272727272728e-05,0.0,0.0030098938631012684,0.007343165492447885
4.18909090909091e-05,0.0,0.0037383983774628565,0.007479906356331548
4.189909090909092e-05,0.0,0.004453161826686652,0.007617214192239713
4.1907272727272735e-05,0.0,0.00514545036897659,0.007755014877661264
4.1915454545454554e-05,0.0,0.005806482670811782,0.007893255965294119
4.192363636363637e-05,0.0,0.006427537983484105,0.008031862112288568
4.193181818181819e-05,0.0,0.007000067261211402,0.008170775930952388
4.194000000000001e-05,0.0,0.007515805931334012,0.008309921436972895
4.194818181818183e-05,0.0,0.007966886855838273,0.008449236082328643
4.1956363636363645e-05,0.0,0.008345951970770711,0.008588643750959043
4.196454545454546e-05,0.0,0.008646261057428484,0.008728076629546772
4.197272727272728e-05,0.0,0.008861796087694164,0.00886745889665373
4.19809090909091e-05,0.0,0.008987359596399692,0.00900671749616904
4.198909090909092e-05,0.0,0.009018665566721377,0.009145777234143155
4.1997272727272736e-05,0.0,0.008952421370564073,0.009284559969695828
4.2005454545454554e-05,-0.0,0.00878639938458542,0.0094229913700022
4.201363636363637e-05,-0.0,0.008519497003485196,0.009560988506169035
4.202181818181819e-05,-0.0,0.008151783894629987,0.009698478039864537
4.203000000000001e-05,-0.0,0.0076845354808355,0.009835372687839817
4.203818181818183e-05,-0.0,0.007120251799679219,0.009971600143056411
4.2046363636363646e-05,-0.0,0.006462661066223965,0.010107069331596323
4.2054545454545464e-05,-0.0,0.005716707459344377,0.010241708926226414
4.206272727272728e-05,-0.0,0.00488852285752022,0.010375424744344258
4.20709090909091e-05,-0.0,0.003985382465290386,0.010508146311250594
4.207909090909091e-05,-0.0,0.0030156444936240904,0.01063977711975472
4.208727272727273e-05,-0.0,0.0019886742831531166,0.0107702473608469
4.209545454545455e-05,-0.0,0.0009147534852744193,0.010899459068900857
4.210363636363637e-05,-0.0,-0.00019502486076266234,0.011027342873396167
4.2111818181818185e-05,-0.0,-0.0013288742999072165,0.011153800275280266
4.212e-05,-0.0,-0.002474444720568915,0.011278762096351706
4.212818181818182e-05,-0.0,-0.003618962445138183,0.011402130262524374
4.213636363636364e-05,-0.0,-0.00474937901799809,0.011523835545398894
4.214454545454546e-05,-0.0,-0.005852526898682674,0.011643781260867535
4.2152727272727276e-05,-0.0,-0.006915280131289683,0.011761897914349617
4.2160909090909095e-05,-0.0,-0.007924717949269177,0.011878091156314795
4.216909090909091e-05,-0.0,-0.008868289189494968,0.011992291058649192
4.217727272727273e-05,-0.0,-0.009733975332936566,0.012104406504324587
4.218545454545455e-05,-0.0,-0.010510449962741522,0.012214367033297004
4.219363636363637e-05,-0.0,-0.011187232435139917,0.01232208558782544
4.2201818181818186e-05,-0.0,-0.011754833594868693,0.012427491164111357
4.2210000000000004e-05,-0.0,-0.012204891434887087,0.012530501497641776
4.221818181818182e-05,-0.0,-0.012530294699637061,0.012631045129689133
4.222636363636364e-05,-0.0,-0.012725292561129161,0.012729045211951309
4.223454545454546e-05,-0.0,-0.012785588656356687,0.01282443003007702
4.224272727272728e-05,-0.0,-0.01270841796113991,0.012917128650186
4.2250909090909095e-05,0.0,-0.012492605187206305,0.013007069417161085
4.2259090909090914e-05,0.0,-0.012138603623428485,0.01309418767600431
4.226727272727273e-05,0.0,-0.01164851359558695,0.013178412261224052
4.227545454545455e-05,0.0,-0.011026079988370937,0.013259685023601989
4.228363636363637e-05,0.0,-0.010276668554849596,0.013337935827958813
4.229181818181819e-05,0.0,-0.009407221028362743,0.013413113121658047
4.2300000000000005e-05,0.0,-0.008426189345533717,0.01348514844045736
4.230818181818182e-05,0.0,-0.007343449582610421,0.013553996789674819
4.231636363636364e-05,0.0,-0.006170196496250236,0.013619592101419062
4.232454545454546e-05,0.0,-0.004918819839844833,0.01368189578245579
4.233272727272728e-05,0.0,-0.0036027638932726704,0.013740844952013274
4.2340909090909096e-05,0.0,-0.0022363718934547234,0.013796407159826921
4.2349090909090915e-05,0.0,-0.0008347172813675282,0.013848523545359377
4.235727272727273e-05,0.0,0.0005865761153923932,0.01389716746043865
4.236545454545455e-05,0.0,0.0020115226700904284,0.013942284914517574
4.237363636363637e-05,0.0,0.0034239698757042754,0.013983854660636097
4.238181818181819e-05,0.0,0.004807797045682054,0.014021828417226927
4.2390000000000006e-05,0.0,0.0061471151718325645,0.014056189901881136
4.2398181818181824e-05,0.0,0.007426465276180764,0.014086897342197363
4.240636363636364e-05,0.0,0.008631012593059265,0.014113938972870988
4.241454545454546e-05,0.0,0.009746733955309419,0.014137280264510377
4.242272727272728e-05,0.0,0.0107605958339892,0.014156913535368913
4.24309090909091e-05,0.0,0.011660720593604682,0.01417281214065251
4.2439090909090915e-05,0.0,0.012436538673200697,0.014184972085814047
4.2447272727272734e-05,0.0,0.01307892458571306,0.014193375136762184
4.245545454545455e-05,0.0,0.013580314841319737,0.01419802064782613
4.246363636363637e-05,0.0,0.013934806142157537,0.01419889918666418
4.247181818181819e-05,0.0,0.014138232462269928,0.01419601319368413
4.248000000000001e-05,0.0,0.014188219914197192,0.014189362279207604
4.2488181818181825e-05,0.0,0.014084218608048793,0.014178951795794563
4.249636363636364e-05,0.0,0.01382751102577003,0.014164790477285697
4.250454545454546e-05,-0.0,0.013421196757982024,0.014146886511917067
4.251272727272728e-05,-0.0,0.012870153778450725,0.014125257673522436
4.25209090909091e-05,-0.0,0.012180976757078917,0.014099915010388332
4.2529090909090916e-05,-0.0,0.01136189323148195,0.014070885089946784
4.2537272727272734e-05,-0.0,0.0104226587649607,0.014038181943807342
4.254545454545455e-05,-0.0,0.00937443251044841,0.014001840531080712
4.255363636363637e-05,-0.0,0.008229634871443283,0.013961878081602066
4.256181818181819e-05,-0.0,0.007001789198013964,0.01391833740162518
4.257000000000001e-05,-0.0,0.005705349675017381,0.013871239213435837
4.2578181818181826e-05,-0.0,0.004355517747463426,0.013820633501283573
4.2586363636363644e-05,-0.0,0.0029680495817437703,0.013766544836620149
4.259454545454546e-05,-0.0,0.0015590571789816667,0.013709029610338276
4.260272727272728e-05,-0.0,0.00014480583638253096,0.013648116641618524
4.26109090909091e-05,-0.0,-0.001258489306919641,0.013583867880356967
4.261909090909092e-05,-0.0,-0.002634864901909563,0.013516316810291015
4.2627272727272735e-05,-0.0,-0.003968806500292446,0.013445530044778196
4.2635454545454554e-05,-0.0,-0.005245438521252262,0.013371546141722413
4.264363636363637e-05,-0.0,-0.00645070456627228,0.013294435464223589
4.265181818181819e-05,-0.0,-0.007571535723715219,0.013214242020492773
4.266000000000001e-05,-0.0,-0.008596004687729777,0.013131039021330683
4.2668181818181827e-05,-0.0,-0.009513463729093752,0.013044876242072196
4.2676363636363645e-05,-0.0,-0.010314664795470978,0.012955828879608855
4.268454545454546e-05,-0.0,-0.010991860281507606,0.012863952709607966
4.269272727272728e-05,-0.0,-0.011538883291148905,0.012769324120353611
4.27009090909091e-05,-0.0,-0.011951206511182312,0.012672005015866006
4.270909090909092e-05,-0.0,-0.012225979121773877,0.012572072271171254
4.2717272727272736e-05,-0.0,-0.012362041482011449,0.012469593923619893
4.2725454545454554e-05,-0.0,-0.012359917641500892,0.012364646739203183
4.273363636363637e-05,-0.0,-0.012221786038211339,0.012257304757271603
4.274181818181819e-05,-0.0,-0.011951429043462655,0.012147644161629306
4.275000000000001e-05,0.0,-0.011554162302796205,0.01203574471801096
4.275818181818183e-05,0.0,-0.011036745092313225,0.011921681685636438
4.2766363636363646e-05,0.0,-0.010407273160053465,0.01180554013451006
4.2774545454545464e-05,0.0,-0.009675055747633176,0.011687394189821705
4.278272727272728e-05,0.0,-0.008850478685592487,0.01156733366099548
4.27909090909091e-05,0.0,-0.007944855624100957,0.011445431458887514
4.279909090909092e-05,0.0,-0.006970269596713623,0.011321781434472926
4.280727272727274e-05,0.0,-0.00593940721715681,0.011196455323511547
4.2815454545454555e-05,0.0,-0.00486538787659368,0.011069550203039114
4.282363636363637e-05,0.0,-0.0037615903409658393,0.010941136777559394
4.2831818181818185e-05,0.0,-0.002641479144872276,0.010811314437589587
4.284e-05,0.0,-0.0015184331406160388,0.010680153085224759
4.284818181818182e-05,0.0,-0.00040557848963300165,0.010547753439698335
4.285636363636364e-05,0.0,0.0006843717198723993,0.010414184891189225
4.286454545454546e-05,0.0,0.0017392691785423006,0.010279548459019808
4.2872727272727276e-05,0.0,0.0027476714948565526,0.010143913347546397
4.2880909090909094e-05,0.0,0.003698971062787343,0.010007379834318812
4.288909090909091e-05,0.0,0.004583510159844694,0.009870017272012461
4.289727272727273e-05,0.0,0.005392681001469232,0.009731924172997598
4.290545454545455e-05,0.0,0.006119009716046657,0.00959317035265301
4.291363636363637e-05,0.0,0.006756223453375429,0.009453851584673729
4.2921818181818186e-05,0.0,0.007299300094279367,0.009314038415003738
4.2930000000000004e-05,0.0,0.007744500286262775,0.00917382298501855
4.293818181818182e-05,0.0,0.008089381785743206,0.009033276768087427
4.294636363636364e-05,0.0,0.008332796337656788,0.008892487486636888
4.295454545454546e-05,0.0,0.00847486956446677,0.008751527646261945
4.296272727272728e-05,0.0,0.00851696456538823,0.008610479894060477
4.2970909090909095e-05,0.0,0.008461630139807913,0.00846941776397439
4.2979090909090914e-05,0.0,0.008312534743577306,0.008328418319969806
4.298727272727273e-05,0.0,0.008074387460589928,0.008187556000419458
4.299545454545455e-05,0.0,0.007752847422705401,0.008046901939558518
4.300363636363637e-05,-0.0,0.007354423236946444,0.007906531230724052
4.3011818181818187e-05,-0.0,0.0068863640786895036,0.0077665088993848184
4.3020000000000005e-05,-0.0,0.006356544182449924,0.007626910319486066
4.302818181818182e-05,-0.0,0.005773342507421936,0.0074877943960661615
4.303636363636364e-05,-0.0,0.005145519373201935,0.0073492362913420255
4.304454545454546e-05,-0.0,0.0044820918525546255,0.007211288938873034
4.305272727272728e-05,-0.0,0.0037922096735364436,0.007074026691765825
4.3060909090909096e-05,-0.0,0.003085033324010977,0.006937496808602757
4.3069090909090914e-05,-0.0,0.0023696159691695287,0.00680177214940765
4.307727272727273e-05,-0.0,0.0016547906890153228,0.0066668947230058015
4.308545454545455e-05,-0.0,0.0009490644200689615,0.006532935149015127
4.309363636363637e-05,-0.0,0.0002605198462281977,0.006399930716644162
4.310181818181819e-05,-0.0,-0.00040327366962058413,0.006267949021491058
4.3110000000000006e-05,-0.0,-0.00103533918623442,0.0061370232404534064
4.3118181818181824e-05,-0.0,-0.0016293605628874702,0.006007217154908419
4.312636363636364e-05,-0.0,-0.002179739541006525,0.005878560483382797
4.313454545454546e-05,-0.0,-0.002681641134241123,0.005751112427306567
4.314272727272728e-05,-0.0,-0.0031310271135839957,0.005624899915434928
4.31509090909091e-05,-0.0,-0.003524677552142964,0.005499976859057546
4.3159090909090915e-05,-0.0,-0.0038602005665803346,0.005376368048397596
4.3167272727272733e-05,-0.0,-0.0041360305566409405,0.005254121479604086
4.317545454545455e-05,-0.0,-0.0043514153983529365,0.005133260407570473
4.318363636363637e-05,-0.0,-0.00450639318840968,0.005013826400398116
4.319181818181819e-05,-0.0,-0.00460175926518913,0.004895841704835796
4.3200000000000007e-05,-0.0,-0.0046390243443801965,0.004779341083036581
4.3208181818181825e-05,-0.0,-0.004620364703098039,0.004664346200743372
4.321636363636364e-05,-0.0,-0.004548565424819956,0.004550884789112003
4.322454545454546e-05,-0.0,-0.004426957777904549,0.004438978240959307
4.323272727272728e-05,-0.0,-0.004259351842617317,0.004328647196142535
4.32409090909091e-05,-0.0,-0.0040499655255204214,0.004219912950421598
4.3249090909090916e-05,-0.0,-0.0038033511061222516,0.004112789162133704
4.3257272727272734e-05,0.0,-0.003524320449422657,0.004007297066961388
4.326545454545455e-05,0.0,-0.003217869990282166,0.003903443620031
4.327363636363637e-05,0.0,-0.0028891065524657917,0.0038012498951414224
4.328181818181819e-05,0.0,-0.0025431750080429304,0.0037007165825748323
4.329000000000001e-05,0.0,-0.002185188713014722,0.0036018643605376785
4.3298181818181826e-05,0.0,-0.0018201635741805894,0.0035046882377739357
4.3306363636363644e-05,0.0,-0.0014529565120485186,0.003409208144652712
4.331454545454546e-05,0.0,-0.001088208986820125,0.003315414115447133
4.332272727272728e-05,0.0,-0.0007302961509702223,0.003223324881178954
4.33309090909091e-05,0.0,-0.0003832820845350399,0.003132926306092913
4.333909090909092e-05,0.0,-5.0881459750339974e-05,0.003044235395383231
4.3347272727272735e-05,0.0,0.0002635721280786725,0.002957234714568514
4.3355454545454553e-05,0.0,0.0005571510349313073,0.0028719389697825165
4.336363636363637e-05,0.0,0.0008273516244087908,0.0027883283326322335
4.337181818181819e-05,0.0,0.0010721055835912364,0.0027064146210794052
4.338000000000001e-05,0.0,0.0012897846708437195,0.002626176516392206
4.3388181818181826e-05,0.0,0.0014791991558106186,0.002547622375483013
4.3396363636363645e-05,0.0,0.001639590291531034,0.0024707302569410153
4.340454545454546e-05,0.0,0.0017706172293309832,0.0023955045318414248
4.341272727272728e-05,0.0,0.0018723388482277453,0.0023219234347528713
4.34209090909091e-05,0.0,0.0019451910215301023,0.0022499869043473013
4.342909090909092e-05,0.0,0.0019899598838314437,0.002179674050792847
4.3437272727272736e-05,0.0,0.002007751691548506,0.0021109800390144286
4.3445454545454554e-05,0.0,0.0019999598896105674,0.0020438854296960635
4.345363636363637e-05,0.0,0.0019682300060722604,0.001978380400466741
4.346181818181819e-05,0.0,0.0019144229956817114,0.0019144473925779245
4.347000000000001e-05,0.0,0.0018405776432979196,0.001852071527650258
4.347818181818183e-05,0.0,0.0017488726191548193,0.0017912373989549155
4.3486363636363646e-05,0.0,0.0016415887510606328,0.0017319251588991111
4.3494545454545464e-05,0.0,0.0015210720445378802,0.001674121658960322
4.350272727272728e-05,-0.0,0.0013896979415629336,0.0016178023283510224
4.35109090909091e-05,-0.0,0.0012498372629191701,0.0015629562183934829
4.351909090909092e-05,-0.0,0.0011038242292335763,0.0015095544368289831
4.352727272727274e-05,-0.0,0.0009539269025379376,0.0014575880200160727
4.3535454545454555e-05,-0.0,0.0008023203346963281,0.0014070243009617056
4.354363636363637e-05,-0.0,0.0006510626522673382,0.0013578559449758188
4.355181818181819e-05,-0.0,0.0005020742502866962,0.001310047184605671
4.356000000000001e-05,-0.0,0.00035712021098049886,0.001263591838338857
4.356818181818182e-05,-0.0,0.00021779600840707633,0.0012184518164934973
4.357636363636364e-05,-0.0,8.55165072605281e-05,0.001174621522326287
4.358454545454546e-05,-0.0,-3.8491785745216757e-05,0.0011320613974115834
4.3592727272727276e-05,-0.0,-0.00015319530573950244,0.0010907658000607764
4.3600909090909094e-05,-0.0,-0.0002577549787870791,0.0010506945992654162
4.360909090909091e-05,-0.0,-0.0003515249038245731,0.0010118414515675083
4.361727272727273e-05,-0.0,-0.0004340483678398514,0.000974166557172702
4.362545454545455e-05,-0.0,-0.000505051422395371,0.0009376622224102842
4.363363636363637e-05,-0.0,-0.000564434272084303,0.0009022898541944008
4.3641818181818186e-05,-0.0,-0.0006122607427390959,0.0008680398037268719
4.3650000000000004e-05,-0.0,-0.0006487461092313983,0.000834875496633301
4.365818181818182e-05,-0.0,-0.000674243569637054,0.0008027848007700845
4.366636363636364e-05,-0.0,-0.00068922965459331,0.0007717338761782062
4.367454545454546e-05,-0.0,-0.0006942888581188312,0.0007417076854391622
4.368272727272728e-05,-0.0,-0.0006900977693310472,0.000712675713526125
4.3690909090909095e-05,-0.0,-0.0006774089737590628,0.0006846197266846597
4.3699090909090913e-05,-0.0,-0.0006570349787322381,0.0006575129765855701
4.370727272727273e-05,-0.0,-0.0006298324000730592,0.0006313338913058482
4.371545454545455e-05,-0.0,-0.0005966866275083084,0.000606059765181179
4.372363636363637e-05,-0.0,-0.0005584971643179877,0.0005816657067221745
4.3731818181818186e-05,-0.0,-0.0005161638132537148,0.0005581331534475354
4.3740000000000005e-05,-0.0,-0.0004705738561582881,0.0005354340767751997
4.374818181818182e-05,-0.0,-0.0004225903494724746,0.0005135539807806799
4.375636363636364e-05,0.0,-0.0003730416323695651,0.0004924620415852183
4.376454545454546e-05,0.0,-0.00032271211903256317,0.00047214758252584914
4.377272727272728e-05,0.0,-0.0002723344219718911,0.00045257747319161264
4.3780909090909096e-05,0.0,-0.0002225828296264723,0.00043374445268143814
4.3789090909090914e-05,0.0,-0.0001740681391111276,0.00041561370019159064
4.379727272727273e-05,0.0,-0.00012733382413809168,0.0003981808327633439
4.380545454545455e-05,0.0,-8.285349907490318e-05,0.00038141005683234324
4.381363636363637e-05,0.0,-4.102962298496955e-05,0.0003652992236443232
4.382181818181819e-05,0.0,-2.193372466772083e-06,0.00034981235516447055
4.3830000000000006e-05,0.0,3.3394400744386154e-05,0.0003349488208832184
4.3838181818181824e-05,0.0,6.554122207205488e-05,0.0003206732830667142
4.384636363636364e-05,0.0,9.412015933874828e-05,0.00030698587876572253
4.385454545454546e-05,0.0,0.00011906621017753021,0.00029385273612914624
4.386272727272728e-05,0.0,0.0001403720248791808,0.00028127401396487817
4.38709090909091e-05,0.0,0.00015808307992712777,0.0002692180975557493
4.3879090909090915e-05,0.0,0.000172292417531398,0.00025768446646231777
4.388727272727273e-05,0.0,0.00018313506474573773,0.0002466444874868533
4.389545454545455e-05,0.0,0.00019078224240105438,0.00023609634306898615
4.390363636363637e-05,0.0,0.00019543546929097716,0.00022601501111002383
4.391181818181819e-05,0.0,0.00019732066098934463,0.00021639687700765733
4.3920000000000006e-05,0.0,0.00019668231555774928,0.00020722104296128516
4.3928181818181825e-05,0.0,0.00019377787040811888,0.00019848174473815775
4.393636363636364e-05,0.0,0.0001888723059133796,0.0001901625917799916
4.394454545454546e-05,0.0,0.0001822330621973429,0.00018225548690445074
4.395272727272728e-05,0.0,0.0001741253260652854,0.00017474879387653421
4.39609090909091e-05,0.0,0.0001648077354314826,0.00016763208080515168
4.3969090909090916e-05,0.0,0.00015452853901831752,0.00016089857908565015
4.3977272727272734e-05,0.0,0.0001435222396873718,0.00015453570204871793
4.398545454545455e-05,0.0,0.0001320067406440232,0.0001485415359358416
4.399363636363637e-05,0.0,0.00012018100504548285,0.00014290168591098195
4.400181818181819e-05,-0.0,0.00010822323133376953,0.00013761896343794671
4.401000000000001e-05,-0.0,9.628953898887405e-05,0.0001326776452761425
4.4018181818181825e-05,-0.0,8.451315241473252e-05,0.0001280850266271979
4.4026363636363644e-05,-0.0,7.300406437544964e-05,0.00012382461368334036
4.403454545454546e-05,-0.0,6.184915481898205e-05,0.00011990782629812807
4.404272727272728e-05,-0.0,5.11127360732959e-05,0.0001163179588726094
4.40509090909091e-05,-0.0,4.083749127628045e-05,0.00011307005886300235
4.405909090909092e-05,-0.0,3.104576949426937e-05,0.00011014767544154459
4.4067272727272735e-05,-0.0,2.174119827285594e-05,0.00010756881770156208
4.407545454545455e-05,-0.0,1.291057231603103e-05,0.00010531757283484231
4.408363636363637e-05,-0.0,4.525975566047362e-06,0.00010341405299599921
4.409181818181819e-05,-0.0,-3.4529068878692054e-06,0.00010184292731798582
4.410000000000001e-05,-0.0,-1.1076330956522503e-05,0.00010062537530991516
4.4108181818181826e-05,-0.0,-1.840193346856602e-05,9.974647214764074e-05
4.4116363636363645e-05,-0.0,-2.549211297307801e-05,9.922733840738579e-05
4.412454545454546e-05,-0.0,-3.2411393558457855e-05,9.905317809638432e-05
4.413272727272728e-05,-0.0,-3.922381250468622e-05,9.924399633621163e-05
4.41409090909091e-05,-0.0,-4.599037098508923e-05,9.97849398453304e-05
4.414909090909092e-05,-0.0,-5.276658518756367e-05,0.00010069409559694562
4.4157272727272736e-05,-0.0,-5.9600173169733136e-05,0.00010195664319256136
4.4165454545454554e-05,-0.0,-6.652891052883454e-05,0.00010358832324785411
4.417363636363637e-05,-0.0,-7.357868558177191e-05,0.0001055747982781423
4.418181818181819e-05,-0.0,-8.076178223524746e-05,0.00010792940158237092
4.419000000000001e-05,-0.0,-8.807541609606754e-05,0.00011063903044336886
4.419818181818183e-05,-0.0,-9.550054663755768e-05,0.00011371479252028512
4.4206363636363645e-05,-0.0,-0.00010300098540413586,0.00011714571605143842
4.4214545454545464e-05,-0.0,-0.0001105228173031962,0.0001209409407943179
4.422272727272728e-05,-0.0,-0.00011799414899969196,0.00012509249392932148
4.42309090909091e-05,-0.0,-0.0001253251952904786,0.00012960775297544296
4.423909090909092e-05,-0.0,-0.0001324087110872109,0.00013448246103212763
4.424727272727274e-05,-0.0,-0.000139120773271686,0.00013972233444880085
4.4255454545454555e-05,0.0,-0.00014532191319907337,0.00014532734253530703
4.426363636363637e-05,0.0,-0.00015085859700715042,0.00015130155091974757
4.427181818181819e-05,0.0,-0.00015556504714146836,0.00015764945324553883
4.428000000000001e-05,0.0,-0.00015926539462962906,0.00016437343419100926
4.428818181818183e-05,0.0,-0.0001617761476394554,0.00017148261664150672
4.4296363636363646e-05,0.0,-0.00016290895774739327,0.000178977690718343
4.4304545454545465e-05,0.0,-0.00016247366114201234,0.00018687234491645684
4.4312727272727276e-05,0.0,-0.0001602815677166428,0.00019516562527119245
4.4320909090909094e-05,0.0,-0.0001561489666964517,0.0002038755756406171
4.432909090909091e-05,0.0,-0.00014990081313820928,0.0002129997435354606
4.433727272727273e-05,0.0,-0.00014137455538279638,0.0002225601891286863
4.434545454545455e-05,0.0,-0.00013042405938512352,0.0002325532164029394
4.435363636363637e-05,0.0,-0.00011692358185391038,0.00024300444949004794
4.4361818181818186e-05,0.0,-0.00010077174037147673,0.00025390931349559615
4.4370000000000004e-05,0.0,-8.189542520446237e-05,0.0002652964464018769
4.437818181818182e-05,0.0,-6.0253594438859715e-05,0.00027716085802077605
4.438636363636364e-05,0.0,-3.5840891459306346e-05,0.0002895335696881546
4.439454545454546e-05,0.0,-8.691021727362573e-06,0.0003024097197061632
4.440272727272728e-05,0.0,2.1120175619279465e-05,0.00031582202188931404
4.4410909090909095e-05,0.0,5.3472026541761416e-05,0.0003297663427460643
4.441909090909091e-05,0.0,8.819675636436702e-05,0.0003442763600243565
4.442727272727273e-05,0.0,0.00012507772368894717,0.00035934929635321006
4.443545454545455e-05,0.0,0.0001638482162203252,0.000375019052066877
4.444363636363637e-05,0.0,0.000204190867856248,0.00039128483256655106
4.4451818181818186e-05,0.0,0.0002457377524302549,0.0004081800327324189
4.4460000000000005e-05,0.0,0.00028807120443493923,0.000425706436459322
4.446818181818182e-05,0.0,0.0003307254108724278,0.00044389624468386946
4.447636363636364e-05,0.0,0.00037318881106978847,0.0004627543560880221
4.448454545454546e-05,0.0,0.0004149073328683904,0.0004823111539396924
4.449272727272728e-05,0.0,0.0004552884840768317,0.0005025751024625357
4.4500909090909096e-05,-0.0,0.0004937063075172278,0.0005235742313112335
4.4509090909090914e-05,-0.0,0.0005295071964664876,0.0005453209128005709
4.451727272727273e-05,-0.0,0.0005620165548911734,0.0005678403945601534
4.452545454545455e-05,-0.0,0.0005905462737113709,0.0005911491730300665
4.453363636363637e-05,-0.0,0.0006144029805421331,0.0006152694085247365
4.454181818181819e-05,-0.0,0.0006328970061091351,0.0006402217979067521
4.4550000000000005e-05,-0.0,0.000645351995998576,0.0006660252427029052
4.4558181818181824e-05,-0.0,0.0006511150817803485,0.0006927045691267387
4.456636363636364e-05,-0.0,0.0006495675110553767,0.0007202753875403465
4.457454545454546e-05,-0.0,0.0006401356218542433,0.0007487664333087031
4.458272727272728e-05,-0.0,0.000622302033298161,0.000778190131934394
4.45909090909091e-05,-0.0,0.0005956169117781477,0.0008085787627939848
4.4599090909090915e-05,-0.0,0.000559709160374078,0.0008399418053921132
4.460727272727273e-05,-0.0,0.0005142973690850191,0.0008723145829897979
4.461545454545455e-05,-0.0,0.00045920035493638,0.0009057039888606599
4.462363636363637e-05,-0.0,0.0003943471144207488,0.0009401477703378704
4.463181818181819e-05,-0.0,0.0003197860062586531,0.000975650698392893
4.4640000000000006e-05,-0.0,0.00023569298035779602,0.001012252224981006
4.4648181818181825e-05,-0.0,0.0001423786693096312,0.001049955545684592
4.465636363636364e-05,-0.0,4.0294161970475597e-05,0.0010888010219990477
4.466454545454546e-05,-0.0,-6.996471521999893e-05,0.0011287908792248836
4.467272727272728e-05,-0.0,-0.00018765477441403915,0.0011699655446801283
4.46809090909091e-05,-0.0,-0.0003118846530569692,0.0012123269092429243
4.4689090909090916e-05,-0.0,-0.00044161594883507943,0.0012559146026257448
4.4697272727272734e-05,-0.0,-0.0005756664221843115,0.0013007308188975127
4.470545454545455e-05,-0.0,-0.0007127153642372627,0.0013468135367523306
4.471363636363637e-05,-0.0,-0.0008513112037377805,0.0013941658634164754
4.472181818181819e-05,-0.0,-0.0009898813993654088,0.0014428233125197583
4.473000000000001e-05,-0.0,-0.001126744634314924,0.0014927904581148875
4.4738181818181825e-05,-0.0,-0.0012601252981526494,0.00154409960189733
4.4746363636363644e-05,-0.0,-0.0013881702072573944,0.0015967572553660042
4.475454545454546e-05,0.0,-0.001508967479936664,0.0016507918537758863
4.476272727272728e-05,0.0,-0.0016205674460239017,0.0017062122098827862
4.47709090909091e-05,0.0,-0.0017210054338916852,0.0017630423519339959
4.477909090909092e-05,0.0,-0.0018083262408821528,0.0018212936311296887
4.4787272727272735e-05,0.0,-0.0018806100567173862,0.001880985259168662
4.479545454545455e-05,0.0,-0.0019359995740935462,0.0019421312212028678
4.480363636363637e-05,0.0,-0.0019727279869864007,0.002004745645789941
4.481181818181819e-05,0.0,-0.0019891475458165687,0.002068845096218687
4.482000000000001e-05,0.0,-0.001983758310157441,0.0021344385005516667
4.4828181818181826e-05,0.0,-0.0019552367147282323,0.0022015447892936423
4.4836363636363644e-05,0.0,-0.0019024635435928826,0.0022701677222753884
4.484454545454546e-05,0.0,-0.0018245508913473875,0.002340328233454565
4.485272727272728e-05,0.0,-0.0017208676791480916,0.0024120250907343254
4.48609090909091e-05,0.0,-0.0015910632881853438,0.0024852807232251042
4.486909090909092e-05,0.0,-0.0014350888740546678,0.0025600892159349355
4.4877272727272736e-05,0.0,-0.0012532159327659715,0.002636473854396081
4.4885454545454554e-05,0.0,-0.0010460517031259048,0.00271442446586961
4.489363636363637e-05,0.0,-0.0008145510111055459,0.002793964442563821
4.490181818181819e-05,0.0,-0.0005600241896434355,0.002875079873964748
4.491000000000001e-05,0.0,-0.00028414074210624283,0.002957793422217745
4.491818181818183e-05,0.0,1.1071540799065499e-05,0.003042088028707613
4.4926363636363645e-05,0.0,0.0003232322527436861,0.003127984729553657
4.4934545454545464e-05,0.0,0.0006496190198928769,0.0032154639494748464
4.494272727272728e-05,0.0,0.0009871832531563227,0.0033045441738576205
4.49509090909091e-05,0.0,0.0013325710671581372,0.0033952039543036325
4.495909090909092e-05,0.0,0.0016821493589422652,0.003487458304041105
4.4967272727272737e-05,0.0,0.0020320369662526093,0.0035812845270547858
4.4975454545454555e-05,0.0,0.0023781407493518123,0.003676693278623619
4.498363636363637e-05,0.0,0.002716196362764719,0.0037736611931511953
4.499181818181819e-05,0.0,0.0030418134051264736,0.003872193749253957
4.500000000000001e-05,-0.0,0.0033505245576214036,0.003972267414869537
4.500818181818183e-05,-0.0,0.003637838245508995,0.004073881769607488
4.5016363636363646e-05,-0.0,0.003899294284173232,0.0041770135187841175
4.5024545454545464e-05,-0.0,0.004130521902242427,0.004281655743010722
4.503272727272728e-05,-0.0,0.004327299470845698,0.004387785669363966
4.50409090909091e-05,-0.0,0.004485615211213799,0.004495389423476722
4.504909090909092e-05,-0.0,0.0046017281037685,0.004604444903969986
4.505727272727273e-05,-0.0,0.00467222818168589,0.0047149309859864826
4.506545454545455e-05,-0.0,0.00469409536169108,0.0048268262454726546
4.507363636363637e-05,-0.0,0.00466475594546569,0.00494010218260637
4.5081818181818185e-05,-0.0,0.00458213591732111,0.005054737909230745
4.5090000000000004e-05,-0.0,0.004444710168362941,0.0051706976013748355
4.509818181818182e-05,-0.0,0.004251546794739545,0.005287960621364191
4.510636363636364e-05,-0.0,0.00400234564805171,0.005406484044937349
4.511454545454546e-05,-0.0,0.003697470359735656,0.0055262470651112235
4.512272727272728e-05,-0.0,0.0033379731181545714,0.005647200045537334
4.5130909090909095e-05,-0.0,0.0029256115469745918,0.0057693214714286956
4.513909090909091e-05,-0.0,0.0024628571156787094,0.005892555532077087
4.514727272727273e-05,-0.0,0.0019528946070942826,0.00601687936889034
4.515545454545455e-05,-0.0,0.0013996122716755243,0.006142231663698818
4.516363636363637e-05,-0.0,0.0008075824128868002,0.006268587506537073
4.5171818181818186e-05,-0.0,0.00018203227107524,0.006395880842755828
4.5180000000000004e-05,-0.0,-0.0004711947967824768,0.006524083961556655
4.518818181818182e-05,-0.0,-0.001145687708776836,0.006653126918042979
4.519636363636364e-05,-0.0,-0.0018345253497252293,0.0067829784414855645
4.520454545454546e-05,-0.0,-0.0025303431509405144,0.006913565586811574
4.521272727272728e-05,-0.0,-0.003225408006329404,0.00704485278819616
4.5220909090909096e-05,-0.0,-0.003911700835662317,0.007176765001585117
4.5229090909090914e-05,-0.0,-0.004581005973161446,0.007309261688359592
4.523727272727273e-05,-0.0,-0.005225006433692652,0.0074422665851026385
4.524545454545455e-05,-0.0,-0.005835383991944895,0.007575733592301519
4.525363636363637e-05,0.0,-0.006403922904104969,0.007709586053868764
4.526181818181819e-05,0.0,-0.006922616008658354,0.007843771840315416
4.5270000000000005e-05,0.0,-0.0073837718649147925,0.007978214647947512
4.5278181818181824e-05,0.0,-0.007780121526355008,0.008112855992716122
4.528636363636364e-05,0.0,-0.00810492350241509,0.008247620561880277
4.529454545454546e-05,0.0,-0.00835206543813642,0.00838244335720051
4.530272727272728e-05,0.0,-0.008516161037228426,0.00851725056892565
4.53109090909091e-05,0.0,-0.00859264077125939,0.00865197070449379
4.5319090909090915e-05,0.0,-0.008577834956350545,0.008786531828345675
4.532727272727273e-05,0.0,-0.008469047839031262,0.00892085616094179
4.533545454545455e-05,0.0,-0.00826462141462302,0.009054873863281142
4.534363636363637e-05,0.0,-0.007963987804128363,0.009188501264667281
4.535181818181819e-05,0.0,-0.007567709138242897,0.00932167069484486
4.5360000000000006e-05,0.0,-0.00707750403858477,0.00945429317015187
4.5368181818181824e-05,0.0,-0.006496259945024107,0.009586303116482016
4.537636363636364e-05,0.0,-0.005828030712261457,0.009717606984725582
4.538454545454546e-05,0.0,-0.005078019086426719,0.009848141091482307
4.539272727272728e-05,0.0,-0.004252543871058787,0.009977808219488906
4.54009090909091e-05,0.0,-0.0033589917987555075,0.010106546255745343
4.5409090909090916e-05,0.0,-0.0024057543372246627,0.01023425533654979
4.5417272727272734e-05,0.0,-0.0014021498734279629,0.010360874507437827
4.542545454545455e-05,0.0,-0.0003583319338794123,0.010486302374193103
4.543363636363637e-05,0.0,0.0007148156902494081,0.010610478665126393
4.544181818181819e-05,0.0,0.0018057958409649988,0.010733301631728273
4.545000000000001e-05,0.0,0.002902625648559585,0.010854711176284493
4.5458181818181825e-05,0.0,0.003992973498206212,0.010974606396193576
4.5466363636363644e-05,0.0,0.005064303698436794,0.011092926858617427
4.547454545454546e-05,0.0,0.006104027097193872,0.011209573693741244
4.548272727272728e-05,0.0,0.007099655768153229,0.011324485657442136
4.54909090909091e-05,0.0,0.008038959791058923,0.011437567049435446
4.5499090909090917e-05,0.0,0.008910124076909892,0.011548755403383881
4.5507272727272735e-05,-0.0,0.009701903143653037,0.011657959240268174
4.551545454545455e-05,-0.0,0.010403771731851596,0.011765114555768622
4.552363636363637e-05,-0.0,0.01100606916347533,0.011870135027313346
4.553181818181819e-05,-0.0,0.011500135390929467,0.011972954918231868
4.554000000000001e-05,-0.0,0.011878436757678195,0.012073493854082866
4.5548181818181826e-05,-0.0,0.012134679595840834,0.012171684314235692
4.5556363636363644e-05,-0.0,0.012263909918996079,0.01226745249929497
4.556454545454546e-05,-0.0,0.012262597628715894,0.012360729211281243
4.557272727272728e-05,-0.0,0.012128703839213707,0.01245144767325612
4.55809090909091e-05,-0.0,0.011861730133654592,0.012539537283524922
4.558909090909092e-05,-0.0,0.01146274879546419,0.012624938547906094
4.5597272727272736e-05,-0.0,0.010934413305352613,0.012707579903289565
4.5605454545454554e-05,-0.0,0.010280948656384006,0.012787409211268036
4.561363636363637e-05,-0.0,0.009508121311642024,0.012864354552554753
4.562181818181819e-05,-0.0,0.008623188908014816,0.012938371037497651
4.563000000000001e-05,-0.0,0.0076348300913326225,0.013009387145809057
4.563818181818183e-05,-0.0,0.00655305514841498,0.01307736496389462
4.5646363636363645e-05,-0.0,0.005389098376360087,0.013142234255720987
4.5654545454545463e-05,-0.0,0.004155293394497601,0.01320396366624044
4.566272727272728e-05,-0.0,0.0028649328557786586,0.013262485232991717
4.56709090909091e-05,-0.0,0.001532114248096352,0.013317773623619938
4.567909090909092e-05,-0.0,0.00017157368843554984,0.013369764211397394
4.5687272727272736e-05,-0.0,-0.0012014901995611978,0.013418437063408268
4.5695454545454555e-05,-0.0,-0.0025716000741236953,0.01346373198845241
4.570363636363637e-05,-0.0,-0.003923188950058545,0.013505633776506931
4.571181818181819e-05,-0.0,-0.005240792082987445,0.013544087771515353
4.572000000000001e-05,-0.0,-0.0065092391242479635,0.013579082792306492
4.572818181818183e-05,-0.0,-0.007713843981110352,0.013610570778490191
4.5736363636363646e-05,-0.0,-0.008840589826980855,0.013638543902142553
4.5744545454545464e-05,-0.0,-0.009876306752956955,0.01366296168152586
4.575272727272728e-05,0.0,-0.010808839635100863,0.013683819019306265
4.57609090909091e-05,0.0,-0.01162720391017406,0.013701083881472556
4.576909090909092e-05,0.0,-0.01232172710485083,0.013714753363162135
4.577727272727274e-05,0.0,-0.012884174147597639,0.013724804600447896
4.5785454545454556e-05,0.0,-0.013307854705962692,0.013731236454617454
4.5793636363636374e-05,0.0,-0.01358771103199455,0.013734035779606543
4.5801818181818185e-05,0.0,-0.013720385061505382,0.01373320291003914
4.5810000000000004e-05,0.0,-0.013704263795145614,0.013728734769197132
4.581818181818182e-05,0.0,-0.013539502286679671,0.01372063302092166
4.582636363636364e-05,0.0,-0.01322802387211314,0.013708904798416409
4.583454545454546e-05,0.0,-0.012773497587900912,0.013693553107261091
4.5842727272727277e-05,0.0,-0.01218129304272915,0.013674595213389536
4.5850909090909095e-05,0.0,-0.011458413320632172,0.013652035633568043
4.585909090909091e-05,0.0,-0.010613406798828842,0.013625901472746298
4.586727272727273e-05,0.0,-0.009656259057095263,0.013596199077817077
4.587545454545455e-05,0.0,-0.008598266332361437,0.013562964891895528
4.588363636363637e-05,0.0,-0.0074518922284043925,0.013526207545538106
4.5891818181818186e-05,0.0,-0.0062306096221947035,0.013485972129228925
4.5900000000000004e-05,0.0,-0.0049487299121924585,0.013442270123538226
4.590818181818182e-05,0.0,-0.0036212219266614637,0.01339515440991809
4.591636363636364e-05,0.0,-0.0022635229493288334,0.0133446399703354
4.592454545454546e-05,0.0,-0.0008913444234273642,0.013290786485757796
4.593272727272728e-05,0.0,0.00047952503816689343,0.013233613143369495
4.5940909090909096e-05,0.0,0.001833416680267673,0.013173185332706372
4.5949090909090914e-05,0.0,0.0031549760233160907,0.01310952716638517
4.595727272727273e-05,0.0,0.004429352072665832,0.01304270859116554
4.596545454545455e-05,0.0,0.005642378804778827,0.012972759343762722
4.597363636363637e-05,0.0,0.006780746536526624,0.012899752757478832
4.598181818181819e-05,0.0,0.007832160938293867,0.01282372483206801
4.5990000000000005e-05,0.0,0.008785487637494895,0.012744751138705296
4.5998181818181823e-05,0.0,0.009630880573516855,0.012662874482682532
4.600636363636364e-05,-0.0,0.010359892504646267,0.0125781715863049
4.601454545454546e-05,-0.0,0.010965566328507132,0.012490692472822189
4.602272727272728e-05,-0.0,0.01144250615591623,0.012400514027663453
4.6030909090909097e-05,-0.0,0.011786927369580225,0.012307693745369387
4.6039090909090915e-05,-0.0,0.011996685199280852,0.012212307817413054
4.604727272727273e-05,-0.0,0.012071281649577579,0.012114421280857093
4.605545454545455e-05,-0.0,0.012011850920033217,0.012014108933283803
4.606363636363637e-05,-0.0,0.011821123757011864,0.011911443227491403
4.607181818181819e-05,-0.0,0.01150337146579939,0.011806497043505483
4.6080000000000006e-05,-0.0,0.011064330587925542,0.011699349917048376
4.6088181818181824e-05,-0.0,0.010511109507141193,0.01159007247442054
4.609636363636364e-05,-0.0,0.009852078484851727,0.011478750795850987
4.610454545454546e-05,-0.0,0.009096744838620247,0.01136545310812326
4.611272727272728e-05,-0.0,0.008255615162739092,0.011250271300927872
4.61209090909091e-05,-0.0,0.007340046645386436,0.011133271240511217
4.6129090909090916e-05,-0.0,0.006362089660585256,0.011014549711645295
4.6137272727272734e-05,-0.0,0.005334323903625759,0.010894170429947727
4.614545454545455e-05,-0.0,0.004269690394890729,0.010772234006575699
4.615363636363637e-05,-0.0,0.0031813216987668248,0.0106488023658986
4.616181818181819e-05,-0.0,0.002082372691702703,0.01052397875427536
4.617000000000001e-05,-0.0,0.0009858541671842393,0.010397823785556162
4.6178181818181825e-05,-0.0,-9.552851335641326e-05,0.010270442065011208
4.6186363636363643e-05,-0.0,-0.0011495296242098635,0.010141893464483902
4.619454545454546e-05,-0.0,-0.0021645081723158845,0.01001228262819202
4.620272727272728e-05,-0.0,-0.0031295620903863874,0.00988166930476305
4.62109090909091e-05,-0.0,-0.004034649916607538,0.009750156857540328
4.6219090909090916e-05,-0.0,-0.0048706985587108585,0.009617805541246381
4.6227272727272735e-05,-0.0,-0.005629695964101905,0.009484716163045548
4.623545454545455e-05,-0.0,-0.006304767754459922,0.009350950083345027
4.624363636363637e-05,-0.0,-0.006890237128975557,0.009216604365408698
4.625181818181819e-05,0.0,-0.007381667591308408,0.009081742006293764
4.626000000000001e-05,0.0,-0.007775888307546381,0.00894645526517116
4.6268181818181826e-05,0.0,-0.008071002152113198,0.008810809202322245
4.6276363636363644e-05,0.0,-0.008266376741993396,0.00867489037528305
4.628454545454546e-05,0.0,-0.008362618993293375,0.00853876619875553
4.629272727272728e-05,0.0,-0.008361533954725676,0.008402516822514345
4.63009090909091e-05,0.0,-0.008266068877057381,0.008266212146736973
4.630909090909092e-05,0.0,-0.008080243663182612,0.0081299254198745
4.6317272727272736e-05,0.0,-0.007809069007895614,0.00799372898115796
4.6325454545454554e-05,0.0,-0.007458453677670117,0.007857688909329941
4.633363636363637e-05,0.0,-0.007035102497215227,0.007721879749747325
4.634181818181819e-05,0.0,-0.0065464067001237795,0.007586360371721439
4.635000000000001e-05,0.0,-0.006000328364832542,0.007451207107065221
4.635818181818183e-05,0.0,-0.005405280694082382,0.007316471798756286
4.6366363636363645e-05,0.0,-0.00477000590623428,0.007182231967331831
4.637454545454546e-05,0.0,-0.004103452490711555,0.007048532820413751
4.638272727272728e-05,0.0,-0.003414653538444166,0.006915452308801032
4.63909090909091e-05,0.0,-0.002712607792802892,0.00678302958020231
4.639909090909092e-05,0.0,-0.0020061649787844354,0.006651342121789929
4.6407272727272736e-05,0.0,-0.0013039168601010616,0.006520423750338091
4.6415454545454555e-05,0.0,-0.0006140953475615996,0.006390350492312376
4.642363636363637e-05,0.0,5.552115985255979e-05,0.006261151678950999
4.643181818181819e-05,0.0,0.000697692174892285,0.006132900813563672
4.644000000000001e-05,0.0,0.0013057894020273844,0.006005623661980147
4.644818181818183e-05,0.0,0.0018738602095551768,0.005879390118333498
4.6456363636363646e-05,0.0,0.0023966797834591583,0.005754223333435213
4.6464545454545464e-05,0.0,0.002869791632033622,0.0056301885265920264
4.647272727272728e-05,0.0,0.0032895362886869823,0.005507307168936762
4.64809090909091e-05,0.0,0.0036530682350542475,0.005385638803832075
4.648909090909092e-05,0.0,0.0039583612350407495,0.005265204098869536
4.649727272727274e-05,0.0,0.004204202430317183,0.005146056027311458
4.6505454545454555e-05,-0.0,0.004390175696935196,0.005028215229100781
4.6513636363636374e-05,-0.0,0.004516634899219253,0.004911727358982858
4.652181818181819e-05,-0.0,0.004584667799263925,0.004796613668781158
4.653000000000001e-05,-0.0,0.004596051486856294,0.004682911925399077
4.653818181818183e-05,-0.0,0.004553200284374164,0.004570644466135994
4.654636363636364e-05,-0.0,0.004459107153406539,0.004459840806209665
4.655454545454546e-05,-0.0,0.004317279684032485,0.00435052465438729
4.6562727272727276e-05,-0.0,0.004131671783708809,0.004242717134006044
4.6570909090909095e-05,-0.0,0.003906612200680653,0.004136443410902975
4.657909090909091e-05,-0.0,0.0036467310171469053,0.004031716309006579
4.658727272727273e-05,-0.0,0.003356885230751806,0.0039285623331413895
4.659545454545455e-05,-0.0,0.003042084510246273,0.0038269863323323644
4.660363636363637e-05,-0.0,0.002707418163498153,0.0037270158350258104
4.6611818181818186e-05,-0.0,0.0023579842947553525,0.003628648261504858
4.6620000000000004e-05,-0.0,0.001998822054669903,0.0035319116670390065
4.662818181818182e-05,-0.0,0.0016348478026982425,0.003436796791194888
4.663636363636364e-05,-0.0,0.0012707959088281999,0.0033433315624451245
4.664454545454546e-05,-0.0,0.0009111648219404622,0.003251500961072284
4.665272727272728e-05,-0.0,0.0005601689273241688,0.0031613320106265927
4.6660909090909096e-05,-0.0,0.00022169660777277282,0.0030728049909960345
4.6669090909090914e-05,-0.0,-0.00010072518689548907,0.002985945156769995
4.667727272727273e-05,-0.0,-0.0004039596663538494,0.0029007292418364414
4.668545454545455e-05,-0.0,-0.0006852821341266578,0.00281717982500065
4.669363636363637e-05,-0.0,-0.0009423951454041696,0.0027352712978711935
4.670181818181819e-05,-0.0,-0.0011734370027339956,0.0026550226595629224
4.6710000000000005e-05,-0.0,-0.001376983796512768,0.0025764071640497345
4.671818181818182e-05,-0.0,-0.0015520452822414324,0.0024994393759679608
4.672636363636364e-05,-0.0,-0.0016980549631016692,0.0024240925687254605
4.673454545454546e-05,-0.0,-0.0018148548137560557,0.0023503761113653696
4.674272727272728e-05,-0.0,-0.0019026751387530342,0.0022782643597514286
4.6750909090909096e-05,0.0,-0.001962110106098626,0.002207760860708807
4.6759090909090915e-05,0.0,-0.001994089533193718,0.002138841979168539
4.676727272727273e-05,0.0,-0.0019998475283623408,0.0020715049827569588
4.677545454545455e-05,0.0,-0.0019808886067198533,0.0020057289993350436
4.678363636363637e-05,0.0,-0.0019389519044220181,0.0019415047578003883
4.679181818181819e-05,0.0,-0.0018759741108205653,0.0018788147013918074
4.6800000000000006e-05,0.0,-0.0017940517242895906,0.0018176429772845735
4.6808181818181824e-05,0.0,-0.001695403215162408,0.0017579756754434093
4.681636363636364e-05,0.0,-0.0015823316491164487,0.001699790544256732
4.682454545454546e-05,0.0,-0.0014571882873367673,0.0016430774208892435
4.683272727272728e-05,0.0,-0.0013223376368172689,0.0015878080629865442
4.68409090909091e-05,0.0,-0.0011801243762129378,0.001533975925118147
4.6849090909090915e-05,0.0,-0.0010328425307560838,0.0014815473962387596
4.6857272727272734e-05,0.0,-0.0008827072149257079,0.0014305191992323243
4.686545454545455e-05,0.0,-0.00073182920483529,0.0013808531694540938
4.687363636363637e-05,0.0,-0.0005821925446812717,0.001332548750586356
4.688181818181819e-05,0.0,-0.00043563533403520165,0.0012855642025687243
4.689000000000001e-05,0.0,-0.00029383378617821787,0.0012399009737834713
4.6898181818181825e-05,0.0,-0.00015828959291389923,0.0011955148523939718
4.690636363636364e-05,0.0,-3.0320579125024623e-05,0.0011524084442579793
4.691454545454546e-05,0.0,8.894541855323682e-05,0.001110536251179195
4.692272727272728e-05,0.0,0.00019857355959281177,0.0010699011015152572
4.69309090909091e-05,0.0,0.00029782204526587855,0.0010304574301264811
4.6939090909090916e-05,0.0,0.00038613938935482927,0.0009922073124773892
4.6947272727272735e-05,0.0,0.0004631591318747544,0.0009551063201584605
4.695545454545455e-05,0.0,0.0005286922393478933,0.0009191548090722113
4.696363636363637e-05,0.0,0.0005827174553437106,0.0008843106259688998
4.697181818181819e-05,0.0,0.0006253698797965698,0.0008505714979473289
4.698000000000001e-05,0.0,0.0006569280651171537,0.0008178985730572406
4.6988181818181826e-05,0.0,0.0006777999214868836,0.0007862861438476411
4.6996363636363644e-05,0.0,0.000688507723204011,0.0007556995310436086
4.700454545454546e-05,-0.0,0.0006896725028401875,0.0007261289317381696
4.701272727272728e-05,-0.0,0.000681998110629998,0.0006975445199462493
4.70209090909091e-05,-0.0,0.0006662552033646656,0.0006699319159651212
4.702909090909092e-05,-0.0,0.0006432654105443345,0.0006432666090493239
4.7037272727272735e-05,-0.0,0.0006138859061379987,0.0006175293674448245
4.7045454545454554e-05,-0.0,0.000578994592501453,0.000592701220420942
4.705363636363637e-05,-0.0,0.0005394760793163752,0.0005687580320915894
4.706181818181819e-05,-0.0,0.0004962086153437539,0.0005456863511205488
4.707000000000001e-05,-0.0,0.000450052104830625,0.000523457315410703
4.707818181818183e-05,-0.0,0.00040183731405237747,0.0005020627295251563
4.7086363636363645e-05,-0.0,0.00035235634717140676,0.00048146940925315013
4.709454545454546e-05,-0.0,0.0003023544447741142,0.0004616739219618248
4.710272727272728e-05,-0.0,0.0002525231335047978,0.0004426393772071374
4.71109090909091e-05,-0.0,0.0002034947315009198,0.00042436640606960575
4.711909090909092e-05,-0.0,0.0001558381921613369,0.0004068152151118914
4.7127272727272736e-05,-0.0,0.00011005624841347732,0.00038998962708487435
4.7135454545454554e-05,-0.0,6.6583801305325e-05,0.00037384790267529683
4.714363636363637e-05,-0.0,2.5787480603106176e-05,0.00035839605247068543
4.715181818181819e-05,-0.0,-1.203370875212578e-05,0.00034359146114511507
4.716000000000001e-05,-0.0,-4.664675191000038e-05,0.0003294412390802802
4.716818181818183e-05,-0.0,-7.788210768814495e-05,0.0003159030305589495
4.7176363636363646e-05,-0.0,-0.00010563042364500549,0.00030298392543464157
4.7184545454545464e-05,-0.0,-0.0001298386000624022,0.00029064297823232975
4.719272727272728e-05,-0.0,-0.00015050532220741686,0.0002788861595592585
4.72009090909091e-05,-0.0,-0.00016767618004414085,0.00026767504767861056
4.720909090909092e-05,-0.0,-0.00018143849236053843,0.00025701347006460627
4.721727272727274e-05,-0.0,-0.0001919159482356005,0.0002468665540568047
4.7225454545454555e-05,-0.0,-0.00019926317308799555,0.00023723508476008293
4.7233636363636374e-05,-0.0,-0.00020366031942634983,0.00022808862843541155
4.724181818181819e-05,-0.0,-0.0002053077740813913,0.000219424196868691
4.725000000000001e-05,0.0,-0.00020442106436614733,0.0002112165084019254
4.725818181818183e-05,0.0,-0.00020122603550821436,0.00020345827369928568
4.7266363636363647e-05,0.0,-0.00019595436105111313,0.00019612986683783772
4.7274545454545465e-05,0.0,-0.00018883943694759147,0.00018921939660313902
4.728272727272728e-05,0.0,-0.00018011269897618665,0.00018271316433409674
4.7290909090909095e-05,0.0,-0.0001700003921025653,0.00017659461460275283
4.729909090909091e-05,0.0,-0.0001587208096644864,0.00017085600422775749
4.730727272727273e-05,0.0,-0.00014648200995216187,0.00016547628782446902
4.731545454545455e-05,0.0,-0.00013348000803384166,0.00016045346344340541
4.732363636363637e-05,0.0,-0.0001198974316694812,0.00015576239196363615
4.7331818181818186e-05,0.0,-0.0001059026219736145,0.00015140636867023158
4.7340000000000004e-05,0.0,-9.164915222264026e-05,0.0001473567530023135
4.734818181818182e-05,0.0,-7.72757319219086e-05,0.00014362148740493043
4.735636363636364e-05,0.0,-6.290645800348035e-05,0.00014016918361815315
4.736454545454546e-05,0.0,-4.865137084437556e-05,0.00013701160810094984
4.737272727272728e-05,0.0,-3.4607269685837555e-05,0.00013411549989768482
4.7380909090909095e-05,0.0,-2.085873998702216e-05,0.00013149549342838157
4.7389090909090914e-05,0.0,-7.479344235891967e-06,0.00012911740892516976
4.739727272727273e-05,0.0,5.4670722747146355e-06,0.00012699770456251784
4.740545454545455e-05,0.0,1.792500827178526e-05,0.00012510227284569418
4.741363636363637e-05,0.0,2.984591169461259e-05,0.000123448309925954
4.742181818181819e-05,0.0,4.118680642938794e-05,0.00012200276990320207
4.7430000000000005e-05,0.0,5.190898046144089e-05,0.00012078250532537678
4.743818181818182e-05,0.0,6.197677140940893e-05,0.00011975648413172158
4.744636363636364e-05,0.0,7.135648098016017e-05,0.00011894018059993745
4.745454545454546e-05,0.0,8.001544504538623e-05,0.00011830546000273499
4.746272727272728e-05,0.0,8.792128089457774e-05,0.00011786546862103954
4.7470909090909096e-05,0.0,9.504132786927288e-05,0.00011759575522663096
4.7479090909090915e-05,0.0,0.00010134229213297376,0.00011750630577696402
4.748727272727273e-05,0.0,0.00010679010087922052,0.00011757701537318182
4.749545454545455e-05,0.0,0.00011134996592152315,0.00011781402142182356
4.750363636363637e-05,-0.0,0.00011498665143256154,0.0001182020813386275
4.751181818181819e-05,-0.0,0.00011766493569003616,0.0001187429610240657
4.7520000000000006e-05,-0.0,0.00011935025211980588,0.00011942662885925832
4.7528181818181824e-05,-0.0,0.00012000949077222254,0.00012025013752375937
4.753636363636364e-05,-0.0,0.00011961193768414164,0.00012120883129166828
4.754454545454546e-05,-0.0,0.00011813032641651798,0.00012229490004059452
4.755272727272728e-05,-0.0,0.00011554197345612774,0.0001235090342280735
4.75609090909091e-05,-0.0,0.00011182996716133312,0.00012483860907168973
4.7569090909090915e-05,-0.0,0.00010698437853835263,0.00012628943274954794
4.7577272727272734e-05,-0.0,0.00010100346136869657,0.0001278443113956365
4.758545454545455e-05,-0.0,9.389480907221028e-05,0.00012951374738932143
4.759363636363637e-05,-0.0,8.56764361753277e-05,0.0001312764139338521
4.760181818181819e-05,-0.0,7.637775334354863e-05,0.00013314690109730303
4.761000000000001e-05,-0.0,6.604040660600485e-05,0.00013510036189849325
4.7618181818181825e-05,-0.0,5.471895361620649e-05,0.00013715470499094104
4.762636363636364e-05,-0.0,4.248135251700515e-05,0.00013928233121486355
4.763454545454546e-05,-0.0,2.9409242161988872e-05,0.0001415035642519201
4.764272727272728e-05,-0.0,1.559799603528162e-05,0.0001437889476224502
4.76509090909091e-05,-0.0,1.1565361468936125e-06,0.00014616021679981017
4.7659090909090916e-05,-0.0,-1.3793102602533439e-05,0.00014858704506541076
4.7667272727272734e-05,-0.0,-2.9116462662133343e-05,0.00015109151668547694
4.767545454545455e-05,-0.0,-4.4667609173675246e-05,0.00015364347449165058
4.768363636363637e-05,-0.0,-6.029032626333846e-05,0.00015626427201691844
4.769181818181819e-05,-0.0,-7.58195554785839e-05,0.00015892497144785338
4.770000000000001e-05,-0.0,-9.108306299113926e-05,0.00016164514409478458
4.7708181818181826e-05,-0.0,-0.00010590331776003464,0.00016439808741220668
4.7716363636363644e-05,-0.0,-0.0001200995586396935,0.00016720061091692078
4.772454545454546e-05,-0.0,-0.00013349002449419524,0.00017002918628959747
4.773272727272728e-05,-0.0,-0.00014589431780383626,0.0001728969948374084
4.77409090909091e-05,-0.0,-0.000157135869084421,0.00017578450423229048
4.774909090909092e-05,-0.0,-0.0001670444667388356,0.00017870055108368257
4.7757272727272735e-05,0.0,-0.00017545881477323288,0.00018163026802549672
4.7765454545454554e-05,0.0,-0.0001822290791775438,0.00018457761116078008
4.777363636363637e-05,0.0,-0.00018721938272493676,0.00018753286487831425
4.778181818181819e-05,0.0,-0.00019031020751259544,0.00019049477311127585
4.779000000000001e-05,0.0,-0.00019140066476455917,0.00019345905470277456
4.7798181818181827e-05,0.0,-0.00019041059225578802,0.000196419129117288
4.7806363636363645e-05,0.0,-0.00018728244119487966,0.00019937621470544995
4.781454545454546e-05,0.0,-0.00018198291651044915,0.00020231851988756493
4.782272727272728e-05,0.0,-0.00017450433720261625,0.0002052526052932906
4.78309090909091e-05,0.0,-0.00016486568671701047,0.0002081618046958523
4.783909090909092e-05,0.0,-0.00015311332713684192,0.00021105764598021258
4.7847272727272736e-05,0.0,-0.00013932135532346746,0.0002139191358507472
4.7855454545454554e-05,0.0,-0.0001235915839134579,0.00021676219006380617
4.786363636363637e-05,0.0,-0.00010605313523773548,0.0002195622265757299
4.787181818181819e-05,0.0,-8.686164169562827e-05,0.00022233878718081235
4.788000000000001e-05,0.0,-6.619805181772868e-05,0.00022506460177788368
4.788818181818183e-05,0.0,-4.4267047106308046e-05,0.0002277619235359139
4.7896363636363646e-05,0.0,-2.1295080667547612e-05,0.00023040182205180795
4.7904545454545464e-05,0.0,2.4719454403783e-06,0.00023300823063772394
4.791272727272728e-05,0.0,2.6771341414467175e-05,0.00023555167240141685
4.79209090909091e-05,0.0,5.132660113094182e-05,0.0002380566545901527
4.792909090909092e-05,0.0,7.585065012317411e-05,0.0002404943084631127
4.793727272727274e-05,0.0,0.00010004933149664025,0.00024288857943991513
4.7945454545454555e-05,0.0,0.00012362508666255553,0.0002452123546314314
4.7953636363636373e-05,0.0,0.00014628078379930236,0.0002474878998753385
4.796181818181819e-05,0.0,0.0001677236435788448,0.0002496909503942404
4.797000000000001e-05,0.0,0.00018766920898940972,0.00025184104056326243
4.797818181818183e-05,0.0,0.0002058453041027713,0.00025391774320994323
4.7986363636363646e-05,0.0,0.00022199592542088956,0.0002559369215051513
4.7994545454545465e-05,0.0,0.00023588500902714846,0.0002578828284310115
4.800272727272728e-05,-0.0,0.00024730001718527886,0.0002597668711085089
4.80109090909091e-05,-0.0,0.0002560552892865564,0.0002615786391887594
4.801909090909092e-05,-0.0,0.00026199510414424667,0.0002633244911474153
4.802727272727274e-05,-0.0,0.0002649964035624587,0.0002649997915902522
4.803545454545455e-05,-0.0,0.00026497113083991683,0.00026660548017630014
4.804363636363637e-05,-0.0,0.00026186814236913,0.0002681428928809649
4.8051818181818186e-05,-0.0,0.00025567465570663776,0.0002696074242460564
4.8060000000000004e-05,-0.0,0.0002464172033578788,0.00027100632246379483
4.806818181818182e-05,-0.0,0.00023416206796819677,0.0002723295659619249
4.807636363636364e-05,-0.0,0.00021901518155721024,0.00027358999769408596
4.808454545454546e-05,-0.0,0.00020112147878497533,0.00027477256475466947
4.809272727272728e-05,-0.0,0.0001806637018935455,0.0002758951379169878
4.8100909090909095e-05,-0.0,0.00015786066281785196,0.0002769382625237111
4.8109090909090914e-05,-0.0,0.00013296497589176422,0.0002779240412253896
4.811727272727273e-05,-0.0,0.00010626028247275791,0.0002788294695758403
4.812545454545455e-05,-0.0,7.805799655458725e-05,0.0002796798888814389
4.813363636363637e-05,-0.0,4.869360791393134e-05,0.0002804497858973842
4.8141818181818187e-05,-0.0,1.8522586426949647e-05,0.0002811665920376096
4.8150000000000005e-05,-0.0,-1.2084062219315625e-05,0.000281803472048548
4.815818181818182e-05,-0.0,-4.274453321632723e-05,0.00028238869422874535
4.816636363636364e-05,-0.0,-7.307119025043801e-05,0.0002828953824104302
4.817454545454546e-05,-0.0,-0.00010267569810396937,0.0002833513411996896
4.818272727272728e-05,-0.0,-0.00013117425071201936,0.0002837309712234448
4.8190909090909096e-05,-0.0,-0.000158192822511461,0.00028406032696915465
4.8199090909090914e-05,-0.0,-0.00018337236929399803,0.0002843163787552337
4.820727272727273e-05,-0.0,-0.0002063739042038857,0.00028452222156773903
4.821545454545455e-05,-0.0,-0.00022688337503008562,0.0002846586011204182
4.822363636363637e-05,-0.0,-0.00024461627054260266,0.00028474458185594225
4.823181818181819e-05,-0.0,-0.00025932188630791895,0.00028476574300850864
4.8240000000000006e-05,-0.0,-0.0002707871841677912,0.00028473624241574726
4.8248181818181824e-05,-0.0,-0.00027884018434271094,0.0002846473479359982
4.825636363636364e-05,0.0,-0.0002833528348731851,0.0002845076787150986
4.826454545454546e-05,0.0,-0.0002842433097690795,0.00028431479566855207
4.827272727272728e-05,0.0,-0.00028147769471410897,0.00028407142975047793
4.82809090909091e-05,0.0,-0.00027507102736997044,0.00028378175144657775
4.8289090909090915e-05,0.0,-0.00026508766813206514,0.00028344256244747647
4.8297272727272733e-05,0.0,-0.0002516409864858559,0.0002830646467513133
4.830545454545455e-05,0.0,-0.0002348923577700974,0.00028263915526642727
4.831363636363637e-05,0.0,-0.00021504947503241714,0.00028218316651958364
4.832181818181819e-05,0.0,-0.00019236399061931957,0.00028168277371938636
4.8330000000000007e-05,0.0,-0.00016712851202840508,0.0002811607130981336
4.8338181818181825e-05,0.0,-0.00013967298621705786,0.00028059890612590143
4.834636363636364e-05,0.0,-0.00011036051586310083,0.00028002481310224013
4.835454545454546e-05,0.0,-7.958265986679228e-05,0.00027941732411441896
4.836272727272728e-05,0.0,-4.775427853271829e-05,0.0002788074298230141
4.83709090909091e-05,0.0,-1.5307991243866835e-05,0.0002781723292285835
4.8379090909090916e-05,0.0,1.731167908287697e-05,0.0002775451411370014
4.8387272727272734e-05,0.0,4.965439499912077e-05,0.00027690284496289776
4.839545454545455e-05,0.0,8.127024285234968e-05,0.0002762791416787222
4.840363636363637e-05,0.0,0.00011171603311029064,0.00027565231341290585
4.841181818181819e-05,0.0,0.000140561573397841,0.0002750550291230367
4.842000000000001e-05,0.0,0.00016739582428942573,0.00027446835824928016
4.8428181818181826e-05,0.0,0.00019183284853745296,0.0002739223386143518
4.8436363636363644e-05,0.0,0.000213517466372849,0.00027340218185700294
4.844454545454546e-05,0.0,0.00023213053277259456,0.00027293379778706574
4.845272727272728e-05,0.0,0.0002473937571174037,0.000272507675436038
4.84609090909091e-05,0.0,0.00025907399140674063,0.0002721442886093306
4.846909090909092e-05,0.0,0.0002669869200869904,0.0002718402375359816
4.8477272727272735e-05,0.0,0.00027100009249326367,0.00027160952198497556
4.8485454545454553e-05,0.0,0.0002710352478003657,0.000271455319000428
4.849363636363637e-05,0.0,0.00026706989210184117,0.0002713844563214054
4.850181818181819e-05,-0.0,0.0002591380976512205,0.0002714067397578004
4.851000000000001e-05,-0.0,0.0002473305052586227,0.0002715215206207936
4.8518181818181826e-05,-0.0,0.00023179352218201803,0.00027174485303799097
4.8526363636363645e-05,-0.0,0.0002127277194224318,0.00027206873286811763
4.853454545454546e-05,-0.0,0.00019038544395771995,0.0002725146612989417
4.854272727272728e-05,-0.0,0.0001650676729584473,0.00027306783068153944
4.85509090909091e-05,-0.0,0.00013712014824938782,0.00027375401007344796
4.855909090909092e-05,-0.0,0.00010692884004173084,0.0002745525478007135
4.8567272727272736e-05,-0.0,7.491479910100232e-05,0.0002754919956923318
4.8575454545454554e-05,-0.0,4.1528465879480514e-05,0.00027654717199167723
4.858363636363637e-05,-0.0,7.24351358514674e-06,0.00027774771617542475
4.859181818181819e-05,-0.0,-2.744969045076758e-05,0.0002790655042388828
4.860000000000001e-05,-0.0,-6.205091452773185e-05,0.0002805294699963746
4.860818181818183e-05,-0.0,-9.605708792808576e-05,0.00028211030603706973
4.8616363636363646e-05,-0.0,-0.0001289694227583552,0.0002838344673311829
4.8624545454545464e-05,-0.0,-0.00016030053100496308,0.00028567327561428347
4.863272727272728e-05,-0.0,-0.00018958143482577491,0.00028764906892458805
4.86409090909091e-05,-0.0,-0.0002163683688781202,0.00028973554247110813
4.864909090909092e-05,-0.0,-0.00024024927574626441,0.00029194951703758945
4.865727272727274e-05,-0.0,-0.00026084989925486665,0.0002942686212597556
4.8665454545454555e-05,-0.0,-0.00027783938559502254,0.00029670307939604095
4.867363636363637e-05,-0.0,-0.00029093530867886614,0.0002992357284364115
4.868181818181819e-05,-0.0,-0.000299908043889413,0.000301869497072497
4.869000000000001e-05,-0.0,-0.0003045844232978198,0.0003045933431258557
4.869818181818183e-05,-0.0,-0.00030485061535714226,0.00030740261368259603
4.8706363636363646e-05,-0.0,-0.000300654182910833,0.00031029288818159624
4.8714545454545465e-05,-0.0,-0.0002920052849216507,0.0003132520653493382
4.872272727272728e-05,-0.0,-0.0002789769994654306,0.000316282416210889
4.87309090909091e-05,-0.0,-0.00026170475806753754,0.00031936492518418375
4.873909090909092e-05,-0.0,-0.00024038489420482424,0.00032250820417720265
4.874727272727274e-05,-0.0,-0.0002152723215665402,0.0003256872179522107
4.8755454545454556e-05,0.0,-0.0001866773702770429,0.00032891618423465233
4.8763636363636374e-05,0.0,-0.0001549618215455009,0.00033216524534572165
4.877181818181819e-05,0.0,-0.00012053419294047609,0.0003354531632538948
4.8780000000000004e-05,0.0,-8.384433751429129e-05,0.0003387466861295286
4.878818181818182e-05,0.0,-4.537743015756992e-05,0.00034206780606084697
4.879636363636364e-05,0.0,-5.647423695650208e-06,0.0003453814560934009
4.880454545454546e-05,0.0,3.480993479169633e-05,0.00034871137614361075
4.881272727272728e-05,0.0,7.544443025871882e-05,0.00035202232923395603
4.8820909090909095e-05,0.0,0.00011569894612064949,0.0003553382419080339
4.8829090909090913e-05,0.0,0.00015501716451796205,0.00035862533368867495
4.883727272727273e-05,0.0,0.00019285129181650167,0.0003619061666798291
4.884545454545455e-05,0.0,0.0002286697000114707,0.00036514994420777154
4.885363636363637e-05,0.0,0.0002619643755567697,0.0003683764073380322
4.8861818181818186e-05,0.0,0.0002922580695700657,0.00037155909821803634
4.8870000000000005e-05,0.0,0.00031911104733685033,0.00037471365052310624
4.887818181818182e-05,0.0,0.00034212734049986025,0.0003778190654953293
4.888636363636364e-05,0.0,0.00036096041219720694,0.00038088581739962446
4.889454545454546e-05,0.0,0.0003753181536050226,0.00038389920270706694
4.890272727272728e-05,0.0,0.0003849671397296443,0.0003868637685754093
4.8910909090909096e-05,0.0,0.0003897360827438559,0.0003897716241867271
4.8919090909090914e-05,0.0,0.00038951843251989896,0.0003926209404399287
4.892727272727273e-05,0.0,0.0003842740861141483,0.0003954108195362976
4.893545454545455e-05,0.0,0.00037403018062832547,0.00039813294301404173
4.894363636363637e-05,0.0,0.0003588809569241956,0.0004007932470937768
4.895181818181819e-05,0.0,0.0003389866949106348,0.0004033771474996821
4.8960000000000006e-05,0.0,0.0003145717343588242,0.00040589693010435225
4.8968181818181824e-05,0.0,0.00028592160823905853,0.0004083322892435854
4.897636363636364e-05,0.0,0.0002533793282208504,0.0004107010796919599
4.898454545454546e-05,0.0,0.0002173408740518903,0.00041297810877365386
4.899272727272728e-05,0.0,0.00017824994985385752,0.00041518576536913194
4.90009090909091e-05,-0.0,0.00013659208077738302,0.00041729504988421973
4.9009090909090915e-05,-0.0,9.288813279178384e-05,0.0004193316499036215
4.901727272727273e-05,-0.0,4.768734651164094e-05,0.00042126402960295417
4.902545454545455e-05,-0.0,1.5599827649909854e-06,0.00042311980110153956
4.903363636363637e-05,-0.0,-4.4910317010172285e-05,0.0004248662904473478
4.904181818181819e-05,-0.0,-9.113434856985259e-05,0.00042653158853339624
4.9050000000000006e-05,-0.0,-0.00013652523156519302,0.00042808334068697136
4.9058181818181825e-05,-0.0,-0.00018050625509001105,0.00042954866851019845
4.906636363636364e-05,-0.0,-0.00022251857286839606,0.00043089698357276214
4.907454545454546e-05,-0.0,-0.0002620286412952313,0.00043215305599136596
4.908272727272728e-05,-0.0,-0.0002985352974955087,0.000433289431994705
4.90909090909091e-05,-0.0,-0.0003315763799922042,0.0004343272778377289
4.9099090909090916e-05,-0.0,-0.00036073480138359266,0.00043524350091560574
4.9107272727272734e-05,-0.0,-0.00038564399052537946,0.00043605459794826757
4.911545454545455e-05,-0.0,-0.00040599263096758323,0.0004367428662749715
4.912363636363637e-05,-0.0,-0.0004215286326695157,0.0004373193015162272
4.913181818181819e-05,-0.0,-0.00043206228515222387,0.0004377723761128233
4.914000000000001e-05,-0.0,-0.00043746855207852303,0.0004381070231399377
4.9148181818181825e-05,-0.0,-0.0004376884795997207,0.0004383183975673504
4.9156363636363644e-05,-0.0,-0.0004327297034922519,0.0004384051018384958
4.916454545454546e-05,-0.0,-0.00042266605293896136,0.00043836918207601814
4.917272727272728e-05,-0.0,-0.00040763626159870517,0.0004382029450776543
4.91809090909091e-05,-0.0,-0.00038784180916553475,0.00043791523057198965
4.918909090909092e-05,-0.0,-0.0003635439287612745,0.00043749238381296854
4.9197272727272735e-05,-0.0,-0.0003350598270573588,0.0004369496408025275
4.920545454545455e-05,-0.0,-0.0003027581748183131,0.0004362680012652983
4.921363636363637e-05,-0.0,-0.00026705393544707105,0.00043546841993917826
4.922181818181819e-05,-0.0,-0.00022840260795190472,0.0004345274194588535
4.923000000000001e-05,-0.0,-0.00018729396842278963,0.00043347074725460724
4.9238181818181826e-05,-0.0,-0.00014424540049716482,0.0004322715294205094
4.9246363636363645e-05,-0.0,-9.979491032787791e-05,0.00043095917380896144
4.925454545454546e-05,0.0,-5.449392517782295e-05,0.0004295046533466488
4.926272727272728e-05,0.0,-8.899976915968148e-06,0.00042793974871984915
4.92709090909091e-05,0.0,3.6430627641056825e-05,0.0004262346297781273
4.927909090909092e-05,0.0,8.095004840628743e-05,0.0004244220644277439
4.9287272727272736e-05,0.0,0.00012412596684465555,0.0004224728157373191
4.9295454545454554e-05,0.0,0.0001654483587325329,0.000420419216424221
4.930363636363637e-05,0.0,0.0002044358946489101,0.0004182340029156176
4.931181818181819e-05,0.0,0.00024064188424149018,0.00041594767613712736
4.932000000000001e-05,0.0,0.00027365968770178445,0.00041353624822756447
4.932818181818183e-05,0.0,0.00030312752629552044,0.00041102707887082746
4.9336363636363645e-05,0.0,0.00032873263309350577,0.00040840062214793626
4.9344545454545464e-05,0.0,0.0003502146950856873,0.0004056799317638533
4.935272727272728e-05,0.0,0.00036736854847921574,0.00040285088126145976
4.93609090909091e-05,0.0,0.00038004610001481066,0.00039993124973354425
4.936909090909092e-05,0.0,0.0003881574584164202,0.00039691307438295204
4.937727272727274e-05,0.0,0.0003916712714483166,0.0003938081301968549
4.9385454545454555e-05,0.0,0.00039061427532355964,0.0003906150942076302
4.939363636363637e-05,0.0,0.00038507007422284217,0.00038733927976020095
4.940181818181819e-05,0.0,0.0003751771782826263,0.00038398618863896654
4.941000000000001e-05,0.0,0.0003611263384440219,0.00038055450810415143
4.941818181818183e-05,0.0,0.0003431572258785907,0.0003770564477906734
4.9426363636363646e-05,0.0,0.00032155451219768676,0.00037348420595194727
4.9434545454545465e-05,0.0,0.00029664341419637357,0.00036985628402918543
4.944272727272728e-05,0.0,0.00026878477338484075,0.0003661588250372506
4.94509090909091e-05,0.0,0.00023836974593907748,0.0003624159230647224
4.945909090909092e-05,0.0,0.00020581418289569888,0.0003586083782890724
4.946727272727274e-05,0.0,0.00017155278338037587,0.0003547649240736931
4.9475454545454556e-05,0.0,0.00013603310537295367,0.0003508619781151844
4.9483636363636374e-05,0.0,9.970951897264167e-05,0.00034693174615549853
4.949181818181819e-05,0.0,6.303718634963928e-05,0.00034294742957573135
4.950000000000001e-05,-0.0,2.6466150588612266e-05,0.00033894337689610403
4.950818181818183e-05,-0.0,-9.564387504956507e-06,0.0003348908932503339
4.951636363636365e-05,-0.0,-4.4631529784702646e-05,0.0003308250364265111
4.952454545454546e-05,-0.0,-7.833380870071953e-05,0.0003267166298492773
4.953272727272728e-05,-0.0,-0.00011029591929084527,0.0003225999673310816
4.9540909090909095e-05,-0.0,-0.0001401729986416376,0.00031844683525624726
4.954909090909091e-05,-0.0,-0.00016765440382918715,0.00031428931711162595
4.955727272727273e-05,-0.0,-0.0001924669474937178,0.0003101015707062969
4.956545454545455e-05,-0.0,-0.00021437755876307628,0.0003059121157160308
4.957363636363637e-05,-0.0,-0.00023319534608202426,0.0003016987884018093
4.9581818181818186e-05,-0.0,-0.00024877304748798667,0.0002974853462166726
4.9590000000000005e-05,-0.0,-0.00026100786286206246,0.00029325444841772706
4.959818181818182e-05,-0.0,-0.00026984167154317246,0.0002890241023634744
4.960636363636364e-05,-0.0,-0.00027526064729534546,0.0002847827184225526
4.961454545454546e-05,-0.0,-0.00027729429084196204,0.00028054182257432006
4.962272727272728e-05,-0.0,-0.0002760139079124353,0.00027629624374034636
4.9630909090909096e-05,-0.0,-0.00027153056788191404,0.00027205058626118123
4.9639090909090914e-05,-0.0,-0.0002639925845307134,0.0002678064719818921
4.964727272727273e-05,-0.0,-0.0002535825661287729,0.0002635614555660013
4.965545454545455e-05,-0.0,-0.00024051408689749551,0.00025932401407691055
4.966363636363637e-05,-0.0,-0.0002250280358668977,0.0002550848436445011
4.967181818181819e-05,-0.0,-0.0002073887021937904,0.00025085902204351613
4.9680000000000005e-05,-0.0,-0.00018787965811446782,0.00024663088963751954
4.9688181818181824e-05,-0.0,-0.00016679950186602535,0.00024242156337439327
4.969636363636364e-05,-0.0,-0.00014445752313272913,0.0002382098205744176
4.970454545454546e-05,-0.0,-0.00012116935288178669,0.00023402197257681008
4.971272727272728e-05,-0.0,-9.725265788368306e-05,0.00022983228157251868
4.97209090909091e-05,-0.0,-7.302293781448092e-05,0.00022567116193214772
4.9729090909090915e-05,-0.0,-4.878947966981638e-05,0.0002215096175423774
4.973727272727273e-05,-0.0,-2.4851520351445986e-05,0.00021738087574213146
4.974545454545455e-05,-0.0,-1.494663795622218e-06,0.00021325409211680644
4.975363636363637e-05,0.0,2.1012406014732338e-05,0.00020916387518049435
4.976181818181819e-05,0.0,4.242088028230125e-05,0.00020507903259947793
4.9770000000000006e-05,0.0,6.250441881770568e-05,0.00020103404412551078
4.9778181818181825e-05,0.0,8.106135766519201e-05,0.0001969988930038791
4.978636363636364e-05,0.0,9.791651316586253e-05,0.00019300640964652586
4.979454545454546e-05,0.0,0.00011292257096946837,0.00018902923052167215
4.980272727272728e-05,0.0,0.00012596105474229713,0.0001850970741219791
4.98109090909091e-05,0.0,0.00013694287542184553,0.00018118659405078687
4.9819090909090916e-05,0.0,0.00014580846775161992,0.00017732305926248878
4.9827272727272734e-05,0.0,0.0001525275264120677,0.00017348832661747026
4.983545454545455e-05,0.0,0.00015709835927485847,0.0001697020653919534
4.984363636363637e-05,0.0,0.00015954688008368035,0.00016595228643783688
4.985181818181819e-05,0.0,0.0001599252671492552,0.00016225215216071658
4.986000000000001e-05,0.0,0.00015831031839205937,0.00015859649413268252
4.9868181818181825e-05,0.0,0.00015480153623635413,0.0001549913496509576
4.9876363636363644e-05,0.0,0.0001495189784280694,0.00015143871640491916
4.988454545454546e-05,0.0,0.00014260091280234057,0.00014793721164309238
4.989272727272728e-05,0.0,0.00013420131535923756,0.00014449599925770847
4.99009090909091e-05,0.0,0.00012448725172220783,0.00014110632558329676
4.990909090909092e-05,0.0,0.00011363618216520675,0.0001377841666239467
4.9917272727272735e-05,0.0,0.00010183322992266619,0.00013451379670559427
4.992545454545455e-05,0.0,8.926845147176468e-05,0.00013131730328354307
4.993363636363637e-05,0.0,7.613414593742192e-05,0.00012817272688249126
4.994181818181819e-05,0.0,6.262223876168987e-05,0.00012510724404640505
4.995000000000001e-05,0.0,4.892177234972155e-05,0.00012209371184182492
4.9958181818181826e-05,0.0,3.521653360674087e-05,0.00011916309403322248
4.9966363636363644e-05,0.0,2.168284517039279e-05,0.00011628438303961935
4.997454545454546e-05,0.0,8.487543779829356e-06,0.00011349080718083392
4.998272727272728e-05,0.0,-4.213834331660175e-06,0.00011074902237363255
4.99909090909091e-05,0.0,-1.6278644818166827e-05,0.00010809285130874
4.999909090909092e-05,0.0,-2.757849092916199e-05,0.0001054882782769732
5.0007272727272736e-05,-0.0,-3.800033486389124e-05,0.0001029679873333779
5.0015454545454554e-05,-0.0,-4.744735981782009e-05,0.00010049900973573333
5.002363636363637e-05,-0.0,-5.583958139821201e-05,9.811118684408943e-05
5.003181818181819e-05,-0.0,-6.31142105734872e-05,9.577427988497863e-05
5.004000000000001e-05,-0.0,-6.922577361972945e-05,9.351370587315127e-05
5.004818181818183e-05,-0.0,-7.414599759860468e-05,9.130351281499189e-05
5.0056363636363645e-05,-0.0,-7.786347271150347e-05,8.916332322140952e-05
5.0064545454545464e-05,-0.0,-8.03831053981361e-05,8.707281619857563e-05
5.007272727272728e-05,-0.0,-8.172537826212345e-05,8.504473963691897e-05
5.00809090909091e-05,-0.0,-8.192543479407473e-05,8.306545933811933e-05
5.008909090909092e-05,-0.0,-8.103200841253732e-05,8.114012092571572e-05
5.0097272727272737e-05,-0.0,-7.910621654993496e-05,7.926248295239834e-05
5.0105454545454555e-05,-0.0,-7.622024137567941e-05,7.74297555036458e-05
5.011363636363637e-05,-0.0,-7.245591927898225e-05,7.564340533355958e-05
5.012181818181819e-05,-0.0,-6.790326144029333e-05,7.389278678134665e-05
5.013000000000001e-05,-0.0,-6.265892771654766e-05,7.218698118636376e-05
5.013818181818183e-05,-0.0,-5.682467566861636e-05,7.050797477352756e-05
5.0146363636363646e-05,-0.0,-5.050580589064276e-05,6.887196597988129e-05
5.0154545454545464e-05,-0.0,-4.380962388540583e-05,6.725444048465597e-05
5.016272727272728e-05,-0.0,-3.6843937595345275e-05,6.567784045993639e-05
5.01709090909091e-05,-0.0,-2.971560837421383e-05,6.411235078924207e-05
5.017909090909092e-05,-0.0,-2.252917169805066e-05,6.258545640310422e-05
5.018727272727274e-05,-0.0,-1.5385542294612938e-05,6.106350968289816e-05
5.0195454545454556e-05,-0.0,-8.380816646351682e-06,5.957757448371298e-05
5.0203636363636374e-05,-0.0,-1.6051840230090417e-06,5.809183255807667e-05
5.021181818181819e-05,-0.0,4.85804464461673e-06,5.6639276742546886e-05
5.022000000000001e-05,-0.0,1.0933282600472088e-05,5.518369189256478e-05
5.022818181818183e-05,-0.0,1.6553382214432242e-05,5.375824782249774e-05
5.023636363636365e-05,-0.0,2.1660215280462903e-05,5.2328133807769346e-05
5.0244545454545465e-05,-0.0,2.620511666966539e-05,5.0924929540641056e-05
5.0252727272727283e-05,0.0,3.0149191054029966e-05,4.951697440815117e-05
5.02609090909091e-05,0.0,3.346348403881859e-05,4.81325619281282e-05
5.026909090909091e-05,0.0,3.6129020562910105e-05,4.674479241065764e-05
5.027727272727273e-05,0.0,3.813671483579621e-05,4.537713055473654e-05
5.028545454545455e-05,0.0,3.948715736924904e-05,4.4008840402168926e-05
5.029363636363637e-05,0.0,4.01902858254153e-05,4.265724505626059e-05
5.0301818181818186e-05,0.0,4.0264947436999934e-05,4.1308901708816506e-05
5.0310000000000005e-05,0.0,3.9738361656192174e-05,3.997397821085145e-05
5.031818181818182e-05,0.0,3.864549245575207e-05,3.864712447907018e-05
5.032636363636364e-05,0.0,3.702834033939173e-05,3.733070000388223e-05
5.033454545454546e-05,0.0,3.493516462280391e-05,3.602787059093551e-05
5.034272727272728e-05,0.0,3.2419646926356224e-05,3.473294835710898e-05
5.0350909090909096e-05,0.0,2.9540007080803183e-05,3.3457625995678845e-05
5.0359090909090914e-05,0.0,2.635808279347206e-05,3.2188389444709104e-05
5.036727272727273e-05,0.0,2.293838445969827e-05,3.0945033324178204e-05
5.037545454545455e-05,0.0,1.9347136439259176e-05,2.9706938289407793e-05
5.038363636363637e-05,0.0,1.5651315957624853e-05,2.8501129680431185e-05
5.039181818181819e-05,0.0,1.191770054465775e-05,2.7301137227353553e-05
5.0400000000000005e-05,0.0,8.211934595825203e-06,2.6139904870703596e-05
5.0408181818181824e-05,0.0,4.5976252387963364e-06,2.4986927305273575e-05
5.041636363636364e-05,0.0,1.1354772166229524e-06,2.387933754994995e-05
5.042454545454546e-05,0.0,-2.117524037150661e-06,2.2784991520152607e-05
5.043272727272728e-05,0.0,-5.108872550468909e-06,2.1743107881444397e-05
5.04409090909091e-05,0.0,-7.791237258245833e-06,2.0722875190836133e-05
5.0449090909090915e-05,0.0,-1.0123085503669072e-05,1.9763180616024128e-05
5.045727272727273e-05,0.0,-1.2069228098816427e-05,1.8838018306843575e-05
5.046545454545455e-05,0.0,-1.3601280231842892e-05,1.798327076117739e-05
5.047363636363637e-05,0.0,-1.4698033331420066e-05,1.718146130909066e-05
5.048181818181819e-05,0.0,-1.534573385851597e-05,1.6462543199786705e-05
5.0490000000000006e-05,0.0,-1.5538265886975658e-05,1.58209111587133e-05
5.0498181818181824e-05,0.0,-1.5277235254068243e-05,1.5277306370078364e-05
5.050636363636364e-05,-0.0,-1.4571954007214347e-05,1.4839751117439772e-05
5.051454545454546e-05,-0.0,-1.343932484058137e-05,1.4516057473941543e-05
5.052272727272728e-05,-0.0,-1.190362620132376e-05,1.4326611995485356e-05
5.05309090909091e-05,-0.0,-9.996199744707537e-06,1.4262858557705487e-05
5.0539090909090916e-05,-0.0,-7.755042823821433e-06,1.435309048593071e-05
5.0547272727272734e-05,-0.0,-5.224309706321288e-06,1.4571586804533116e-05
5.055545454545455e-05,-0.0,-2.453726211065601e-06,1.494916287311448e-05
5.056363636363637e-05,-0.0,5.020765552730216e-07,1.5447206189311704e-05
5.057181818181819e-05,-0.0,3.584302715409264e-06,1.6095282785388307e-05
5.058000000000001e-05,-0.0,6.730798810724989e-06,1.6850135275987948e-05
5.0588181818181825e-05,-0.0,9.876919186769476e-06,1.7737875048725225e-05
5.0596363636363644e-05,-0.0,1.2956440257610427e-05,1.8718815337719197e-05
5.060454545454546e-05,-0.0,1.5902513553695532e-05,1.9813705611383296e-05
5.061272727272728e-05,-0.0,1.8648646754115177e-05,2.0991906438426535e-05
5.06209090909091e-05,-0.0,2.112970128555072e-05,2.2266913387451472e-05
5.0629090909090917e-05,-0.0,2.3282894548428586e-05,2.3619704319993277e-05
5.0637272727272735e-05,-0.0,2.504879441798359e-05,2.5055091687292585e-05
5.064545454545455e-05,-0.0,2.6372293375706637e-05,2.6566218062880676e-05
5.065363636363637e-05,-0.0,2.720354946536064e-05,2.8148580616117745e-05
5.066181818181819e-05,-0.0,2.749888124623814e-05,2.9806822131967832e-05
5.067000000000001e-05,-0.0,2.722160404230258e-05,3.1527321022706124e-05
5.0678181818181826e-05,-0.0,2.6342795066182893e-05,3.33248485514507e-05
5.0686363636363644e-05,-0.0,2.4841975437508728e-05,3.51775526044969e-05
5.069454545454546e-05,-0.0,2.2707697719800245e-05,3.7108544466413616e-05
5.070272727272728e-05,-0.0,1.993802837053397e-05,3.908913847817925e-05
5.07109090909091e-05,-0.0,1.6540915433831367e-05,4.1148760560318514e-05
5.071909090909092e-05,-0.0,1.2534432900809335e-05,4.325362294300696e-05
5.0727272727272736e-05,-0.0,7.94689441332886e-06,4.543733098699212e-05
5.0735454545454554e-05,-0.0,2.816830384917501e-06,4.766291042980799e-05
5.074363636363637e-05,-0.0,-2.8071758523571524e-06,4.996600155236245e-05
5.075181818181819e-05,0.0,-8.866795607780235e-06,5.230841791664333e-05
5.076000000000001e-05,0.0,-1.5294407065812444e-05,5.4725765041329924e-05
5.076818181818183e-05,0.0,-2.2013691307282517e-05,5.718057377076433e-05
5.0776363636363645e-05,0.0,-2.8940369310206057e-05,5.970649151064462e-05
5.0784545454545463e-05,0.0,-3.5983075156264666e-05,6.226856640546365e-05
5.079272727272728e-05,0.0,-4.304435868211821e-05,6.4896770663696e-05
5.08009090909091e-05,0.0,-5.00218088337752e-05,6.756027240924083e-05
5.080909090909092e-05,0.0,-5.680928703550636e-05,7.028390646474123e-05
5.0817272727272736e-05,0.0,-6.329825800137385e-05,7.304231338401867e-05
5.0825454545454555e-05,0.0,-6.937920362642459e-05,7.585402069620302e-05
5.083363636363637e-05,0.0,-7.494310392462577e-05,7.870020449211277e-05
5.084181818181819e-05,0.0,-7.988296746012073e-05,8.15922336046328e-05
5.085000000000001e-05,0.0,-8.409539237559525e-05,8.451856712952626e-05
5.085818181818183e-05,0.0,-8.748213798399188e-05,8.748289751446634e-05
5.0866363636363646e-05,0.0,-8.995168598317848e-05,9.048138442125685e-05
5.0874545454545464e-05,0.0,-9.142076970023682e-05,9.350986436736062e-05
5.088272727272728e-05,0.0,-9.181584939219998e-05,9.657228231833053e-05
5.08909090909091e-05,0.0,-9.107451153960468e-05,9.965677145593065e-05
5.089909090909092e-05,0.0,-8.914677028154545e-05,0.00010277482176629968
5.090727272727274e-05,0.0,-8.599624966624155e-05,0.00010590733181984459
5.0915454545454556e-05,0.0,-8.160122623551438e-05,0.00010907278917907032
5.0923636363636374e-05,0.0,-7.595551262591254e-05,0.00011224561718418263
5.093181818181819e-05,0.0,-6.906916434889719e-05,0.00011545047357615865
5.094000000000001e-05,0.0,-6.0968993697874355e-05,0.00011865632227270419
5.094818181818183e-05,0.0,-5.169887680700219e-05,0.00012189291959723232
5.095636363636365e-05,0.0,-4.1319842237594096e-05,0.00012512500017130946
5.0964545454545465e-05,0.0,-2.9909932069997187e-05,0.00012838614644627983
5.097272727272728e-05,0.0,-1.756382930423077e-05,0.00013163825927712256
5.09809090909091e-05,0.0,-4.392248388334785e-06,0.00013491732370628
5.098909090909092e-05,0.0,9.478911138202265e-06,0.00013818391332052186
5.099727272727274e-05,0.0,2.390964461808158e-05,0.00014147489601445672
5.1005454545454556e-05,-0.0,3.874714924953506e-05,0.00014475107717068378
5.1013636363636375e-05,-0.0,5.3827348068778686e-05,0.0001480486500244858
5.1021818181818186e-05,-0.0,6.897661760182988e-05,0.00015133020276670537
5.1030000000000004e-05,-0.0,8.401370257084716e-05,0.00015462971888672983
5.103818181818182e-05,-0.0,9.875179789020585e-05,0.0001579130514676044
5.104636363636364e-05,-0.0,0.00011300077521333348,0.00016121052159683553
5.105454545454546e-05,-0.0,0.0001265695285418163,0.00016449260140675493
5.106272727272728e-05,-0.0,0.00013926841093026682,0.00016778463707830697
5.1070909090909096e-05,-0.0,0.00015091173215862574,0.00017106289112639206
5.1079090909090914e-05,-0.0,0.00016132028544024577,0.00017434661572152246
5.108727272727273e-05,-0.0,0.00017032386982802588,0.0001776188036922421
5.109545454545455e-05,-0.0,0.00017776377400574903,0.0001808917340929355
5.110363636363637e-05,-0.0,0.00018349518663514727,0.0001841557984653065
5.111181818181819e-05,-0.0,0.00018738949839213604,0.0001874157015336178
5.1120000000000005e-05,-0.0,0.00018933646128299665,0.0001906696006579284
5.1128181818181823e-05,-0.0,0.00018924617179178312,0.00019391433027231853
5.113636363636364e-05,-0.0,0.00018705084587583386,0.0001971558615258848
5.114454545454546e-05,-0.0,0.00018270635579104282,0.00020038318319352453
5.115272727272728e-05,-0.0,0.0001761935011779895,0.00020360980423710914
5.1160909090909097e-05,-0.0,0.00016751898975138148,0.00020681721528888482
5.1169090909090915e-05,-0.0,0.0001567161062784832,0.0002100258719806164
5.117727272727273e-05,-0.0,0.00014384505227082707,0.00021321042600267977
5.118545454545455e-05,-0.0,0.00012899294290471047,0.00021639739564345177
5.119363636363637e-05,-0.0,0.00011227345208014727,0.00021955553998005375
5.120181818181819e-05,-0.0,9.382610116854019e-05,0.00022271629814517955
5.1210000000000006e-05,-0.0,7.381519182384683e-05,0.00022584373295715828
5.1218181818181824e-05,-0.0,5.242838817372778e-05,0.00022897285127056194
5.122636363636364e-05,-0.0,2.9874958696892427e-05,0.0002320644178283747
5.123454545454546e-05,-0.0,6.383693059757658e-06,0.00023515549873576405
5.124272727272728e-05,-0.0,-1.7799485942836233e-05,0.00023820510339474393
5.12509090909091e-05,0.0,-4.2414190495614296e-05,0.00024125075632042725
5.1259090909090916e-05,0.0,-6.718848661308165e-05,0.00024425133497286457
5.1267272727272734e-05,0.0,-9.18420302817219e-05,0.00024724319627751265
5.127545454545455e-05,0.0,-0.00011608938368379609,0.0002501867221616302
5.128363636363637e-05,0.0,-0.00013964347097867894,0.00025311551927626873
5.129181818181819e-05,0.0,-0.00016221913030785688,0.00025599305502753856
5.130000000000001e-05,0.0,-0.00018353671643583732,0.00025884871313015
5.1308181818181825e-05,0.0,-0.00020332570678731555,0.000261650505931343
5.1316363636363643e-05,0.0,-0.00022132826262926287,0.0002644222935982831
5.132454545454546e-05,0.0,-0.00023730269680364102,0.0002671379103185181
5.133272727272728e-05,0.0,-0.00025102679975994843,0.0002698146188734081
5.13409090909091e-05,0.0,-0.0002623009766740139,0.00027243311637678775
5.1349090909090916e-05,0.0,-0.0002709511501680489,0.0002750032663244242
5.1357272727272735e-05,0.0,-0.00027683138555542304,0.00027751339073547995
5.136545454545455e-05,0.0,-0.00027982619860053603,0.0002799654576473587
5.137363636363637e-05,0.0,-0.00027985250947716394,0.00028235586523033115
5.138181818181819e-05,0.0,-0.0002768612108840598,0.0002846785167488071
5.139000000000001e-05,0.0,-0.00027083832308038403,0.0002869380082817516
5.1398181818181826e-05,0.0,-0.00026180571387322994,0.0002891203436147785
5.1406363636363644e-05,0.0,-0.00024982136725572773,0.00029123810376639715
5.141454545454546e-05,0.0,-0.0002349791903812422,0.0002932698871163472
5.142272727272728e-05,0.0,-0.00021740835478494197,0.00029523572026851966
5.14309090909091e-05,0.0,-0.00019727217414036767,0.00029710759994848804
5.143909090909092e-05,0.0,-0.0001747665272729303,0.00029891215409245454
5.1447272727272736e-05,0.0,-0.00015011784154984577,0.0003006158596613153
5.1455454545454554e-05,0.0,-0.00012358065803243034,0.0003022508304964026
5.146363636363637e-05,0.0,-9.543480581907749e-05,0.0003037793410985157
5.147181818181819e-05,0.0,-6.59822187347835e-05,0.00030523764921332907
5.148000000000001e-05,0.0,-3.554343284753977e-05,0.00030658532732331185
5.148818181818183e-05,0.0,-4.453808129119158e-06,0.0003078612622422822
5.1496363636363645e-05,0.0,2.6940478150007933e-05,0.0003090239481520464
5.150454545454546e-05,-0.0,5.828661506386778e-05,0.00031011327411514865
5.151272727272728e-05,-0.0,8.922946454013423e-05,0.00031108833781267166
5.15209090909091e-05,-0.0,0.00011941593436189075,0.0003119883574350685
5.152909090909092e-05,-0.0,0.00014849935987036974,0.0003127747059526944
5.1537272727272736e-05,-0.0,0.00017614383597078817,0.0003134842792894279
5.1545454545454555e-05,-0.0,0.00020202844126634073,0.00031408231906527835
5.155363636363637e-05,-0.0,0.00022585129720140422,0.00031460183706775514
5.156181818181819e-05,-0.0,0.0002473334069743724,0.00031501339240755084
5.157000000000001e-05,-0.0,0.00026622222166092994,0.00031534470535029256
5.157818181818183e-05,-0.0,0.0002822948844361614,0.00031557289568716324
5.1586363636363646e-05,-0.0,0.00029536110795391963,0.0003157191987844041
5.1594545454545464e-05,-0.0,0.0003052656447784582,0.0003157682789895651
5.160272727272728e-05,-0.0,0.0003118903161992377,0.00031573395902902623
5.16109090909091e-05,-0.0,0.00031515557071727873,0.0003156091285175637
5.161909090909092e-05,-0.0,0.00031502154988411206,0.0003153995769427021
5.162727272727274e-05,-0.0,0.0003114886459096922,0.00031510676474072685
5.1635454545454555e-05,-0.0,0.00030459754243648856,0.00031472816414172
5.1643636363636374e-05,-0.0,0.00029442873700239835,0.00031427379829635573
5.165181818181819e-05,-0.0,0.0002811015508808304,0.00031373289057302575
5.166000000000001e-05,-0.0,0.0002647726390858256,0.00031312366119408365
5.166818181818183e-05,-0.0,0.0002456340202572322,0.0003124275066902172
5.167636363636365e-05,-0.0,0.0002239106527926418,0.0003116701325193393
5.1684545454545465e-05,-0.0,0.0001998575898711486,0.00031082587018073664
5.169272727272728e-05,-0.0,0.00017375675182725546,0.00030992687879553984
5.17009090909091e-05,-0.0,0.00014591335959599318,0.0003089414976967791
5.170909090909092e-05,-0.0,0.00011665207758419641,0.0003079070291328235
5.171727272727274e-05,-0.0,8.631291825839555e-05,0.00030678716147882054
5.1725454545454556e-05,-0.0,5.524696391862744e-05,0.000305622804217358
5.1733636363636375e-05,-0.0,2.381196350417932e-05,0.0003043745491999748
5.174181818181819e-05,-0.0,-7.632136180471106e-06,0.000303085216181384
5.175000000000001e-05,0.0,-3.872766474339035e-05,0.00030171400283981266
5.175818181818183e-05,0.0,-6.912364808507045e-05,0.0003003038533667712
5.176636363636364e-05,0.0,-9.848011501185396e-05,0.00029881434880503884
5.177454545454546e-05,0.0,-0.00012647223358809657,0.00029728675996380517
5.178272727272728e-05,0.0,-0.00015279422291551486,0.00029568282707266087
5.1790909090909096e-05,0.0,-0.00017716298947617154,0.00029404041584144865
5.1799090909090914e-05,0.0,-0.00019932144133217152,0.0002923251222346599
5.180727272727273e-05,0.0,-0.00021904143827477214,0.00029056981689479217
5.181545454545455e-05,0.0,-0.0002361263413842638,0.00028874549415732923
5.182363636363637e-05,0.0,-0.0002504131313174782,0.00028687865104542565
5.183181818181819e-05,0.0,-0.00026177407089204044,0.00028494700077070665
5.1840000000000005e-05,0.0,-0.0002701178940888108,0.00028296956006179744
5.184818181818182e-05,0.0,-0.000275390510345549,0.00028093180077963303
5.185636363636364e-05,0.0,-0.0002775752198634319,0.0002788444730590877
5.186454545454546e-05,0.0,-0.0002766924424918823,0.0002767015201619464
5.187272727272728e-05,0.0,-0.0002727989694957082,0.0002745049940718066
5.1880909090909096e-05,0.0,-0.00026598675404308195,0.00027225766326816595
5.1889090909090915e-05,0.0,-0.00025638126248766753,0.0002699528235633029
5.189727272727273e-05,0.0,-0.00024413941436262062,0.0002676020473688175
5.190545454545455e-05,0.0,-0.00022944714437518577,0.00026519019240452775
5.191363636363637e-05,0.0,-0.00021251662451434388,0.0002627372387951083
5.192181818181819e-05,0.0,-0.00019358318859627246,0.00026022028673940915
5.1930000000000006e-05,0.0,-0.00017290200511876178,0.0002576669692372689
5.1938181818181824e-05,0.0,-0.00015074454713159976,0.0002550476430417974
5.194636363636364e-05,0.0,-0.00012739490992172962,0.00025239651213561907
5.195454545454546e-05,0.0,-0.00010314602863845351,0.0002496784944723212
5.196272727272728e-05,0.0,-7.829584853685247e-05,0.00024693300136532307
5.19709090909091e-05,0.0,-5.314350030119746e-05,0.00024412105227130266
5.1979090909090915e-05,0.0,-2.7985531940112927e-05,0.00024128567738084447
5.1987272727272734e-05,0.0,-3.112247047803645e-06,0.00023838570907456014
5.199545454545455e-05,0.0,2.119580316275441e-05,0.00023546604931285264
5.200363636363637e-05,-0.0,4.4671129681224065e-05,0.000232485154458177
5.201181818181819e-05,-0.0,6.706237662208449e-05,0.00022948796508038204
5.202000000000001e-05,-0.0,8.813711663494992e-05,0.00022643439665728262
5.2028181818181825e-05,-0.0,0.00010768433878110211,0.000223367585287379
5.203636363636364e-05,-0.0,0.0001255166018175795,0.00022025068806127496
5.204454545454546e-05,-0.0,0.00014147183108529154,0.00021712326028057569
5.205272727272728e-05,-0.0,0.00015541474266060328,0.000213953355574989
5.20609090909091e-05,-0.0,0.00016723788401423268,0.0002107753131617055
5.2069090909090916e-05,-0.0,0.00017686228603996612,0.00020756354026871927
5.2077272727272735e-05,-0.0,0.00018423772688298421,0.0002043457348340353
5.208545454545455e-05,-0.0,0.000189342613431312,0.00020110385391262315
5.209363636363637e-05,-0.0,0.0001921834915563251,0.0001978578002193127
5.210181818181819e-05,-0.0,0.0001927942011263903,0.000194597962886097
5.211000000000001e-05,-0.0,0.00019123469640381467,0.00019133561755046576
5.2118181818181826e-05,-0.0,0.00018758955660789633,0.0001880701125915367
5.2126363636363644e-05,-0.0,0.00018196621513261204,0.00018480362521421676
5.213454545454546e-05,-0.0,0.00017449293910234436,0.00018154460798116653
5.214272727272728e-05,-0.0,0.0001653165935988221,0.00017828605300943695
5.21509090909091e-05,-0.0,0.00015460022697217065,0.00017504526801944244
5.215909090909092e-05,-0.0,0.00014252051514238476,0.00017180636672237834
5.2167272727272735e-05,-0.0,0.00012926510369716098,0.00016859487372219604
5.2175454545454554e-05,-0.0,0.0001150298868998293,0.00016538671658236634
5.218363636363637e-05,-0.0,0.00010001626244906118,0.00016221463086568227
5.219181818181819e-05,-0.0,8.442840000164093e-05,0.00015904741139887322
5.220000000000001e-05,-0.0,6.847056011065423e-05,0.0001559236693736114
5.220818181818183e-05,-0.0,5.23444983804565e-05,0.000152806440733655
5.2216363636363645e-05,-0.0,3.624698733900281e-05,0.00014973860145321542
5.222454545454546e-05,-0.0,2.0367485825410537e-05,0.00014667906702557447
5.223272727272728e-05,-0.0,4.885982639346433e-06,0.00014367315958186165
5.22409090909091e-05,-0.0,-1.0028962142961714e-05,0.0001406775080802731
5.224909090909092e-05,-0.0,-2.4221958352511712e-05,0.0001377379333368221
5.2257272727272736e-05,0.0,-3.755229331600336e-05,0.00013481072753969978
5.2265454545454554e-05,0.0,-4.989519359765743e-05,0.0001319402205537655
5.227363636363637e-05,0.0,-6.114283253086421e-05,0.00012908434666836815
5.228181818181819e-05,0.0,-7.12050790477436e-05,0.00012628400333174745
5.229000000000001e-05,0.0,-8.000998711127885e-05,0.0001235006851278239
5.229818181818183e-05,0.0,-8.750402872035869e-05,0.00012077005325105993
5.2306363636363646e-05,0.0,-9.36520769414042e-05,0.00011805893172653124
5.2314545454545464e-05,0.0,-9.8437148675358e-05,0.0001153961631781558
5.232272727272728e-05,0.0,-0.00010185991985546659,0.0001127554387969341
5.23309090909091e-05,0.0,-0.00010393802845472567,0.00011015749568672276
5.233909090909092e-05,0.0,-0.00010470518303278074,0.00010758412651809433
5.234727272727274e-05,0.0,-0.00010421009654727055,0.00010504703119921776
5.2355454545454555e-05,0.0,-0.00010251526677779929,0.00010253697702804535
5.2363636363636374e-05,0.0,-9.96956259529587e-05,0.00010005609327571978
5.237181818181819e-05,0.0,-9.583708302997745e-05,9.760459330364333e-05
5.238000000000001e-05,0.0,-9.103498255648073e-05,9.517492466919158e-05
5.238818181818183e-05,0.0,-8.539250415362537e-05,9.277679507167002e-05
5.239636363636365e-05,0.0,-7.901902641391009e-05,9.039328633715662e-05
5.2404545454545465e-05,0.0,-7.202847842508424e-05,8.804322393227145e-05
5.241272727272728e-05,0.0,-6.453770123888455e-05,8.570105288934191e-05
5.24209090909091e-05,0.0,-5.666484042919685e-05,8.339393254781065e-05
5.242909090909092e-05,0.0,-4.8527789460956e-05,8.108878186962351e-05
5.243727272727274e-05,0.0,-4.0242701952812634e-05,7.881993793950527e-05
5.2445454545454556e-05,0.0,-3.1922589098965014e-05,7.654824054248223e-05
5.2453636363636374e-05,0.0,-2.3676016555783215e-05,7.431372635623883e-05
5.246181818181819e-05,0.0,-1.5605913035385294e-05,7.207288220391337e-05
5.247000000000001e-05,0.0,-7.808500719807306e-06,6.98697065491573e-05
5.247818181818183e-05,0.0,-3.723554532469187e-07,6.765827418754693e-05
5.248636363636365e-05,0.0,6.622397478850879e-06,6.548461934728698e-05
5.2494545454545466e-05,0.0,1.3104748283796933e-05,6.330249158593218e-05
5.2502727272727284e-05,-0.0,1.901332664700808e-05,6.115792436021359e-05
5.2510909090909095e-05,-0.0,2.4296785046652667e-05,5.900650478630699e-05
5.2519090909090914e-05,-0.0,2.8914043491069295e-05,5.689220032181389e-05
5.252727272727273e-05,-0.0,3.283439944216218e-05,5.4774606482911785e-05
5.253545454545455e-05,-0.0,3.603750819495462e-05,5.2693615680531844e-05
5.254363636363637e-05,-0.0,3.851324031536597e-05,5.061494692745038e-05
5.255181818181819e-05,-0.0,4.026142388648312e-05,4.8572553139660745e-05
5.2560000000000005e-05,-0.0,4.1291480272561204e-05,4.654027805957332e-05
5.256818181818182e-05,-0.0,4.16219628771908e-05,4.454450983109676e-05
5.257636363636364e-05,-0.0,4.1280008948719916e-05,4.256905192483687e-05
5.258454545454546e-05,-0.0,4.030071487760119e-05,4.063144742523844e-05
5.259272727272728e-05,-0.0,3.8726445646270816e-05,3.872707861537159e-05
5.2600909090909096e-05,-0.0,3.660608914464759e-05,3.686383236532139e-05
5.2609090909090915e-05,-0.0,3.3994265967097386e-05,3.505001513322322e-05
5.261727272727273e-05,-0.0,3.095050507452033e-05,3.328366299626072e-05
5.262545454545455e-05,-0.0,2.7538395354247996e-05,3.1586981721328896e-05
5.263363636363637e-05,-0.0,2.382472265867123e-05,2.9948737209523884e-05
5.264181818181819e-05,-0.0,1.9878601370479952e-05,2.84054263276476e-05
5.2650000000000006e-05,-0.0,1.5770608948008304e-05,2.6938001039609254e-05
5.2658181818181824e-05,-0.0,1.1571931267427117e-05,2.5596556393714773e-05
5.266636363636364e-05,-0.0,7.353525916793474e-06,2.4356408107904182e-05
5.267454545454546e-05,-0.0,3.185309926271465e-06,2.3278413554000015e-05
5.268272727272728e-05,-0.0,-8.646222456056263e-07,2.2334430177682836e-05
5.26909090909091e-05,-0.0,-4.730745293506863e-06,2.158946490057176e-05
5.2699090909090915e-05,-0.0,-8.350809648739098e-06,2.1012902841557573e-05
5.2707272727272734e-05,-0.0,-1.1666504064886295e-05,2.06626913085408e-05
5.271545454545455e-05,-0.0,-1.462407072136858e-05,2.050553112061968e-05
5.272363636363637e-05,-0.0,-1.7174869820778835e-05,2.05797363693121e-05
5.273181818181819e-05,-0.0,-1.9275891058424424e-05,2.0851040763625122e-05
5.274000000000001e-05,-0.0,-2.089020968667355e-05,2.1331377096560368e-05
5.2748181818181825e-05,-0.0,-2.1987385183491116e-05,2.199193717294878e-05
5.275636363636364e-05,0.0,-2.254380076749306e-05,2.2820532104741845e-05
5.276454545454546e-05,0.0,-2.254294218729962e-05,2.380173516567595e-05
5.277272727272728e-05,0.0,-2.1975614359496746e-05,2.4905967093704044e-05
5.27809090909091e-05,0.0,-2.0840094546845298e-05,2.613531279585913e-05
5.2789090909090916e-05,0.0,-1.9142220866626438e-05,2.7448943395127543e-05
5.2797272727272734e-05,0.0,-1.689541500869301e-05,2.886572266576775e-05
5.280545454545455e-05,0.0,-1.4120638135275965e-05,3.0337910049056503e-05
5.281363636363637e-05,0.0,-1.0846279042220124e-05,3.189757916877093e-05
5.282181818181819e-05,0.0,-7.107973796764562e-06,3.34933108559951e-05
5.283000000000001e-05,0.0,-2.948356242077561e-06,3.5165953006245926e-05
5.2838181818181826e-05,0.0,1.5832610163490892e-06,3.686318566564842e-05
5.2846363636363644e-05,0.0,6.431275244239117e-06,3.863032874941409e-05
5.285454545454546e-05,0.0,1.1534251585308754e-05,4.0416728693400956e-05
5.286272727272728e-05,0.0,1.6825449774483373e-05,4.2268358467836776e-05
5.28709090909091e-05,0.0,2.223341839424885e-05,4.413860378285386e-05
5.287909090909092e-05,0.0,2.7682654935609933e-05,4.6070833612254676e-05
5.2887272727272735e-05,0.0,3.309432927212415e-05,4.8024590383232624e-05
5.2895454545454554e-05,0.0,3.838706742877328e-05,5.003794287843697e-05
5.290363636363637e-05,0.0,4.347779173343953e-05,5.207837891173611e-05
5.291181818181819e-05,0.0,4.828261258552545e-05,5.4176519901278425e-05
5.292000000000001e-05,0.0,5.2717766173574506e-05,5.630919511399029e-05
5.2928181818181827e-05,0.0,5.670059153387039e-05,5.84979740864451e-05
5.2936363636363645e-05,0.0,6.0150539380262654e-05,6.0729983077577725e-05
5.294454545454546e-05,0.0,6.299020417003985e-05,6.301667522682093e-05
5.295272727272728e-05,0.0,6.51463699213946e-05,6.535595898793632e-05
5.29609090909091e-05,0.0,6.655105938525719e-05,6.77486414597812e-05
5.296909090909092e-05,0.0,6.714257531848356e-05,7.020341764033997e-05
5.2977272727272736e-05,0.0,6.686652182757032e-05,7.271044029889408e-05
5.2985454545454554e-05,0.0,6.567679307427947e-05,7.528872380087704e-05
5.299363636363637e-05,0.0,6.353651607960046e-05,7.791825351008336e-05
5.300181818181819e-05,-0.0,6.0418933952735085e-05,8.062745333412924e-05
5.301000000000001e-05,-0.0,5.630821562774666e-05,8.338708238075106e-05
5.301818181818183e-05,-0.0,5.1200178130019535e-05,8.623366873994967e-05
5.3026363636363646e-05,-0.0,4.510290753313461e-05,8.913008454733475e-05
5.3034545454545464e-05,-0.0,3.8037265117723214e-05,9.21193241969692e-05
5.304272727272728e-05,-0.0,3.003726581898598e-05,9.515804050394526e-05
5.30509090909091e-05,-0.0,2.1150316857731675e-05,9.829379945969991e-05
5.305909090909092e-05,-0.0,1.143730549575715e-05,0.00010147894982266814
5.306727272727274e-05,-0.0,9.725261399890427e-07,0.00010476356216837632
5.3075454545454555e-05,-0.0,-1.015656146383557e-05,0.00010809775588580315
5.3083636363636373e-05,-0.0,-2.184974946685091e-05,0.00011153195607068538
5.309181818181819e-05,-0.0,-3.399467914893403e-05,0.00011501619521346541
5.310000000000001e-05,-0.0,-4.646762056572833e-05,0.00011859910975033957
5.310818181818183e-05,-0.0,-5.913443470667678e-05,0.00012223276442642361
5.3116363636363646e-05,-0.0,-7.185171578722517e-05,0.00012596195755018705
5.3124545454545465e-05,-0.0,-8.446810870639106e-05,0.00012974279507695812
5.313272727272728e-05,-0.0,-9.682579402356083e-05,0.00013361436184488096
5.31409090909091e-05,-0.0,-0.00010876213008211127,0.0001375386243299788
5.314909090909092e-05,-0.0,-0.00012011143917089548,0.0001415473239542027
5.315727272727274e-05,-0.0,-0.0001307069219088473,0.0001456098479777559
5.3165454545454556e-05,-0.0,-0.00014038268140650412,0.00014974926984242444
5.3173636363636374e-05,-0.0,-0.00014897583624650783,0.00015394364142714233
5.318181818181819e-05,-0.0,-0.00015632869897898918,0.00015820639611605373
5.319000000000001e-05,-0.0,-0.00016229099469217874,0.00016252513384190203
5.319818181818183e-05,-0.0,-0.00016672209233699502,0.00016690306151723492
5.320636363636365e-05,-0.0,-0.0001694932198983053,0.00017133782048303452
5.3214545454545466e-05,-0.0,-0.00017048963325461304,0.00017582220908190623
5.3222727272727284e-05,-0.0,-0.00016961270768893992,0.00018036399835820455
5.32309090909091e-05,-0.0,-0.00016678192053947637,0.0001849458042279683
5.323909090909092e-05,-0.0,-0.000161936693436716,0.0001895852104127545
5.324727272727274e-05,-0.0,-0.00015503806298582264,0.00019425527415432205
5.325545454545455e-05,0.0,-0.00014607014963436598,0.00019898268364095044
5.326363636363637e-05,0.0,-0.00013504139582567508,0.00020373193412355297
5.327181818181819e-05,0.0,-0.00012198554637976271,0.0002085377467663672
5.3280000000000005e-05,0.0,-0.00010696234636257928,0.00021335738654260018
5.328818181818182e-05,0.0,-9.005793448764571e-05,0.00021823221353730742
5.329636363636364e-05,0.0,-7.13849133209824e-05,0.0002231138792237948
5.330454545454546e-05,0.0,-5.1082081201978135e-05,0.0002280487182699761
5.331272727272728e-05,0.0,-2.9313814813546816e-05,0.00023298460995471547
5.3320909090909096e-05,0.0,-6.269095691829132e-06,0.00023797099120522472
5.3329090909090914e-05,0.0,1.783982139098157e-05,0.00024295396565531636
5.333727272727273e-05,0.0,4.277909536424115e-05,0.00024798406260695513
5.334545454545455e-05,0.0,6.829533327138107e-05,0.00025300768597156815
5.335363636363637e-05,0.0,9.411795917520845e-05,0.00025807438633645963
5.336181818181819e-05,0.0,0.00011996189941195984,0.0002631329432128561
5.3370000000000006e-05,0.0,0.0001455305609380988,0.0002682298759927879
5.3378181818181824e-05,0.0,0.00017051907452901284,0.0002733183331960515
5.338636363636364e-05,0.0,0.00019461776981003417,0.0002784398496639102
5.339454545454546e-05,0.0,0.00021751584460712908,0.0002835537747402973
5.340272727272728e-05,0.0,0.00023890518697558178,0.0002886948827568181
5.34109090909091e-05,0.0,0.0002584843045753687,0.00029383031915965023
5.3419090909090915e-05,0.0,0.00027596231288245485,0.0002989865721926558
5.3427272727272734e-05,0.0,0.0002910629311213724,0.0003041398750663032
5.343545454545455e-05,0.0,0.00030352843283569606,0.00030930721940278445
5.344363636363637e-05,0.0,0.00031312349673216436,0.000314474857985021
5.345181818181819e-05,0.0,0.000319638902885655,0.0003196494437621737
5.3460000000000007e-05,0.0,0.00032289501961046344,0.00032482777834243415
5.3468181818181825e-05,0.0,0.00032274502731161574,0.00033000574205485346
5.347636363636364e-05,0.0,0.0003190778274399425,0.0003351907851193738
5.348454545454546e-05,0.0,0.00031182058728657455,0.00034036801308287584
5.349272727272728e-05,0.0,0.00030094087475511267,0.00034555518563040893
5.35009090909091e-05,-0.0,0.0002864483414197159,0.00035072706935332517
5.3509090909090916e-05,-0.0,0.00026839591707877804,0.00035591096419596355
5.3517272727272734e-05,-0.0,0.0002468804845977911,0.00036107215954004994
5.352545454545455e-05,-0.0,0.00022204301004011693,0.00036624632362079724
5.353363636363637e-05,-0.0,0.00019406810983820164,0.00037139052597559823
5.354181818181819e-05,-0.0,0.00016318304397780072,0.0003765472733249386
5.355000000000001e-05,-0.0,0.0001296561317624109,0.0003816670207286861
5.3558181818181826e-05,-0.0,9.379459459410948e-05,0.0003867972866275307
5.3566363636363644e-05,-0.0,5.594183824245672e-05,0.00039188380179844506
5.357454545454546e-05,-0.0,1.6474195160949716e-05,0.0003969770470195929
5.358272727272728e-05,-0.0,-2.420284456734878e-05,0.00040202012764895234
5.35909090909091e-05,-0.0,-6.5658877236872e-05,0.0004070642994494263
5.359909090909092e-05,-0.0,-0.0001074432605303238,0.00041205226399565394
5.3607272727272735e-05,-0.0,-0.00014909016847778912,0.0004170338179780627
5.3615454545454553e-05,-0.0,-0.00019012396874285828,0.00042195351169579373
5.362363636363637e-05,-0.0,-0.00023006485870024357,0.0004268574958703279
5.363181818181819e-05,-0.0,-0.000268434691611166,0.0004316943590501797
5.364000000000001e-05,-0.0,-0.00030476291989562444,0.00043650455859026155
5.3648181818181826e-05,-0.0,-0.0003385925791287051,0.00044124275616427264
5.3656363636363645e-05,-0.0,-0.00036948623402351365,0.00044594189465175534
5.366454545454546e-05,-0.0,-0.0003970318063651764,0.0004505645036110211
5.367272727272728e-05,-0.0,-0.0004208482046732869,0.0004551344941256658
5.36809090909091e-05,-0.0,-0.0004405906763228737,0.0004596237427000123
5.368909090909092e-05,-0.0,-0.0004559558049580655,0.0004640459800270759
5.3697272727272736e-05,-0.0,-0.0004666860792822623,0.0004683835304340017
5.3705454545454554e-05,-0.0,-0.00047257396368054325,0.0004726392140490536
5.371363636363637e-05,-0.0,-0.00047346540658396925,0.0004768064789083839
5.372181818181819e-05,-0.0,-0.0004692627289641167,0.00048087695527537967
5.373000000000001e-05,-0.0,-0.0004599268427754377,0.00048485543653158846
5.373818181818183e-05,-0.0,-0.0004454787574522498,0.0004887225486036205
5.3746363636363646e-05,-0.0,-0.0004260003416104728,0.0004924941870169568
5.3754545454545464e-05,0.0,-0.00040163431678251043,0.0004961406186788931
5.376272727272728e-05,0.0,-0.00037258347019646234,0.0004996881416565162
5.37709090909091e-05,0.0,-0.00033910908415801783,0.0005030977451630282
5.377909090909092e-05,0.0,-0.00030152859035652746,0.0005064050008487556
5.378727272727274e-05,0.0,-0.00026021246824092667,0.000509563095995907
5.3795454545454555e-05,0.0,-0.00021558041733734843,0.0005126153620688965
5.380363636363637e-05,0.0,-0.0001680968438483591,0.0005155089968848306
5.381181818181819e-05,0.0,-0.00011826571192571613,0.0005182932534386309
5.382000000000001e-05,0.0,-6.662481949071886e-05,0.0005209114175652368
5.382818181818183e-05,0.0,-1.373956724110827e-05,0.0005234165747009369
5.3836363636363646e-05,0.0,3.980370260846244e-05,0.0005257503582681795
5.3844545454545465e-05,0.0,9.340471438335509e-05,0.0005279674305497122
5.385272727272728e-05,0.0,0.00014645652451435022,0.0005300101231730689
5.38609090909091e-05,0.0,0.00019835295070501623,0.0005319323448572517
5.386909090909092e-05,0.0,0.0002484960674617037,0.0005336794714313961
5.387727272727274e-05,0.0,0.00029630366876265976,0.0005353023484050784
5.3885454545454556e-05,0.0,0.00034121659805214414,0.0005367516405661986
5.3893636363636374e-05,0.0,0.00038270584657345246,0.0005380729370947688
5.390181818181819e-05,0.0,0.0004202793233054238,0.0005392242414755878
5.391000000000001e-05,0.0,0.00045348820342210565,0.0005402439021393804
5.391818181818183e-05,0.0,0.0004819327672141188,0.0005410990288427756
5.392636363636365e-05,0.0,0.0005052676477307855,0.0005418190384242494
5.3934545454545465e-05,0.0,0.0005232064129423222,0.000542381555468204
5.3942727272727284e-05,0.0,0.0005355254168810215,0.0005428057419679808
5.39509090909091e-05,0.0,0.0005420668638815428,0.0005430807236563956
5.395909090909092e-05,0.0,0.0005427410405686804,0.0005432145119199991
5.396727272727274e-05,0.0,0.0005375276814866048,0.0005432082510873763
5.397545454545456e-05,0.0,0.0005264764460643971,0.0005430583766720399
5.3983636363636375e-05,0.0,0.0005097064967973589,0.0005427780724977037
5.399181818181819e-05,0.0,0.0004874051809146899,0.0005423522673310767
5.4000000000000005e-05,0.0,0.00045982583022064497,0.0005418057017878555
5.400818181818182e-05,-0.0,0.00042728470605545753,0.000541112364688812
5.401636363636364e-05,-0.0,0.0003901571282420205,0.0005403075815240337
5.402454545454546e-05,-0.0,0.00034887283828611296,0.0005393554476482242
5.403272727272728e-05,-0.0,0.00030391065781084037,0.0005383004480515785
5.4040909090909096e-05,-0.0,0.00025579251306961166,0.0005370982717578593
5.4049090909090914e-05,-0.0,0.00020507690524918255,0.0005358007404994722
5.405727272727273e-05,-0.0,0.00015235191401242538,0.0005343570059014648
5.406545454545455e-05,-0.0,9.822782822302371e-05,0.0005328240806239384
5.407363636363637e-05,-0.0,4.3329502942821814e-05,0.0005311467530832568
5.408181818181819e-05,-0.0,-1.171145448081094e-05,0.0005293848476158802
5.4090000000000006e-05,-0.0,-6.62645641709845e-05,0.0005274811777260239
5.4098181818181824e-05,-0.0,-0.00011970831351439882,0.0005254958678692208
5.410636363636364e-05,-0.0,-0.00017143785196452267,0.0005233722571247511
5.411454545454546e-05,-0.0,-0.00022087243811273874,0.0005211682343935608
5.412272727272728e-05,-0.0,-0.00026746254004057746,0.0005188301687861318
5.41309090909091e-05,-0.0,-0.00031069649513377123,0.0005164112642291374
5.4139090909090915e-05,-0.0,-0.00035010664203867644,0.0005138633186395062
5.4147272727272733e-05,-0.0,-0.00038527484517246984,0.0005112325953120805
5.415545454545455e-05,-0.0,-0.0004158373410406903,0.0005084785080202882
5.416363636363637e-05,-0.0,-0.000441488845433583,0.0005056384172062047
5.417181818181819e-05,-0.0,-0.0004619858712171139,0.0005026812302874167
5.4180000000000006e-05,-0.0,-0.00047714921774428404,0.0004996338232896247
5.4188181818181825e-05,-0.0,-0.00048686560471604965,0.0004964760812977482
5.419636363636364e-05,-0.0,-0.0004910884354397057,0.0004932232657825076
5.420454545454546e-05,-0.0,-0.0004898376866829325,0.0004898672622163057
5.421272727272728e-05,-0.0,-0.00048319893452059503,0.0004864110899155379
5.42209090909091e-05,-0.0,-0.0004713215375384748,0.00048285914866853666
5.4229090909090916e-05,-0.0,-0.00045441601031812935,0.0004792021197676896
5.4237272727272734e-05,-0.0,-0.00043275063111147767,0.0004754568971266691
5.424545454545455e-05,-0.0,-0.00040664733786310625,0.0004716022659247658
5.425363636363637e-05,0.0,-0.0003764769761054527,0.00046766705781485615
5.426181818181819e-05,0.0,-0.0003426539706052342,0.0004636191243238083
5.427000000000001e-05,0.0,-0.00030563049986489214,0.00045949816344625205
5.4278181818181826e-05,0.0,-0.0002658902585854723,0.00045526253641303677
5.4286363636363644e-05,0.0,-0.00022394189790148517,0.0004509612645598435
5.429454545454546e-05,0.0,-0.0001803122365477366,0.0004465450827921252
5.430272727272728e-05,0.0,-0.00013553933807757495,0.0004420703848512488
5.43109090909091e-05,0.0,-9.016554980842508e-05,0.00043748248563912597
5.431909090909092e-05,0.0,-4.4730598333726796e-05,0.00043284287359840153
5.4327272727272735e-05,0.0,2.3516575758745215e-07,0.0004280938993640931
5.433545454545455e-05,0.0,4.4217284820000464e-05,0.0004232996368271909
5.434363636363637e-05,0.0,8.672338836025036e-05,0.0004184020737007706
5.435181818181819e-05,0.0,0.000127288986024045,0.00041346523384597076
5.436000000000001e-05,0.0,0.00016548278781124834,0.0004084333785216301
5.4368181818181826e-05,0.0,0.00020091148783883065,0.00040336783102590495
5.4376363636363645e-05,0.0,0.00023322395663194517,0.0003982176849955095
5.438454545454546e-05,0.0,0.00026211479623318413,0.00039303901015567337
5.439272727272728e-05,0.0,0.00028732722222791417,0.00038778810314364545
5.44009090909091e-05,0.0,0.00030865524693492365,0.0003825134341096845
5.440909090909092e-05,0.0,0.0003259451483491512,0.000377180581106001
5.4417272727272736e-05,0.0,0.0003390962197886389,0.00037182837773308943
5.4425454545454554e-05,0.0,0.0003480608054340382,0.000366433376478099
5.443363636363637e-05,0.0,0.0003528436369036224,0.0003610231368605466
5.444181818181819e-05,0.0,0.0003535004955354806,0.0003555864149872591
5.445000000000001e-05,0.0,0.00035013623401749995,0.0003501383332034906
5.445818181818183e-05,0.0,0.000342902199292627,0.00034468055638569434
5.4466363636363645e-05,0.0,0.0003319931061618292,0.0003392151372560711
5.4474545454545464e-05,0.0,0.00031764341761373027,0.0003337567915995248
5.448272727272728e-05,0.0,0.00030012329354704834,0.0003282944353660005
5.44909090909091e-05,0.0,0.000279734174156073,0.0003228553989478655
5.449909090909092e-05,0.0,0.00025680406777530286,0.000317415970699245
5.450727272727274e-05,-0.0,0.00023168261540012697,0.0003120150904922716
5.4515454545454555e-05,-0.0,0.00020473600540647953,0.00030661749071318154
5.452363636363637e-05,-0.0,0.00017634181219073548,0.0003012721819519953
5.453181818181819e-05,-0.0,0.00014688383156525063,0.0002959339356369507
5.454000000000001e-05,-0.0,0.00011674698381508591,0.00029065982091590673
5.454818181818183e-05,-0.0,8.63123524039704e-05,0.0002853967031728537
5.4556363636363646e-05,-0.0,5.595242248337937e-05,0.00028020730808122517
5.4564545454545465e-05,-0.0,2.602657869082347e-05,0.00027503302384184353
5.457272727272728e-05,-0.0,-3.1230836849018736e-06,0.00026993954452286806
5.45809090909091e-05,-0.0,-3.1175586141173384e-05,0.0002648654786611977
5.458909090909092e-05,-0.0,-5.783449154891969e-05,0.0002598766342211676
5.459727272727274e-05,-0.0,-8.283089142980166e-05,0.00025491168598410033
5.4605454545454556e-05,-0.0,-0.00010592592875196001,0.00025003366520313567
5.4613636363636374e-05,-0.0,-0.00012691283653827454,0.0002451841773614408
5.462181818181819e-05,-0.0,-0.00014561848010412413,0.00024042068470455809
5.463000000000001e-05,-0.0,-0.00016190439820735274,0.00023569047325570442
5.463818181818183e-05,-0.0,-0.0001756673456905742,0.00023104287392446775
5.464636363636365e-05,-0.0,-0.0001868393472194043,0.00022643335877425676
5.4654545454545465e-05,-0.0,-0.00019538727837094963,0.00022190091688783958
5.4662727272727284e-05,-0.0,-0.00020131199651520716,0.00021741134812910113
5.46709090909091e-05,-0.0,-0.00020464704957908375,0.0002129915465425753
5.467909090909092e-05,-0.0,-0.0002054569958213901,0.00020861931519106818
5.468727272727274e-05,-0.0,-0.00020383537212196988,0.00020430824042420956
5.469545454545456e-05,-0.0,-0.000199902351955241,0.00020004925728966586
5.4703636363636375e-05,-0.0,-0.00019380213714592968,0.00019584202907870223
5.471181818181819e-05,-0.0,-0.00018570012967348906,0.00019169115140817662
5.472000000000001e-05,-0.0,-0.00017577993119573203,0.00018758237395036253
5.472818181818183e-05,-0.0,-0.00016424021860864704,0.00018353385698811745
5.473636363636365e-05,-0.0,-0.000151291543867002,0.00017951806821766634
5.474454545454546e-05,-0.0,-0.00013715310548824807,0.00017556601803877338
5.475272727272728e-05,0.0,-0.00012204953768884811,0.00017163811424602667
5.4760909090909096e-05,0.0,-0.0001062077610049611,0.00016777691917802993
5.4769090909090914e-05,0.0,-8.985393558459231e-05,0.00016393253484628742
5.477727272727273e-05,0.0,-7.321055516965683e-05,0.00016015725532512364
5.478545454545455e-05,0.0,-5.64937161833401e-05,0.00015639308182611013
5.479363636363637e-05,0.0,-3.9910592373636664e-05,0.00015269978220762686
5.480181818181819e-05,0.0,-2.365714121293691e-05,0.00014901381345395624
5.4810000000000005e-05,0.0,-7.916063792185439e-06,0.000145399823639895
5.4818181818181824e-05,0.0,7.144964646603102e-06,0.00014179152149182807
5.482636363636364e-05,0.0,2.1374781047081343e-05,0.00013825562081220662
5.483454545454546e-05,0.0,3.463992988545194e-05,0.00013472599756419074
5.484272727272728e-05,0.0,4.6825564212719046e-05,0.0001312685177216076
5.48509090909091e-05,0.0,5.783605346739992e-05,0.00012782013692928766
5.4859090909090915e-05,0.0,6.759530330942721e-05,0.0001244429845588547
5.486727272727273e-05,0.0,7.604679663326109e-05,0.00012107988457879587
5.487545454545455e-05,0.0,8.315336850886026e-05,0.00011778648694423591
5.488363636363637e-05,0.0,8.889673103150245e-05,0.00011451403380459027
5.489181818181819e-05,0.0,9.327676690174121e-05,0.00011130921326809607
5.4900000000000006e-05,0.0,9.631061297989406e-05,0.00010813389086226922
5.4908181818181825e-05,0.0,9.803155704863825e-05,0.00010502367500015698
5.491636363636364e-05,0.0,9.848777256333802e-05,0.00010195282116455592
5.492454545454546e-05,0.0,9.774091727017423e-05,9.894419587177978e-05
5.493272727272728e-05,0.0,9.58646222311241e-05,9.598569292845096e-05
5.49409090909091e-05,0.0,9.294289802337926e-05,9.308630585158624e-05
5.4949090909090916e-05,0.0,8.906848469694269e-05,9.024823399401399e-05
5.4957272727272734e-05,0.0,8.434117150228987e-05,8.746605545005661e-05
5.496545454545455e-05,0.0,7.886611146949375e-05,8.475631722465027e-05
5.497363636363637e-05,0.0,7.275215466412963e-05,8.209926575370211e-05
5.498181818181819e-05,0.0,6.611022239949052e-05,7.95251902692443e-05
5.499000000000001e-05,0.0,5.905174288773638e-05,7.700073066241591e-05
5.4998181818181825e-05,0.0,5.168716680563464e-05,7.456866754533254e-05
5.5006363636363644e-05,-0.0,4.412457907638325e-05,7.218339111705555e-05
5.501454545454546e-05,-0.0,3.64684208710219e-05,6.989830699463409e-05
5.502272727272728e-05,-0.0,2.881833345373705e-05,6.765750740713503e-05
5.50309090909091e-05,-0.0,2.1268133075975156e-05,6.552260196236277e-05
5.503909090909092e-05,-0.0,1.3904923703921079e-05,6.342986518250507e-05
5.5047272727272735e-05,-0.0,6.808351979961529e-06,6.144622933339493e-05
5.505545454545455e-05,-0.0,5.000650641326572e-08,5.95030629050158e-05
5.506363636363637e-05,-0.0,-6.307038668762087e-06,5.7669407411494894e-05
5.507181818181819e-05,-0.0,-1.22085385609353e-05,5.5874940822510265e-05
5.508000000000001e-05,-0.0,-1.760925386923438e-05,5.4187427715638895e-05
5.5088181818181826e-05,-0.0,-2.247299556884131e-05,5.253821992701433e-05
5.5096363636363644e-05,-0.0,-2.6772544886537753e-05,5.099042904824841e-05
5.510454545454546e-05,-0.0,-3.0489457416511673e-05,4.9480418388568e-05
5.511272727272728e-05,-0.0,-3.3613761265115214e-05,4.806347457696391e-05
5.51209090909091e-05,-0.0,-3.614356002658074e-05,4.668409767111748e-05
5.512909090909092e-05,-0.0,-3.8084552086384696e-05,4.538696951379201e-05
5.5137272727272736e-05,-0.0,-3.9449478228336144e-05,4.412745891235313e-05
5.5145454545454554e-05,-0.0,-4.0257509791879315e-05,4.293741872380782e-05
5.515363636363637e-05,-0.0,-4.05335896964896e-05,4.1785265567948465e-05
5.516181818181819e-05,-0.0,-4.0307738531970705e-05,4.0688476588127945e-05
5.517000000000001e-05,-0.0,-3.96143376210779e-05,3.963002009905018e-05
5.517818181818183e-05,-0.0,-3.849140051057245e-05,3.8612196870345725e-05
5.5186363636363645e-05,-0.0,-3.697984375640555e-05,3.763328320391975e-05
5.5194545454545464e-05,-0.0,-3.512276715680129e-05,3.6680360420487754e-05
5.520272727272728e-05,-0.0,-3.296475277243823e-05,3.576700488223492e-05
5.52109090909091e-05,-0.0,-3.055119117492766e-05,3.4865751669458e-05
5.521909090909092e-05,-0.0,-2.7927642402941113e-05,3.4004742429890774e-05
5.5227272727272737e-05,-0.0,-2.5139238099308747e-05,3.314327196122438e-05
5.5235454545454555e-05,-0.0,-2.22301302712171e-05,3.232266814165056e-05
5.524363636363637e-05,-0.0,-1.9242991076949125e-05,3.14908123586788e-05
5.525181818181819e-05,0.0,-1.621856701246963e-05,3.07003097173088e-05
5.526000000000001e-05,0.0,-1.3195289864191743e-05,2.9889850138012028e-05
5.526818181818183e-05,0.0,-1.0208945824021008e-05,2.9121008122601358e-05
5.5276363636363646e-05,0.0,-7.292403241722639e-06,2.832577164549585e-05
5.5284545454545464e-05,0.0,-4.475398628664246e-06,2.757211214856128e-05
5.529272727272728e-05,0.0,-1.784379734747218e-06,2.6787952854529965e-05
5.53009090909091e-05,0.0,7.575961967790326e-07,2.604495167397712e-05
5.530909090909092e-05,0.0,3.130911529474156e-06,2.5269645530044605e-05
5.531727272727274e-05,0.0,5.319387776507772e-06,2.453464241992176e-05
5.5325454545454556e-05,0.0,7.3102391437057836e-06,2.3767722698114055e-05
5.5333636363636374e-05,0.0,9.09398401457649e-06,2.303977633966472e-05
5.534181818181819e-05,0.0,1.0664318618199034e-05,2.228233521461446e-05
5.535000000000001e-05,0.0,1.201795733768394e-05,2.1562047085851827e-05
5.535818181818183e-05,0.0,1.3154444255487088e-05,2.0816524862157885e-05
5.536636363636365e-05,0.0,1.4075940596897223e-05,2.0105852318030482e-05
5.5374545454545465e-05,0.0,1.478699272942265e-05,1.9375831277461325e-05
5.5382727272727283e-05,0.0,1.5294285308734455e-05,1.8677906226648486e-05
5.53909090909091e-05,0.0,1.5606384037112603e-05,1.796792183889916e-05
5.539909090909092e-05,0.0,1.5733472324693036e-05,1.7286887685075982e-05
5.540727272727274e-05,0.0,1.568708592447818e-05,1.6602265898880897e-05
5.5415454545454557e-05,0.0,1.547984935617014e-05,1.5943141733015755e-05
5.5423636363636375e-05,0.0,1.5125217647911953e-05,1.528986673422154e-05
5.543181818181819e-05,0.0,1.4637226614880699e-05,1.4658443392855064e-05
5.544000000000001e-05,0.0,1.4030254565084915e-05,1.404305441391699e-05
5.544818181818183e-05,0.0,1.3318797981508632e-05,1.3445820359521375e-05
5.545636363636365e-05,0.0,1.2517263381692772e-05,1.2875326833120792e-05
5.5464545454545466e-05,0.0,1.1639777206165938e-05,1.2319410200312111e-05
5.5472727272727284e-05,0.0,1.0700015240086241e-05,1.1801199080048703e-05
5.54809090909091e-05,0.0,9.711052731400512e-06,1.129429240930752e-05
5.5489090909090914e-05,0.0,8.685236036678693e-06,1.0835978052181474e-05
5.549727272727273e-05,0.0,7.63407630535345e-06,1.0386182826575946e-05
5.550545454545455e-05,-0.0,6.568165407043076e-06,9.995322070208028e-06
5.551363636363637e-05,-0.0,5.497114017066552e-06,9.610818565405684e-06
5.552181818181819e-05,-0.0,4.429511503439505e-06,9.29439989884679e-06
5.5530000000000005e-05,-0.0,3.3729070051323686e-06,8.98284219840081e-06
5.5538181818181824e-05,-0.0,2.3338108565075667e-06,8.746499631870677e-06
5.554636363636364e-05,-0.0,1.3177152971038702e-06,8.514109176667192e-06
5.555454545454546e-05,-0.0,3.2913320986451044e-07,8.361155727039393e-06
5.556272727272728e-05,-0.0,-6.283465452217947e-07,8.21167890057872e-06
5.55709090909091e-05,-0.0,-1.5519887915827593e-06,8.142280020893501e-06
5.5579090909090915e-05,-0.0,-2.439828417684933e-06,8.076212147775369e-06
5.558727272727273e-05,-0.0,-3.2905753260583444e-06,8.087153372302828e-06
5.559545454545455e-05,-0.0,-4.103509896877691e-06,8.101682369677514e-06
5.560363636363637e-05,-0.0,-4.878370995578937e-06,8.187002428887884e-06
5.561181818181819e-05,-0.0,-5.615238617484336e-06,8.276815733711002e-06
5.5620000000000006e-05,-0.0,-6.314413307271252e-06,8.429113691467138e-06
5.5628181818181824e-05,-0.0,-6.976294517852702e-06,8.587731881820166e-06
5.563636363636364e-05,-0.0,-7.6012600821014765e-06,8.79959687082822e-06
5.564454545454546e-05,-0.0,-8.189548961430503e-06,9.020664209098323e-06
5.565272727272728e-05,-0.0,-8.741149406564621e-06,9.285716073712914e-06
5.56609090909091e-05,-0.0,-9.255694616959267e-06,9.563838988154693e-06
5.5669090909090916e-05,-0.0,-9.73236791585378e-06,9.877185389676531e-06
5.5677272727272734e-05,-0.0,-1.0169819368029382e-05,1.020823229830145e-05
5.568545454545455e-05,-0.0,-1.056609565707663e-05,1.0566437145632677e-05
5.569363636363637e-05,-0.0,-1.0918584907899329e-05,1.09474364226795e-05
5.570181818181819e-05,-0.0,-1.1223977987307902e-05,1.1348210337358879e-05
5.571000000000001e-05,-0.0,-1.1478247640028949e-05,1.177704398729244e-05
5.5718181818181825e-05,-0.0,-1.1676646619234097e-05,1.2218849178738314e-05
5.5726363636363644e-05,-0.0,-1.1813725750645247e-05,1.2693902950228638e-05
5.573454545454546e-05,-0.0,-1.1883372628654232e-05,1.3175597824393493e-05
5.574272727272728e-05,-0.0,-1.187887138266757e-05,1.3695465726074417e-05
5.57509090909091e-05,0.0,-1.1792983672622731e-05,1.4216051045688683e-05
5.5759090909090917e-05,0.0,-1.161805077509024e-05,1.4779339250478978e-05
5.5767272727272735e-05,0.0,-1.1346116307316511e-05,1.5337824096297563e-05
5.577545454545455e-05,0.0,-1.096906880893931e-05,1.594306470584446e-05
5.578363636363637e-05,0.0,-1.0478803063608803e-05,1.6538445903993925e-05
5.579181818181819e-05,0.0,-9.867398699008957e-06,1.7184112346630995e-05
5.580000000000001e-05,0.0,-9.127314257061978e-06,1.781544976318878e-05
5.5808181818181826e-05,0.0,-8.251594579741468e-06,1.8500057583490326e-05
5.5816363636363644e-05,0.0,-7.2340890140778305e-06,1.9166624401721146e-05
5.582454545454546e-05,0.0,-6.06967760795636e-06,1.9888899348737443e-05
5.583272727272728e-05,0.0,-4.7545021522845964e-06,2.0590387111311544e-05
5.58409090909091e-05,0.0,-3.2861986310526962e-06,2.1349483310777814e-05
5.584909090909092e-05,0.0,-1.6641273741364465e-06,2.2086243323142723e-05
5.5857272727272736e-05,0.0,1.1040302655981043e-07,2.2881995650581533e-05
5.5865454545454554e-05,0.0,2.0339221734863295e-06,2.3655299695627323e-05
5.587363636363637e-05,0.0,4.100598980803879e-06,2.4488495042518246e-05
5.588181818181819e-05,0.0,6.3020618433919255e-06,2.530079856172103e-05
5.589000000000001e-05,0.0,8.627242294095942e-06,2.6173450011625116e-05
5.589818181818183e-05,0.0,1.1062246570531206e-05,2.7028639813212207e-05
5.5906363636363645e-05,0.0,1.359025943249948e-05,2.7944245791543157e-05
5.5914545454545463e-05,0.0,1.619148442242416e-05,2.8847852314913186e-05
5.592272727272728e-05,0.0,1.884312454074765e-05,2.9811620085513186e-05
5.59309090909091e-05,0.0,2.1519407012793018e-05,3.0770972180567344e-05
5.593909090909092e-05,0.0,2.4191655451085e-05,3.1789982606304364e-05
5.5947272727272736e-05,0.0,2.6828412267235132e-05,3.281428184485751e-05
5.5955454545454555e-05,0.0,2.9395613661634365e-05,3.389757130541515e-05
5.596363636363637e-05,0.0,3.185681891987036e-05,3.4997864332418847e-05
5.597181818181819e-05,0.0,3.417349507505043e-05,3.6156401501714516e-05
5.598000000000001e-05,0.0,3.6305357258815534e-05,3.734543415305259e-05
5.598818181818183e-05,0.0,3.8210764265980656e-05,3.8591975235103126e-05
5.5996363636363646e-05,0.0,3.98471680057606e-05,3.988392177486507e-05
5.6004545454545464e-05,-0.0,4.117161461582652e-05,4.123273820706546e-05
5.601272727272728e-05,-0.0,4.214129408468307e-05,4.2642812529380986e-05
5.60209090909091e-05,-0.0,4.271413427430342e-05,4.4109299265009516e-05
5.602909090909092e-05,-0.0,4.284943427033929e-05,4.5653270356017546e-05
5.603727272727274e-05,-0.0,4.25085310243817e-05,4.725345842529535e-05
5.6045454545454556e-05,-0.0,4.165549230627881e-05,4.8947106673920135e-05
5.6053636363636374e-05,-0.0,4.025782807065521e-05,5.0697117468773904e-05
5.606181818181819e-05,-0.0,3.828721147748142e-05,5.2555677938918234e-05
5.607000000000001e-05,-0.0,3.572020000846527e-05,5.4471165060126524e-05
5.607818181818183e-05,-0.0,3.253894640517593e-05,5.6508805881187054e-05
5.608636363636365e-05,-0.0,2.8731888536996007e-05,5.8604431226818756e-05
5.6094545454545465e-05,-0.0,2.4294406803514223e-05,6.0833809237866785e-05
5.610272727272728e-05,-0.0,1.922943730349966e-05,6.312279323457984e-05
5.61109090909091e-05,-0.0,1.3548028777205324e-05,6.555471663219138e-05
5.611909090909092e-05,-0.0,7.269831264619729e-06,6.804849015738511e-05
5.612727272727274e-05,-0.0,4.2350453111330916e-07,7.069170245982568e-05
5.6135454545454556e-05,-0.0,-6.952965396728676e-06,7.339967342593855e-05
5.6143636363636375e-05,-0.0,-1.4812052760261624e-05,7.62607583595698e-05
5.615181818181819e-05,-0.0,-2.309659215844829e-05,7.919019261634925e-05
5.616000000000001e-05,-0.0,-3.173980181146168e-05,8.227358840769926e-05
5.616818181818183e-05,-0.0,-4.066543852570984e-05,8.542959485527907e-05
5.617636363636365e-05,-0.0,-4.978809160079317e-05,8.8737699997771e-05
5.6184545454545466e-05,-0.0,-5.901362143756991e-05,9.212330431843636e-05
5.6192727272727284e-05,-0.0,-6.823974694037856e-05,9.565665485133159e-05
5.62009090909091e-05,-0.0,-7.735678396740869e-05,9.927294461357568e-05
5.620909090909092e-05,-0.0,-8.62485350858171e-05,0.00010303044414352776
5.621727272727274e-05,-0.0,-9.479332875088881e-05,0.00010687676909534363
5.622545454545456e-05,-0.0,-0.00010286520377435093,0.00011085595568287888
5.623363636363637e-05,-0.0,-0.00011033523260306672,0.00011493016940749407
5.624181818181819e-05,-0.0,-0.00011707297452587073,0.00011912750667605238
5.6250000000000005e-05,0.0,-0.00012294804749509808,0.00012342623834918947
5.6258181818181823e-05,0.0,-0.00012783180482379178,0.00012783742095483547
5.626636363636364e-05,0.0,-0.0001315991006352207,0.00013235636811762132
5.627454545454546e-05,0.0,-0.00013413012563654356,0.00013697663370269971
5.628272727272728e-05,0.0,-0.00013531229260383527,0.00014171086841361594
5.6290909090909097e-05,0.0,-0.00013504214894266388,0.00014653530918859345
5.6299090909090915e-05,0.0,-0.00013322729186751386,0.0001514795905098158
5.630727272727273e-05,0.0,-0.00012978826016349056,0.00015650345778085427
5.631545454545455e-05,0.0,-0.00012466037519234414,0.00016165254345984522
5.632363636363637e-05,0.0,-0.00011779550281829706,0.00016687153805131785
5.633181818181819e-05,0.0,-0.00010916370729236392,0.00017222048773317294
5.6340000000000006e-05,0.0,-9.875476787882224e-05,0.00017763102858460564
5.6348181818181824e-05,0.0,-8.657952916155055e-05,0.00018317549006776026
5.635636363636364e-05,0.0,-7.267105655267535e-05,0.0001887749524626439
5.636454545454546e-05,0.0,-5.7085569557204344e-05,0.00019451142159373504
5.637272727272728e-05,0.0,-3.9903126835669e-05,0.00020029833580465178
5.63809090909091e-05,0.0,-2.1228039057578116e-05,0.0002062243799035627
5.6389090909090916e-05,0.0,-1.188987950760764e-06,0.00021219858074578664
5.6397272727272734e-05,0.0,2.0061167183134757e-05,0.00021831301510733287
5.640545454545455e-05,0.0,4.234591091569346e-05,0.00022447573307474934
5.641363636363637e-05,0.0,6.546593281847323e-05,0.0002307787402163529
5.642181818181819e-05,0.0,8.920033589702627e-05,0.00023713262565970954
5.643000000000001e-05,0.0,0.00011330819553146665,0.00024362580777549306
5.6438181818181825e-05,0.0,0.00013753046740165017,0.00025017488114404584
5.6446363636363643e-05,0.0,0.00016159223791424815,0.00025686123781681495
5.645454545454546e-05,0.0,0.00018520530550945142,0.0002636107613250128
5.646272727272728e-05,0.0,0.00020807107597425902,0.0002704945869010812
5.64709090909091e-05,0.0,0.00022988374959989743,0.0002774508560122962
5.6479090909090916e-05,0.0,0.0002503337727690628,0.00028453755414528
5.6487272727272735e-05,0.0,0.0002691115214233563,0.00029170761094352655
5.649545454545455e-05,0.0,0.000285911178924048,0.00029900342761478174
5.650363636363637e-05,-0.0,0.0003004347661638137,0.0003063947022776821
5.651181818181819e-05,-0.0,0.00031239627749772244,0.000313906382856763
5.652000000000001e-05,-0.0,0.00032152587222150126,0.0003215262737085844
5.6528181818181826e-05,-0.0,0.00032757406801349107,0.0003292606540082875
5.6536363636363644e-05,-0.0,0.00033031588004850393,0.0003371160607081336
5.654454545454546e-05,-0.0,0.00032955484745638314,0.00034507960624060257
5.655272727272728e-05,-0.0,0.0003251268874988313,0.000353176434241834
5.65609090909091e-05,-0.0,0.00031690391733100597,0.00036137474562288513
5.656909090909092e-05,-0.0,0.00030479718354610045,0.0003697174027220219
5.6577272727272736e-05,-0.0,0.00028876024090692006,0.0003781547079994525
5.6585454545454554e-05,-0.0,0.00026879152377124843,0.00038674561527996085
5.659363636363637e-05,-0.0,0.00024493645672788795,0.0003954242716139099
5.660181818181819e-05,-0.0,0.0002172890548754139,0.0004042634112585464
5.661000000000001e-05,-0.0,0.00018599296898057186,0.00041318343874235356
5.661818181818183e-05,-0.0,0.00015124193641836774,0.00042226795997617997
5.6626363636363645e-05,-0.0,0.00011327960527657255,0.00043142662932294705
5.663454545454546e-05,-0.0,7.239870624365622e-05,0.00044075053118714565
5.664272727272728e-05,-0.0,2.8939554816848715e-05,0.00045014202460985615
5.66509090909091e-05,-0.0,-1.671212512104742e-05,0.00045969593061958176
5.665909090909092e-05,-0.0,-6.412805630040511e-05,0.0004693110917850056
5.6667272727272736e-05,-0.0,-0.00011284093219188608,0.0004790821271180379
5.6675454545454555e-05,-0.0,-0.00016234859116071525,0.0004889083117971876
5.668363636363637e-05,-0.0,-0.00021211881176241474,0.0004988800887969821
5.669181818181819e-05,-0.0,-0.00026159469051913073,0.0005089011230829284
5.670000000000001e-05,-0.0,-0.0003102005538947013,0.0005190538358768765
5.670818181818183e-05,-0.0,-0.00035734834686727834,0.0005292500839702599
5.6716363636363646e-05,-0.0,-0.0004024444316290834,0.0005395607083047159
5.6724545454545464e-05,-0.0,-0.0004448967216718469,0.0005499092472191011
5.673272727272728e-05,-0.0,-0.00048412206898950017,0.0005603518373865489
5.67409090909091e-05,-0.0,-0.0005195538154875221,0.0005708267316541079
5.674909090909092e-05,-0.0,-0.0005506494140633011,0.0005813728027644038
5.675727272727274e-05,0.0,-0.0005768980203349045,0.0005919454685088902
5.6765454545454555e-05,0.0,-0.0005978279527544057,0.0006025644494765241
5.6773636363636374e-05,0.0,-0.0006130139169394978,0.0006132040942168511
5.678181818181819e-05,0.0,-0.0006220838895707063,0.0006238638347485033
5.679000000000001e-05,0.0,-0.0006247255581902812,0.000634537956989075
5.679818181818183e-05,0.0,-0.0006206922157414788,0.0006452052704474836
5.680636363636365e-05,0.0,-0.0006098080127196309,0.0006558802014334179
5.6814545454545465e-05,0.0,-0.0005919724753619105,0.0006665214246929397
5.682272727272728e-05,0.0,-0.0005671642053506055,0.0006771628936882209
5.68309090909091e-05,0.0,-0.0005354436849917476,0.0006877444449760074
5.683909090909092e-05,0.0,-0.0004969551216810211,0.0006983181490269259
5.684727272727274e-05,0.0,-0.0004519272765827366,0.0007088070651672706
5.6855454545454556e-05,0.0,-0.0004006732347027985,0.0007192792244094748
5.6863636363636375e-05,0.0,-0.0003435890867884945,0.0007296436597428069
5.687181818181819e-05,0.0,-0.00028115150757217764,0.0007399815399051056
5.688000000000001e-05,0.0,-0.0002139142296110326,0.0007501912104931655
5.688818181818183e-05,0.0,-0.00014250342716496138,0.0007603635953582454
5.689636363636365e-05,0.0,-6.761203999036767e-05,0.0007703901538903396
5.6904545454545466e-05,0.0,1.0006917610139212e-05,0.0007803677520602242
5.6912727272727284e-05,0.0,8.95480018804677e-05,0.0007901850810719158
5.69209090909091e-05,0.0,0.00017016186341446758,0.0007999408533973007
5.692909090909092e-05,0.0,0.000250964560070369,0.0008095252670149496
5.693727272727274e-05,0.0,0.0003310475561169874,0.000819034663555548
5.694545454545456e-05,0.0,0.0004094882925600559,0.0008283650110254316
5.6953636363636375e-05,0.0,0.00048536120274020534,0.0008376061094043192
5.6961818181818194e-05,0.0,0.0005577490379475486,0.0008466637770833984
5.697000000000001e-05,0.0,0.0006257543601388619,0.0008556173174920547
5.697818181818182e-05,0.0,0.0006885110530280207,0.000864386129684954
5.698636363636364e-05,0.0,0.000745195698980069,0.0008730354455723337
5.699454545454546e-05,0.0,0.0007950386673785204,0.0008815014685658689
5.700272727272728e-05,-0.0,0.0008373347605299655,0.0008898323161332111
5.7010909090909096e-05,-0.0,0.0008714532657652947,0.0008979835738712192
5.7019090909090915e-05,-0.0,0.0008968472672063809,0.0009059838677518008
5.702727272727273e-05,-0.0,0.0009130620776709415,0.0009138099816206675
5.703545454545455e-05,-0.0,0.000919742660332284,0.0009214694483500572
5.704363636363637e-05,-0.0,0.0009166399209465489,0.0009289612173256893
5.705181818181819e-05,-0.0,0.0009036157645868465,0.0009362709822599178
5.7060000000000006e-05,-0.0,0.0008806468257289758,0.0009434199230187942
5.7068181818181824e-05,-0.0,0.0008478267970349278,0.0009503720499795062
5.707636363636364e-05,-0.0,0.0008053673000676722,0.0009571699192266909
5.708454545454546e-05,-0.0,0.0007535972602075778,0.0009637569250800542
5.709272727272728e-05,-0.0,0.0006929607679686463,0.000970195248082197
5.71009090909091e-05,-0.0,0.000624013429454679,0.0009764096164970626
5.7109090909090915e-05,-0.0,0.0005474172295607082,0.000982479246475163
5.7117272727272734e-05,-0.0,0.0004639339524127117,0.000988312966048485
5.712545454545455e-05,-0.0,0.0003744172241420645,0.0009940036985252997
5.713363636363637e-05,-0.0,0.00027980326310207704,0.000999447850146404
5.714181818181819e-05,-0.0,0.00018110044174749515,0.0010047481144809956
5.715000000000001e-05,-0.0,7.937778231797789e-05,0.0010097925311641797
5.7158181818181825e-05,-0.0,-2.4247475088780436e-05,0.0010146891784052476
5.716636363636364e-05,-0.0,-0.00012862307876321645,0.0010193221979130035
5.717454545454546e-05,-0.0,-0.00023257557993369222,0.0010238003998862626
5.718272727272728e-05,-0.0,-0.00033492457907607405,0.001028008726370183
5.71909090909091e-05,-0.0,-0.0004344972192931666,0.0010320519957567034
5.7199090909090916e-05,-0.0,-0.0005301427364619587,0.0010358206815649317
5.7207272727272735e-05,-0.0,-0.0006207468728832879,0.001039411016942148
5.721545454545455e-05,-0.0,-0.0007052459609295274,0.0010427235700097872
5.722363636363637e-05,-0.0,-0.0007826404857065047,0.0010458417237758904
5.723181818181819e-05,-0.0,-0.0008520079410204186,0.0010486803399442904
5.724000000000001e-05,-0.0,-0.0009125148009219358,0.0010513062010407137
5.7248181818181826e-05,-0.0,-0.000963427439699042,0.0010536521145642248
5.7256363636363644e-05,0.0,-0.0010041218462773305,0.001055765192293659
5.726454545454546e-05,0.0,-0.0010340919943912072,0.0010575991320674039
5.727272727272728e-05,0.0,-0.0010529567474050698,0.0010591791224253961
5.72809090909091e-05,0.0,-0.001060465196049489,0.0010604818564340249
5.728909090909092e-05,0.0,-0.0010565003483234323,0.0010615092684498496
5.7297272727272735e-05,0.0,-0.0010410811131027326,0.0010622622147832275
5.7305454545454554e-05,0.0,-0.00101436254226761,0.001062719031518524
5.731363636363637e-05,0.0,-0.000976634320080403,0.0010629049111975143
5.732181818181819e-05,0.0,-0.0009283175127586202,0.0010627752584049341
5.733000000000001e-05,0.0,-0.0008699596153415465,0.0010623787633496312
5.733818181818183e-05,0.0,-0.0008022279566839392,0.0010616495583808277
5.7346363636363645e-05,0.0,-0.0007259015463753987,0.0010606580071233984
5.735454545454546e-05,0.0,-0.0006418614692359207,0.00105931956137168
5.736272727272728e-05,0.0,-0.000551079953448626,0.0010577235154810142
5.73709090909091e-05,0.0,-0.00045460825705169217,0.0010557700653593442
5.737909090909092e-05,0.0,-0.00035356353414081463,0.0010535638809534018
5.7387272727272736e-05,0.0,-0.000249114856479597,0.0010509940250449654
5.7395454545454555e-05,0.0,-0.0001424685780611032,0.0010481763161178034
5.740363636363637e-05,0.0,-3.4853239329860996e-05,0.0010449933395378275
5.741181818181819e-05,0.0,7.249578587972392e-05,0.0010415673329443155
5.742000000000001e-05,0.0,0.00017835169420248818,0.0010377794039089193
5.742818181818183e-05,0.0,0.00028151150045221246,0.0010337531695800374
5.7436363636363646e-05,0.0,0.000380810924749957,0.0010293733976082366
5.7444545454545464e-05,0.0,0.00047513872009069844,0.0010247599418481358
5.745272727272728e-05,0.0,0.0005634502496719478,0.0010198062918087096
5.74609090909091e-05,0.0,0.0006447801343370648,0.0010146235062058503
5.746909090909092e-05,0.0,0.0007182538040715448,0.0010091185674140247
5.747727272727274e-05,0.0,0.000783097803425289,0.0010033890308498012
5.7485454545454555e-05,0.0,0.0008386487187744825,0.0009973596455082354
5.7493636363636374e-05,0.0,0.0008843606152077869,0.0009911102818964495
5.750181818181819e-05,-0.0,0.0009198108922203156,0.000984587042304658
5.751000000000001e-05,-0.0,0.0009447044900003618,0.0009778486419631711
5.751818181818183e-05,-0.0,0.0009588764015562813,0.0009708652709642586
5.752636363636365e-05,-0.0,0.0009622924699008333,0.0009636718887727747
5.7534545454545465e-05,-0.0,0.0009550484736278387,0.0009562645227164593
5.754272727272728e-05,-0.0,0.0009373675281207055,0.0009486527713059025
5.75509090909091e-05,-0.0,0.0009095958529688434,0.0009408591692541651
5.755909090909092e-05,-0.0,0.0008721969785919074,0.0009328674302811965
5.756727272727274e-05,-0.0,0.0008257444862553335,0.0009247261370880902
5.7575454545454556e-05,-0.0,0.0007709133952973238,0.000916393717951884
5.7583636363636374e-05,-0.0,0.0007084703291968164,0.0009079432119908931
5.759181818181819e-05,-0.0,0.0006392626078437288,0.0008993094789091236
5.760000000000001e-05,-0.0,0.0005642064268106194,0.0008905873373420126
5.760818181818183e-05,-0.0,0.0004842742953899838,0.000881690858253881
5.761636363636365e-05,-0.0,0.00040048191351461937,0.000872732973608075
5.7624545454545466e-05,-0.0,0.00031387467332238966,0.0008636107056401612
5.7632727272727284e-05,-0.0,0.00022551397400642791,0.0008544505868348642
5.76409090909091e-05,-0.0,0.00013646353869566888,0.0008451371427842004
5.764909090909092e-05,-0.0,4.777591946999665e-05,0.0008358053314376277
5.765727272727274e-05,-0.0,-3.952062869710142e-05,0.0008263323576833157
5.766545454545456e-05,-0.0,-0.00012443473214356676,0.0008168559864561319
5.7673636363636375e-05,-0.0,-0.00020602377821938032,0.0008072516808009648
5.7681818181818194e-05,-0.0,-0.0002834049403209127,0.0007976541946917944
5.769000000000001e-05,-0.0,-0.00035576521258620886,0.0007879429868615946
5.769818181818183e-05,-0.0,-0.0004223703348192463,0.000778244040972818
5.770636363636365e-05,-0.0,-0.00048257250593292827,0.0007684464510785452
5.7714545454545467e-05,-0.0,-0.0005358168031131011,0.0007586619897742284
5.772272727272728e-05,-0.0,-0.0005816462437052706,0.0007487946713322537
5.7730909090909096e-05,-0.0,-0.0006197054471993306,0.0007389371844128148
5.7739090909090915e-05,-0.0,-0.0006497428753192067,0.0007290131490292524
5.774727272727273e-05,-0.0,-0.0006716116487985148,0.0007190920911557831
5.775545454545455e-05,0.0,-0.0006852689596305802,0.0007091211023702145
5.776363636363637e-05,0.0,-0.0006907741171226224,0.0006991434532074586
5.777181818181819e-05,0.0,-0.0006882852846766089,0.0006891325679899974
5.7780000000000006e-05,0.0,-0.0006780549816005953,0.0006791035030504788
5.7788181818181824e-05,0.0,-0.0006604244401858191,0.0006690577317017336
5.779636363636364e-05,0.0,-0.000635816922554991,0.0006589813681983845
5.780454545454546e-05,0.0,-0.0006047301142142232,0.0006489044174609807
5.781272727272728e-05,0.0,-0.0005677277216749047,0.0006387845960045286
5.78209090909091e-05,0.0,-0.0005254304098368085,0.0006286796564847622
5.7829090909090915e-05,0.0,-0.00047850622095979047,0.0006185207184064687
5.7837272727272734e-05,0.0,-0.00042766062095503637,0.0006083912560978001
5.784545454545455e-05,0.0,-0.000373626320390221,0.0005981987774621375
5.785363636363637e-05,0.0,-0.00031715301705326183,0.0005880492901655887
5.786181818181819e-05,0.0,-0.0002589972042171518,0.0005778307368710309
5.787000000000001e-05,0.0,-0.00019991218398635144,0.0005676674393640303
5.7878181818181825e-05,0.0,-0.00014063841840656222,0.0005574327127469039
5.788636363636364e-05,0.0,-8.189434253542504e-05,0.0005472641192943228
5.789454545454546e-05,0.0,-2.4367753577358093e-05,0.0005370259678428465
5.790272727272728e-05,0.0,3.12921213225029e-05,0.0005268633465358002
5.79109090909091e-05,0.0,8.448178873962508e-05,0.0005166376261218677
5.7919090909090916e-05,0.0,0.00013464980788548933,0.0005064953060265129
5.7927272727272734e-05,0.0,0.0001813022029999937,0.0004963010779775112
5.793545454545455e-05,0.0,0.0002240069223660943,0.00048619659673067534
5.794363636363637e-05,0.0,0.00026239731226965104,0.0004760560597278626
5.795181818181819e-05,0.0,0.0002961745894205205,0.0004660101456437683
5.796000000000001e-05,0.0,0.00032510931032628346,0.00045594840352826307
5.7968181818181826e-05,0.0,0.0003490418506449315,0.0004459847921725176
5.7976363636363644e-05,0.0,0.0003678819214279856,0.0004360294650923062
5.798454545454546e-05,0.0,0.00038160716220756835,0.0004261745554994462
5.799272727272728e-05,0.0,0.00039026086290540183,0.000416355246445857
5.80009090909091e-05,-0.0,0.0003939488773955286,0.0004066376067389642
5.800909090909092e-05,-0.0,0.0003928358011063055,0.00039698523950974443
5.8017272727272735e-05,-0.0,0.0003871404931963307,0.00038743497572242037
5.8025454545454554e-05,-0.0,0.00037713103050438526,0.0003779810238875629
5.803363636363637e-05,-0.0,0.00036311918560191954,0.0003686290295142837
5.804181818181819e-05,-0.0,0.0003454545248407176,0.00035940465932993306
5.805000000000001e-05,-0.0,0.0003245182242865742,0.0003502817668653138
5.8058181818181827e-05,-0.0,0.0003007167018857509,0.0003413169206039621
5.8066363636363645e-05,-0.0,0.0002744751631721737,0.00033245298040725956
5.807454545454546e-05,-0.0,0.0002462311553593557,0.00032377543048861296
5.808272727272728e-05,-0.0,0.0002164282208614083,0.00031519834698924684
5.80909090909091e-05,-0.0,0.00018550973625976302,0.0003068327557397562
5.809909090909092e-05,-0.0,0.00015391301659974064,0.00029856751642096607
5.8107272727272736e-05,-0.0,0.00012206375780070856,0.00029053454116513734
5.8115454545454554e-05,-0.0,9.037088204266898e-05,0.0002826022797694228
5.812363636363637e-05,-0.0,5.92218424055456e-05,0.00027491776778941523
5.813181818181819e-05,-0.0,2.8978433944488974e-05,0.0002673349091639768
5.814000000000001e-05,-0.0,-2.6851053618632962e-08,0.0002600092309209685
5.814818181818183e-05,-0.0,-2.749389550987568e-05,0.00025278676978473814
5.8156363636363646e-05,-0.0,-5.31574392159322e-05,0.00024582434032899774
5.8164545454545464e-05,-0.0,-7.678896076968596e-05,0.0002389673083739938
5.817272727272728e-05,-0.0,-9.819796008851183e-05,0.0002323663443769946
5.81809090909091e-05,-0.0,-0.00011723265065581538,0.00022587351759289435
5.818909090909092e-05,-0.0,-0.00013378007898421626,0.00021962606925947432
5.819727272727274e-05,-0.0,-0.0001477656964743784,0.00021348995841369655
5.8205454545454555e-05,-0.0,-0.00015915241581861082,0.00020758224065336073
5.8213636363636373e-05,-0.0,-0.00016793919026438246,0.0002017893915350632
5.822181818181819e-05,-0.0,-0.00017415915935287463,0.00019620241738650237
5.823000000000001e-05,-0.0,-0.0001778774091369268,0.00019073402417933653
5.823818181818183e-05,-0.0,-0.00017918839833358087,0.00018544451740476698
5.8246363636363647e-05,-0.0,-0.00017821310436748396,0.0001802773246820696
5.8254545454545465e-05,0.0,-0.00017509594481650176,0.00017525886118215905
5.826272727272728e-05,0.0,-0.00017000153039849886,0.00017036630157927235
5.82709090909091e-05,0.0,-0.00016311130537111887,0.00016559060545906452
5.827909090909092e-05,0.0,-0.00015462013010097178,0.00016094409600351205
5.828727272727274e-05,0.0,-0.00014473285865356422,0.00015638240021737673
5.8295454545454556e-05,0.0,-0.00013366096162935245,0.00015195270507484344
5.8303636363636374e-05,0.0,-0.00012161924120107915,0.0001475770816855989
5.831181818181819e-05,0.0,-0.0001088226814758645,0.0001433356455113727
5.832000000000001e-05,0.0,-9.548347300021741e-05,0.00013912021756960693
5.832818181818183e-05,0.0,-8.18082455391334e-05,0.00013504038211004107
5.833636363636365e-05,0.0,-6.799553828615429e-05,0.00013096234633205305
5.8344545454545466e-05,0.0,-5.423353149434668e-05,0.0001270203811808546
5.8352727272727284e-05,0.0,-4.069805825120334e-05,0.00012306079432178402
5.83609090909091e-05,0.0,-2.7550909842281484e-05,0.00011923669686466503
5.836909090909092e-05,0.0,-1.493844294313252e-05,0.00011538100456505025
5.837727272727274e-05,0.0,-2.990491825854196e-06,0.0001116590497996911
5.838545454545456e-05,0.0,8.180416061255953e-06,0.00010789736079431459
5.8393636363636375e-05,0.0,1.8479547318701757e-05,0.00010426640513807923
5.8401818181818193e-05,0.0,2.7830162990173732e-05,0.00010059353323791933
5.841000000000001e-05,0.0,3.6173446280689155e-05,9.704709510791149e-05
5.841818181818183e-05,0.0,4.346817510669801e-05,9.34624049281378e-05
5.842636363636365e-05,0.0,4.9690159874947564e-05,8.999855775040073e-05
5.8434545454545466e-05,0.0,5.4831469289287766e-05,8.650565778475093e-05
5.8442727272727285e-05,0.0,5.889946888848033e-05,8.312677840537987e-05
5.84509090909091e-05,0.0,6.191569842019472e-05,7.973310758203343e-05
5.845909090909092e-05,0.0,6.391461506266662e-05,7.644552564109337e-05
5.846727272727273e-05,0.0,6.49422299303653e-05,7.316187798748995e-05
5.847545454545455e-05,0.0,6.505466526498601e-05,6.997547065390321e-05
5.848363636363637e-05,0.0,6.431665924544655e-05,6.681549800176346e-05
5.849181818181819e-05,0.0,6.280004448264116e-05,6.374327018835364e-05
5.8500000000000006e-05,-0.0,6.05822250335994e-05,6.072299512590417e-05
5.8508181818181824e-05,-0.0,5.774467521699972e-05,5.778067755706915e-05
5.851636363636364e-05,-0.0,5.437148168282689e-05,5.4918036812525364e-05
5.852454545454546e-05,-0.0,5.054794813049042e-05,5.2123720826912694e-05
5.853272727272728e-05,-0.0,4.6359279829604226e-05,4.943813947493307e-05
5.85409090909091e-05,-0.0,4.188936272313179e-05,4.6811943029062076e-05
5.8549090909090915e-05,-0.0,3.7219649430310985e-05,4.432390579925168e-05
5.8557272727272734e-05,-0.0,3.242816196241854e-05,4.188762036855372e-05
5.856545454545455e-05,-0.0,2.758861846226135e-05,3.9618147916024284e-05
5.857363636363637e-05,-0.0,2.2769688819920026e-05,3.739473733267738e-05
5.858181818181819e-05,-0.0,1.8034381640600463e-05,3.536458293616076e-05
5.8590000000000007e-05,-0.0,1.3439562779060446e-05,3.337728268610241e-05
5.8598181818181825e-05,-0.0,9.035603538393515e-06,3.160554574294277e-05
5.860636363636364e-05,-0.0,4.866154684554962e-06,2.9876166634024528e-05
5.861454545454546e-05,-0.0,9.680406735922212e-07,2.837793954574409e-05
5.862272727272728e-05,-0.0,-2.628733056672225e-06,2.6923928034251334e-05
5.86309090909091e-05,-0.0,-5.9008682025819e-06,2.5706736551992836e-05
5.8639090909090916e-05,-0.0,-8.831566685651816e-06,2.4536851509300042e-05
5.8647272727272734e-05,-0.0,-1.141023915039913e-05,2.359628844065336e-05
5.865545454545455e-05,-0.0,-1.3632139935098153e-05,2.270570155131356e-05
5.866363636363637e-05,-0.0,-1.5497939990174637e-05,2.2021803591430382e-05
5.867181818181819e-05,-0.0,-1.7013249409436566e-05,2.1388746929682417e-05
5.868000000000001e-05,-0.0,-1.81881012228894e-05,2.092548374539783e-05
5.8688181818181826e-05,-0.0,-1.9036407891125507e-05,2.0511939551753778e-05
5.8696363636363644e-05,-0.0,-1.9575401557375786e-05,2.0221268864680626e-05
5.870454545454546e-05,-0.0,-1.9825068572848386e-05,1.9978391226459463e-05
5.871272727272728e-05,-0.0,-1.9807588133248956e-05,1.9807702180089666e-05
5.87209090909091e-05,-0.0,-1.9546784069383505e-05,1.9683787440150978e-05
5.872909090909092e-05,-0.0,-1.906759794351044e-05,1.9583562328156636e-05
5.8737272727272735e-05,-0.0,-1.8395590637594408e-05,1.9531208823574643e-05
5.8745454545454553e-05,-0.0,-1.755647860194019e-05,1.9460233749760603e-05
5.875363636363637e-05,0.0,-1.657570988400326e-05,1.944063927658605e-05
5.876181818181819e-05,0.0,-1.5478083996947313e-05,1.9368077692737682e-05
5.877000000000001e-05,0.0,-1.4287418633589251e-05,1.9352405401549994e-05
5.8778181818181826e-05,0.0,-1.3026265200516106e-05,1.925752675138799e-05
5.8786363636363645e-05,0.0,-1.1715674155379516e-05,1.9226321089703605e-05
5.879454545454546e-05,0.0,-1.0375010192459183e-05,1.9097016802263015e-05
5.880272727272728e-05,0.0,-9.021816450181121e-06,1.903869885571522e-05
5.88109090909091e-05,0.0,-7.671726119228789e-06,1.8869615218181207e-05
5.881909090909092e-05,0.0,-6.338419118418657e-06,1.877872874394535e-05
5.8827272727272736e-05,0.0,-5.033620883034805e-06,1.856944955002806e-05
5.8835454545454554e-05,0.0,-3.7671397811205e-06,1.8444984004530945e-05
5.884363636363637e-05,0.0,-2.5469392404422623e-06,1.819842626054398e-05
5.885181818181819e-05,0.0,-1.3792403337626462e-06,1.804233224966325e-05
5.886000000000001e-05,0.0,-2.686503315127385e-07,1.776338487552621e-05
5.886818181818183e-05,0.0,7.816874145400925e-07,1.757930050979315e-05
5.8876363636363646e-05,0.0,1.7699269503810049e-06,1.7273689316454606e-05
5.8884545454545464e-05,0.0,2.695341229900096e-06,1.70658662657412e-05
5.889272727272728e-05,0.0,3.5581362217012292e-06,1.673922518683581e-05
5.89009090909091e-05,0.0,4.3592620043582184e-06,1.6511645657840318e-05
5.890909090909092e-05,0.0,5.100225004510887e-06,1.616878781108034e-05
5.891727272727274e-05,0.0,5.782905240039389e-06,1.5924477176298897e-05
5.8925454545454555e-05,0.0,6.409382093070756e-06,1.556887526395065e-05
5.893363636363637e-05,0.0,6.981771763751748e-06,1.5309427792419742e-05
5.894181818181819e-05,0.0,7.50207915365242e-06,1.494292384248245e-05
5.895000000000001e-05,0.0,7.972066504871438e-06,1.4668264643949452e-05
5.895818181818183e-05,0.0,8.393140685074829e-06,1.4291030826503218e-05
5.8966363636363646e-05,0.0,8.766260567939433e-06,1.3999433917093094e-05
5.8974545454545465e-05,0.0,9.091865520876893e-06,1.3610200372773676e-05
5.898272727272728e-05,0.0,9.369825584640685e-06,1.3298574187781753e-05
5.89909090909091e-05,0.0,9.599413518157683e-06,1.2895133306374299e-05
5.899909090909092e-05,0.0,9.77929849113806e-06,1.2559580474175305e-05
5.900727272727274e-05,-0.0,9.907560840666406e-06,1.2139582384023954e-05
5.9015454545454556e-05,-0.0,9.98172697003066e-06,1.1776255223366555e-05
5.9023636363636374e-05,-0.0,9.99882316228495e-06,1.1338344176936116e-05
5.903181818181819e-05,-0.0,9.95544681037223e-06,1.0944672636236796e-05
5.904000000000001e-05,-0.0,9.847853331563345e-06,1.0490103225889387e-05
5.904818181818183e-05,-0.0,9.672056836761417e-06,1.0066600399988292e-05
5.905636363636365e-05,-0.0,9.423942464565194e-06,9.601650867289466e-06
5.9064545454545465e-05,-0.0,9.099388165604767e-06,9.154751681768e-06
5.9072727272727284e-05,-0.0,8.694393634327364e-06,8.694547943006469e-06
5.90809090909091e-05,-0.0,8.205214032429369e-06,8.241337926815043e-06
5.908909090909092e-05,-0.0,7.628496128876797e-06,7.815986181340306e-06
5.909727272727274e-05,-0.0,6.961414493424682e-06,7.391923657909282e-06
5.910545454545456e-05,-0.0,6.201805420927266e-06,7.055064712260142e-06
5.9113636363636375e-05,-0.0,5.348296330003221e-06,6.723837316148171e-06
5.912181818181819e-05,-0.0,4.4004284696595245e-06,6.5578552789242156e-06
5.913000000000001e-05,-0.0,3.3587708791675726e-06,6.41233494479752e-06
5.913818181818183e-05,-0.0,2.225023677273691e-06,6.509947226553939e-06
5.914636363636365e-05,-0.0,1.0021089037067564e-06,6.639055143620149e-06
5.9154545454545466e-05,-0.0,-3.0575270409109994e-07,7.049154388518657e-06
5.9162727272727285e-05,-0.0,-1.6929804455392528e-06,7.481632415188945e-06
5.91709090909091e-05,-0.0,-3.152589170076704e-06,8.177953090951501e-06
5.917909090909092e-05,-0.0,-4.6761626498247074e-06,8.877617908402877e-06
5.918727272727274e-05,-0.0,-6.253845700959695e-06,9.79595232894526e-06
5.919545454545456e-05,-0.0,-7.87435574789426e-06,1.0706389791255048e-05
5.9203636363636376e-05,-0.0,-9.525014327691454e-06,1.178760806659687e-05
5.921181818181819e-05,-0.0,-1.1191798835167403e-05,1.2861092113734639e-05
5.9220000000000006e-05,-0.0,-1.2859414612505983e-05,1.4062645169704138e-05
5.9228181818181824e-05,-0.0,-1.4511387291281197e-05,1.5264382019010363e-05
5.923636363636364e-05,-0.0,-1.613017510008504e-05,1.655660925078828e-05
5.924454545454546e-05,-0.0,-1.7697300658277043e-05,1.786101339544389e-05
5.925272727272728e-05,0.0,-1.9193501586432336e-05,1.922196365184773e-05
5.92609090909091e-05,0.0,-2.0598899077148124e-05,2.0608870589618892e-05
5.9269090909090915e-05,0.0,-2.189318338577259e-05,2.2020822000886143e-05
5.9277272727272733e-05,0.0,-2.3055815019055858e-05,2.3473018237999503e-05
5.928545454545455e-05,0.0,-2.4066240220786916e-05,2.4920502125505748e-05
5.929363636363637e-05,0.0,-2.4904119177775454e-05,2.6422300861746465e-05
5.930181818181819e-05,0.0,-2.5549565197841893e-05,2.7891054216215093e-05
5.9310000000000006e-05,0.0,-2.5983392944318683e-05,2.9427523729373076e-05
5.9318181818181825e-05,0.0,-2.618737364914484e-05,3.090397379935887e-05
5.932636363636364e-05,0.0,-2.614449506923509e-05,3.2460555509539306e-05
5.933454545454546e-05,0.0,-2.58392237993073e-05,3.3931612170037255e-05
5.934272727272728e-05,0.0,-2.5257767410402456e-05,3.549397701130766e-05
5.93509090909091e-05,0.0,-2.4388333748986968e-05,3.6947012785338954e-05
5.9359090909090916e-05,0.0,-2.322138460872865e-05,3.8501072976644526e-05
5.9367272727272734e-05,0.0,-2.174988087741894e-05,3.992402770273697e-05
5.937545454545455e-05,0.0,-1.9969516166736484e-05,4.1456059891835256e-05
5.938363636363637e-05,0.0,-1.7878935854847858e-05,4.283763785515847e-05
5.939181818181819e-05,0.0,-1.5479938414256555e-05,4.433449553852482e-05
5.940000000000001e-05,0.0,-1.2777655863334469e-05,4.5664439722398584e-05
5.9408181818181826e-05,0.0,-9.78071017292473e-06,4.711384538979494e-05
5.9416363636363644e-05,0.0,-6.5013424820811784e-06,4.8383282736205366e-05
5.942454545454546e-05,0.0,-2.9555120318636577e-06,4.977419737552447e-05
5.943272727272728e-05,0.0,8.370381842163324e-07,5.0976053762777834e-05
5.94409090909091e-05,0.0,4.8527519268799646e-06,5.2299125265751915e-05
5.944909090909092e-05,0.0,9.064269079762429e-06,5.3428610745371124e-05
5.9457272727272735e-05,0.0,1.3440476371871173e-05,5.467670413373977e-05
5.946545454545455e-05,0.0,1.794660168641466e-05,5.573186810066232e-05
5.947363636363637e-05,0.0,2.2544353882306996e-05,5.690067923963644e-05
5.948181818181819e-05,0.0,2.7192109700720296e-05,5.788303115821469e-05
5.949000000000001e-05,0.0,3.1845148927022696e-05,5.897178098122206e-05
5.9498181818181826e-05,0.0,3.645593852807851e-05,5.9886964046854684e-05
5.9506363636363645e-05,-0.0,4.0974465986785296e-05,6.089916093191398e-05
5.951454545454546e-05,-0.0,4.53486215118308e-05,6.175765203122464e-05
5.952272727272728e-05,-0.0,4.952462821435302e-05,6.270189383160996e-05
5.95309090909091e-05,-0.0,5.344751871887983e-05,6.351968157918668e-05
5.953909090909092e-05,-0.0,5.7061656018583905e-05,6.441044384985451e-05
5.9547272727272736e-05,-0.0,6.0311295700010185e-05,6.520960625825392e-05
5.9555454545454554e-05,-0.0,6.314118595643944e-05,6.606792834432195e-05
5.956363636363637e-05,-0.0,6.54972010897424e-05,6.687699408108154e-05
5.957181818181819e-05,-0.0,6.732700347719989e-05,6.773093185654515e-05
5.958000000000001e-05,-0.0,6.858072826259565e-05,6.858487023029176e-05
5.958818181818183e-05,-0.0,6.921168433071875e-05,6.946954154710937e-05
5.9596363636363645e-05,-0.0,6.917706445229739e-05,7.040920061423765e-05
5.9604545454545464e-05,-0.0,6.843865685382273e-05,7.136622467596272e-05
5.961272727272728e-05,-0.0,6.696354988591124e-05,7.243704761521801e-05
5.96209090909091e-05,-0.0,6.472482094767835e-05,7.351319975375584e-05
5.962909090909092e-05,-0.0,6.170220038616832e-05,7.4763124087999e-05
5.963727272727274e-05,-0.0,5.788270074196346e-05,7.60081209944475e-05
5.9645454545454555e-05,-0.0,5.326120146672391e-05,7.748471835582538e-05
5.965363636363637e-05,-0.0,4.7840979106908854e-05,7.894822478611503e-05
5.966181818181819e-05,-0.0,4.163417294101683e-05,8.069535016665166e-05
5.967000000000001e-05,-0.0,3.466217618534134e-05,8.242352209379194e-05
5.967818181818183e-05,-0.0,2.69559431542639e-05,8.447794082873709e-05
5.9686363636363646e-05,-0.0,1.8556203182537933e-05,8.651000774408579e-05
5.9694545454545465e-05,-0.0,9.513572693791956e-06,8.889855692458456e-05
5.970272727272728e-05,-0.0,-1.1144246557155294e-07,9.126399842246087e-05
5.97109090909091e-05,-0.0,-1.0248561413956137e-05,9.400174867846252e-05
5.971909090909092e-05,-0.0,-2.081796527882446e-05,9.671848976498966e-05
5.972727272727274e-05,-0.0,-3.173066162714895e-05,9.980812385939512e-05
5.9735454545454556e-05,-0.0,-4.2888979658563405e-05,0.00010288190781810309
5.9743636363636374e-05,-0.0,-5.418719804703104e-05,0.00010631423261801545
5.975181818181819e-05,0.0,-6.551230570101667e-05,0.00010973904904298547
5.976000000000001e-05,0.0,-7.674489398623553e-05,0.00011349433434790783
5.976818181818183e-05,0.0,-8.776017713652337e-05,0.00011725359530304495
5.977636363636365e-05,0.0,-9.842913568729955e-05,0.00012130335434643514
5.9784545454545465e-05,0.0,-0.00010861977582532209,0.0001253714654818665
5.9792727272727284e-05,0.0,-0.00011819849558343603,0.00012968034236606575
5.98009090909091e-05,0.0,-0.00012703154684733442,0.00013402437765595276
5.980909090909092e-05,0.0,-0.00013498658021191836,0.00013855192316992472
5.981727272727274e-05,0.0,-0.00014193425785755578,0.00014313322018051264
5.982545454545456e-05,0.0,-0.00014774991784219203,0.00014783545707378583
5.9833636363636375e-05,0.0,-0.00015231527155553032,0.0001526110528279637
5.984181818181819e-05,0.0,-0.0001555201145885417,0.0001574418197734373
5.985000000000001e-05,0.0,-0.00015726402996719399,0.00016236572025027585
5.985818181818183e-05,0.0,-0.00015745806161395054,0.00016727783294453422
5.986636363636365e-05,0.0,-0.0001560263350626695,0.00017230214904591568
5.9874545454545466e-05,0.0,-0.00015290760188815298,0.0001772484350658871
5.9882727272727284e-05,0.0,-0.00014805668404459292,0.00018232443242695425
5.98909090909091e-05,0.0,-0.00014144579435876548,0.00018725869551036468
5.989909090909092e-05,0.0,-0.00013306570981181764,0.0001923378047908631
5.990727272727274e-05,0.0,-0.00012292677498112762,0.00019721576397829189
5.991545454545456e-05,0.0,-0.00011105971410902322,0.0002022505900762607
5.9923636363636376e-05,0.0,-9.751623172077422e-05,0.00020703082590038273
5.9931818181818194e-05,0.0,-8.236938352784975e-05,0.00021197618375954125
5.994000000000001e-05,0.0,-6.571370151661022e-05,0.00021662111052199635
5.994818181818183e-05,0.0,-4.7665059624691007e-05,0.0002214351042408102
5.995636363636364e-05,0.0,-2.836026922855909e-05,0.00022591197541971304
5.996454545454546e-05,0.0,-7.956396780782045e-06,0.00023055712691125995
5.997272727272728e-05,0.0,1.3370200687131222e-05,0.0002348390697079031
5.99809090909091e-05,0.0,3.542512287789629e-05,0.00023928349302189148
5.9989090909090915e-05,0.0,5.799745325305064e-05,0.0002433505574099427
5.999727272727273e-05,0.0,8.08615587406201e-05,0.00024756916443226473
6.000545454545455e-05,-0.0,0.00010377915108643797,0.00025140936095951723
6.001363636363637e-05,-0.0,0.00012650159476613744,0.00025538507266654754
6.002181818181819e-05,-0.0,0.0001487724423572403,0.00025899536080034304
6.0030000000000006e-05,-0.0,0.00017033017433998982,0.00026272028467265354
6.0038181818181825e-05,-0.0,0.00019091111651340032,0.0002661074590140294
6.004636363636364e-05,-0.0,0.00021025250464110876,0.00026958397694935946
6.005454545454546e-05,-0.0,0.00022809566264115879,0.00027276538199384135
6.006272727272728e-05,-0.0,0.0002441892576650739,0.00027600707388275743
6.00709090909091e-05,-0.0,0.0002582925928330043,0.00027901105963803276
6.0079090909090916e-05,-0.0,0.00027017889625869973,0.00028204336622234395
6.0087272727272734e-05,-0.0,0.00027963856336105954,0.00028490937862202796
6.009545454545455e-05,-0.0,0.00028648230836244654,0.0002877698854313388
6.010363636363637e-05,-0.0,0.0002905441803555615,0.0002905480706839747
6.011181818181819e-05,-0.0,0.00029168439941128834,0.00029328627696086193
6.012000000000001e-05,-0.0,0.0002897919689229919,0.0002960364735047303
6.0128181818181825e-05,-0.0,0.000284787021753397,0.00029871290282166175
6.0136363636363644e-05,-0.0,0.0002766228597740011,0.000301502906257913
6.014454545454546e-05,-0.0,0.0002652876490592479,0.0003041874280848038
6.015272727272728e-05,-0.0,0.00025080573630325897,0.00030709045216987916
6.01609090909091e-05,-0.0,0.00023323855594057204,0.000309859725929809
6.016909090909092e-05,-0.0,0.00021268510193921223,0.0003129510533931684
6.0177272727272735e-05,-0.0,0.00018928194325004368,0.0003158850856701826
6.018545454545455e-05,-0.0,0.00016320276738647683,0.0003192380067515548
6.019363636363637e-05,-0.0,0.00013465744250934858,0.00032241592738981376
6.020181818181819e-05,-0.0,0.00010389059463037716,0.0003260971907591766
6.021000000000001e-05,-0.0,7.117970304362006e-05,0.0003295924906399954
6.0218181818181826e-05,-0.0,3.683272376118314e-05,0.0003336576162190553
6.0226363636363644e-05,-0.0,1.1852574752252052e-06,0.0003375332199024419
6.023454545454546e-05,-0.0,-3.54027147030302e-05,0.00034202211118966217
6.024272727272728e-05,-0.0,-7.255049786437871e-05,0.00034632574346818245
6.02509090909091e-05,0.0,-0.00010986071602533318,0.00035125905406455994
6.025909090909092e-05,0.0,-0.00014692366862095822,0.00035601936699089433
6.0267272727272736e-05,0.0,-0.00018332196277492306,0.00036139600398424245
6.0275454545454554e-05,0.0,-0.00021863536820933274,0.00036661984632227755
6.028363636363637e-05,0.0,-0.0002524458371147802,0.0003724158416550934
6.029181818181819e-05,0.0,-0.00028434262744666796,0.00037808689191038054
6.030000000000001e-05,0.0,-0.00031392746502377603,0.0003842556790005656
6.030818181818183e-05,0.0,-0.0003408196775464263,0.00039033446795099934
6.0316363636363645e-05,0.0,-0.00036466123228048007,0.0003968084154700311
6.0324545454545464e-05,0.0,-0.00038512160871367006,0.0004032335853566928
6.033272727272728e-05,0.0,-0.0004019024380134089,0.0004099265071444338
6.03409090909091e-05,0.0,-0.0004147418426177483,0.0004166170321688897
6.034909090909092e-05,0.0,-0.00042341841177695667,0.00042342733318428803
6.035727272727274e-05,0.0,-0.0004277547523206461,0.0004302853755788422
6.0365454545454555e-05,0.0,-0.00042762055832752324,0.0004370995042473071
6.037363636363637e-05,0.0,-0.0004229351486793729,0.00044401359391605993
6.038181818181819e-05,0.0,-0.00041366942763089123,0.0004507095292778307
6.039000000000001e-05,0.0,-0.00039984723045173007,0.00045755781031091037
6.039818181818183e-05,0.0,-0.0003815460238127631,0.00046400839081291086
6.0406363636363646e-05,0.0,-0.00035889693879880024,0.0004706617496974846
6.0414545454545464e-05,0.0,-0.0003320841231268443,0.0004767377268527604
6.042272727272728e-05,0.0,-0.0003013434082144954,0.0004830626851462895
6.04309090909091e-05,0.0,-0.000266960296051239,0.0004886354463102844
6.043909090909092e-05,0.0,-0.000229267280244197,0.0004944967536431174
6.044727272727274e-05,0.0,-0.00018864052500361806,0.0004994406992290346
6.0455454545454556e-05,0.0,-0.00014549593506371416,0.0005047035969656282
6.0463636363636374e-05,0.0,-0.00010028465846256009,0.0005088981796886971
6.047181818181819e-05,0.0,-5.348807259333488e-05,0.0005134303222367908
6.048000000000001e-05,0.0,-5.612311855038693e-06,0.0005167617632815403
6.048818181818183e-05,0.0,4.281759755241386e-05,0.0005204347856133079
6.049636363636365e-05,0.0,9.12639237435845e-05,0.0005227974790841094
6.0504545454545465e-05,-0.0,0.00013918265875149344,0.0005254881878337846
6.0512727272727284e-05,-0.0,0.00018603010974014731,0.0005267857934531192
6.05209090909091e-05,-0.0,0.00023126956658771241,0.0005283769353062691
6.052909090909092e-05,-0.0,0.00027437795841124074,0.000528523141098159
6.053727272727274e-05,-0.0,0.0003148524106285218,0.0005289036630976041
6.0545454545454557e-05,-0.0,0.00035221661442398384,0.0005278225733586112
6.0553636363636375e-05,-0.0,0.0003860269220156783,0.000526887226701415
6.056181818181819e-05,-0.0,0.00041587808390270933,0.0005245132908484327
6.057000000000001e-05,-0.0,0.0004414085482819439,0.0005221613240042076
6.057818181818183e-05,-0.0,0.00046230524801569754,0.0005184386575535156
6.058636363636365e-05,-0.0,0.00047830780684571586,0.000514571156819875
6.0594545454545466e-05,-0.0,0.0004892121039021445,0.0005094519930479884
6.0602727272727284e-05,-0.0,0.0004948731438511635,0.0005039670742187475
6.06109090909091e-05,-0.0,0.0004952071891482542,0.0004974088728561511
6.061909090909092e-05,-0.0,0.0004901931206891913,0.0004901932118710398
6.062727272727274e-05,-0.0,0.0004798730035398172,0.0004821535220291359
6.063545454545456e-05,-0.0,0.0004643518452304725,0.0004730671510712346
6.0643636363636376e-05,-0.0,0.00044379654516539096,0.00046349438759940624
6.0651818181818194e-05,-0.0,0.0004184340448594854,0.0004523419422071432
6.066000000000001e-05,-0.0,0.0003885486998100631,0.00044115798439791926
6.066818181818183e-05,-0.0,0.00035447890467475555,0.00042762947552591385
6.067636363636365e-05,-0.0,0.00031661301389782005,0.00041469391484290954
6.068454545454547e-05,-0.0,0.00027538460984842403,0.0003982258982172125
6.0692727272727285e-05,-0.0,0.00023126717975699508,0.0003832524343910803
6.07009090909091e-05,-0.0,0.00018476827111899054,0.00036262999208441814
6.0709090909090915e-05,-0.0,0.00013642320265128978,0.00034494765623381416
6.071727272727273e-05,-0.0,8.678841422116655e-05,0.00031667524618403685
6.072545454545455e-05,-0.0,3.643454432428002e-05,0.00029426244157383966
6.073363636363637e-05,-0.0,-1.4060672413090666e-05,0.00023593049298852107
