time_s,transmit_positive,transmit_negative,measured_positive,measured_negative,pulse_inversion_half_sum,recovered_harmonic,validation_true_nonlinear
0.0,9.425614132148133e-58,-9.425614132148133e-58,-0.014302661967121986,-0.0061999370189241955,-0.010251299493023091,-0.010251299493023091,-0.0004698330411485254
2.5e-08,1.7083875853401973e-43,-1.7083875853401973e-43,-0.010688847542293715,0.016439351759801928,0.0028752521087541064,0.0028752521087541064,-0.0004698328222294401
5e-08,6.519289409738789e-43,-6.519289409738789e-43,-0.004311159396033409,-0.015117313393595651,-0.00971423639481453,-0.00971423639481453,-0.0004698326039445583
7.5e-08,1.795688565348987e-42,-1.795688565348987e-42,-0.004578546027764928,-0.01577639608635341,-0.010177471057059169,-0.010177471057059169,-0.00046983238629254753
1e-07,4.213914879940376e-42,-4.213914879940376e-42,0.0022741691042825634,-0.0009257726999820243,0.0006741982021502696,0.0006741982021502696,-0.0004698321692720794
1.25e-07,8.822664357494427e-42,-8.822664357494427e-42,-0.014007736437633927,0.005273014649347945,-0.004367360894142991,-0.004367360894142991,-0.00046983195288182686
1.5e-07,1.6666356654021181e-41,-1.6666356654021181e-41,-0.009567484223368464,0.0011375817784967073,-0.0042149512224358785,-0.0042149512224358785,-0.0004698317371204607
1.75e-07,2.808929520639957e-41,-2.808929520639957e-41,-0.024252821764401206,0.02571242764304754,0.000729802939323166,0.000729802939323166,-0.0004698315219866489
2e-07,4.033341536496514e-41,-4.033341536496514e-41,0.02860243523083867,0.02468519425584382,0.026643814743341244,0.026643814743341244,-0.00046983130747907034
2.25e-07,4.18028659313079e-41,-4.18028659313079e-41,-0.0025611286272782413,-0.0023019779483084125,-0.002431553287793327,-0.002431553287793327,-0.00046983109359641586
2.5e-07,-1.8247047557721106e-54,1.8247047557721106e-54,-0.04657972063503607,-0.009884014790589556,-0.028231867712812813,-0.028231867712812813,-0.00046983088033738396
2.75e-07,-1.612514422997382e-40,1.612514422997382e-40,-0.02640088413784348,-0.0056835945386401595,-0.01604223933824182,-0.01604223933824182,-0.0004698306677006916
3e-07,-6.00150400178555e-40,6.00150400178555e-40,-0.028153094484667587,0.013046458626868016,-0.007553317928899786,-0.007553317928899786,-0.000469830455685064
3.25e-07,-1.6122541150462116e-39,1.6122541150462116e-39,-0.017542712244133275,-0.014598780452239966,-0.016070746348186622,-0.016070746348186622,-0.0004698302442892212
3.5e-07,-3.690038297947586e-39,3.690038297947586e-39,0.0052534296738153356,-0.01787067876343751,-0.0063086245448110865,-0.0063086245448110865,-0.00046983003351187976
3.75e-07,-7.535073803345488e-39,7.535073803345488e-39,-0.019388572911579683,-0.02416062568796556,-0.021774599299772622,-0.021774599299772622,-0.0004698298233517445
4e-07,-1.38826080439273e-38,1.38826080439273e-38,0.0019128533230134523,-0.03161161312385417,-0.014849379900420357,-0.014849379900420357,-0.00046982961380751534
4.25e-07,-2.2819907050529763e-38,2.2819907050529763e-38,-0.002477982643523829,0.01680285042458877,0.007162433890532472,0.007162433890532472,-0.0004698294048779035
4.5e-07,-3.1958078970532213e-38,3.1958078970532213e-38,-0.01854217960313664,0.01307833411639756,-0.00273192274336954,-0.00273192274336954,-0.0004698291965616258
4.75e-07,-3.23045995541624e-38,3.23045995541624e-38,-0.0037228796310010167,-0.00776734722742363,-0.005745113429212323,-0.005745113429212323,-0.0004698289888574277
5e-07,2.063055597801895e-51,-2.063055597801895e-51,0.006599122287072648,0.006452056440900493,0.00652558936398657,0.00652558936398657,-0.00046982878176407864
5.25e-07,1.185351594928694e-37,-1.185351594928694e-37,7.354026484974124e-05,-0.007307709357908607,-0.003617084546529433,-0.003617084546529433,-0.0004698285752803582
5.5e-07,4.302752033611435e-37,-4.302752033611435e-37,-0.02077122673519396,0.006381254475900276,-0.007194986129646842,-0.007194986129646842,-0.00046982836940504723
5.75e-07,1.1273592966567216e-36,-1.1273592966567216e-36,-0.01603813532526021,0.026139402009498235,0.0050506333421190125,0.0050506333421190125,-0.0004698281641369233
6e-07,2.5165314831966616e-36,-2.5165314831966616e-36,0.004765648931760664,0.0019608530234384923,0.0033632509775995785,0.0033632509775995785,-0.00046982795947474014
6.25e-07,5.011891294667009e-36,-5.011891294667009e-36,-0.023800147798954806,-0.02300316778649117,-0.023401657792722987,-0.023401657792722987,-0.00046982775541724094
6.5e-07,9.005914767480934e-36,-9.005914767480934e-36,-0.00798189343988238,-0.022363324515114805,-0.015172608977498593,-0.015172608977498593,-0.00046982755196315896
6.75e-07,1.4438207512632693e-35,-1.4438207512632693e-35,0.0003831421657463145,0.023283866981019235,0.011833504573382775,0.011833504573382775,-0.00046982734911124265
7e-07,1.9720717498234615e-35,-1.9720717498234615e-35,0.018042345876736202,-0.025533439189530976,-0.0037455466563973867,-0.0037455466563973867,-0.00046982714686025765
7.25e-07,1.9442362942117795e-35,-1.9442362942117795e-35,-0.02290381275776012,0.023620190143147906,0.00035818869269389243,0.00035818869269389243,-0.00046982694520900233
7.5e-07,-1.6146933378489518e-48,1.6146933378489518e-48,0.0064214980173313225,0.009634992748795783,0.008028245383063553,0.008028245383063553,-0.00046982674415629833
7.75e-07,-6.786051457144263e-35,6.786051457144263e-35,0.0037886598107980916,0.0006538654200219482,0.0022212626154100197,0.0022212626154100197,-0.0004698265437009793
8e-07,-2.4024752182298344e-34,2.4024752182298344e-34,-0.0070193522683614715,-0.001918711098314181,-0.0044690316833378265,-0.0044690316833378265,-0.00046982634384187686
8.25e-07,-6.139282055785745e-34,6.139282055785745e-34,0.005647056254634635,-0.0022730639551128327,0.001686996149760901,0.001686996149760901,-0.0004698261445778087
8.5e-07,-1.3365962612504357e-33,1.3365962612504357e-33,0.008269253346832895,-0.025989325123102102,-0.008860035888134603,-0.008860035888134603,-0.0004698259459075724
8.75e-07,-2.596223966481131e-33,2.596223966481131e-33,-0.0002507276846146955,0.012253218776097127,0.006001245545741216,0.006001245545741216,-0.00046982574782995464
9e-07,-4.54999565893357e-33,4.54999565893357e-33,-0.01068403613062487,0.011326926529415794,0.000321445199395462,0.000321445199395462,-0.0004698255503437348
9.25e-07,-7.114412906955284e-33,7.114412906955284e-33,0.007671637442141035,1.4034555513203913e-05,0.0038428359988271193,0.0038428359988271193,-0.0004698253534477152
9.5e-07,-9.47744204918756e-33,9.47744204918756e-33,0.047277596117772124,-0.014299461355371173,0.016489067381200477,0.016489067381200477,-0.000469825157140711
9.75e-07,-9.112973551104708e-33,9.112973551104708e-33,0.002769631358562032,0.01882690564608386,0.010798268502322947,0.010798268502322947,-0.0004698249614215672
1e-06,1.5813186623248263e-46,-1.5813186623248263e-46,0.010019719605790909,0.00865239322975681,0.00933605641777386,0.00933605641777386,-0.00046982476628914816
1.025e-06,3.025613770347438e-32,-3.025613770347438e-32,-0.006967370983194528,0.01980760129375718,0.006420115155281326,0.006420115155281326,-0.00046982457174232366
1.05e-06,1.0447151534550585e-31,-1.0447151534550585e-31,-0.014559949790203013,0.0008070143301986254,-0.006876467730002194,-0.006876467730002194,-0.0004698243777799606
1.075e-06,2.603749514978741e-31,-2.603749514978741e-31,-0.01015893383583026,0.010143424783538241,-7.754526146009147e-06,-7.754526146009147e-06,-0.00046982418440091525
1.1e-06,5.528718722254671e-31,-5.528718722254671e-31,-0.034089964669815086,-0.019638391630745926,-0.026864178150280506,-0.026864178150280506,-0.0004698239916040285
1.125e-06,1.0473915024344058e-30,-1.0473915024344058e-30,-0.00515486801893295,0.006066667197654822,0.000455899589360936,0.000455899589360936,-0.0004698237993881414
1.15e-06,1.7902781518933347e-30,-1.7902781518933347e-30,0.0013091520492935407,-0.018571765282652527,-0.008631306616679494,-0.008631306616679494,-0.00046982360775209097
1.175e-06,2.7301797085035627e-30,-2.7301797085035627e-30,-0.022983538445260545,-0.0019380939946503427,-0.012460816219955444,-0.012460816219955444,-0.00046982341669473207
1.2e-06,3.547202181387561e-30,-3.547202181387561e-30,-0.03208661444113626,0.014833600350698025,-0.008626507045219117,-0.008626507045219117,-0.0004698232262149298
1.225e-06,3.32657678981896e-30,-3.32657678981896e-30,0.002661341921321307,0.01305384434323328,0.007857593132277293,0.007857593132277293,-0.00046982303631157296
1.25e-06,-1.220045415903773e-43,1.220045415903773e-43,-0.022645686085682862,0.018210805326840582,-0.0022174403794211397,-0.0022174403794211397,-0.00046982284698355296
1.275e-06,-1.0505971231145112e-29,1.0505971231145112e-29,-0.012176440620792983,0.013621175932783445,0.000722367655995231,0.000722367655995231,-0.0004698226582297766
1.3e-06,-3.5380441761277335e-29,3.5380441761277335e-29,-0.007374931134294826,0.023278372547257106,0.00795172070648114,0.00795172070648114,-0.0004698224700491402
1.325e-06,-8.600173189124634e-29,8.600173189124634e-29,0.009749470937543074,-0.02405720885184124,-0.007153868957149083,-0.007153868957149083,-0.00046982228244054605
1.35e-06,-1.7810459674981542e-28,1.7810459674981542e-28,-0.02445139241501689,-0.014922969803058654,-0.019687181109037773,-0.019687181109037773,-0.0004698220954028808
1.375e-06,-3.2908062772749125e-28,3.2908062772749125e-28,0.008592291830952474,0.008543104244740859,0.008567698037846665,0.008567698037846665,-0.00046982190893503676
1.4e-06,-5.4860077977854055e-28,5.4860077977854055e-28,-0.018589537781777736,-0.014491341936632936,-0.016540439859205336,-0.016540439859205336,-0.0004698217230359067
1.425e-06,-8.159617136534603e-28,8.159617136534603e-28,0.021708669436678592,-0.017972813969982033,0.0018679277333482798,0.0018679277333482798,-0.00046982153770439136
1.45e-06,-1.0339680703370089e-27,1.0339680703370089e-27,-0.031988004529479724,0.004026508366042843,-0.01398074808171844,-0.01398074808171844,-0.0004698213529394008
1.475e-06,-9.457173917534673e-28,9.457173917534673e-28,0.018837360559284626,-0.013088519516293189,0.002874420521495719,0.002874420521495719,-0.00046982116873985655
1.5e-06,5.20468468414133e-41,-5.20468468414133e-41,-0.005091659654743903,-0.017058403930859965,-0.011075031792801934,-0.011075031792801934,-0.0004698209851046849
1.525e-06,2.8410920565609958e-27,-2.8410920565609958e-27,-0.002478700956359277,-0.011727905221644895,-0.007103303089002086,-0.007103303089002086,-0.00046982080203282787
1.55e-06,9.331575792775385e-27,-9.331575792775385e-27,-0.012828381051635368,-0.0005260015195513832,-0.006677191285593375,-0.006677191285593375,-0.00046982061952322186
1.575e-06,2.2122875315367924e-26,-2.2122875315367924e-26,-0.034829258716493415,-0.0008469457688323721,-0.017838102242662895,-0.017838102242662895,-0.0004698204375748088
1.6e-06,4.468401006324038e-26,-4.468401006324038e-26,0.017625858734726867,0.005436080924736815,0.01153096982973184,0.01153096982973184,-0.0004698202561865287
1.625e-06,8.052337466936069e-26,-8.052337466936069e-26,0.004230847956958801,-0.012890954672459907,-0.0043300533577505535,-0.0043300533577505535,-0.00046982007535732127
1.65e-06,1.3092383225267265e-25,-1.3092383225267265e-25,0.008649696588304877,-0.01807275987288664,-0.004711531642290881,-0.004711531642290881,-0.0004698198950861237
1.675e-06,1.8992175192085107e-25,-1.8992175192085107e-25,-0.03125407399382073,-0.019238530148091387,-0.02524630207095606,-0.02524630207095606,-0.00046981971537188115
1.7e-06,2.347224836942093e-25,-2.347224836942093e-25,-0.010821674291236249,0.007150478490355392,-0.0018355979004404284,-0.0018355979004404284,-0.0004698195362135393
1.725e-06,2.0938789845010393e-25,-2.0938789845010393e-25,-0.027673592988428364,-0.004420519570754091,-0.01604705627959123,-0.01604705627959123,-0.0004698193576100571
1.75e-06,-1.5173061709129755e-38,1.5173061709129755e-38,-0.006374285200479397,0.022190898387360956,0.00790830659344078,0.00790830659344078,-0.00046981917956039976
1.775e-06,-5.983575621148439e-25,5.983575621148439e-25,0.013175980738645168,-0.027166713461452528,-0.00699536636140368,-0.00699536636140368,-0.00046981900206353864
1.8e-06,-1.916783684146851e-24,1.916783684146851e-24,-0.03844753328467593,0.003615873403563401,-0.017415829940556262,-0.017415829940556262,-0.00046981882511845516
1.825e-06,-4.432026268150858e-24,4.432026268150858e-24,-0.015247782763933643,0.0055480697696751475,-0.004849856497129248,-0.004849856497129248,-0.0004698186487241318
1.85e-06,-8.730830018748154e-24,8.730830018748154e-24,-0.005256984975367069,-0.002284616888259036,-0.0037708009318130524,-0.0037708009318130524,-0.00046981847287954953
1.875e-06,-1.5345039034436564e-23,1.5345039034436564e-23,0.0011945503863284327,-0.014385198358092276,-0.006595323985881921,-0.006595323985881921,-0.0004698182975836905
1.9e-06,-2.4333656712224995e-23,2.4333656712224995e-23,0.013616509391814172,0.01860393035743226,0.016110219874623216,0.016110219874623216,-0.00046981812283554273
1.925e-06,-3.4427541751548984e-23,3.4427541751548984e-23,0.003208270060506258,-0.006283981891995113,-0.0015378559157444276,-0.0015378559157444276,-0.00046981794863408706
1.95e-06,-4.149814041169228e-23,4.149814041169228e-23,-0.00883151391877032,-0.008911721308649869,-0.008871617613710095,-0.008871617613710095,-0.0004698177749783108
1.975e-06,-3.6105067384066204e-23,3.6105067384066204e-23,-0.012949361180243462,-0.01801896024910962,-0.01548416071467654,-0.01548416071467654,-0.0004698176018672175
2e-06,1.8428666591021507e-36,-1.8428666591021507e-36,-0.007197482606640898,0.021654235230072528,0.0072283763117158145,0.0072283763117158145,-0.0004698174292998057
2.025e-06,9.814374858539938e-23,-9.814374858539938e-23,-0.01932411651023194,-0.010323380270376955,-0.014823748390304446,-0.014823748390304446,-0.0004698172572750875
2.05e-06,3.066320875032982e-22,-3.066320875032982e-22,0.014605307176329478,0.029958552213763503,0.02228192969504649,0.02228192969504649,-0.00046981708579207167
2.075e-06,6.914956610253402e-22,-6.914956610253402e-22,-0.00551697595333225,0.018596571286065698,0.006539797666366724,0.006539797666366724,-0.0004698169148497786
2.1e-06,1.3285726400290836e-21,-1.3285726400290836e-21,0.01078043293865892,0.011566237205902915,0.011173335072280917,0.011173335072280917,-0.0004698167444472299
2.125e-06,2.2774057196530822e-21,-2.2774057196530822e-21,-0.00485148539154483,0.013007137416739726,0.004077826012597448,0.004077826012597448,-0.0004698165745834446
2.15e-06,3.522268220653749e-21,-3.522268220653749e-21,0.0012938965172850268,-0.003446976002097803,-0.0010765397424063882,-0.0010765397424063882,-0.00046981640525744887
2.175e-06,4.860306964680118e-21,-4.860306964680118e-21,0.009495012275753558,0.007761367059231435,0.008628189667492497,0.008628189667492497,-0.00046981623646827136
2.2e-06,5.7138516326887715e-21,-5.7138516326887715e-21,0.0071012717791852165,-0.017385130835316155,-0.00514192952806547,-0.00514192952806547,-0.00046981606821494293
2.225e-06,4.848541544515941e-21,-4.848541544515941e-21,0.011492748813892362,-0.0024365597600560954,0.004528094526918133,0.004528094526918133,-0.00046981590049650966
2.25e-06,3.096785681363069e-35,-3.096785681363069e-35,-0.0022865279249014293,-0.000634061218034254,-0.0014602945714678416,-0.0014602945714678416,-0.00046981573331200915
2.275e-06,-1.2536920705249708e-20,1.2536920705249708e-20,0.002965748393991385,-0.017366655301838774,-0.0072004534539236945,-0.0072004534539236945,-0.0004698155666604819
2.3e-06,-3.8202208875002486e-20,3.8202208875002486e-20,0.0067161816506229564,-0.023147837753786378,-0.00821582805158171,-0.00821582805158171,-0.0004698154005409765
2.325e-06,-8.402392648358057e-20,8.402392648358057e-20,-0.0194872352758181,0.008272046160212635,-0.005607594557802732,-0.005607594557802732,-0.00046981523495254196
2.35e-06,-1.574495615663357e-19,1.574495615663357e-19,-0.015812567362368062,-0.03061320025137082,-0.023212883806869443,-0.023212883806869443,-0.0004698150698942372
2.375e-06,-2.632323106842264e-19,2.632323106842264e-19,0.012589472506219867,-0.01725343212431104,-0.0023319798090455863,-0.0023319798090455863,-0.0004698149053651148
2.4e-06,-3.970670519214394e-19,3.970670519214394e-19,0.029388588830471653,-0.006090239259254473,0.01164917478560859,0.01164917478560859,-0.0004698147413642441
2.425e-06,-5.343770080159469e-19,5.343770080159469e-19,-0.01127060757919805,0.020339015016816307,0.004534203718809128,0.004534203718809128,-0.0004698145778906946
2.45e-06,-6.127109785562854e-19,6.127109785562854e-19,-0.008591145344941667,-0.0014531635403125186,-0.005022154442627093,-0.005022154442627093,-0.0004698144149435459
2.475e-06,-5.070846475032326e-19,5.070846475032326e-19,0.011314562844928907,0.02153183650927678,0.016423199677102842,0.016423199677102842,-0.0004698142525218727
2.5e-06,4.229803213719825e-32,-4.229803213719825e-32,-0.004993504752479958,-0.0007010949677145449,-0.0028472998600972514,-0.0028472998600972514,-0.00046981409062475335
2.525e-06,1.2472269766188913e-18,-1.2472269766188913e-18,-0.0029473331185880646,-0.026131525366620986,-0.014539429242604526,-0.014539429242604526,-0.00046981392925126624
2.55e-06,3.706685417841072e-18,-3.706685417841072e-18,-0.0034488275910842916,0.012789119070217823,0.004670145739566766,0.004670145739566766,-0.00046981376840049105
2.575e-06,7.951386519217526e-18,-7.951386519217526e-18,0.017507177862846317,0.0026934163172078435,0.01010029709002708,0.01010029709002708,-0.0004698136080715005
2.6e-06,1.4531953056080938e-17,-1.4531953056080938e-17,-0.008317267913655248,0.019488748187434568,0.00558574013688966,0.00558574013688966,-0.00046981344826338845
2.625e-06,2.369541747340176e-17,-2.369541747340176e-17,0.004662070944698421,0.03362208908335069,0.019142080014024555,0.019142080014024555,-0.0004698132889752585
2.65e-06,3.4860343159322636e-17,-3.4860343159322636e-17,0.022672317905487852,0.016184055452094143,0.019428186678790996,0.019428186678790996,-0.00046981313020621205
2.675e-06,4.5757070141444486e-17,-4.5757070141444486e-17,-0.004043142650299216,0.027459858954197506,0.011708358151949145,0.011708358151949145,-0.0004698129719553622
2.7e-06,5.116921383499949e-17,-5.116921383499949e-17,-0.010583103289171872,-0.0021876540758626675,-0.00638537868251727,-0.00638537868251727,-0.0004698128142218279
2.725e-06,4.1302485025808155e-17,-4.1302485025808155e-17,0.015332490895433367,-0.0018346378172832429,0.006748926539075062,0.006748926539075062,-0.00046981265700471724
2.75e-06,-1.1533893911478083e-30,1.1533893911478083e-30,-0.009201206866254209,0.002791932474514154,-0.0032046371958700274,-0.0032046371958700274,-0.0004698125003031432
2.775e-06,-9.663322906735872e-17,9.663322906735872e-17,0.013622509856514845,-0.01305026231873614,0.00028612376888935247,0.00028612376888935247,-0.00046981234411621036
2.8e-06,-2.8009758460882325e-16,2.8009758460882325e-16,0.00442155508484136,-0.015340926875029255,-0.0054596858950939475,-0.0054596858950939475,-0.0004698121884430319
2.825e-06,-5.860155460920756e-16,5.860155460920756e-16,0.0026900608401748283,0.003713622510698724,0.0032018416754367764,0.0032018416754367764,-0.00046981203328272397
2.85e-06,-1.044558810112523e-15,1.044558810112523e-15,0.00012913669790047089,0.0040032280694356,0.0020661823836680355,0.0020661823836680355,-0.00046981187863441153
2.875e-06,-1.6611770126997193e-15,1.6611770126997193e-15,-0.020926803314279773,0.03243571873942861,0.005754457712574419,0.005754457712574419,-0.00046981172449723384
2.9e-06,-2.3835586570510434e-15,2.3835586570510434e-15,0.019441041368778632,0.029369621871328598,0.024405331620053615,0.024405331620053615,-0.0004698115708703307
2.925e-06,-3.0513711269151996e-15,3.0513711269151996e-15,-0.020863853225446108,-0.012616270230252866,-0.016740061727849486,-0.016740061727849486,-0.00046981141775284777
2.95e-06,-3.3280374634086502e-15,3.3280374634086502e-15,0.004658419698248963,-0.02580698445820298,-0.010574282379977009,-0.010574282379977009,-0.0004698112651439413
2.975e-06,-2.6199818474403543e-15,2.6199818474403543e-15,0.011867033206541611,-0.011040118829401388,0.00041345718857011167,0.00041345718857011167,-0.000469811113042748
3e-06,1.1479891603943445e-28,-1.1479891603943445e-28,0.013087662108104131,0.034275264717724394,0.02368146341291426,0.02368146341291426,-0.0004698109614484228
3.025e-06,5.830876833385957e-15,-5.830876833385957e-15,-0.018679235552532432,-0.022802185134494387,-0.020740710343513408,-0.020740710343513408,-0.0004698108103601076
3.05e-06,1.6483877465865284e-14,-1.6483877465865284e-14,0.005948887143322542,0.008867205610876592,0.007408046377099567,0.007408046377099567,-0.000469810659776957
3.075e-06,3.363580213478371e-14,-3.363580213478371e-14,-0.0007637460164363987,-0.012408232458780071,-0.006585989237608235,-0.006585989237608235,-0.00046981050969811843
3.1e-06,5.847472473068629e-14,-5.847472473068629e-14,0.019599159413594008,-0.004761097402850885,0.007419031005371561,0.007419031005371561,-0.0004698103601227505
3.125e-06,9.069719177099157e-14,-9.069719177099157e-14,-0.01091180953612159,0.01426753200657358,0.001677861235225995,0.001677861235225995,-0.00046981021105001576
3.15e-06,1.2692477713964552e-13,-1.2692477713964552e-13,-0.014785882171171568,-0.003519205130805637,-0.009152543650988602,-0.009152543650988602,-0.00046981006247908406
3.175e-06,1.584740788255528e-13,-1.584740788255528e-13,-0.00047999902188202787,0.00010105121373758954,-0.00018947390407221917,-0.00018947390407221917,-0.0004698099144091239
3.2e-06,1.6857534141677882e-13,-1.6857534141677882e-13,0.017639616946601957,-0.020937252765846282,-0.0016488179096221627,-0.0016488179096221627,-0.0004698097668393222
3.225e-06,1.294335198755854e-13,-1.294335198755854e-13,0.017428671726984375,0.013650437581714048,0.01553955465434921,0.01553955465434921,-0.00046980961976886347
3.25e-06,-3.288750973294648e-27,3.288750973294648e-27,-0.004908476031782814,-0.01126585813236801,-0.008087167082075412,-0.008087167082075412,-0.00046980947319694296
3.275e-06,-2.7401076372685935e-13,2.7401076372685935e-13,0.010050397826154672,0.017474126941183797,0.013762262383669234,0.013762262383669234,-0.0004698093271227537
3.3e-06,-7.555022651561018e-13,7.555022651561018e-13,-0.02984189635746997,0.0003642633925751951,-0.014738816482447388,-0.014738816482447388,-0.0004698091815454909
3.325e-06,-1.503560196807115e-12,1.503560196807115e-12,-0.015762724775516684,0.014820076488179576,-0.000471324143668554,-0.000471324143668554,-0.00046980903646433834
3.35e-06,-2.5493522977057374e-12,2.5493522977057374e-12,-0.012321182390008756,0.019122042454683234,0.003400430032337239,0.003400430032337239,-0.00046980889187848014
3.375e-06,-3.856542728469724e-12,3.856542728469724e-12,0.0042597063248586454,0.0033264848639638967,0.003793095594411271,0.003793095594411271,-0.00046980874778708865
3.4e-06,-5.263726973844033e-12,5.263726973844033e-12,-0.017587005778377896,-0.02886833949223977,-0.02322767263530883,-0.02322767263530883,-0.0004698086041893513
3.425e-06,-6.409849299438481e-12,6.409849299438481e-12,0.020653864752421678,-0.021461959709274846,-0.0004040474784265842,-0.0004040474784265842,-0.00046980846108446206
3.45e-06,-6.6500707981358804e-12,6.6500707981358804e-12,0.03126101502607332,0.0034860657281221056,0.017373540377097714,0.017373540377097714,-0.0004698083184716388
3.475e-06,-4.97991145276385e-12,4.97991145276385e-12,-0.01038077896518118,0.003367519182170303,-0.0035066298915054387,-0.0035066298915054387,-0.00046980817635011024
3.5e-06,3.925763029462379e-26,-3.925763029462379e-26,-0.01871484282604005,-0.012864427353642184,-0.015789635089841117,-0.015789635089841117,-0.0004698080347191251
3.525e-06,1.0028310170966757e-11,-1.0028310170966757e-11,-0.005005444056518112,0.008294611304308482,0.0016445836238951849,0.0016445836238951849,-0.00046980789357792415
3.55e-06,2.696736688011581e-11,-2.696736688011581e-11,-0.0009418445769882007,-0.008248960244492932,-0.004595402410740567,-0.004595402410740567,-0.00046980775292574626
3.575e-06,5.234391849316801e-11,-5.234391849316801e-11,0.023466016624586656,-0.0026775651237861808,0.010394225750400238,0.010394225750400238,-0.0004698076127618019
3.6e-06,8.656013078436058e-11,-8.656013078436058e-11,0.016497305381581878,0.00047908110268141867,0.008488193242131648,0.008488193242131648,-0.0004698074730852955
3.625e-06,1.2771115545128334e-10,-1.2771115545128334e-10,-0.010824520969207461,-0.027648271690085425,-0.019236396329646445,-0.019236396329646445,-0.0004698073338954236
3.65e-06,1.7000695126474783e-10,-1.7000695126474783e-10,0.018193441332625064,-0.018010361003484944,9.154016457006003e-05,9.154016457006003e-05,-0.00046980719519138523
3.675e-06,2.0191276757226457e-10,-2.0191276757226457e-10,0.014581264498360471,0.0043829632579143706,0.00948211387813742,0.00948211387813742,-0.0004698070569724059
3.7e-06,2.0430776336847978e-10,-2.0430776336847978e-10,-0.022004004034947955,-0.015155309916899373,-0.018579656975923665,-0.018579656975923665,-0.00046980691923773424
3.725e-06,1.4921856499779623e-10,-1.4921856499779623e-10,0.0337253031373477,-0.011458479862482022,0.011133411637432838,0.011133411637432838,-0.00046980678198664175
3.75e-06,-3.442656777370389e-24,3.442656777370389e-24,-0.007199133833748688,-0.023031762273758097,-0.015115448053753392,-0.015115448053753392,-0.00046980664521841593
3.775e-06,-2.8583425370014493e-10,2.8583425370014493e-10,0.005625346346640335,0.015990838964428947,0.01080809265553464,0.01080809265553464,-0.00046980650893233407
3.8e-06,-7.496657952967098e-10,7.496657952967098e-10,0.005778102839716867,0.03420835059753951,0.019993226718628188,0.019993226718628188,-0.0004698063731276647
3.825e-06,-1.4191817617975981e-09,1.4191817617975981e-09,0.009824328511231672,-0.017670203852707025,-0.003922937670737677,-0.003922937670737677,-0.0004698062378036496
3.85e-06,-2.2889290559578883e-09,2.2889290559578883e-09,-0.02244576174399556,-0.017588410954113228,-0.020017086349054393,-0.020017086349054393,-0.0004698061029595237
3.875e-06,-3.293714110306081e-09,3.293714110306081e-09,-0.0062492973665213055,0.002918585751145167,-0.0016653558076880693,-0.0016653558076880693,-0.0004698059685945134
3.9e-06,-4.276282455642414e-09,4.276282455642414e-09,0.02310642914304669,0.011827856004766052,0.017467142573906372,0.017467142573906372,-0.0004698058347078558
3.925e-06,-4.953431067648511e-09,4.953431067648511e-09,0.001609500638664124,-0.012874787658779252,-0.005632643510057564,-0.005632643510057564,-0.0004698057012988102
3.95e-06,-4.888435051828256e-09,4.888435051828256e-09,0.014074832671025859,0.013556312657581077,0.013815572664303468,0.013815572664303468,-0.000469805568366657
3.975e-06,-3.4821740694641296e-09,3.4821740694641296e-09,0.01102112006742202,0.014215059246038438,0.012618089656730228,0.012618089656730228,-0.0004698054359106931
4e-06,2.2381615134529612e-23,-2.2381615134529612e-23,-0.007423243072847176,-0.007503132852164905,-0.00746318796250604,-0.00746318796250604,-0.000469805303930222
4.025e-06,6.344934838202938e-09,-6.344934838202938e-09,-0.03572504558557252,0.03986276563902887,0.0020688600267281775,0.0020688600267281775,-0.0004698051724245428
4.05e-06,1.6230175941273717e-08,-1.6230175941273717e-08,-0.0033022396241155602,0.006554990511683637,0.0016263754437840386,0.0016263754437840386,-0.0004698050413929468
4.075e-06,2.996651169854437e-08,-2.996651169854437e-08,0.02646249361083121,-0.010451609719873065,0.008005441945479072,0.008005441945479072,-0.0004698049108347124
4.1e-06,4.7138215761989497e-08,-4.7138215761989497e-08,-0.019459272346366855,0.020153855445577348,0.0003472915496052463,0.0003472915496052463,-0.0004698047807491138
4.125e-06,6.615601637697725e-08,-6.615601637697725e-08,0.014381535138547064,-0.012756904466872354,0.0008123153358373545,0.0008123153358373545,-0.00046980465113542655
4.15e-06,8.37707622148921e-08,-8.37707622148921e-08,0.016248219565257734,-0.003214460890495267,0.006516879337381234,0.006516879337381234,-0.00046980452199293834
4.175e-06,9.46400247744779e-08,-9.46400247744779e-08,-0.029545964391266045,0.0027023991759763284,-0.013421782607644858,-0.013421782607644858,-0.0004698043933209381
4.2e-06,9.109220378601735e-08,-9.109220378601735e-08,-0.0004355573102576678,-0.004992362499434193,-0.0027139599048459306,-0.0027139599048459306,-0.00046980426511873316
4.225e-06,6.328553774014695e-08,-6.328553774014695e-08,0.010689415800637321,0.009983879232302732,0.010336647516470027,0.010336647516470027,-0.0004698041373856303
4.25e-06,-1.3227462666403132e-21,1.3227462666403132e-21,-0.0016118777052719602,-0.003964421823310524,-0.002788149764291242,-0.002788149764291242,-0.00046980401012094823
4.275e-06,-1.0968984927547141e-07,1.0968984927547141e-07,-0.0016532139334628011,-0.0222085985646719,-0.01193090624906735,-0.01193090624906735,-0.0004698038833239953
4.3e-06,-2.736561036603635e-07,2.736561036603635e-07,0.008939075787686657,0.04080311621622764,0.02487109600195715,0.02487109600195715,-0.0004698037569940902
4.325e-06,-4.927886998445104e-07,4.927886998445104e-07,-0.013033355339206146,0.008241613603216453,-0.0023958708679948466,-0.0023958708679948466,-0.00046980363113055
4.35e-06,-7.560322598472874e-07,7.560322598472874e-07,0.0062288656306658035,0.017783838492824607,0.012006352061745206,0.012006352061745206,-0.0004698035057327005
4.375e-06,-1.0348542111093698e-06,1.0348542111093698e-06,0.005745465608121968,-0.00873753618612462,-0.001496035289001326,-0.001496035289001326,-0.0004698033807998636
4.4e-06,-1.2780414233188915e-06,1.2780414233188915e-06,-0.02692147176926003,0.03226498229282207,0.00267175526178102,0.00267175526178102,-0.0004698032563313644
4.425e-06,-1.4082181790795454e-06,1.4082181790795454e-06,-0.007927108016353969,0.008910786345446512,0.0004918391645462716,0.0004918391645462716,-0.0004698031323265257
4.45e-06,-1.3219619290019995e-06,1.3219619290019995e-06,0.03466409948733171,0.009145098164312393,0.02190459882582205,0.02190459882582205,-0.00046980300878467316
4.475e-06,-8.957459468674227e-07,8.957459468674227e-07,-0.0019572060921202103,-0.01626478137679521,-0.00911099373445771,-0.00911099373445771,-0.0004698028857051281
4.5e-06,1.7803565579307645e-20,-1.7803565579307645e-20,-0.0013871172173872909,0.024399841678920082,0.011506362230766395,0.011506362230766395,-0.000469802763087214
4.525e-06,1.4768353957437821e-06,-1.4768353957437821e-06,0.0031811361679267044,-0.014788253764257863,-0.005803558798165579,-0.005803558798165579,-0.00046980264093026986
4.55e-06,3.5934650895207786e-06,-3.5934650895207786e-06,0.009729572010311048,-0.018832685287542016,-0.004551556638615484,-0.004551556638615484,-0.000469802519233638
4.575e-06,6.311196021832236e-06,-6.311196021832236e-06,-0.0040115430766946205,-0.021926476626913504,-0.012969009851804061,-0.012969009851804061,-0.0004698023979966781
4.6e-06,9.443519773660472e-06,-9.443519773660472e-06,-0.020398311797900973,0.007699640534032073,-0.00634933563193445,-0.00634933563193445,-0.0004698022772187564
4.625e-06,1.2607105177048479e-05,-1.2607105177048479e-05,-0.011398837375465813,-0.001064497748662388,-0.006231667562064101,-0.006231667562064101,-0.000469802156899239
4.65e-06,1.5185313870283747e-05,-1.5185313870283747e-05,-0.011596338756474391,0.010359087291256444,-0.0006186257326089737,-0.0006186257326089737,-0.00046980203703748946
4.675e-06,1.6318920515487218e-05,-1.6318920515487218e-05,-0.02095052750040169,0.0033804825125889923,-0.008785022493906348,-0.008785022493906348,-0.0004698019176328594
4.7e-06,1.4941117005133924e-05,-1.4941117005133924e-05,-0.004679112577772775,0.02866087349004108,0.011990880456134154,0.011990880456134154,-0.00046980179868469325
4.725e-06,9.873965564564556e-06,-9.873965564564556e-06,-0.02520711441209541,0.003229802290654845,-0.010988656060720282,-0.010988656060720282,-0.0004698016801923249
4.75e-06,-3.288403145745437e-19,3.288403145745437e-19,0.017619425963053055,0.014812547312578209,0.016215986637815632,0.016215986637815632,-0.0004698015621550962
4.775e-06,-1.548546051401706e-05,1.548546051401706e-05,0.003910891217210493,0.003392567214382877,0.003651729215796685,0.003651729215796685,-0.0004698014445723558
4.8e-06,-3.674921786998753e-05,3.674921786998753e-05,0.008844558918144185,-0.005074660744588736,0.0018849490867777242,0.0018849490867777242,-0.0004698013274434758
4.825e-06,-6.29490206298556e-05,6.29490206298556e-05,-0.006131587957771661,0.001997455902841616,-0.0020670660274650222,-0.0020670660274650222,-0.0004698012107678455
4.85e-06,-9.186579555167695e-05,9.186579555167695e-05,-0.004171103898893913,-0.015718066145622673,-0.009944585022258293,-0.009944585022258293,-0.0004698010945448758
4.875e-06,-0.00011961288358102437,0.00011961288358102437,-0.0011268868657356719,-0.006201220498783728,-0.0036640536822597,-0.0036640536822597,-0.000469800978773981
4.9e-06,-0.00014051704077059894,0.00014051704077059894,-0.004139651984730295,-0.010600877446444328,-0.007370264715587311,-0.007370264715587311,-0.00046980086345456846
4.925e-06,-0.00014727847794846445,0.00014727847794846445,0.015034864417559192,-0.015122644042006738,-4.3889812223772695e-05,-4.3889812223772695e-05,-0.0004698007485860286
4.95e-06,-0.0001315144778114538,0.0001315144778114538,0.010888024357851323,-0.021980854083986368,-0.005546414863067522,-0.005546414863067522,-0.000469800634167727
4.975e-06,-8.476659619039746e-05,8.476659619039746e-05,0.03550466131689943,-0.0040169635333079535,0.01574384889179574,0.01574384889179574,-0.0004698005201990136
5e-06,2.7122639205467393e-18,-2.7122639205467393e-18,0.009239986130964424,0.015807884705616462,0.012523935418290444,0.012523935418290444,-0.0004698004066792314
5.025e-06,0.00012645690173182208,-0.00012645690173182208,-0.0011016673179565437,0.025359668657724523,0.01212900066988399,0.01212900066988399,-0.000469800293607735
5.05e-06,0.000292690853058707,-0.000292690853058707,-0.015220638792439014,0.03328820017503189,0.009033780691296438,0.009033780691296438,-0.0004698001809839159
5.075e-06,0.0004889817669915786,-0.0004889817669915786,-0.007190512174316427,-0.02861133933496874,-0.017900925754642583,-0.017900925754642583,-0.0004698000688071873
5.1e-06,0.0006959854591168322,-0.0006959854591168322,-0.005432840045815768,-0.001509298933394616,-0.003471069489605192,-0.003471069489605192,-0.0004697999570770049
5.125e-06,0.00088382630693505,-0.00088382630693505,-0.01489228943860789,-0.02454226785993289,-0.01971727864927039,-0.01971727864927039,-0.0004697998457928297
5.15e-06,0.0010126528677140924,-0.0010126528677140924,0.004701485944886735,0.004896257405906382,0.004798871675396558,0.004798871675396558,-0.00046979973495411934
5.175e-06,0.0010351744088444672,-0.0010351744088444672,-0.020489494033961754,0.006978062222043951,-0.0067557159059589015,-0.0067557159059589015,-0.00046979962456030134
5.2e-06,0.0009015512971156153,-0.0009015512971156153,0.009695531203006605,-0.0019346324988154457,0.0038804493520955795,0.0038804493520955795,-0.00046979951461077307
5.225e-06,0.0005667405143603046,-0.0005667405143603046,-0.0037682680247990226,0.019852782407386808,0.008042257191293893,0.008042257191293893,-0.0004697994051048946
5.25e-06,-1.8752327972321508e-18,1.8752327972321508e-18,0.007857453370778037,0.00884686225166447,0.008352157811221252,0.008352157811221252,-0.00046979929604202484
5.275e-06,-0.0008042430724017843,0.0008042430724017843,0.018662720676449984,-0.020813434505484403,-0.0010753569145172098,-0.0010753569145172098,-0.00046979918742152954
5.3e-06,-0.001815501365490111,0.001815501365490111,-0.024954023005569093,0.0053396155927189016,-0.009807203706425096,-0.009807203706425096,-0.00046979907924281513
5.325e-06,-0.0029581673068247703,0.0029581673068247703,0.005601749610963377,0.016922643092077985,0.011262196351520681,0.011262196351520681,-0.00046979897150532427
5.35e-06,-0.004106509875579344,0.004106509875579344,0.012090984248674098,-0.009638294870238644,0.001226344689217727,0.001226344689217727,-0.0004697988642085379
5.375e-06,-0.005086069231012709,0.005086069231012709,-0.0005785895905591905,0.018879724383056566,0.009150567396248688,0.009150567396248688,-0.000469798757351952
5.4e-06,-0.005683535515824424,0.005683535515824424,-0.03389031761791208,0.002776494877422242,-0.015556911370244918,-0.015556911370244918,-0.00046979865093505326
5.425e-06,-0.005666490255276924,0.005666490255276924,0.006359920621347527,0.005651487169780348,0.0060057038955639375,0.0060057038955639375,-0.0004697985449572991
5.45e-06,-0.004813197691681458,0.004813197691681458,-0.01837277954107602,-0.0037612298592144882,-0.011067004700145254,-0.011067004700145254,-0.00046979843941811247
5.475e-06,-0.002951006425519645,0.002951006425519645,-0.007895789622502012,0.003606262495337257,-0.0021447635635823774,-0.0021447635635823774,-0.00046979833431688614
5.5e-06,8.16275823137848e-18,-8.16275823137848e-18,0.001342738342377182,0.008817149356000765,0.0050799438491889734,0.0050799438491889734,-0.00046979822965301433
5.525e-06,0.003983442014701077,-0.003983442014701077,-0.007196566901859778,0.004896904786591174,-0.0011498310576343023,-0.0011498310576343023,-0.00046979812542589407
5.55e-06,0.008770218004009126,-0.008770218004009126,0.0012101209004299436,-0.005760249458517806,-0.002275064279043931,-0.002275064279043931,-0.0004697980216349635
5.575e-06,0.013937317061219694,-0.013937317061219694,0.008951970345335887,-0.00922867403894427,-0.00013835184680419197,-0.00013835184680419197,-0.00046979791827968893
5.6e-06,0.018870002447062873,-0.018870002447062873,-0.023529455333048916,0.003523225291241715,-0.0100031150209036,-0.0100031150209036,-0.0004697978153595701
5.625e-06,0.022794180883612396,-0.022794180883612396,9.017181213326765e-05,-0.023487090703434008,-0.01169845944565037,-0.01169845944565037,-0.0004697977128741034
5.65e-06,0.02484293705638536,-0.02484293705638536,-0.022037218639251694,-0.013834155504834567,-0.01793568707204313,-0.01793568707204313,-0.00046979761082279045
5.675e-06,0.02415689685733367,-0.02415689685733367,0.0035858230652108993,-0.008895809119955226,-0.002654993027372163,-0.002654993027372163,-0.0004697975092050955
5.7e-06,0.02001259177109309,-0.02001259177109309,0.01109189994703977,0.010416478802512426,0.010754189374776098,0.010754189374776098,-0.0004697974080204743
5.725e-06,0.01196692115892557,-0.01196692115892557,-0.029776644033221524,0.004209392278255276,-0.012783625877483124,-0.012783625877483124,-0.0004697973072683619
5.75e-06,-1.0495128510734241e-16,1.0495128510734241e-16,0.029596403484072827,0.0033899167014405087,0.016493160092756667,0.016493160092756667,-0.0004697972069481983
5.775e-06,-0.015365830927558947,0.015365830927558947,-0.01361221181112778,0.005812099303853375,-0.0039000562536372027,-0.0039000562536372027,-0.0004697971070594411
5.8e-06,-0.03299518573483986,0.03299518573483986,-0.009035130732981525,-0.008398020704564444,-0.008716575718772985,-0.008716575718772985,-0.00046979700760156227
5.825e-06,-0.051140151048286384,0.051140151048286384,0.008836256824459012,-0.014321604768297408,-0.002742673971919198,-0.002742673971919198,-0.0004697969085740562
5.85e-06,-0.06753010436592417,0.06753010436592417,0.020998858805221374,-0.023846470381751913,-0.0014238057882652692,-0.0014238057882652692,-0.000469796809976419
5.875e-06,-0.07955950871822762,0.07955950871822762,-0.0004372502561533657,0.011590522749049254,0.005576636246447944,0.005576636246447944,-0.0004697967118081456
5.9e-06,-0.08456948372425423,0.08456948372425423,-0.015479828500505811,0.03188707579336666,0.008203623646430423,0.008203623646430423,-0.0004697966140687295
5.925e-06,-0.08020372205683493,0.08020372205683493,0.003881881435655679,-0.020007318746295695,-0.008062718655320008,-0.008062718655320008,-0.00046979651675764766
5.95e-06,-0.06480363283147458,0.06480363283147458,0.0018911546247779478,-0.022350934627923275,-0.010229890001572664,-0.010229890001572664,-0.00046979641987438805
5.975e-06,-0.03779384555493503,0.03779384555493503,0.02817504537961581,-0.020894408055665843,0.0036403186619749835,0.0036403186619749835,-0.0004697963234184336
6e-06,5.471026805500218e-16,-5.471026805500218e-16,0.00848819337850612,-0.012054060987729766,-0.001782933804611823,-0.001782933804611823,-0.00046979622738929167
6.025e-06,0.046161507202278164,-0.046161507202278164,0.0033694436892212336,-0.016861854255997528,-0.006746205283388147,-0.006746205283388147,-0.0004697961317864707
6.05e-06,0.09667565995487012,-0.09667565995487012,-0.005215563899423761,-0.017303860296303562,-0.011259712097863661,-0.011259712097863661,-0.00046979603660948587
6.075e-06,0.14614070982105484,-0.14614070982105484,-0.016747470376338065,0.01021135534779403,-0.0032680575142720178,-0.0032680575142720178,-0.00046979594185783983
6.1e-06,0.18821284732980567,-0.18821284732980567,-0.008999043293504289,0.024289845395184636,0.007645401050840174,0.007645401050840174,-0.0004697958475310296
6.125e-06,0.2162651668298872,-0.2162651668298872,-0.004699312459081053,-0.006249926763229674,-0.005474619611155364,-0.005474619611155364,-0.00046979575362852624
6.15e-06,0.2242078422994699,-0.2242078422994699,0.009591141027444941,-0.011064087034457281,-0.0007364730035061698,-0.0007364730035061698,-0.0004697956601498099
6.175e-06,0.20738353883544136,-0.20738353883544136,0.0025162989445498157,-0.00341429260948538,-0.0004489968324677821,-0.0004489968324677821,-0.0004697955670943687
6.2e-06,0.16342622479359875,-0.16342622479359875,0.0073954082027261675,-0.022582378294561212,-0.007593485045917522,-0.007593485045917522,-0.0004697954744617253
6.225e-06,0.09295786010950573,-0.09295786010950573,-0.0013511985965242558,-0.009598370178393328,-0.005474784387458792,-0.005474784387458792,-0.0004697953822514334
6.25e-06,-1.849371273956223e-15,1.849371273956223e-15,-0.005399058741509357,-0.0284661543343814,-0.01693260653794538,-0.01693260653794538,-0.0004697952904630779
6.275e-06,-0.10800162500596965,0.10800162500596965,-0.016693004054379883,0.00788017728950274,-0.004406413382438572,-0.004406413382438572,-0.0004697951990962365
6.3e-06,-0.22060232892653525,0.22060232892653525,0.011296525959036205,-0.04337915086851129,-0.01604131245473754,-0.01604131245473754,-0.0004697951081504732
6.325e-06,-0.3252421310256959,0.3252421310256959,0.0007120126486914599,0.008014896982475024,0.004363454815583242,0.004363454815583242,-0.00046979501762529593
6.35e-06,-0.4085333246488558,0.4085333246488558,-0.005688392394709871,0.009401286663142347,0.0018564471342162377,0.0018564471342162377,-0.0004697949275201575
6.375e-06,-0.45783336177161427,0.45783336177161427,-0.02480097306983475,0.023438503587058446,-0.0006812347413881516,-0.0006812347413881516,-0.00046979483783450533
6.4e-06,-0.4629289048520975,0.4629289048520975,-0.011266969979282549,-0.014136716667401888,-0.012701843323342218,-0.012701843323342218,-0.00046979474856777086
6.425e-06,-0.4176191628146783,0.4176191628146783,-0.01046216791420704,-0.005278377052462901,-0.00787027248333497,-0.00787027248333497,-0.0004697946597194447
6.45e-06,-0.3209744946328881,0.3209744946328881,-0.0034307793102716323,-0.01119040421276198,-0.007310591761516806,-0.007310591761516806,-0.00046979457128910554
6.475e-06,-0.17806457641752005,0.17806457641752005,-0.015925678610526895,0.020999383056869787,0.0025368522231714458,0.0025368522231714458,-0.00046979448327639286
6.5e-06,-2.0062726051726013e-15,2.0062726051726013e-15,-0.012318441117820284,0.007632270615744088,-0.0023430852510380983,-0.0023430852510380983,-0.00046979439568099724
6.525e-06,0.1967917913961046,-0.1967917913961046,-0.02048210479375079,0.016332398616782266,-0.0020748530884842614,-0.0020748530884842614,-0.0004697943085025846
6.55e-06,0.39203913304367816,-0.39203913304367816,-0.005880645843873627,-0.01300011332061277,-0.009440379582243199,-0.009440379582243199,-0.00046979422174075114
6.575e-06,0.5637269051379113,-0.5637269051379113,-0.011048155331484375,6.754262713942646e-05,-0.005490306352172475,-0.005490306352172475,-0.0004697941353950054
6.6e-06,0.6906087735103865,-0.6906087735103865,-0.01649437039260808,-0.0027762820707056307,-0.009635326231656855,-0.009635326231656855,-0.0004697940494647623
6.625e-06,0.7548396019890075,-0.7548396019890075,0.01097433115665351,-0.016019744797568247,-0.0025227068204573683,-0.0025227068204573683,-0.0004697939639493997
6.65e-06,0.7443962514287179,-0.7443962514287179,0.02079493897157074,-0.021264370721218215,-0.00023471587482373768,-0.00023471587482373768,-0.00046979387884832434
6.675e-06,0.6549572219364661,-0.6549572219364661,-0.010820623808068267,0.0020115084105616454,-0.00440455769875331,-0.00440455769875331,-0.00046979379416105065
6.7e-06,0.4909595119467589,-0.4909595119467589,0.014750814194222982,-0.015365119458328661,-0.0003071526320528395,-0.0003071526320528395,-0.00046979370988720325
6.725e-06,0.2656411328746861,-0.2656411328746861,-0.0168987072403642,-0.010710669909272838,-0.013804688574818518,-0.013804688574818518,-0.00046979362602651115
6.75e-06,1.4595547079549146e-15,-1.4595547079549146e-15,0.005812441387798012,-0.005924379695020731,-5.596915361135921e-05,-5.596915361135921e-05,-0.000469793542578735
6.775e-06,-0.27926084499974674,0.27926084499974674,-0.011733896328925165,-0.0071241218005507565,-0.00942900906473796,-0.00942900906473796,-0.0004697934595435977
6.8e-06,-0.5425941745561769,0.5425941745561769,0.021471520225421366,-0.006340104890671977,0.007565707667374695,0.007565707667374695,-0.00046979337692072004
6.825e-06,-0.7609517279679726,0.7609517279679726,-0.018726575811908185,-0.005012284192484322,-0.011869430002196254,-0.011869430002196254,-0.00046979329470959904
6.85e-06,-0.9092076346591264,0.9092076346591264,-0.010787437243948575,0.009102783837289095,-0.00084232670332974,-0.00084232670332974,-0.0004697932129096453
6.875e-06,-0.9692332344763442,0.9692332344763442,-0.011405732808929002,-0.009224190087867777,-0.010314961448398389,-0.010314961448398389,-0.0004697931315202369
6.9e-06,-0.9322243355122537,0.9322243355122537,0.037766862785826194,0.008823600033419653,0.023295231409622925,0.023295231409622925,-0.00046979305054081533
6.925e-06,-0.7999665573501215,0.7999665573501215,0.012804597899753804,-0.017446478677219383,-0.0023209403887327895,-0.0023209403887327895,-0.0004697929699709254
6.95e-06,-0.5848536611164251,0.5848536611164251,0.004812469620111001,-0.020535329454192525,-0.007861429917040762,-0.007861429917040762,-0.00046979288981022996
6.975e-06,-0.30863096445094274,0.30863096445094274,0.010952849814002352,-0.012226593407971172,-0.0006368717969844097,-0.0006368717969844097,-0.000469792810058472
7e-06,0.0,-0.0,0.008182499470728253,-0.017461435774479884,-0.004639468151875816,-0.004639468151875816,-0.00046979273071541593
7.025e-06,0.30863096445094274,-0.30863096445094274,-0.01153902114219963,0.008562922321099762,-0.0014880494105499343,-0.0014880494105499343,-0.0004697926517807714
7.05e-06,0.5848536611164337,-0.5848536611164337,0.00502761285515654,0.006111503939217185,0.005569558397186862,0.005569558397186862,-0.00046979257325416535
7.075e-06,0.7999665573501215,-0.7999665573501215,-0.022620561567963975,-0.010911213831264976,-0.016765887699614478,-0.016765887699614478,-0.00046979249513512124
7.1e-06,0.9322243355122537,-0.9322243355122537,0.02367819186321936,-0.000828079658906232,0.011425056102156564,0.011425056102156564,-0.0004697924174231072
7.125e-06,0.9692332344763438,-0.9692332344763438,0.020788111070212893,0.0003910494936243049,0.010589580281918599,0.010589580281918599,-0.00046979234011759784
7.15e-06,0.9092076346591264,-0.9092076346591264,0.00034499105939326304,0.0066901700883662575,0.0035175805738797603,0.0035175805738797603,-0.0004697922632180981
7.175e-06,0.7609517279679726,-0.7609517279679726,-0.03333638516323022,-0.038490579818300216,-0.03591348249076522,-0.03591348249076522,-0.0004697921867241945
7.2e-06,0.5425941745561769,-0.5425941745561769,-0.0025539880408595615,-0.019334250100730633,-0.010944119070795098,-0.010944119070795098,-0.000469792110635551
7.225e-06,0.2792608449997374,-0.2792608449997374,-0.013809100629638828,0.0025233215205173695,-0.00564288955456073,-0.00564288955456073,-0.00046979203495186716
7.25e-06,-1.4595547079549146e-15,1.4595547079549146e-15,0.013503474120599192,-0.006893183673456658,0.0033051452235712668,0.0033051452235712668,-0.0004697919596728564
7.275e-06,-0.2656411328746861,0.2656411328746861,-0.0043772170320889965,0.004641703531868455,0.00013224324988972934,0.00013224324988972934,-0.0004697918847981913
7.3e-06,-0.4909595119467656,0.4909595119467656,-0.012486314928929211,-0.0071533205448756155,-0.009819817736902414,-0.009819817736902414,-0.000469791810327506
7.325e-06,-0.6549572219364661,0.6549572219364661,-0.021610818941839742,0.012219578253123793,-0.004695620344357975,-0.004695620344357975,-0.0004697917362603831
7.35e-06,-0.7443962514287179,0.7443962514287179,-0.004534026464603305,0.022563083841154297,0.009014528688275496,0.009014528688275496,-0.00046979166259638217
7.375e-06,-0.7548396019890075,0.7548396019890075,-0.0025525266156952767,0.0012535221651271905,-0.0006495022252840431,-0.0006495022252840431,-0.0004697915893350676
7.4e-06,-0.6906087735103832,0.6906087735103832,-0.009022366012455547,-0.035503996280105955,-0.02226318114628075,-0.02226318114628075,-0.0004697915164760219
7.425e-06,-0.5637269051379113,0.5637269051379113,0.002331681167892331,0.027834496190073353,0.015083088678982842,0.015083088678982842,-0.0004697914440188676
7.45e-06,-0.39203913304367816,0.39203913304367816,-0.010408605431458894,-0.008970568245928429,-0.009689586838693661,-0.009689586838693661,-0.0004697913719632529
7.475e-06,-0.1967917913961046,0.1967917913961046,-0.007338483282235043,-0.006425636696975004,-0.006882059989605024,-0.006882059989605024,-0.0004697913003088452
7.5e-06,2.0062726051726013e-15,-2.0062726051726013e-15,0.008266831232349869,0.0014063024304031696,0.004836566831376519,0.004836566831376519,-0.0004697912290553141
7.525e-06,0.17806457641752005,-0.17806457641752005,-0.002686723663986878,-0.016468908983450728,-0.009577816323718803,-0.009577816323718803,-0.000469791158202319
7.55e-06,0.3209744946328881,-0.3209744946328881,-0.0146006240620333,0.012748795810557666,-0.0009259141257378168,-0.0009259141257378168,-0.0004697910877495009
7.575e-06,0.41761916281468076,-0.41761916281468076,0.020531572873178666,-0.01603807054814016,0.0022467511625192532,0.0022467511625192532,-0.00046979101769649065
7.6e-06,0.4629289048520975,-0.4629289048520975,-0.002963242741395515,0.005469142653267726,0.0012529499559361056,0.0012529499559361056,-0.0004697909480429114
7.625e-06,0.45783336177161427,-0.45783336177161427,0.015088261417240942,0.04469680471037531,0.029892533063808124,0.029892533063808124,-0.0004697908787883912
7.65e-06,0.4085333246488558,-0.4085333246488558,-0.020228994350405195,0.004640931708174156,-0.0077940313211155195,-0.0077940313211155195,-0.00046979080993257217
7.675e-06,0.3252421310256959,-0.3252421310256959,0.011322776860900477,-0.008460472743325165,0.001431152058787656,0.001431152058787656,-0.0004697907414750964
7.7e-06,0.2206023289265315,-0.2206023289265315,0.009978076978779407,0.01262885552017143,0.011303466249475418,0.011303466249475418,-0.00046979067341562793
7.725e-06,0.10800162500596965,-0.10800162500596965,0.012289422734322035,-0.02835437481086643,-0.008032476038272198,-0.008032476038272198,-0.00046979060575382285
7.75e-06,-1.610820510964803e-15,1.610820510964803e-15,-0.009930843953109213,-0.008353033763552063,-0.009141938858330638,-0.009141938858330638,-0.00046979053848934696
7.775e-06,-0.09295786010950295,0.09295786010950295,-0.008096426567007101,0.010151071758079286,0.0010273225955360924,0.0010273225955360924,-0.0004697904716218583
7.8e-06,-0.16342622479359875,0.16342622479359875,0.017243841262912573,-0.01773269595183635,-0.000244427344461888,-0.000244427344461888,-0.00046979040515101575
7.825e-06,-0.20738353883544233,0.20738353883544233,0.024351775014394134,0.03340329367919573,0.02887753434679493,0.02887753434679493,-0.00046979033907647793
7.85e-06,-0.2242078422994699,0.2242078422994699,0.018634705313958184,0.013088087716031838,0.015861396514995012,0.015861396514995012,-0.00046979027339790716
7.875e-06,-0.2162651668298872,0.2162651668298872,0.004659400563387482,0.016140060617205798,0.01039973059029664,0.01039973059029664,-0.00046979020811496925
7.9e-06,-0.18821284732980448,0.18821284732980448,-0.01318469001914284,0.007636982199704905,-0.002773853909718968,-0.002773853909718968,-0.00046979014322733964
7.925e-06,-0.14614070982105484,0.14614070982105484,-0.004840771811404671,0.005691225281980974,0.00042522673528815145,0.00042522673528815145,-0.0004697900787346849
7.95e-06,-0.09667565995487012,0.09667565995487012,0.0033009185155784115,-0.0037382779952300667,-0.0002186797398258276,-0.0002186797398258276,-0.00046979001463668215
7.975e-06,-0.046161507202276485,0.046161507202276485,0.006662680204106169,0.005300931162719394,0.005981805683412782,0.005981805683412782,-0.00046978995093300337
8e-06,-5.471026805500218e-16,5.471026805500218e-16,-0.0012956687994682557,-0.008796368993811149,-0.005046018896639702,-0.005046018896639702,-0.00046978988762332
8.025e-06,0.03779384555493612,-0.03779384555493612,-0.032150373107817515,-0.021549343400507865,-0.026849858254162688,-0.026849858254162688,-0.0004697898247073042
8.05e-06,0.06480363283147386,-0.06480363283147386,0.0045150615483408344,0.008756726159866307,0.006635893854103571,0.006635893854103571,-0.0004697897621846399
8.075e-06,0.08020372205683493,-0.08020372205683493,-0.043840454984421205,0.015592132964121975,-0.014124161010149615,-0.014124161010149615,-0.0004697897000550121
8.1e-06,0.08456948372425423,-0.08456948372425423,0.016762650967285842,0.010929280024298094,0.013845965495791968,0.013845965495791968,-0.0004697896383181146
8.125e-06,0.07955950871822794,-0.07955950871822794,-0.020992771486583003,0.010417746350048909,-0.005287512568267047,-0.005287512568267047,-0.0004697895769736442
8.15e-06,0.06753010436592417,-0.06753010436592417,0.010091175763688086,0.009621831201820714,0.0098565034827544,0.0098565034827544,-0.000469789516021296
8.175e-06,0.05114015104828576,-0.05114015104828576,-0.01618732539113642,-0.004969521489192881,-0.010578423440164651,-0.010578423440164651,-0.0004697894554607599
8.2e-06,0.03299518573483986,-0.03299518573483986,0.0006913727980504894,0.01321170735964141,0.00695154007884595,0.00695154007884595,-0.0004697893952917178
8.225e-06,0.015365830927558947,-0.015365830927558947,-0.014952386652825207,-0.021254357125041222,-0.018103371888933215,-0.018103371888933215,-0.0004697893355138517
8.25e-06,-3.6333475015794347e-16,3.6333475015794347e-16,-0.011910789307810792,-0.008777190071015056,-0.010343989689412924,-0.010343989689412924,-0.0004697892761268477
8.275e-06,-0.01196692115892557,0.01196692115892557,-0.003886957090486761,0.002819059492795352,-0.0005339487988457044,-0.0005339487988457044,-0.00046978921713040385
8.3e-06,-0.02001259177109309,0.02001259177109309,0.0017663738308932528,0.003698654827948949,0.0027325143294211008,0.0027325143294211008,-0.0004697891585242253
8.325e-06,-0.02415689685733377,0.02415689685733377,0.0037761645908901513,-0.016112400771179106,-0.006168118090144477,-0.006168118090144477,-0.0004697891003080332
8.35e-06,-0.02484293705638536,0.02484293705638536,-0.00860620764165046,-0.025043563121631283,-0.01682488538164087,-0.01682488538164087,-0.00046978904248155546
8.375e-06,-0.022794180883612285,0.022794180883612285,-0.009528597262174237,0.0036549292686069873,-0.002936833996783625,-0.002936833996783625,-0.0004697889850445113
8.4e-06,-0.018870002447063015,0.018870002447063015,-0.023088655977912514,-0.004168328381532133,-0.013628492179722323,-0.013628492179722323,-0.00046978892799661126
8.425e-06,-0.013937317061219694,0.013937317061219694,-0.012160805592759514,-0.0037253989461213596,-0.007943102269440436,-0.007943102269440436,-0.0004697888713375562
8.45e-06,-0.008770218004008951,0.008770218004008951,-0.006801837824323954,0.0039906075378766505,-0.001405615143223652,-0.001405615143223652,-0.00046978881506704257
8.475e-06,-0.00398344201470123,0.00398344201470123,0.007738826843419748,-0.005858248154638169,0.0009402893443907893,0.0009402893443907893,-0.0004697887591847607
8.5e-06,-8.16275823137848e-18,8.16275823137848e-18,-0.003564565757738136,-0.010507731651231497,-0.007036148704484817,-0.007036148704484817,-0.0004697887036904199
8.525e-06,0.002951006425519726,-0.002951006425519726,-0.012349726036053754,-0.002913420845595543,-0.0076315734408246485,-0.0076315734408246485,-0.0004697886485837426
8.55e-06,0.004813197691681458,-0.004813197691681458,0.010121310678820767,-0.012119222194000622,-0.0009989557575899276,-0.0009989557575899276,-0.0004697885938644685
8.575e-06,0.005666490255276924,-0.005666490255276924,-0.011152244088769839,0.006235742697940963,-0.002458250695414438,-0.002458250695414438,-0.00046978853953234616
8.6e-06,0.005683535515824423,-0.005683535515824423,0.0037167616335781486,0.013985138016134522,0.008850949824856335,0.008850949824856335,-0.0004697884855871221
8.625e-06,0.005086069231012709,-0.005086069231012709,0.0010547241421597917,-0.0005676395079843622,0.00024354231708771472,0.00024354231708771472,-0.00046978843202853264
8.65e-06,0.004106509875579344,-0.004106509875579344,-0.005027320081414442,-0.013597023395931485,-0.009312171738672964,-0.009312171738672964,-0.00046978837885629525
8.675e-06,0.002958167306824729,-0.002958167306824729,0.007208777459734478,0.022058919160423723,0.014633848310079101,0.014633848310079101,-0.0004697883260701249
8.7e-06,0.001815501365490111,-0.001815501365490111,0.019200680877632253,-0.019925904169976305,-0.00036261164617202614,-0.00036261164617202614,-0.00046978827366973174
8.725e-06,0.0008042430724017531,-0.0008042430724017531,-0.005371924142501991,-0.0084895214139628,-0.0069307227782323955,-0.0069307227782323955,-0.0004697882216548382
8.75e-06,2.518982165070108e-17,-2.518982165070108e-17,0.020279241143428967,-0.008665727392932341,0.005806756875248313,0.005806756875248313,-0.0004697881700251847
8.775e-06,-0.0005667405143603046,0.0005667405143603046,-0.009654301803197395,-0.016125939144674358,-0.012890120473935876,-0.012890120473935876,-0.0004697881187805231
8.8e-06,-0.0009015512971156228,0.0009015512971156228,-0.0034946342136962256,-0.006849128319037238,-0.005171881266366732,-0.005171881266366732,-0.00046978806792062166
8.825e-06,-0.0010351744088444657,0.0010351744088444657,0.006262314340586885,-0.024499213345480168,-0.00911844950244664,-0.00911844950244664,-0.00046978801744524323
8.85e-06,-0.0010126528677140924,0.0010126528677140924,0.018957212168899774,0.018671186132002165,0.018814199150450968,0.018814199150450968,-0.00046978796735414096
8.875e-06,-0.0008838263069350452,0.0008838263069350452,-0.009406124284954352,0.02291332549565942,0.006753600605352535,0.006753600605352535,-0.0004697879176470544
8.9e-06,-0.0006959854591168322,0.0006959854591168322,-0.01673248294712495,0.0012838053384651282,-0.0077243388043299116,-0.0077243388043299116,-0.0004697878683237143
8.925e-06,-0.0004889817669915786,0.0004889817669915786,0.01006282988708535,0.030999895364230624,0.020531362625657988,0.020531362625657988,-0.0004697878193838527
8.95e-06,-0.00029269085305870063,0.00029269085305870063,0.0037249716875873253,-0.011228514115560317,-0.0037517712139864957,-0.0037517712139864957,-0.0004697877708272115
8.975e-06,-0.00012645690173182208,0.00012645690173182208,-0.016985661239711333,-0.01741335552931321,-0.01719950838451227,-0.01719950838451227,-0.00046978772265355055
9e-06,8.631440800801169e-19,-8.631440800801169e-19,0.008030534353084123,0.008393118825597125,0.008211826589340623,0.008211826589340623,-0.00046978767486264016
9.025e-06,8.476659619039964e-05,-8.476659619039964e-05,0.013068912678836381,0.012085844415592227,0.012577378547214305,0.012577378547214305,-0.0004697876274542667
9.05e-06,0.0001315144778114538,-0.0001315144778114538,0.016237130432259914,-0.013663341639509758,0.001286894396375078,0.001286894396375078,-0.00046978758042820956
9.075e-06,0.00014727847794846456,-0.00014727847794846456,0.04189832621355072,-0.010334745524068621,0.01578179034474105,0.01578179034474105,-0.00046978753378423724
9.1e-06,0.00014051704077059943,-0.00014051704077059943,-0.024059436028216113,-0.02560570545021053,-0.02483257073921332,-0.02483257073921332,-0.00046978748752210785
9.125e-06,0.00011961288358102437,-0.00011961288358102437,-0.040901637741411485,0.008810304590397002,-0.016045666575507243,-0.016045666575507243,-0.0004697874416415594
9.15e-06,9.186579555167597e-05,-9.186579555167597e-05,0.008614011189634155,-0.003749079793781884,0.0024324656979261353,0.0024324656979261353,-0.0004697873961423389
9.175e-06,6.29490206298556e-05,-6.29490206298556e-05,0.016530190312148193,-0.01883713398076981,-0.0011534718343108093,-0.0011534718343108093,-0.0004697873510241998
9.2e-06,3.674921786998753e-05,-3.674921786998753e-05,-0.010014432567829554,-0.004923021222642564,-0.007468726895236059,-0.007468726895236059,-0.00046978730628692024
9.225e-06,1.5485460514016438e-05,-1.5485460514016438e-05,-0.0013429806235892169,0.024160458473344096,0.01140873892487744,0.01140873892487744,-0.0004697872619303031
9.25e-06,3.288403145745437e-19,-3.288403145745437e-19,0.011152534302171266,0.028867598023643568,0.020010066162907417,0.020010066162907417,-0.00046978721795416925
9.275e-06,-9.873965564564556e-06,9.873965564564556e-06,0.008971608201572499,-0.002926938847346463,0.0030223346771130182,0.0030223346771130182,-0.0004697871743583321
9.3e-06,-1.4941117005134009e-05,1.4941117005134009e-05,0.010441050966766183,0.02006162846116264,0.015251339713964411,0.015251339713964411,-0.00046978713114259114
9.325e-06,-1.6318920515487218e-05,1.6318920515487218e-05,0.008812348046532028,-0.007041771032544821,0.0008852885069936035,0.0008852885069936035,-0.0004697870883067142
9.35e-06,-1.5185313870283667e-05,1.5185313870283667e-05,0.0016870099091345469,-0.006039604359526254,-0.0021762972251958535,-0.0021762972251958535,-0.0004697870458504384
9.375e-06,-1.2607105177048567e-05,1.2607105177048567e-05,0.0019879894427990274,-0.00010046855640579138,0.0009437604431966179,0.0009437604431966179,-0.00046978700377348716
9.4e-06,-9.443519773660472e-06,9.443519773660472e-06,0.01396139156264185,0.018415091673688738,0.016188241618165296,0.016188241618165296,-0.0004697869620755949
9.425e-06,-6.311196021832131e-06,6.311196021832131e-06,-0.018758273620473158,-0.027486208522447597,-0.023122241071460378,-0.023122241071460378,-0.000469786920756539
9.45e-06,-3.59346508952085e-06,3.59346508952085e-06,-0.02102728866365306,-0.009237487968656746,-0.015132388316154904,-0.015132388316154904,-0.0004697868798161416
9.475e-06,-1.4768353957437821e-06,1.4768353957437821e-06,-0.002581343060795595,0.026777943448617846,0.012098300193911126,0.012098300193911126,-0.00046978683925428356
9.5e-06,2.1915629522459673e-20,-2.1915629522459673e-20,0.01605804772342784,-0.015078884728191775,0.0004895814976180329,0.0004895814976180329,-0.000469786799070857
9.525e-06,8.957459468674227e-07,-8.957459468674227e-07,0.003511326073784705,-0.003553732154268386,-2.120304024184048e-05,-2.120304024184048e-05,-0.00046978675926573826
9.55e-06,1.3219619290019995e-06,-1.3219619290019995e-06,0.013629906046371482,-0.005814300124113157,0.0039078029611291625,0.0039078029611291625,-0.0004697867198387468
9.575e-06,1.4082181790795399e-06,-1.4082181790795399e-06,-0.03380251838914207,0.036166065853088375,0.0011817737319731528,0.0011817737319731528,-0.00046978668078963347
9.6e-06,1.2780414233188915e-06,-1.2780414233188915e-06,-0.01839478377496945,0.011908266407477093,-0.003243258683746179,-0.003243258683746179,-0.0004697866421180879
9.625e-06,1.0348542111093698e-06,-1.0348542111093698e-06,-0.023854690311646293,-0.015595568507337699,-0.019725129409491997,-0.019725129409491997,-0.00046978660382377985
9.65e-06,7.560322598472799e-07,-7.560322598472799e-07,-0.0025622604230478587,0.00472794377535905,0.0010828416761555955,0.0010828416761555955,-0.00046978656590642136
9.675e-06,4.927886998445104e-07,-4.927886998445104e-07,0.01853193134708113,-0.012309021809786352,0.0031114547686473884,0.0031114547686473884,-0.00046978652836580486
9.7e-06,2.736561036603552e-07,-2.736561036603552e-07,0.01620934178845607,-0.01633947686991984,-6.506754073188487e-05,-6.506754073188487e-05,-0.0004697864912018168
9.725e-06,1.096898492754766e-07,-1.096898492754766e-07,-0.003586156349459623,9.331498634689635e-05,-0.0017464206815563635,-0.0017464206815563635,-0.0004697864544144219
9.75e-06,1.3227462666403132e-21,-1.3227462666403132e-21,-0.0036799119514280905,0.0072040237695933425,0.001762055909082626,0.001762055909082626,-0.00046978641800360697
9.775e-06,-6.328553774014777e-08,6.328553774014777e-08,0.028444036691602118,-0.002270759541594907,0.013086638575003605,0.013086638575003605,-0.0004697863819693
9.8e-06,-9.109220378601742e-08,9.109220378601742e-08,0.017963899468797746,0.023841201791797995,0.02090255063029787,0.02090255063029787,-0.0004697863463113459
9.825e-06,-9.46400247744779e-08,9.46400247744779e-08,-0.012894367194925576,-0.008866801712958106,-0.010880584453941841,-0.010880584453941841,-0.0004697863110294629
9.85e-06,-8.377076221489158e-08,8.377076221489158e-08,0.015982642101024652,-0.02133898579632842,-0.0026781718476518845,-0.0026781718476518845,-0.00046978627612331196
9.875e-06,-6.615601637697725e-08,6.615601637697725e-08,-0.0007316357412494078,-0.022446755552306377,-0.011589195646777892,-0.011589195646777892,-0.0004697862415925382
9.9e-06,-4.7138215761989497e-08,4.7138215761989497e-08,0.010382615411042328,-0.0034425300709688164,0.0034700426700367557,0.0034700426700367557,-0.0004697862074368412
9.925e-06,-2.996651169854385e-08,2.996651169854385e-08,0.02069117850123369,-0.00464644968516336,0.008022364408035165,0.008022364408035165,-0.00046978617365604395
9.95e-06,-1.6230175941273717e-08,1.6230175941273717e-08,-0.0199671753928612,0.01450150482181806,-0.0027328352855215694,-0.0027328352855215694,-0.0004697861402500814
9.975e-06,-6.344934838202938e-09,6.344934838202938e-09,-0.012535476308500427,-0.023242216141653588,-0.017888846225077006,-0.017888846225077006,-0.00046978610721896394
1e-05,8.58338995992597e-23,-8.58338995992597e-23,0.04537562132881144,-0.008089231787979097,0.01864319477041617,0.01864319477041617,-0.0004697860745627065
1.0025e-05,3.4821740694641296e-09,-3.4821740694641296e-09,0.0054045969173916394,-0.020869285228466945,-0.007732344155537653,-0.007732344155537653,-0.00046978604228125817
1.005e-05,4.888435051828252e-09,-4.888435051828252e-09,-0.006736478631922021,-0.002026346782722497,-0.004381412707322259,-0.004381412707322259,-0.0004697860103744579
1.0075e-05,4.9534310676485385e-09,-4.9534310676485385e-09,-0.0329679406933866,0.010450381643468265,-0.011258779524959166,-0.011258779524959166,-0.00046978597884205707
1.01e-05,4.276282455642414e-09,-4.276282455642414e-09,-0.014121489165682097,-0.01253855208160618,-0.013330020623644138,-0.013330020623644138,-0.0004697859476837261
1.0125e-05,3.2937141103060458e-09,-3.2937141103060458e-09,0.0038412475674575097,0.003254637943592312,0.003547942755524911,0.003547942755524911,-0.00046978591689916
1.015e-05,2.2889290559578883e-09,-2.2889290559578883e-09,0.0015270755312218579,-0.01531177777912378,-0.006892351123950961,-0.006892351123950961,-0.0004697858864881074
1.0175e-05,1.4191817617975981e-09,-1.4191817617975981e-09,0.028316855664711094,-0.034736018577848894,-0.0032095814565689003,-0.0032095814565689003,-0.0004697858564504245
1.02e-05,7.496657952966946e-10,-7.496657952966946e-10,-0.010394564889645588,-0.020365146211600717,-0.015379855550623153,-0.015379855550623153,-0.00046978582678604746
1.0225e-05,2.858342537001522e-10,-2.858342537001522e-10,0.013215682900963708,-0.014832724767223816,-0.0008085209331300542,-0.0008085209331300542,-0.00046978579749497063
1.025e-05,-1.3120011105110098e-24,1.3120011105110098e-24,-0.009664354962385433,0.004792644041954125,-0.0024358554602156544,-0.0024358554602156544,-0.00046978576857716704
1.0275e-05,-1.4921856499780117e-10,1.4921856499780117e-10,-0.02866280277616418,-0.01444251069296812,-0.02155265673456615,-0.02155265673456615,-0.0004697857400325598
1.03e-05,-2.0430776336847978e-10,2.0430776336847978e-10,-0.020167868129016955,-0.02326834307050805,-0.021718105599762505,-0.021718105599762505,-0.00046978571186099915
1.0325e-05,-2.0191276757226415e-10,2.0191276757226415e-10,-0.010247549598171446,-0.012628421711514818,-0.011437985654843132,-0.011437985654843132,-0.0004697856840622768
1.035e-05,-1.7000695126474866e-10,1.7000695126474866e-10,-0.009918769027747397,-0.015672124796612896,-0.012795446912180146,-0.012795446912180146,-0.00046978565663615036
1.0375e-05,-1.2771115545128334e-10,1.2771115545128334e-10,-0.0039639504422787335,-0.010989565523865069,-0.007476757983071901,-0.007476757983071901,-0.00046978562958238895
1.04e-05,-8.656013078435975e-11,8.656013078435975e-11,-0.001182523169031298,0.028052433786499745,0.013434955308734224,0.013434955308734224,-0.0004697856029008259
1.0425e-05,-5.234391849316845e-11,5.234391849316845e-11,0.03602220779181313,-0.007046452941598353,0.014487877425107388,0.014487877425107388,-0.0004697855765913376
1.045e-05,-2.696736688011581e-11,2.696736688011581e-11,0.014187529375676362,0.009718052233022377,0.01195279080434937,0.01195279080434937,-0.00046978555065384556
1.0475e-05,-1.0028310170966394e-11,1.0028310170966394e-11,-0.003912908080045372,0.0025275243711188238,-0.0006926918544632741,-0.0006926918544632741,-0.0004697855250882948
1.05e-05,-2.0195307643364742e-25,2.0195307643364742e-25,0.0008922011758032164,0.020755697862464978,0.010823949519134098,0.010823949519134098,-0.0004697854998946107
1.0525e-05,4.9799114527639416e-12,-4.9799114527639416e-12,-0.02031336010021433,-0.0038383540947546997,-0.012075857097484514,-0.012075857097484514,-0.00046978547507269767
1.055e-05,6.650070798135987e-12,-6.650070798135987e-12,0.01313493971767658,-0.014852438816104829,-0.0008587495492141245,-0.0008587495492141245,-0.0004697854506224168
1.0575e-05,6.409849299438469e-12,-6.409849299438469e-12,-0.015748894955080698,0.0012643332842150804,-0.007242280835432809,-0.007242280835432809,-0.00046978542654360536
1.06e-05,5.263726973843995e-12,-5.263726973843995e-12,0.007612799884278379,0.010701898767819046,0.009157349326048713,0.009157349326048713,-0.0004697854028361052
1.0625e-05,3.856542728469669e-12,-3.856542728469669e-12,0.001859983211843127,0.007369165918839632,0.004614574565341379,0.004614574565341379,-0.00046978537949975716
1.065e-05,2.5493522977057374e-12,-2.5493522977057374e-12,-0.003089375526472486,0.01174130005853502,0.004325962266031267,0.004325962266031267,-0.0004697853565344351
1.0675e-05,1.5035601968070964e-12,-1.5035601968070964e-12,0.004332237569183119,-0.012343312930840847,-0.004005537680828864,-0.004005537680828864,-0.000469785333940041
1.07e-05,7.555022651561072e-13,-7.555022651561072e-13,0.01058239105434793,-0.004907358407549798,0.002837516323399066,0.002837516323399066,-0.0004697853117164827
1.0725e-05,2.7401076372685935e-13,-2.7401076372685935e-13,-0.008164622202692283,0.002694228212631816,-0.002735196995030233,-0.002735196995030233,-0.0004697852898636851
1.075e-05,-1.0469358070458978e-27,1.0469358070458978e-27,0.012372655996920631,-0.001994058774073856,0.005189298611423388,0.005189298611423388,-0.00046978526838156135
1.0775e-05,-1.2943351987558352e-13,1.2943351987558352e-13,-0.000820273687976225,0.013044465580989366,0.006112095946506571,0.006112095946506571,-0.000469785247270011
1.08e-05,-1.6857534141677882e-13,1.6857534141677882e-13,0.0036794790438661107,-0.014284785852350072,-0.005302653404241981,-0.005302653404241981,-0.0004697852265289241
1.0825e-05,-1.5847407882555328e-13,1.5847407882555328e-13,0.01525411543494003,0.01531030383430259,0.01528220963462131,0.01528220963462131,-0.00046978520615817513
1.085e-05,-1.2692477713964658e-13,1.2692477713964658e-13,-0.020494682394714744,-0.0065357885167756005,-0.013515235455745171,-0.013515235455745171,-0.0004697851861576401
1.0875e-05,-9.069719177099028e-14,9.069719177099028e-14,0.01505553897158423,0.0018261785667000447,0.008440858769142138,0.008440858769142138,-0.0004697851665272034
1.09e-05,-5.847472473068533e-14,5.847472473068533e-14,0.016473649596840965,0.015199818431988537,0.015836734014414752,0.015836734014414752,-0.000469785147266767
1.0925e-05,-3.363580213478371e-14,3.363580213478371e-14,0.017339930068545308,-0.015720060944338816,0.0008099345621032459,0.0008099345621032459,-0.0004697851283762354
1.095e-05,-1.6483877465864725e-14,1.6483877465864725e-14,-0.02190252906271244,-0.007652967926269971,-0.014777748494491205,-0.014777748494491205,-0.0004697851098555364
1.0975e-05,-5.8308768333856194e-15,5.8308768333856194e-15,0.0027820071039718762,-0.00184852347252364,0.00046674181572411814,0.00046674181572411814,-0.0004697850917045941
1.1e-05,-1.1479891603943445e-28,1.1479891603943445e-28,0.01130229666659293,0.001284092491331016,0.006293194578961973,0.006293194578961973,-0.00046978507392333427
1.1025e-05,2.619981847440375e-15,-2.619981847440375e-15,-0.016844908607362034,-0.00799920210367879,-0.012422055355520413,-0.012422055355520413,-0.0004697850565116774
1.105e-05,3.328037463408633e-15,-3.328037463408633e-15,0.021636307150172705,0.007053648132171938,0.014344977641172322,0.014344977641172322,-0.000469785039469531
1.1075e-05,3.0513711269151996e-15,-3.0513711269151996e-15,-0.015514961125506991,0.010272336564843866,-0.0026213122803315624,-0.0026213122803315624,-0.0004697850227967957
1.11e-05,2.3835586570510205e-15,-2.3835586570510205e-15,-0.011465009851837208,0.0008412657988500394,-0.005311872026493585,-0.005311872026493585,-0.0004697850064933726
1.1125e-05,1.661177012699743e-15,-1.661177012699743e-15,-0.01405187248197254,-0.027155817031184252,-0.020603844756578397,-0.020603844756578397,-0.0004697849905591621
1.115e-05,1.044558810112523e-15,-1.044558810112523e-15,0.004218710126575729,-0.005462292645328387,-0.000621791259376329,-0.000621791259376329,-0.0004697849749940813
1.1175e-05,5.860155460920642e-16,-5.860155460920642e-16,0.0005389628870363908,-0.01610332952623552,-0.0077821833195995645,-0.0077821833195995645,-0.0004697849597980578
1.12e-05,2.8009758460883267e-16,-2.8009758460883267e-16,0.005024318852482656,-0.005093424208060651,-3.455267778899743e-05,-3.455267778899743e-05,-0.0004697849449710254
1.1225e-05,9.663322906735314e-17,-9.663322906735314e-17,-0.004953875791099352,0.018932777849290424,0.006989451029095536,0.006989451029095536,-0.00046978493051293564
1.125e-05,-1.7555323710426323e-30,1.7555323710426323e-30,-0.028581811261692642,0.0002888863479251484,-0.014146462456883746,-0.014146462456883746,-0.0004697849164237304
1.1275e-05,-4.1302485025808155e-17,4.1302485025808155e-17,-0.0022600402857116627,0.012986651417298132,0.005363305565793235,0.005363305565793235,-0.0004697849027033503
1.13e-05,-5.116921383499925e-17,5.116921383499925e-17,-0.0083363167884775,-0.014621036704249149,-0.011478676746363325,-0.011478676746363325,-0.0004697848893517228
1.1325e-05,-4.5757070141444074e-17,4.5757070141444074e-17,0.011124210403864092,0.031824588105574765,0.021474399254719428,0.021474399254719428,-0.00046978487636876727
1.135e-05,-3.4860343159322636e-17,3.4860343159322636e-17,-0.008051057442784922,-0.02824999092402728,-0.0181505241834061,-0.0181505241834061,-0.00046978486375440166
1.1375e-05,-2.3695417473401423e-17,2.3695417473401423e-17,-0.01200489284296882,0.001618038486115858,-0.005193427178426481,-0.005193427178426481,-0.0004697848515085434
1.14e-05,-1.453195305608118e-17,1.453195305608118e-17,0.0009418490268688304,0.009547052617270471,0.0052444508220696505,0.0052444508220696505,-0.0004697848396311239
1.1425e-05,-7.951386519217526e-18,7.951386519217526e-18,-0.02825638162433948,0.012707884957226497,-0.0077742483335564916,-0.0077742483335564916,-0.0004697848281220898
1.145e-05,-3.7066854178409824e-18,3.7066854178409824e-18,-0.008880423460596412,0.0012374822458566352,-0.0038214706073698883,-0.0038214706073698883,-0.00046978481698139443
1.1475e-05,-1.2472269766189637e-18,1.2472269766189637e-18,-0.0049981615030998934,0.009281265430101826,0.0021415519635009663,0.0021415519635009663,-0.00046978480620900743
1.15e-05,-5.6801112226323025e-33,5.6801112226323025e-33,-0.008601118639789775,-0.037441099818224625,-0.0230211092290072,-0.0230211092290072,-0.0004697847958048864
1.1525e-05,5.070846475032476e-19,-5.070846475032476e-19,-0.01212023574592398,-0.008513965116230279,-0.01031710043107713,-0.01031710043107713,-0.00046978478576899225
1.155e-05,6.127109785562924e-19,-6.127109785562924e-19,-0.00574852268758379,-0.010722090717014139,-0.008235306702298965,-0.008235306702298965,-0.0004697847761012735
1.1575e-05,5.343770080159381e-19,-5.343770080159381e-19,0.03148277394833054,-0.004692066375334093,0.013395353786498223,0.013395353786498223,-0.0004697847668016705
1.16e-05,3.970670519214318e-19,-3.970670519214318e-19,0.002204917481964774,0.005975223210934278,0.004090070346449526,0.004090070346449526,-0.0004697847578701196
1.1625e-05,2.632323106842264e-19,-2.632323106842264e-19,0.010126552721783038,0.023738122948514243,0.01693233783514864,0.01693233783514864,-0.00046978474930656027
1.165e-05,1.5744956156633273e-19,-1.5744956156633273e-19,0.013663017794134868,0.01989589601335932,0.016779456903747096,0.016779456903747096,-0.0004697847411109446
1.1675e-05,8.40239264835822e-20,-8.40239264835822e-20,0.009357904354270734,-0.019570728190067235,-0.00510641191789825,-0.00510641191789825,-0.0004697847332832284
1.17e-05,3.8202208875002486e-20,-3.8202208875002486e-20,-0.022214252564729045,-0.011789387971521655,-0.01700182026812535,-0.01700182026812535,-0.0004697847258233847
1.1725e-05,1.253692070524917e-20,-1.253692070524917e-20,0.012663379782260467,0.0024830699728593045,0.007573224877559886,0.007573224877559886,-0.00046978471873138853
1.175e-05,3.2802160796177285e-34,-3.2802160796177285e-34,0.005587371711615162,0.009811941936838094,0.007699656824226628,0.007699656824226628,-0.0004697847120072184
1.1775e-05,-4.848541544515941e-21,4.848541544515941e-21,-0.026906086606004947,0.0013074130211066604,-0.012799336792449142,-0.012799336792449142,-0.0004697847056508435
1.18e-05,-5.713851632688804e-21,5.713851632688804e-21,0.011583267907748598,0.011857584184214552,0.011720426045981575,0.011720426045981575,-0.00046978469966223716
1.1825e-05,-4.860306964680093e-21,4.860306964680093e-21,0.02814263977456354,0.013742518552354557,0.020942579163459048,0.020942579163459048,-0.00046978469404136507
1.185e-05,-3.522268220653708e-21,3.522268220653708e-21,0.012733076551976457,0.004325408356222714,0.008529242454099585,0.008529242454099585,-0.0004697846887881941
1.1875e-05,-2.27740571965305e-21,2.27740571965305e-21,-0.008839715098906097,0.016591081729559403,0.0038756833153266532,0.0038756833153266532,-0.0004697846839026879
1.19e-05,-1.328572640029118e-21,1.328572640029118e-21,0.008685728020285293,-0.013071768133074623,-0.0021930200563946654,-0.0021930200563946654,-0.0004697846793848203
1.1925e-05,-6.9149566102532335e-22,6.9149566102532335e-22,-0.0056467696503999165,-0.00906955757369503,-0.007358163612047473,-0.007358163612047473,-0.00046978467523456303
1.195e-05,-3.0663208750328563e-22,3.0663208750328563e-22,0.013273313685727067,-0.016607300610926592,-0.0016669934625997626,-0.0016669934625997626,-0.00046978467145190205
1.1975e-05,-9.814374858539938e-23,9.814374858539938e-23,0.014879167240718924,-0.022580663388868008,-0.003850748074074542,-0.003850748074074542,-0.0004697846680368138
1.2e-05,-4.724074655329812e-37,4.724074655329812e-37,-0.026444415569006872,-0.0061334730938760905,-0.01628894433144148,-0.01628894433144148,-0.00046978466498928174
1.2025e-05,3.610506738406513e-23,-3.610506738406513e-23,-0.007181805527440439,-0.011887590310875187,-0.009534697919157812,-0.009534697919157812,-0.0004697846623093004
1.205e-05,4.149814041169228e-23,-4.149814041169228e-23,-0.023523164280956722,0.019544450459583456,-0.001989356910686633,-0.001989356910686633,-0.000469784659996856
1.2075e-05,3.4427541751548855e-23,-3.4427541751548855e-23,0.020875918896176886,0.019118000303765568,0.019996959599971227,0.019996959599971227,-0.0004697846580519385
1.21e-05,2.433365671222523e-23,-2.433365671222523e-23,0.0031389760453098643,0.013830236353398978,0.00848460619935442,0.00848460619935442,-0.00046978465647454145
1.2125e-05,1.5345039034436564e-23,-1.5345039034436564e-23,0.0171162838911311,-0.002222230607606801,0.007447026641762149,0.007447026641762149,-0.00046978465526465997
1.215e-05,8.73083001874799e-24,-8.73083001874799e-24,0.007963571471020576,-0.009588009477827116,-0.0008122190034032702,-0.0008122190034032702,-0.00046978465442228996
1.2175e-05,4.432026268150858e-24,-4.432026268150858e-24,0.015177020330669236,-0.013895979298890106,0.0006405205158895649,0.0006405205158895649,-0.0004697846539474188
1.22e-05,1.916783684146851e-24,-1.916783684146851e-24,0.014801830117902832,0.034962246611552054,0.024882038364727445,0.024882038364727445,-0.0004697846538400482
1.2225e-05,5.983575621148353e-25,-5.983575621148353e-25,0.017104657500623965,-0.009973118189212784,0.0035657696557055904,0.0035657696557055904,-0.0004697846541001715
1.225e-05,1.5173061709129755e-38,-1.5173061709129755e-38,-0.004717683572106934,0.024161698845490225,0.009722007636691645,0.009722007636691645,-0.0004697846547277872
1.2275e-05,-2.0938789845011013e-25,2.0938789845011013e-25,-0.0058127293095673604,-0.044508597040487506,-0.025160663175027433,-0.025160663175027433,-0.0004697846557228954
1.23e-05,-2.347224836942089e-25,2.347224836942089e-25,-0.003883718916176467,-0.011581951661079257,-0.0077328352886278625,-0.0077328352886278625,-0.0004697846570855019
1.2325e-05,-1.8992175192085107e-25,1.8992175192085107e-25,0.002367943045951454,-0.008539049860225977,-0.003085553407137262,-0.003085553407137262,-0.0004697846588156112
1.235e-05,-1.3092383225266985e-25,1.3092383225266985e-25,2.3428584338091836e-05,-0.005627559197123884,-0.002802065306392896,-0.002802065306392896,-0.00046978466091323874
1.2375e-05,-8.05233746693624e-26,8.05233746693624e-26,0.011776863298420242,0.017417183166780495,0.014597023232600368,0.014597023232600368,-0.0004697846633783931
1.24e-05,-4.468401006324038e-26,4.468401006324038e-26,-0.0071561948953791366,-0.0031924335646019188,-0.005174314229990528,-0.005174314229990528,-0.00046978466621109204
1.2425e-05,-2.2122875315367382e-26,2.2122875315367382e-26,-0.0028056335546603624,0.009665945851636467,0.003430156148488052,0.003430156148488052,-0.0004697846694113491
1.245e-05,-9.331575792775566e-27,9.331575792775566e-27,-0.0031580872345091607,0.0026386930359026278,-0.0002596970993032665,-0.0002596970993032665,-0.0004697846729791852
1.2475e-05,-2.8410920565609958e-27,2.8410920565609958e-27,-0.019467067538809803,0.008137455738763049,-0.005664805900023377,-0.005664805900023377,-0.00046978467691461795
1.25e-05,2.342831349781119e-41,-2.342831349781119e-41,0.014091479480109019,-0.012379150752264525,0.0008561643639222469,0.0008561643639222469,-0.0004697846812176678
1.2525e-05,9.457173917534673e-28,-9.457173917534673e-28,0.02730700442978903,0.019510743962352854,0.02340887419607094,0.02340887419607094,-0.0004697846858883573
1.255e-05,1.033968070336987e-27,-1.033968070336987e-27,-0.026670718525825032,-0.0029950145013895708,-0.014832866513607301,-0.014832866513607301,-0.0004697846909267041
1.2575e-05,8.159617136534513e-28,-8.159617136534513e-28,-0.014297755569555867,-0.0051358018018830675,-0.009716778685719466,-0.009716778685719466,-0.0004697846963327253
1.26e-05,5.4860077977854055e-28,-5.4860077977854055e-28,-0.0009457191339048928,0.015604686406624874,0.00732948363635999,0.00732948363635999,-0.00046978470210644286
1.2625e-05,3.290806277274842e-28,-3.290806277274842e-28,0.012674784914273507,-0.012764981559451652,-4.5098322589072135e-05,-4.5098322589072135e-05,-0.000469784708247879
1.265e-05,1.7810459674982004e-28,-1.7810459674982004e-28,-0.0062169975364662474,-0.013765990898465821,-0.009991494217466035,-0.009991494217466035,-0.0004697847147570629
1.2675e-05,8.600173189124634e-29,-8.600173189124634e-29,0.008459851729654529,0.010692324838393023,0.009576088284023777,0.009576088284023777,-0.0004697847216340279
1.27e-05,3.5380441761276136e-29,-3.5380441761276136e-29,-0.0036060187065329713,0.008674742761257504,0.002534362027362266,0.002534362027362266,-0.0004697847288788193
1.2725e-05,1.050597123114526e-29,-1.050597123114526e-29,-0.012758596568322565,-0.017104550679013876,-0.014931573623668221,-0.014931573623668221,-0.0004697847364914852
1.275e-05,1.220045415903773e-43,-1.220045415903773e-43,0.000881560729633173,0.009372308831028337,0.005126934780330755,0.005126934780330755,-0.0004697847444720709
1.2775e-05,-3.3265767898190115e-30,3.3265767898190115e-30,-0.009249113732119044,-0.006505692070468857,-0.007877402901293951,-0.007877402901293951,-0.00046978475282062723
1.28e-05,-3.547202181387542e-30,3.547202181387542e-30,-0.01857807795265675,-0.002407830251707998,-0.010492954102182374,-0.010492954102182374,-0.00046978476153718704
1.2825e-05,-2.7301797085035627e-30,2.7301797085035627e-30,-0.010504985870848079,-0.0024160263263738845,-0.006460506098610982,-0.006460506098610982,-0.0004697847706217849
1.285e-05,-1.790278151893292e-30,1.790278151893292e-30,0.016935082733499366,-0.001310080790225769,0.007812500971636799,0.007812500971636799,-0.00046978478007444807
1.2875e-05,-1.0473915024344058e-30,1.0473915024344058e-30,-0.005264648948009783,-0.02237184276477428,-0.013818245856392032,-0.013818245856392032,-0.0004697847898952101
1.29e-05,-5.528718722254567e-31,5.528718722254567e-31,-0.027972954213799493,-0.014360485556203834,-0.021166719885001663,-0.021166719885001663,-0.0004697848000841063
1.2925e-05,-2.6037495149787137e-31,2.6037495149787137e-31,-0.010311893663483512,-0.011549930017984631,-0.01093091184073407,-0.01093091184073407,-0.0004697848106411939
1.295e-05,-1.0447151534550585e-31,1.0447151534550585e-31,-0.01197621866083959,0.00041457123936224175,-0.005780823710738674,-0.005780823710738674,-0.0004697848215665352
1.2975e-05,-3.0256137703473516e-32,3.0256137703473516e-32,0.030207821955217835,0.02160729046176831,0.025907556208493072,0.025907556208493072,-0.00046978483286020366
1.3e-05,-9.227023048404921e-46,9.227023048404921e-46,-0.0004014847861666492,-0.02366121412672066,-0.012031349456443656,-0.012031349456443656,-0.00046978484452227216
1.3025e-05,9.112973551104708e-33,-9.112973551104708e-33,-0.007320423834489453,0.025397555820591167,0.009038565993050857,0.009038565993050857,-0.00046978485655281094
1.305e-05,9.477442049187609e-33,-9.477442049187609e-33,0.022972466270962166,0.0011594514676829012,0.012065958869322534,0.012065958869322534,-0.0004697848689518734
1.3075e-05,7.114412906955313e-33,-7.114412906955313e-33,0.0024201825361482784,0.0037469321447958794,0.003083557340472079,0.003083557340472079,-0.00046978488171951435
1.31e-05,4.54999565893357e-33,-4.54999565893357e-33,-0.007640331938574002,-0.018801671036914335,-0.013221001487744168,-0.013221001487744168,-0.0004697848948557702
1.3125e-05,2.596223966481057e-33,-2.596223966481057e-33,0.001748471444592347,0.015902181969321357,0.008825326706956852,0.008825326706956852,-0.00046978490836069276
1.315e-05,1.3365962612504357e-33,-1.3365962612504357e-33,0.003224712761647567,-0.019147750496123262,-0.007961518867237848,-0.007961518867237848,-0.0004697849222343346
1.3175e-05,6.139282055785745e-34,-6.139282055785745e-34,-0.012929275634880005,-0.0002481607163714619,-0.006588718175625733,-0.006588718175625733,-0.00046978493647677113
1.32e-05,2.402475218229753e-34,-2.402475218229753e-34,0.012487125340117061,-0.023937161426385162,-0.00572501804313405,-0.00572501804313405,-0.0004697849510880799
1.3225e-05,6.786051457144263e-35,-6.786051457144263e-35,-0.0045899284984428764,0.014584042915899379,0.004997057208728251,0.004997057208728251,-0.0004697849660683551
1.325e-05,-5.779770583126029e-50,5.779770583126029e-50,-0.015448771639508297,-0.01741268059288985,-0.016430726116199074,-0.016430726116199074,-0.00046978498141768486
1.3275e-05,-1.9442362942117517e-35,1.9442362942117517e-35,-0.011490188748631315,0.00820039899806495,-0.0016448948752831828,-0.0016448948752831828,-0.0004697849971361579
1.33e-05,-1.9720717498234615e-35,1.9720717498234615e-35,0.0013467695699887036,0.015704511957524942,0.008525640763756823,0.008525640763756823,-0.00046978501322385085
1.3325e-05,-1.443820751263243e-35,1.443820751263243e-35,0.002998240920030981,-0.0005572318905696434,0.001220504514730669,0.001220504514730669,-0.0004697850296808338
1.335e-05,-9.00591476748102e-36,9.00591476748102e-36,0.007629815494351964,0.025968065244282308,0.016798940369317138,0.016798940369317138,-0.00046978504650716917
1.3375e-05,-5.011891294667009e-36,5.011891294667009e-36,-0.015303901636283866,-0.028770412605447836,-0.02203715712086585,-0.02203715712086585,-0.00046978506370292153
1.34e-05,-2.516531483196626e-36,2.516531483196626e-36,-0.01533898299544617,0.0022356556910446542,-0.006551663652200758,-0.006551663652200758,-0.0004697850812681673
1.3425e-05,-1.1273592966567491e-36,1.1273592966567491e-36,-0.004411869738444445,0.010695822686674265,0.00314197647411491,0.00314197647411491,-0.00046978509920299246
1.345e-05,-4.302752033611435e-37,4.302752033611435e-37,-0.011100112179323553,0.01273501706298166,0.0008174524418290531,0.0008174524418290531,-0.00046978511750749474
1.3475e-05,-1.1853515949286085e-37,1.1853515949286085e-37,-0.012910759486139917,0.0006589873925373225,-0.006125886046801298,-0.006125886046801298,-0.0004697851361817835
1.35e-05,-2.063055597801895e-51,2.063055597801895e-51,0.008125357564593075,-0.011583503419497584,-0.0017290729274522547,-0.0017290729274522547,-0.00046978515522596746
1.3525e-05,3.23045995541624e-38,-3.23045995541624e-38,0.009193118467797896,0.018580989325845062,0.013887053896821478,0.013887053896821478,-0.0004697851746401574
1.355e-05,3.1958078970531926e-38,-3.1958078970531926e-38,0.02155044447612185,-0.011385980370547543,0.005082232052787153,0.005082232052787153,-0.00046978519442444715
1.3575e-05,2.2819907050529763e-38,-2.2819907050529763e-38,-0.0019847796106072313,-0.006244971557231529,-0.00411487558391938,-0.00411487558391938,-0.00046978521457892853
1.36e-05,1.388260804392697e-38,-1.388260804392697e-38,-0.0024570881548758605,-0.021555149497136983,-0.012006118826006423,-0.012006118826006423,-0.00046978523510368
1.3625e-05,7.535073803345274e-39,-7.535073803345274e-39,-0.0053027017121045975,-0.011686791618576707,-0.008494746665340652,-0.008494746665340652,-0.00046978525599877965
1.365e-05,3.690038297947586e-39,-3.690038297947586e-39,-0.01253408908734601,0.009504043512909057,-0.0015150227872184766,-0.0015150227872184766,-0.0004697852772643156
1.3675e-05,1.612254115046172e-39,-1.612254115046172e-39,0.0005865119724104842,0.026115555943820055,0.01335103395811527,0.01335103395811527,-0.0004697852989003903
1.37e-05,6.001504001785753e-40,-6.001504001785753e-40,-0.000825259294343313,-0.012179128365792808,-0.006502193830068061,-0.006502193830068061,-0.00046978532090712364
1.3725e-05,1.612514422997382e-40,-1.612514422997382e-40,-0.013571512824939179,-0.001696008534807875,-0.007633760679873527,-0.007633760679873527,-0.0004697853432846512
1.375e-05,-1.955675933170656e-54,1.955675933170656e-54,-0.002596067132337445,0.013863021566991124,0.005633477217326839,0.005633477217326839,-0.0004697853660331167
1.3775e-05,-4.18028659313079e-41,4.18028659313079e-41,-0.015345398561327783,9.751805030372055e-05,-0.007623940255512031,-0.007623940255512031,-0.000469785389152653
1.38e-05,-4.033341536496514e-41,4.033341536496514e-41,-0.001962561208820127,-0.012157033794178455,-0.007059797501499291,-0.007059797501499291,-0.00046978541264337603
1.3825e-05,-2.8089295206399173e-41,2.8089295206399173e-41,0.0029906308104751104,0.01414955786016729,0.0085700943353212,0.0085700943353212,-0.0004697854365053822
1.385e-05,-1.6666356654021181e-41,1.6666356654021181e-41,0.012901126581861601,-0.00734728931185757,0.0027769186350020156,0.0027769186350020156,-0.0004697854607387498
1.3875e-05,-8.822664357494427e-42,8.822664357494427e-42,-0.01396640997085335,0.004744683740207161,-0.004610863115323095,-0.004610863115323095,-0.0004697854853435517
1.39e-05,-4.2139148799402966e-42,4.2139148799402966e-42,-0.012999095865870008,-0.015623204877866037,-0.014311150371868022,-0.014311150371868022,-0.00046978551031987866
1.3925e-05,-1.795688565348987e-42,1.795688565348987e-42,-0.01894015999609675,-0.002184594346220494,-0.010562377171158622,-0.010562377171158622,-0.00046978553566785796
1.395e-05,-6.519289409738603e-43,6.519289409738603e-43,0.0038642029848027764,-0.005163679910064881,-0.0006497384626310524,-0.0006497384626310524,-0.00046978556138765117
1.3975e-05,-1.7083875853402965e-43,1.7083875853402965e-43,0.007903836876334109,0.0034256921856218314,0.00566476453097797,0.00566476453097797,-0.00046978558747945345
1.4e-05,-9.425614132148133e-58,9.425614132148133e-58,-0.03868057362955506,-0.014930732013298923,-0.026805652821426988,-0.026805652821426988,-0.00046978561394346276
1.4025e-05,4.212831917804076e-44,-4.212831917804076e-44,0.010378564011772751,-0.009245811493348466,0.0005663762592121426,0.0005663762592121426,-0.00046978564077984744
1.405e-05,3.964383972781256e-44,-3.964383972781256e-44,0.024139725003405003,-0.03726724352252637,-0.006563759259560683,-0.006563759259560683,-0.00046978566798872956
1.4075e-05,2.692738582734365e-44,-2.692738582734365e-44,0.005724591996305038,-0.007063690601006997,-0.0006695493023509795,-0.0006695493023509795,-0.0004697856955701836
1.41e-05,1.5582482938878876e-44,-1.5582482938878876e-44,-0.013725329826269566,-0.036834700945259376,-0.025280015385764472,-0.025280015385764472,-0.00046978572352424997
1.4125e-05,8.04522851574002e-45,-8.04522851574002e-45,-0.00406751089329934,0.002370570354453702,-0.000848470269422819,-0.000848470269422819,-0.00046978575185096524
1.415e-05,3.7477190246000375e-45,-3.7477190246000375e-45,-0.040132923456092394,0.011098330123999885,-0.014517296666046255,-0.014517296666046255,-0.0004697857805504267
1.4175e-05,1.557596346117412e-45,-1.557596346117412e-45,0.0068240944560216486,-0.025645962357188308,-0.00941093395058333,-0.00941093395058333,-0.00046978580962280176
1.42e-05,5.515270296990935e-46,-5.515270296990935e-46,-0.006201210207206807,0.0077481607777490115,0.0007734752852711023,0.0007734752852711023,-0.00046978583906832113
1.4225e-05,1.4095990075105202e-46,-1.4095990075105202e-46,-0.018523726946614846,-0.0017357729533885508,-0.0101297499500017,-0.0101297499500017,-0.0004697858688872736
1.425e-05,-2.738417420391929e-64,2.738417420391929e-64,-0.0016297496851428177,-0.017531905278216055,-0.009580827481679436,-0.009580827481679436,-0.00046978589907992066
1.4275e-05,-3.3065004528846324e-47,3.3065004528846324e-47,0.0015180168332316777,0.005191435739172258,0.0033547262862019677,0.0033547262862019677,-0.00046978592964648004
1.43e-05,-3.0346793122189263e-47,3.0346793122189263e-47,0.0015448431902640451,0.01514484256443559,0.008344842877349818,0.008344842877349818,-0.0004697859605870589
1.4325e-05,-2.0103604115378661e-47,2.0103604115378661e-47,0.0036134807913680185,0.014426308960627948,0.009019894875997983,0.009019894875997983,-0.00046978599190169177
1.435e-05,-1.1346424517262879e-47,1.1346424517262879e-47,-0.01487628239275126,-0.004235274801852452,-0.009555778597301856,-0.009555778597301856,-0.0004697860235903643
1.4375e-05,-5.713515244264153e-48,5.713515244264153e-48,0.02517888101700358,-0.001005358056426255,0.012086761480288663,0.012086761480288663,-0.0004697860556530838
1.44e-05,-2.595820557574214e-48,2.595820557574214e-48,0.010085616660740511,-0.03780896342937329,-0.01386167338431639,-0.01386167338431639,-0.0004697860880899619
1.4425e-05,-1.0522167279025748e-48,1.0522167279025748e-48,0.017244517279702175,-0.011356444407613214,0.0029440364360444806,0.0029440364360444806,-0.00046978612090119794
1.445e-05,-3.633789131468624e-49,3.633789131468624e-49,-0.01241273947018042,0.03143718195165648,0.009512221240738028,0.009512221240738028,-0.00046978615408710747
1.4475e-05,-9.057975533910975e-50,9.057975533910975e-50,0.012098320331446272,-0.015586181589922731,-0.0017439306292382295,-0.0017439306292382295,-0.0004697861876480443
1.45e-05,-1.4943904196895403e-63,1.4943904196895403e-63,0.005914402629015613,-0.03249038329330788,-0.013287990332146135,-0.013287990332146135,-0.0004697862215843275
1.4525e-05,2.0211075315019548e-50,-2.0211075315019548e-50,-0.023207971919681002,0.019843479239833123,-0.0016822463399239398,-0.0016822463399239398,-0.0004697862558961818
1.455e-05,1.809157079228352e-50,-1.809157079228352e-50,0.011753535818604336,-0.014038348908997899,-0.0011424065451967813,-0.0011424065451967813,-0.0004697862905837199
1.4575e-05,1.168907198775012e-50,-1.168907198775012e-50,0.000495384631849101,0.005093426391345135,0.0027944055115971178,0.0027944055115971178,-0.0004697863256469606
1.46e-05,6.434395857321982e-51,-6.434395857321982e-51,-0.032453048041080026,0.0013533270821039353,-0.015549860479488045,-0.015549860479488045,-0.0004697863610858918
1.4625e-05,3.160055980203975e-51,-3.160055980203975e-51,-0.013026250183704442,0.016988625417320786,0.001981187616808172,0.001981187616808172,-0.0004697863969005421
1.465e-05,1.4002600267597196e-51,-1.4002600267597196e-51,-0.0025060588046917505,-0.017315779967505315,-0.009910919386098532,-0.009910919386098532,-0.00046978643309103973
1.4675e-05,5.535818764704724e-52,-5.535818764704724e-52,-0.027635080963214053,-0.02818427915573993,-0.027909680059476992,-0.027909680059476992,-0.0004697864696576314
1.47e-05,1.8645714118524907e-52,-1.8645714118524907e-52,-0.0016245449108640013,-0.019662363209736158,-0.01064345406030008,-0.01064345406030008,-0.00046978650660063864
1.4725e-05,4.533076840015186e-53,-4.533076840015186e-53,7.755716192429235e-05,-0.004919904023340625,-0.002421173430708166,-0.002421173430708166,-0.0004697865439204153
1.475e-05,1.4588934804592722e-66,-1.4588934804592722e-66,-0.007092397618033871,0.019329342369979595,0.006118472375972862,0.006118472375972862,-0.0004697865816172722
1.4775e-05,-9.621363744941723e-54,9.621363744941723e-54,0.025795078216882674,0.001663024811022787,0.01372905151395273,0.01372905151395273,-0.0004697866196914317
1.48e-05,-8.399745490978748e-54,8.399745490978748e-54,-0.0012812659404514307,0.006614756344169763,0.0026667452018591664,0.0026667452018591664,-0.00046978665814303224
1.4825e-05,-5.293129538773859e-54,5.293129538773859e-54,0.018196253582706746,0.0014930224253799998,0.009844638004043373,0.009844638004043373,-0.0004697866969721396
1.485e-05,-2.841730597086357e-54,2.841730597086357e-54,0.00923300597449165,-0.017540286458746772,-0.004153640242127561,-0.004153640242127561,-0.0004697867361788172
1.4875e-05,-1.3611705412743773e-54,1.3611705412743773e-54,-0.02111945189122391,-0.022850656873285972,-0.02198505438225494,-0.02198505438225494,-0.0004697867757631651
1.49e-05,-5.882596962820424e-55,5.882596962820424e-55,-0.02207263045306471,-0.026275098227752633,-0.02417386434040867,-0.02417386434040867,-0.00046978681572535573
1.4925e-05,-2.268218585192255e-55,2.268218585192255e-55,-0.007120291069193704,-0.008889415802208884,-0.008004853435701294,-0.008004853435701294,-0.00046978685606564
1.495e-05,-7.451173916668285e-56,7.451173916668285e-56,-0.021155656576459785,-0.005805073902460402,-0.013480365239460093,-0.013480365239460093,-0.00046978689678430787
1.4975e-05,-1.7667756206368876e-56,1.7667756206368876e-56,0.007014617505611649,-0.021076125551001194,-0.0070307540226947724,-0.0070307540226947724,-0.00046978693788165556
1.5e-05,2.647314017188201e-70,-2.647314017188201e-70,0.01640744364368527,-0.0067402544385728545,0.004833594602556207,0.004833594602556207,-0.00046978697935795154
1.5025e-05,3.567058458844422e-57,-3.567058458844422e-57,-0.010808532515137049,-0.0066556640941268464,-0.008732098304631947,-0.008732098304631947,-0.0004697870212134173
1.505e-05,3.0372627106951744e-57,-3.0372627106951744e-57,0.0064296839156461,0.0011319238944574555,0.0037808039050517776,0.0037808039050517776,-0.0004697870634482214
1.5075e-05,1.8666865208018632e-57,-1.8666865208018632e-57,0.0075014349404116,-0.006441972655569805,0.0005297311424208974,0.0005297311424208974,-0.0004697871060625181
1.51e-05,9.774271768724353e-58,-9.774271768724353e-58,-0.002898364887100419,0.01500476315762165,0.006053199135260616,0.006053199135260616,-0.00046978714905645717
1.5125e-05,4.566218467993871e-58,-4.566218467993871e-58,0.009769981278824324,0.013729098522962295,0.01174953990089331,0.01174953990089331,-0.00046978719243021455
1.515e-05,1.924668227880567e-58,-1.924668227880567e-58,-0.008824250603886141,-0.006632511617708033,-0.007728381110797087,-0.007728381110797087,-0.00046978723618401185
1.5175e-05,7.237929111424724e-59,-7.237929111424724e-59,-0.00261634943148574,0.008128029850536086,0.002755840209525173,0.002755840209525173,-0.00046978728031808845
1.52e-05,2.318978696358805e-59,-2.318978696358805e-59,-0.019194680713705038,0.002361182000461826,-0.008416749356621607,-0.008416749356621607,-0.00046978732483270803
1.5225e-05,5.362855490669269e-60,-5.362855490669269e-60,-0.0051848026120772705,-0.004119772159986678,-0.004652287386031974,-0.004652287386031974,-0.0004697873697281311
1.525e-05,3.7207934703496515e-75,-3.7207934703496515e-75,-0.012266272783868718,-0.002267522205145879,-0.007266897494507298,-0.007266897494507298,-0.0004697874150045985
1.5275e-05,-1.0299359069292279e-60,1.0299359069292279e-60,0.035082880592406246,-0.022910980102579196,0.006085950244913525,0.006085950244913525,-0.00046978746066233
1.53e-05,-8.553127945770744e-61,8.553127945770744e-61,-0.030083897829216163,-0.007153088639481856,-0.01861849323434901,-0.01861849323434901,-0.00046978750670153516
1.5325e-05,-5.126921169570967e-61,5.126921169570967e-61,0.011474874855466118,0.001170057848460186,0.006322466351963152,0.006322466351963152,-0.00046978755312241364
1.535e-05,-2.6182571400928312e-61,2.6182571400928312e-61,-0.005293204117287872,0.032905844098137606,0.013806319990424866,0.013806319990424866,-0.0004697875999251787
1.5375e-05,-1.192963649272377e-61,1.192963649272377e-61,-0.00623266353690148,-0.03422021225469893,-0.020226437895800205,-0.020226437895800205,-0.0004697876471100598
1.54e-05,-4.904209783263897e-62,4.904209783263897e-62,-0.0021832134002547155,0.011292771164260789,0.004554778882003037,0.004554778882003037,-0.00046978769467730417
1.5425e-05,-1.798747177603596e-62,1.798747177603596e-62,-0.008253092172423518,0.015291014694525611,0.0035189612610510464,0.0035189612610510464,-0.0004697877426271724
1.545e-05,-5.620762009783599e-63,5.620762009783599e-63,-0.012562435769708207,-0.0010852213077631799,-0.006823828538735694,-0.006823828538735694,-0.00046978779095992505
1.5475e-05,-1.267760366830184e-63,1.267760366830184e-63,0.008569828853467095,-0.007559799097082191,0.0005050148781924522,0.0005050148781924522,-0.00046978783967581563
1.55e-05,-1.978524679366481e-77,1.978524679366481e-77,-0.020441117700775183,0.029821510815386133,0.004690196557305475,0.004690196557305475,-0.00046978788877508336
1.5525e-05,2.3159893146690915e-64,-2.3159893146690915e-64,0.008359801125403642,-0.009567741720196341,-0.0006039702973963494,-0.0006039702973963494,-0.0004697879382579578
1.555e-05,1.8758320793524046e-64,-1.8758320793524046e-64,-0.02325137691055806,-0.00997212559324809,-0.016611751251903076,-0.016611751251903076,-0.0004697879881246669
1.5575e-05,1.0966505677284898e-64,-1.0966505677284898e-64,-0.019974694277362235,-0.002446678535403622,-0.011210686406382928,-0.011210686406382928,-0.0004697880383754434
1.56e-05,5.462186976417066e-65,-5.462186976417066e-65,-0.0016458884848571495,-0.014139063381908656,-0.007892475933382903,-0.007892475933382903,-0.0004697880890105388
1.5625e-05,2.427303680064367e-65,-2.427303680064367e-65,-0.01762418683013741,0.028629977509101748,0.005502895339482169,0.005502895339482169,-0.00046978814003021904
1.565e-05,9.732145229423932e-66,-9.732145229423932e-66,-0.010903041316088881,0.013610908218940503,0.0013539334514258107,0.0013539334514258107,-0.0004697881914347633
1.5675e-05,3.481387015690967e-66,-3.481387015690967e-66,-0.028382763090010126,-0.011790396752321552,-0.02008657992116584,-0.02008657992116584,-0.00046978824322444965
1.57e-05,1.0610113134969678e-66,-1.0610113134969678e-66,0.022977634579615044,0.023885909881300398,0.02343177223045772,0.02343177223045772,-0.0004697882953995452
1.5725e-05,2.3340202851557472e-67,-2.3340202851557472e-67,-0.0021876634289542582,0.006060014929961873,0.0019361757505038074,0.0019361757505038074,-0.0004697883479603111
1.575e-05,6.951247425025402e-81,-6.951247425025402e-81,0.010734686651779044,-0.026458753394926215,-0.007862033371573585,-0.007862033371573585,-0.0004697884009069892
1.5775e-05,-4.0559190904480925e-68,4.0559190904480925e-68,-0.013537363196359927,0.00094412706631409,-0.006296618065022918,-0.006296618065022918,-0.00046978845423982095
1.58e-05,-3.2039765449082578e-68,3.2039765449082578e-68,-0.0017352885037318015,0.009330070634848373,0.0037973910655582856,0.0037973910655582856,-0.0004697885079590635
1.5825e-05,-1.82686424195112e-68,1.82686424195112e-68,-0.001628083200739878,-0.012825260828804547,-0.007226672014772213,-0.007226672014772213,-0.00046978856206498137
1.585e-05,-8.874567720869774e-69,8.874567720869774e-69,0.0017985984402699568,0.020553050969522164,0.01117582470489606,0.01117582470489606,-0.00046978861655785854
1.5875e-05,-3.8463375760133914e-69,3.8463375760133914e-69,-0.012319798832712725,0.0031590306278263093,-0.004580384102443208,-0.004580384102443208,-0.0004697886714379953
1.59e-05,-1.5040923501495427e-69,1.5040923501495427e-69,0.006850155897029439,0.018653251647790543,0.01275170377240999,0.01275170377240999,-0.0004697887267056869
1.5925e-05,-5.247601704725618e-70,5.247601704725618e-70,0.008343667953255633,-0.00461643830941432,0.0018636148219206565,0.0018636148219206565,-0.0004697887823612242
1.595e-05,-1.5598082461972184e-70,1.5598082461972184e-70,-0.011440647773041579,-0.0035188538557264057,-0.007479750814383992,-0.007479750814383992,-0.000469788838404888
1.5975e-05,-3.346558809897518e-71,3.346558809897518e-71,-0.004603044697728273,-0.03776032201132946,-0.021181683354528864,-0.021181683354528864,-0.0004697888948369376
1.6e-05,-1.4473401414015028e-84,1.4473401414015028e-84,-0.006975648686198873,-0.016823730822507453,-0.011899689754353163,-0.011899689754353163,-0.0004697889516576425
1.6025e-05,5.531824506440902e-72,-5.531824506440902e-72,-0.009474178205107027,0.015376625739041748,0.0029512237669673605,0.0029512237669673605,-0.0004697890088672671
1.605e-05,4.261976759009071e-72,-4.261976759009071e-72,0.005245924539265454,0.0064553929325654865,0.005850658735915471,0.005850658735915471,-0.000469789066466095
1.6075e-05,2.3701217853985185e-72,-2.3701217853985185e-72,0.00048066243627918663,0.0021252753262126474,0.001302968881245917,0.001302968881245917,-0.0004697891244544219
1.61e-05,1.1229340031096657e-72,-1.1229340031096657e-72,0.0028113000211418535,-0.008759915319247708,-0.0029743076490529275,-0.0029743076490529275,-0.00046978918283255847
1.6125e-05,4.746757667070735e-73,-4.746757667070735e-73,-0.005068832927883336,0.01306383571586272,0.003997501393989692,0.003997501393989692,-0.0004697892416008171
1.615e-05,1.810367744945603e-73,-1.810367744945603e-73,0.015451589126781915,0.005923478013555276,0.010687533570168595,0.010687533570168595,-0.00046978930075950977
1.6175e-05,6.160214054563222e-74,-6.160214054563222e-74,-0.017426310779752433,-0.018115361047076364,-0.0177708359134144,-0.0177708359134144,-0.00046978936030893484
1.62e-05,1.7858656694971133e-74,-1.7858656694971133e-74,0.005947848214672904,0.005127025172865634,0.005537436693769269,0.005537436693769269,-0.00046978942024938875
1.6225e-05,3.736961951668455e-75,-3.736961951668455e-75,0.002779837700376643,-0.01987014692615182,-0.008545154612887589,-0.008545154612887589,-0.0004697894805811574
1.625e-05,1.41158457909934e-88,-1.41158457909934e-88,-0.028645857833608138,0.010641136643426885,-0.009002360595090627,-0.009002360595090627,-0.0004697895413045335
1.6275e-05,-5.875893079021898e-76,5.875893079021898e-76,0.002989009479151898,0.01587674169090012,0.00943287558502601,0.00943287558502601,-0.00046978960241981946
1.63e-05,-4.415289715228342e-76,4.415289715228342e-76,0.0064755605526833635,0.020187410359444255,0.013331485456063809,0.013331485456063809,-0.0004697896639273234
1.6325e-05,-2.3947568747774455e-76,2.3947568747774455e-76,0.026465834840148215,-0.0184214817413126,0.004022176549417807,0.004022176549417807,-0.00046978972582736384
1.635e-05,-1.1065922827577745e-76,1.1065922827577745e-76,-0.000674422322062171,0.005570060750628542,0.0024478192142831853,0.0024478192142831853,-0.0004697897881202649
1.6375e-05,-4.562187213172082e-77,4.562187213172082e-77,-0.007039654336533375,-0.0063734851357133224,-0.006706569736123349,-0.006706569736123349,-0.00046978985080634803
1.64e-05,-1.6970142283319377e-77,1.6970142283319377e-77,-0.010180919298485105,-0.01168620108675895,-0.010933560192622028,-0.010933560192622028,-0.00046978991388593294
1.6425e-05,-5.631928356794827e-78,5.631928356794827e-78,-0.02011233895174477,0.012549942207538507,-0.0037811983721031317,-0.0037811983721031317,-0.0004697899773593346
1.645e-05,-1.5924021121772834e-78,1.5924021121772834e-78,0.024536964726509052,0.004952099909643298,0.014744532318076174,0.014744532318076174,-0.00046979004122687634
1.6475e-05,-3.2498646226671606e-79,3.2498646226671606e-79,0.0029186625497177156,0.01616694590582115,0.009542804227769432,0.009542804227769432,-0.00046979010548886985
1.65e-05,9.984484756574867e-94,-9.984484756574867e-94,-0.0022817342753347785,0.008202421664370916,0.0029603436945180688,0.0029603436945180688,-0.00046979017014564284
1.6525e-05,4.860777642727504e-80,-4.860777642727504e-80,0.017946130289741943,0.005720767139150167,0.011833448714446054,0.011833448714446054,-0.0004697902351975242
1.655e-05,3.562326435479197e-80,-3.562326435479197e-80,-0.0006912983195222336,-0.002991735821940196,-0.001841517070731215,-0.001841517070731215,-0.00046979030064484684
1.6575e-05,1.8844237740787403e-80,-1.8844237740787403e-80,0.01586709479385253,0.005736816116794272,0.0108019554553234,0.0108019554553234,-0.00046979036648794463
1.66e-05,8.492732031377723e-81,-8.492732031377723e-81,-0.009076070587470168,0.001745641958617877,-0.0036652143144261457,-0.0036652143144261457,-0.0004697904327271522
1.6625e-05,3.414880611962189e-81,-3.414880611962189e-81,-0.0248978576944121,0.02361028560376839,-0.0006437860453218543,-0.0006437860453218543,-0.0004697904993628012
1.665e-05,1.2388837128543446e-81,-1.2388837128543446e-81,-0.004562760483729277,0.012692772962794897,0.00406500623953281,0.00406500623953281,-0.00046979056639522975
1.6675e-05,4.0100041250610385e-82,-4.0100041250610385e-82,-0.028964300488457963,0.00891222287883262,-0.010026038804812672,-0.010026038804812672,-0.0004697906338247754
1.67e-05,1.1058165380359742e-82,-1.1058165380359742e-82,0.015914937210653905,0.0014421998473802564,0.008678568529017081,0.008678568529017081,-0.00046979070165178885
1.6725e-05,2.2010922465958093e-83,-2.2010922465958093e-83,-0.0034320982925455795,-0.018912153845936718,-0.011172126069241149,-0.011172126069241149,-0.00046979076987661785
1.675e-05,2.2405051626955413e-97,-2.2405051626955413e-97,0.0014461466759003276,-0.005491729081546013,-0.0020227912028228426,-0.0020227912028228426,-0.00046979083849962063
1.6775e-05,-3.1315835586064813e-84,3.1315835586064813e-84,-0.042193612494773575,0.02214595326306132,-0.010023829615856128,-0.010023829615856128,-0.0004697909075211488
1.68e-05,-2.2383840438228853e-84,2.2383840438228853e-84,0.015376534898731182,-0.01967504662585693,-0.002149255863562874,-0.002149255863562874,-0.0004697909769415504
1.6825e-05,-1.1548407503692903e-84,1.1548407503692903e-84,0.0021804995324169914,-0.03124487968045667,-0.01453219007401984,-0.01453219007401984,-0.0004697910467611645
1.685e-05,-5.076139920447786e-85,5.076139920447786e-85,0.00966174710618061,0.0016727557757205838,0.005667251440950597,0.005667251440950597,-0.0004697911169803308
1.6875e-05,-1.990693169553993e-85,1.990693169553993e-85,0.015899183090331132,-0.030893909208062117,-0.007497363058865492,-0.007497363058865492,-0.0004697911875993876
1.69e-05,-7.043718364901788e-86,7.043718364901788e-86,-0.011855550513239024,-0.014701173357071082,-0.013278361935155053,-0.013278361935155053,-0.0004697912586186929
1.6925e-05,-2.223611424642417e-86,2.223611424642417e-86,0.023328195816630128,0.0074818916747167495,0.015405043745673438,0.015405043745673438,-0.0004697913300386189
1.695e-05,-5.980531690714655e-87,5.980531690714655e-87,0.029991343141203348,0.035571050668645625,0.03278119690492449,0.03278119690492449,-0.0004697914018595583
1.6975e-05,-1.1610143757613624e-87,1.1610143757613624e-87,-0.013740636550000724,-0.002712220089015063,-0.008226428319507893,-0.008226428319507893,-0.00046979147408191506
1.7e-05,-2.6445490289605584e-101,2.6445490289605584e-101,0.018707803138081867,-0.00292211678711044,0.007892843175485713,0.007892843175485713,-0.00046979154670608774
1.7025e-05,1.5712620938542013e-88,-1.5712620938542013e-88,0.010383480749008592,0.013819161580582795,0.012101321164795693,0.012101321164795693,-0.0004697916197324581
1.705e-05,1.095372588097423e-88,-1.095372588097423e-88,-0.011548620668064256,0.011227129390514574,-0.00016074563877484065,-0.00016074563877484065,-0.0004697916931613752
1.7075e-05,5.511781658892435e-89,-5.511781658892435e-89,0.012645627387745823,0.018866162698326562,0.01575589504303619,0.01575589504303619,-0.00046979176699316863
1.71e-05,2.3629042728953098e-89,-2.3629042728953098e-89,0.007620727942999224,0.015102748304760725,0.011361738123879974,0.011361738123879974,-0.00046979184122814617
1.7125e-05,9.037733007640963e-90,-9.037733007640963e-90,0.018166717332964884,0.0002943220880846538,0.009230519710524769,0.009230519710524769,-0.00046979191586663926
1.715e-05,3.1188881606437406e-90,-3.1188881606437406e-90,-0.0019007026268161131,0.021356305000545465,0.009727801186864676,0.009727801186864676,-0.0004697919909090109
1.7175e-05,9.602832499231512e-91,-9.602832499231512e-91,-0.0012217055389599934,-0.0006577503428682605,-0.000939727940914127,-0.000939727940914127,-0.0004697920663556793
1.72e-05,2.51896939460397e-91,-2.51896939460397e-91,0.013907026380215064,-0.012901925094716528,0.0005025506427492679,0.0005025506427492679,-0.00046979214220711286
1.7225e-05,4.769395416646284e-92,-4.769395416646284e-92,0.02659839669649274,0.011429501985098239,0.019013949340795488,0.019013949340795488,-0.0004697922184637985
1.725e-05,8.693520722536577e-106,-8.693520722536577e-106,-0.015177977319279057,-0.005058452956057332,-0.010118215137668194,-0.010118215137668194,-0.0004697922951262098
1.7275e-05,-6.1398765913390245e-93,6.1398765913390245e-93,0.008127686804354882,0.007606606420199607,0.007867146612277245,0.007867146612277245,-0.00046979237219476255
1.73e-05,-4.174606212374269e-93,4.174606212374269e-93,-0.0036316652309819225,-0.04127871371984127,-0.022455189475411596,-0.022455189475411596,-0.000469792449669804
1.7325e-05,-2.048746807783592e-93,2.048746807783592e-93,-0.0246165168416634,0.010735409679837134,-0.006940553580913133,-0.006940553580913133,-0.0004697925275516158
1.735e-05,-8.566137676646043e-94,8.566137676646043e-94,-0.005763186928017964,-0.009148393538220164,-0.007455790233119064,-0.007455790233119064,-0.00046979260584045833
1.7375e-05,-3.19551652503471e-94,3.19551652503471e-94,4.30987570782119e-05,-0.00027382452135641733,-0.00011536288213910272,-0.00011536288213910272,-0.00046979268453662196
1.74e-05,-1.075533644094703e-94,1.075533644094703e-94,0.018660217994735686,0.004075236683031232,0.011367727338883459,0.011367727338883459,-0.00046979276364048143
1.7425e-05,-3.2297297949919565e-95,3.2297297949919565e-95,0.00669183531775071,-0.012756248304667065,-0.003032206493458178,-0.003032206493458178,-0.0004697928431525122
1.745e-05,-8.26289749587376e-96,8.26289749587376e-96,0.010663700035816879,-0.010239309908172551,0.0002121950638221638,0.0002121950638221638,-0.00046979292307327213
1.7475e-05,-1.525862649314056e-96,1.525862649314056e-96,-0.021409916501933274,0.002656543743847651,-0.009376686379042811,-0.009376686379042811,-0.000469793003403346
1.75e-05,-4.577762688020447e-110,4.577762688020447e-110,-0.002095210698970377,0.007167338736484391,0.0025360640187570074,0.0025360640187570074,-0.00046979308414327696
1.7525e-05,1.8685169003962342e-97,-1.8685169003962342e-97,0.03361104392133847,-0.025198100352978522,0.004206471784179974,0.004206471784179974,-0.00046979316529351453
1.755e-05,1.2390691415911567e-97,-1.2390691415911567e-97,-0.003150039597662535,0.007557635582135494,0.00220379799223648,0.00220379799223648,-0.0004697932468543865
1.7575e-05,5.930768251056147e-98,-5.930768251056147e-98,0.002651382719479477,0.003584079503368945,0.0031177311114242113,0.0031177311114242113,-0.00046979332882614115
1.76e-05,2.4185237261186856e-98,-2.4185237261186856e-98,-0.007183149536371595,0.009004421323380968,0.0009106358935046864,0.0009106358935046864,-0.0004697934112090092
1.7625e-05,8.799317893788334e-99,-8.799317893788334e-99,0.004750496200190618,-0.0011795685885982168,0.0017854638057962008,0.0017854638057962008,-0.00046979349400327853
1.765e-05,2.888514674338803e-99,-2.888514674338803e-99,-0.004463564003151262,0.011859252105609643,0.0036978440512291906,0.0036978440512291906,-0.00046979357720935023
1.7675e-05,8.459786559313348e-100,-8.459786559313348e-100,0.0012931310256546554,-0.006694948529691219,-0.002700908752018282,-0.002700908752018282,-0.0004697936608277499
1.77e-05,2.1109027179828991e-100,-2.1109027179828991e-100,-0.03241870916562314,0.00938478867291408,-0.011516960246354528,-0.011516960246354528,-0.0004697937448590886
1.7725e-05,3.801840861925098e-101,-3.801840861925098e-101,0.007792685893246385,0.01425429373757228,0.011023489815409333,0.011023489815409333,-0.00046979382930399183
1.775e-05,3.7075941518199855e-115,-3.7075941518199855e-115,-0.004285244203719011,-0.03273438694465442,-0.018509815574186718,-0.018509815574186718,-0.00046979391416302477
1.7775e-05,-4.42854230790132e-102,4.42854230790132e-102,-0.013504939283632965,0.012008949046974879,-0.0007479951183290432,-0.0007479951183290432,-0.0004697939994366378
1.78e-05,-2.864190809796498e-102,2.864190809796498e-102,0.020855203311636195,0.002466708512570833,0.011660955912103515,0.011660955912103515,-0.0004697940851251779
1.7825e-05,-1.3370880199771142e-102,1.3370880199771142e-102,-0.007067605283816893,-0.008079225552800046,-0.0075734154183084695,-0.0075734154183084695,-0.0004697941712289178
1.785e-05,-5.317922866395541e-103,5.317922866395541e-103,0.010958005495833232,-0.0020511376787090254,0.004453433908562104,0.004453433908562104,-0.00046979425774813896
1.7875e-05,-1.8870496513977625e-103,1.8870496513977625e-103,-0.0005106119149732075,-0.0021553772974737904,-0.001332994606223499,-0.001332994606223499,-0.00046979434468318173
1.79e-05,-6.041593982147318e-104,6.041593982147318e-104,0.004569226223528816,0.0027312351145300446,0.0036502306690294303,0.0036502306690294303,-0.0004697944320344947
1.7925e-05,-1.7257544477450343e-104,1.7257544477450343e-104,0.010533598313647663,-0.013463716006211662,-0.0014650588462819993,-0.0014650588462819993,-0.00046979451980260753
1.795e-05,-4.19981782518911e-105,4.19981782518911e-105,0.012938713163484461,-2.0482211757800637e-05,0.00645911547586333,0.00645911547586333,-0.00046979460798812365
1.7975e-05,-7.377323118548825e-106,7.377323118548825e-106,0.01172246217165092,-0.010470241008444769,0.0006261105816030756,0.0006261105816030756,-0.00046979469659162514
1.8e-05,-1.5594661558581183e-119,1.5594661558581183e-119,-0.005929205284290419,0.01520195188310569,0.004636373299407635,0.004636373299407635,-0.00046979478561364916
1.8025e-05,8.174307017946081e-107,-8.174307017946081e-107,-0.018354872790256622,0.006514309429956639,-0.005920281680149991,-0.005920281680149991,-0.000469794875054658
1.805e-05,5.1562590970808394e-107,-5.1562590970808394e-107,0.006499118887328414,-0.00798300571094009,-0.0007419434118058378,-0.0007419434118058378,-0.0004697949649150443
1.8075e-05,2.3476611913682925e-107,-2.3476611913682925e-107,-0.025047828839050917,-0.003156076149503237,-0.014101952494277077,-0.014101952494277077,-0.0004697950551951753
1.81e-05,9.106680394074033e-108,-9.106680394074033e-108,-0.012212602528175236,-0.027715239849321033,-0.019963921188748134,-0.019963921188748134,-0.0004697951458954316
1.8125e-05,3.1516938653982806e-108,-3.1516938653982806e-108,0.019037767997209045,0.0030662900157013145,0.01105202900645518,0.01105202900645518,-0.000469795237016232
1.815e-05,9.84135442519975e-109,-9.84135442519975e-109,0.006048927052577874,0.007197210654978678,0.0066230688537782766,0.0066230688537782766,-0.00046979532855806027
1.8175e-05,2.7417318447192143e-109,-2.7417318447192143e-109,-0.007598239513339513,-0.020970958232958983,-0.014284598873149248,-0.014284598873149248,-0.0004697954205214379
1.82e-05,6.50757325193886e-110,-6.50757325193886e-110,0.02239496907510568,0.006507309481462124,0.014451139278283901,0.014451139278283901,-0.00046979551290690663
1.8225e-05,1.1148849589121692e-110,-1.1148849589121692e-110,0.011920003079189617,-0.00597529115827546,0.0029723559604570783,0.0029723559604570783,-0.0004697956057150036
1.825e-05,3.5628349093569463e-124,-3.5628349093569463e-124,-0.010431447626537,-0.00868784254667483,-0.009559645086605915,-0.009559645086605915,-0.00046979569894623933
1.8275e-05,-1.1750801014501025e-111,1.1750801014501025e-111,-0.032693008745321175,-0.011364424988680068,-0.02202871686700062,-0.02202871686700062,-0.0004697957926010866
1.83e-05,-7.229260872813353e-112,7.229260872813353e-112,-0.011410605142268698,-0.00361422034702666,-0.007512412744647679,-0.007512412744647679,-0.00046979588668000726
1.8325e-05,-3.210237942655729e-112,3.210237942655729e-112,-0.0048470406330205305,-0.00041573945420519834,-0.0026313900436128646,-0.0026313900436128646,-0.0004697959811834579
1.835e-05,-1.2145196215615688e-112,1.2145196215615688e-112,-0.005820918467821353,0.0002766540014821629,-0.0027721322331695952,-0.0027721322331695952,-0.00046979607611190484
1.8375e-05,-4.099502022173437e-113,4.099502022173437e-113,-0.014320446154744376,-0.0009815902601603048,-0.007651018207452341,-0.007651018207452341,-0.00046979617146584074
1.84e-05,-1.2484886233051366e-113,1.2484886233051366e-113,-0.01399633946156618,0.005922847226465643,-0.004036746117550268,-0.004036746117550268,-0.0004697962672457711
1.8425e-05,-3.392324046084365e-114,3.392324046084365e-114,-0.016211191799582924,-0.010412792040960479,-0.013311991920271701,-0.013311991920271701,-0.00046979636345220504
1.845e-05,-7.8529721607031825e-115,7.8529721607031825e-115,0.0006974631751181842,-0.0004890777553032304,0.0001041927099074769,0.0001041927099074769,-0.0004697964600856635
1.8475e-05,-1.3121626956910854e-115,1.3121626956910854e-115,0.020678829795568846,-0.00019798191310390392,0.01024042394123247,0.01024042394123247,-0.0004697965571466528
1.85e-05,-5.5410275008427973e-129,5.5410275008427973e-129,0.001781342986972291,0.013600287217759969,0.00769081510236613,0.00769081510236613,-0.0004697966546356739
1.8525e-05,1.3155591464615463e-116,-1.3155591464615463e-116,0.00870733241266728,-0.01563913948380953,-0.003465903535571125,-0.003465903535571125,-0.0004697967525532275
1.855e-05,7.893678626656859e-117,-7.893678626656859e-117,-0.015388831407350501,-0.010861369433258638,-0.01312510042030457,-0.01312510042030457,-0.0004697968508998226
1.8575e-05,3.4187347442545315e-117,-3.4187347442545315e-117,-0.014640969449519484,-0.003974445935430031,-0.009307707692474758,-0.009307707692474758,-0.0004697969496759821
1.86e-05,1.261465436991604e-117,-1.261465436991604e-117,0.030883767312566267,-0.000996804556893892,0.014943481377836187,0.014943481377836187,-0.00046979704888224237
1.8625e-05,4.152833919239515e-118,-4.152833919239515e-118,0.009720730352610557,0.013068908974528906,0.011394819663569731,0.011394819663569731,-0.0004697971485191384
1.865e-05,1.2335043498079726e-118,-1.2335043498079726e-118,-0.023668255187493537,-0.011496931982482987,-0.017582593584988263,-0.017582593584988263,-0.0004697972485872036
1.8675e-05,3.268858073068562e-119,-3.268858073068562e-119,0.005363422840769826,-0.015794591017340327,-0.005215584088285251,-0.005215584088285251,-0.00046979734908695215
1.87e-05,7.380324031119478e-120,-7.380324031119478e-120,0.019422192790824678,-0.00048239522335579956,0.00946989878373444,0.00946989878373444,-0.00046979745001889215
1.8725e-05,1.2027398392932692e-120,-1.2027398392932692e-120,-0.005585496801543853,0.002888521887443751,-0.0013484874570500508,-0.0013484874570500508,-0.000469797551383521
1.875e-05,6.250970882617467e-134,-6.250970882617467e-134,0.003980871501484549,-0.005894533727805291,-0.0009568311131603713,-0.0009568311131603713,-0.00046979765318134185
1.8775e-05,-1.147042908366642e-121,1.147042908366642e-121,0.014289565804458604,-0.008627469614055564,0.0028310480952015203,0.0028310480952015203,-0.0004697977554128883
1.88e-05,-6.712609216333657e-122,6.712609216333657e-122,-0.006768645795459365,-0.002269125029993105,-0.004518885412726235,-0.004518885412726235,-0.00046979785807871614
1.8825e-05,-2.835436772744907e-122,2.835436772744907e-122,-0.002824385994235386,-9.035852716641883e-06,-0.0014167109234760138,-0.0014167109234760138,-0.0004697979611794031
1.885e-05,-1.0204049469788913e-122,1.0204049469788913e-122,0.001360994971262955,-0.013410399155462892,-0.006024702092099969,-0.006024702092099969,-0.0004697980647155402
1.8875e-05,-3.2763055742291783e-123,3.2763055742291783e-123,-0.013672664794685043,0.017230766870347403,0.0017790510378311803,0.0017790510378311803,-0.00046979816868770595
1.89e-05,-9.49124449312937e-124,9.49124449312937e-124,-0.012764056230011967,-0.008250683212934703,-0.010507369721473335,-0.010507369721473335,-0.0004697982730964518
1.8925e-05,-2.453133472550949e-124,2.453133472550949e-124,-0.027768463353752337,-0.007106947667819001,-0.01743770551078567,-0.01743770551078567,-0.0004697983779422972
1.895e-05,-5.401858220450624e-125,5.401858220450624e-125,0.012580141955977,0.01993195351341017,0.016256047734693586,0.016256047734693586,-0.0004697984832257459
1.8975e-05,-8.585826065096363e-126,8.585826065096363e-126,-0.016869483386511758,-0.011391502969822453,-0.014130493178167105,-0.014130493178167105,-0.00046979858894729805
1.9e-05,-4.925397674055122e-140,4.925397674055122e-140,-0.008632979343439526,-0.014815242485914199,-0.011724110914676861,-0.011724110914676861,-0.00046979869510747527
1.9025e-05,7.78888567924289e-127,-7.78888567924289e-127,0.00686132497775638,0.004765521017540457,0.005813422997648418,0.005813422997648418,-0.00046979880170683515
1.905e-05,4.445592674897515e-127,-4.445592674897515e-127,0.032576633125257,-0.0035100737196014273,0.014533279702827787,0.014533279702827787,-0.00046979890874597756
1.9075e-05,1.8314746366602042e-127,-1.8314746366602042e-127,0.008787988108284742,-0.03423737408658173,-0.012724692989148493,-0.012724692989148493,-0.00046979901622552783
1.91e-05,6.428299972453616e-128,-6.428299972453616e-128,-0.007201743414345424,-0.0260842101654735,-0.01664297678990946,-0.01664297678990946,-0.00046979912414611593
1.9125e-05,2.0130317182458137e-128,-2.0130317182458137e-128,0.01824962672264938,-0.002980340913095275,0.007634642904777052,0.007634642904777052,-0.00046979923250835607
1.915e-05,5.687638902009952e-129,-5.687638902009952e-129,-0.004570903602283534,-0.008886011574106657,-0.006728457588195095,-0.006728457588195095,-0.00046979934131282085
1.9175e-05,1.4337474927608188e-129,-1.4337474927608188e-129,-0.0025518537011551086,-0.009541537853945457,-0.006046695777550282,-0.006046695777550282,-0.0004697994505600531
1.92e-05,3.0791958469545727e-130,-3.0791958469545727e-130,-0.013216156946768786,0.005817663832728787,-0.00369924655702,-0.00369924655702,-0.0004697995602505705
1.9225e-05,4.773301369940869e-131,-4.773301369940869e-131,0.008613567225847904,-0.006340026801941964,0.00113677021195297,0.00113677021195297,-0.0004697996703848931
1.925e-05,7.568594013286023e-145,-7.568594013286023e-145,-0.006516848691570938,0.018520286773898758,0.00600171904116391,0.00600171904116391,-0.00046979978096356543
1.9275e-05,-4.119052946545186e-132,4.119052946545186e-132,-0.004592431141249697,0.006732910821923068,0.0010702398403366854,0.0010702398403366854,-0.00046979989198717457
1.93e-05,-2.292948766598932e-132,2.292948766598932e-132,0.018870983756163404,0.005370508817411359,0.01212074628678738,0.01212074628678738,-0.00046980000345633974
1.9325e-05,-9.213151855269752e-133,9.213151855269752e-133,-0.02083309755293922,0.018989333107241,-0.0009218822228491096,-0.0009218822228491096,-0.00046980011537170945
1.935e-05,-3.1538867410913372e-133,3.1538867410913372e-133,0.0030562496502161895,0.0008801232018693428,0.001968186426042766,0.001968186426042766,-0.000469800227733937
1.9375e-05,-9.632593085885385e-134,9.632593085885385e-134,-0.006163046669686619,0.025221862290015204,0.009529407810164293,0.009529407810164293,-0.000469800340543657
1.94e-05,-2.654405390631132e-134,2.654405390631132e-134,0.006409654737376822,0.006718180636309851,0.006563917686843336,0.006563917686843336,-0.00046980045380147517
1.9425e-05,-6.526052211632999e-135,6.526052211632999e-135,-0.015084012331179616,-0.0067414931234276625,-0.010912752727303639,-0.010912752727303639,-0.0004698005675079725
1.945e-05,-1.3669663468882395e-135,1.3669663468882395e-135,-0.029298154317482276,0.0003907421055696335,-0.014453706105956322,-0.014453706105956322,-0.0004698006816637115
1.9475e-05,-2.0667217196548946e-136,2.0667217196548946e-136,-0.0037367966952880833,0.019691967150432158,0.007977585227572036,0.007977585227572036,-0.0004698007962692537
1.95e-05,-5.26442391061241e-150,5.26442391061241e-150,-0.003913904484549453,0.0028324404782441312,-0.0005407320031526608,-0.0005407320031526608,-0.0004698009113251757
1.9525e-05,1.6964684951381548e-137,-1.6964684951381548e-137,-0.03130737890231991,-0.0089946559523407,-0.020151017427330303,-0.020151017427330303,-0.0004698010268320859
1.955e-05,9.210546794864529e-138,-9.210546794864529e-138,0.014176238240657722,-0.001034720331704471,0.006570758954476626,0.006570758954476626,-0.0004698011427906148
1.9575e-05,3.6094574770226394e-138,-3.6094574770226394e-138,-0.0057732061887678255,-0.04383775358423175,-0.02480547988649979,-0.02480547988649979,-0.00046980125920141646
1.96e-05,1.2050981829583299e-138,-1.2050981829583299e-138,0.007693286585875327,-0.013718753717363925,-0.003012733565744299,-0.003012733565744299,-0.0004698013760651484
1.9625e-05,3.5897333578857846e-139,-3.5897333578857846e-139,-0.02077656991996461,0.004718543619299987,-0.00802901315033231,-0.00802901315033231,-0.00046980149338246384
1.965e-05,9.647812726997433e-140,-9.647812726997433e-140,0.010038251692408953,-0.014443839710236689,-0.002202794008913868,-0.002202794008913868,-0.0004698016111540036
1.9675e-05,2.3134216530322574e-140,-2.3134216530322574e-140,-0.011054305443732098,-0.028793435178486922,-0.01992387031110951,-0.01992387031110951,-0.00046980172938038877
1.97e-05,4.726119656341584e-141,-4.726119656341584e-141,0.01336291608557294,0.007560192767394098,0.01046155442648352,0.01046155442648352,-0.0004698018480622352
1.9725e-05,6.9690171234035e-142,-6.9690171234035e-142,0.0028241211443574563,-0.027982597984661475,-0.01257923842015201,-0.01257923842015201,-0.0004698019672001501
1.975e-05,2.4115631432137947e-155,-2.4115631432137947e-155,-0.018028115657971272,-0.00017505102080738133,-0.009101583339389327,-0.009101583339389327,-0.000469802086794755
1.9775e-05,-5.441524673857441e-143,5.441524673857441e-143,-0.0017893889811812804,-0.009287713544127682,-0.005538551262654481,-0.005538551262654481,-0.00046980220684667793
1.98e-05,-2.8813953783015064e-143,2.8813953783015064e-143,0.02285199329293425,-0.03321240507204087,-0.005180205889553308,-0.005180205889553308,-0.0004698023273565677
1.9825e-05,-1.101290795878947e-143,1.101290795878947e-143,0.009408945216255425,-0.03460208803385712,-0.012596571408800848,-0.012596571408800848,-0.0004698024483250822
1.985e-05,-3.586122736672495e-144,3.586122736672495e-144,-0.011664284944488838,0.008876803903564679,-0.0013937405204620798,-0.0013937405204620798,-0.0004698025697528937
1.9875e-05,-1.0418556386206242e-144,1.0418556386206242e-144,0.005091196701547262,-0.0173258955698237,-0.006117349434138219,-0.006117349434138219,-0.0004698026916406699
1.99e-05,-2.730969554226616e-145,2.730969554226616e-145,-0.006594568785330431,-0.0337519291542192,-0.020173248969774814,-0.020173248969774814,-0.00046980281398907516
1.9925e-05,-6.386831047249123e-146,6.386831047249123e-146,-0.002698158119746825,-0.00819427378276481,-0.005446215951255817,-0.005446215951255817,-0.00046980293679877263
1.995e-05,-1.2725591633448653e-146,1.2725591633448653e-146,-0.004491349468515869,0.007839413722333308,0.0016740321269087194,0.0016740321269087194,-0.0004698030600704152
1.9975e-05,-1.8301531731128004e-147,1.8301531731128004e-147,-0.02734142026875654,-0.014249094871639558,-0.02079525757019805,-0.02079525757019805,-0.0004698031838046593
2e-05,1.2674482639474114e-161,-1.2674482639474114e-161,-0.028960333485802618,0.012278938488468463,-0.008340697498667077,-0.008340697498667077,-0.0004698033080021611
2.0025e-05,1.3593202484740778e-148,-1.3593202484740778e-148,-0.0020716649389807954,-0.002667289670080019,-0.002369477304530407,-0.002369477304530407,-0.00046980343266358484
2.005e-05,7.0201546038214615e-149,-7.0201546038214615e-149,0.01066854427242597,-0.014758567422856927,-0.0020450115752154788,-0.0020450115752154788,-0.00046980355778960403
2.0075e-05,2.6169080848919604e-149,-2.6169080848919604e-149,0.014844446654973713,0.0011607580604995435,0.008002602357736628,0.008002602357736628,-0.00046980368338089444
2.01e-05,8.31101845554652e-150,-8.31101845554652e-150,0.008780899566390056,-0.011002429199662064,-0.0011107648166360038,-0.0011107648166360038,-0.00046980380943813916
2.0125e-05,2.3549369378026875e-150,-2.3549369378026875e-150,-0.006508923511147331,0.003953511717869911,-0.00127770589663871,-0.00127770589663871,-0.0004698039359620227
2.015e-05,6.020481576270142e-151,-6.020481576270142e-151,0.004933244261993856,0.014907733408843426,0.00992048883541864,0.00992048883541864,-0.0004698040629532351
2.0175e-05,1.3732273324437597e-151,-1.3732273324437597e-151,0.006960640572401887,0.007969669612286004,0.007465155092343945,0.007465155092343945,-0.0004698041904124665
2.02e-05,2.6685640536333604e-152,-2.6685640536333604e-152,-0.014320939478116006,0.0029437885005032857,-0.00568857548880636,-0.00568857548880636,-0.00046980431834041305
2.0225e-05,3.743085317219602e-153,-3.743085317219602e-153,-0.006951387548250213,0.020098740018514177,0.006573676235131982,0.006573676235131982,-0.000469804446737776
2.025e-05,9.470854687192099e-168,-9.470854687192099e-168,-0.010630964828031974,-0.012390442852598587,-0.01151070384031528,-0.01151070384031528,-0.0004698045756052582
2.0275e-05,-2.6445351825018078e-154,2.6445351825018078e-154,0.00373981380025234,0.0023680756848408983,0.003053944742546619,0.003053944742546619,-0.0004698047049435567
2.03e-05,-1.3320388070315365e-154,1.3320388070315365e-154,0.032298779595056074,-0.040391694140440526,-0.004046457272692226,-0.004046457272692226,-0.0004698048347533696
2.0325e-05,-4.842853235862577e-155,4.842853235862577e-155,-0.008317446614506731,-0.011748758297708335,-0.010033102456107532,-0.010033102456107532,-0.00046980496503538753
2.035e-05,-1.5000637754266755e-155,1.5000637754266755e-155,0.004303393602655752,0.003367728082184849,0.0038355608424203,0.0038355608424203,-0.00046980509579030424
2.0375e-05,-4.1455045538217747e-156,4.1455045538217747e-156,-0.013153054848798048,0.0037539014164948187,-0.004699576716151615,-0.004699576716151615,-0.0004698052270188174
2.04e-05,-1.0336463715437497e-156,1.0336463715437497e-156,-0.010275054425937603,-0.016838864886081804,-0.013556959656009704,-0.013556959656009704,-0.00046980535872164164
2.0425e-05,-2.299459843186601e-157,2.299459843186601e-157,0.0008538278748793302,-0.012692915172217371,-0.005919543648669021,-0.005919543648669021,-0.0004698054908995065
2.045e-05,-4.358164916619989e-158,4.358164916619989e-158,-0.006431779732763025,-0.009222213370031157,-0.00782699655139709,-0.00782699655139709,-0.0004698056235531585
2.0475e-05,-5.962088149882426e-159,5.962088149882426e-159,0.04215545139156255,0.006006165847984818,0.024080808619773682,0.024080808619773682,-0.00046980575668334446
2.05e-05,-6.870187807104674e-173,6.870187807104674e-173,-0.011192359438697518,-0.006542864437550357,-0.008867611938123937,-0.008867611938123937,-0.00046980589029081135
2.0525e-05,4.0068519111240515e-160,-4.0068519111240515e-160,-0.027016482208491413,-0.000919261906769943,-0.013967872057630677,-0.013967872057630677,-0.00046980602437629
2.055e-05,1.9684004607165663e-160,-1.9684004607165663e-160,0.01795561739683993,0.0008844128088682916,0.009420015102854111,0.009420015102854111,-0.00046980615894049864
2.0575e-05,6.9797605884776814e-161,-6.9797605884776814e-161,0.0262002777181475,0.011052305345665085,0.018626291531906293,0.018626291531906293,-0.0004698062939841401
2.06e-05,2.108587268225299e-161,-2.108587268225299e-161,-0.0006894124092945882,-0.022638613437135684,-0.011664012923215136,-0.011664012923215136,-0.00046980642950792057
2.0625e-05,5.683317135708561e-162,-5.683317135708561e-162,-0.003585597694659398,0.010134805197989474,0.003274603751665038,0.003274603751665038,-0.0004698065655125586
2.065e-05,1.3820988853173127e-162,-1.3820988853173127e-162,0.011357725500953575,-0.044675221273311694,-0.01665874788617906,-0.01665874788617906,-0.0004698067019988053
2.0675e-05,2.9987178156605066e-163,-2.9987178156605066e-163,-0.007064993461759922,0.019367518573748653,0.006151262555994365,0.006151262555994365,-0.00046980683896742355
2.07e-05,5.54314282058732e-164,-5.54314282058732e-164,-0.009979112142049927,-0.004470172676411147,-0.007224642409230537,-0.007224642409230537,-0.000469806976419203
2.0725e-05,7.395941016197869e-165,-7.395941016197869e-165,0.004450939744650989,0.007501799990625305,0.0059763698676381476,0.0059763698676381476,-0.00046980711435493593
2.075e-05,1.4843954617067943e-178,-1.4843954617067943e-178,0.008078048031523594,-0.0004897719321465749,0.0037941380496885092,0.0037941380496885092,-0.0004698072527753994
2.0775e-05,-4.728066907763949e-166,4.728066907763949e-166,0.0027952965046039936,-0.02169924697199236,-0.009451975233694183,-0.009451975233694183,-0.00046980739168135823
2.08e-05,-2.265355775849713e-166,2.265355775849713e-166,-0.012724725338714995,-0.00853093580213805,-0.010627830570426523,-0.010627830570426523,-0.00046980753107355117
2.0825e-05,-7.834406902742154e-167,7.834406902742154e-167,-0.006433827647689895,0.01741807226699335,0.005492122309651728,0.005492122309651728,-0.0004698076709527129
2.085e-05,-2.308340204510538e-167,2.308340204510538e-167,0.002803455568539101,0.012863991243083071,0.007833723405811087,0.007833723405811087,-0.00046980781131957964
2.0875e-05,-6.0681004960961165e-168,6.0681004960961165e-168,-0.003590316170332006,-0.02775278941829357,-0.015671552794312787,-0.015671552794312787,-0.00046980795217490417
2.09e-05,-1.439238037729473e-168,1.439238037729473e-168,0.0013648810001805197,0.007352638758445215,0.0043587598793128676,0.0043587598793128676,-0.0004698080935194657
2.0925e-05,-3.0455921862406454e-169,3.0455921862406454e-169,0.01383155495539085,-0.007233898499903674,0.0032988282277435876,0.0032988282277435876,-0.0004698082353540632
2.095e-05,-5.490790279157509e-170,5.490790279157509e-170,-0.011251426814080798,0.005465431880032998,-0.0028929974670239,-0.0028929974670239,-0.0004698083776795092
2.0975e-05,-7.14520781520644e-171,7.14520781520644e-171,-0.002599724843984061,-0.022928916614323395,-0.012764320729153728,-0.012764320729153728,-0.0004698085204966189
2.1e-05,-2.014134020897772e-184,2.014134020897772e-184,0.013391782817953756,0.014919942784647977,0.014155862801300868,0.014155862801300868,-0.0004698086638061957
2.1025e-05,4.3450053471295125e-172,-4.3450053471295125e-172,0.01921213122491088,-0.006214653230183506,0.006498738997363687,0.006498738997363687,-0.0004698088076090361
2.105e-05,2.0304194148112093e-172,-2.0304194148112093e-172,0.010848033400687804,-0.035609672488588796,-0.012380819543950497,-0.012380819543950497,-0.0004698089519059202
2.1075e-05,6.848541654598982e-173,-6.848541654598982e-173,0.007814733401344854,-0.003891786413298822,0.001961473494023016,0.001961473494023016,-0.00046980909669762643
2.11e-05,1.968042311309775e-173,-1.968042311309775e-173,0.00021038880603969342,0.01422759791516305,0.007218993360601372,0.007218993360601372,-0.0004698092419849383
2.1125e-05,5.045799832910529e-174,-5.045799832910529e-174,-0.014059145217782008,0.007243237061419626,-0.003407954078181191,-0.003407954078181191,-0.00046980938776865243
2.115e-05,1.167219460673024e-174,-1.167219460673024e-174,-0.022085981958266658,-0.01171762734726483,-0.016901804652765744,-0.016901804652765744,-0.0004698095340495748
2.1175e-05,2.4089860153740606e-175,-2.4089860153740606e-175,-0.00014985769889733674,0.0009992516917653957,0.0004246969964340295,0.0004246969964340295,-0.00046980968082852443
2.12e-05,4.2358446442939745e-176,-4.2358446442939745e-176,0.015822953628106304,0.006035982127797923,0.010929467877952114,0.010929467877952114,-0.00046980982810632804
2.1225e-05,5.3760422077095655e-177,-5.3760422077095655e-177,-0.01520895598271357,-0.008465423964231967,-0.011837189973472769,-0.011837189973472769,-0.0004698099758838188
2.125e-05,-4.5174819951345274e-191,4.5174819951345274e-191,0.011549437160420886,-0.01454993405676752,-0.001500248448173317,-0.001500248448173317,-0.00046981012416182414
2.1275e-05,-3.1097351049943934e-178,3.1097351049943934e-178,-0.046039090247438526,-0.021777912225558742,-0.033908501236498634,-0.033908501236498634,-0.00046981027294117387
2.13e-05,-1.4172989863022862e-178,1.4172989863022862e-178,-0.005182490321598745,0.027412275080793396,0.011114892379597325,0.011114892379597325,-0.0004698104222226972
2.1325e-05,-4.6624743817960174e-179,4.6624743817960174e-179,-0.009912798779348649,0.03189056769456075,0.010988884457606051,0.010988884457606051,-0.0004698105720072282
2.135e-05,-1.3067587779941421e-179,1.3067587779941421e-179,-0.021828851432252636,0.012054528816265207,-0.004887161307993715,-0.004887161307993715,-0.0004698107222955942
2.1375e-05,-3.2676358406793763e-180,3.2676358406793763e-180,-0.010631894943736665,-0.021570719356440712,-0.016101307150088687,-0.016101307150088687,-0.0004698108730886324
2.14e-05,-7.372228551710843e-181,7.372228551710843e-181,0.007586836634110506,0.005261788213318362,0.006424312423714434,0.006424312423714434,-0.0004698110243871771
2.1425e-05,-1.483963392659945e-181,1.483963392659945e-181,-0.006049966008201698,-0.012398641381998785,-0.009224303695100241,-0.009224303695100241,-0.00046981117619206825
2.145e-05,-2.5449049713028937e-182,2.5449049713028937e-182,-0.02000993750185174,-0.0023842738136556777,-0.011197105657753708,-0.011197105657753708,-0.0004698113285041543
2.1475e-05,-3.150190768054358e-183,3.150190768054358e-183,0.01742395025520231,0.011066773356795206,0.014245361805998759,0.014245361805998759,-0.00046981148132428153
2.15e-05,5.927989344347069e-201,-5.927989344347069e-201,-0.003957123774582621,-0.0043742827137746194,-0.00416570324417862,-0.00416570324417862,-0.00046981163465331665
2.1525e-05,1.7333363985027665e-184,-1.7333363985027665e-184,-0.007168852946060343,-0.009343154586799778,-0.00825600376643006,-0.00825600376643006,-0.00046981178849212326
2.155e-05,7.704839122398022e-185,-7.704839122398022e-185,0.026001360379918313,0.013192611939870797,0.019596986159894556,0.019596986159894556,-0.0004698119428415788
2.1575e-05,2.472072452421903e-185,-2.472072452421903e-185,0.04135475032164686,0.02239174831844665,0.03187324932004675,0.03187324932004675,-0.000469812097702557
2.16e-05,6.757449371664465e-186,-6.757449371664465e-186,-0.011776936600843661,-0.006442547537045616,-0.009109742068944639,-0.009109742068944639,-0.0004698122530759246
2.1625e-05,1.6480244983698868e-186,-1.6480244983698868e-186,0.001958975310517662,0.03640357599938832,0.019181275654952992,0.019181275654952992,-0.0004698124089625558
2.165e-05,3.6263643864624573e-187,-3.6263643864624573e-187,0.0011041519565224247,-0.014185634548284504,-0.006540741295881039,-0.006540741295881039,-0.00046981256536331514
2.1675e-05,7.119319374462204e-188,-7.119319374462204e-188,-0.0008147031681275201,-0.008601266157993167,-0.004707984663060344,-0.004707984663060344,-0.0004698127222790716
2.17e-05,1.1907744191995492e-188,-1.1907744191995492e-188,0.00877118738922961,0.03180202859161801,0.02028660799042381,0.02028660799042381,-0.0004698128797107069
2.1725e-05,1.4375978633943943e-189,-1.4375978633943943e-189,-0.005921210306255581,0.011643588188118116,0.0028611889409312675,0.0028611889409312675,-0.00046981303765910193
2.175e-05,1.1485686842429618e-203,-1.1485686842429618e-203,-0.007948764456948382,-0.015292407576786095,-0.011620586016867239,-0.011620586016867239,-0.0004698131961251557
2.1775e-05,-7.524344944214656e-191,7.524344944214656e-191,-0.007282649750859017,-0.03195227981661311,-0.019617464783736063,-0.019617464783736063,-0.0004698133551097727
2.18e-05,-3.262060812997598e-191,3.262060812997598e-191,0.008645247912553864,0.011041154162284674,0.009843201037419268,0.009843201037419268,-0.0004698135146138555
2.1825e-05,-1.0207803730159577e-191,1.0207803730159577e-191,-0.024092434462698063,0.02114181458351209,-0.001475309939592986,-0.001475309939592986,-0.00046981367463832114
2.185e-05,-2.7214261559380486e-192,2.7214261559380486e-192,0.000879600433881175,-0.014611543133259294,-0.006865971349689059,-0.006865971349689059,-0.0004698138351840693
2.1875e-05,-6.473215349206754e-193,6.473215349206754e-193,-0.0016732161115212718,-0.010901029914599727,-0.006287123013060499,-0.006287123013060499,-0.00046981399625200024
2.19e-05,-1.389218220924188e-193,1.389218220924188e-193,-0.004972972043524121,-0.00204331637908755,-0.003508144211305835,-0.003508144211305835,-0.0004698141578430282
2.1925e-05,-2.6599908564011204e-194,2.6599908564011204e-194,0.00447227329040793,-0.030522525102936512,-0.013025125906264291,-0.013025125906264291,-0.0004698143199580535
2.195e-05,-4.339241307357439e-195,4.339241307357439e-195,-0.024331703995606014,0.013647615041277204,-0.005342044477164405,-0.005342044477164405,-0.00046981448259799557
2.1975e-05,-5.109334808159316e-196,5.109334808159316e-196,-0.012815920759904072,0.020702404539653493,0.0039432418898747105,0.0039432418898747105,-0.0004698146457637782
2.2e-05,-7.963544807870209e-210,7.963544807870209e-210,-0.022072519813410112,0.014651751238826548,-0.003710384287291782,-0.003710384287291782,-0.00046981480945633316
2.2025e-05,2.5437880140803546e-197,-2.5437880140803546e-197,0.01603376530249672,-0.008212527519290072,0.003910618891603324,0.003910618891603324,-0.0004698149736765964
2.205e-05,1.0755903835692608e-197,-1.0755903835692608e-197,-0.002560493326173289,0.010480310199650279,0.003959908436738495,0.003959908436738495,-0.0004698151384255149
2.2075e-05,3.2826895046079908e-198,-3.2826895046079908e-198,-0.007593066194299223,0.031347558907037054,0.011877246356368915,0.011877246356368915,-0.0004698153037040119
2.21e-05,8.535651754472291e-199,-8.535651754472291e-199,0.005499021364903565,0.019090810257819064,0.012294915811361315,0.012294915811361315,-0.0004698154695130414
2.2125e-05,1.9801715964306078e-199,-1.9801715964306078e-199,0.0022281040851234997,-0.0035917499467706727,-0.0006818229308235865,-0.0006818229308235865,-0.00046981563585354956
2.215e-05,4.1447265231666237e-200,-4.1447265231666237e-200,-0.023844789448004812,0.026843585450014702,0.0014993980010049451,0.0014993980010049451,-0.00046981580272647324
2.2175e-05,7.740128862019919e-201,-7.740128862019919e-201,-0.0033836375485887917,-0.005624680463255855,-0.004504159005922323,-0.004504159005922323,-0.00046981597013276454
2.22e-05,1.2314718460686639e-201,-1.2314718460686639e-201,-0.04029808420473223,0.02006418344775516,-0.010116950378488535,-0.010116950378488535,-0.00046981613807337366
2.2225e-05,1.4142223148230637e-202,-1.4142223148230637e-202,-0.008063994920093761,-0.020018859481932872,-0.014041427201013316,-0.014041427201013316,-0.0004698163065492754
2.225e-05,3.224855604683032e-216,-3.224855604683032e-216,0.023051140061316155,0.002135834934307688,0.01259348749781192,0.01259348749781192,-0.0004698164755614266
2.2275e-05,-6.697604767997677e-204,6.697604767997677e-204,-0.009843600594684643,-0.03136003051589285,-0.020601815555288748,-0.020601815555288748,-0.0004698166451107937
2.23e-05,-2.7620284510027953e-204,2.7620284510027953e-204,0.012891879164224141,0.0058047313917602575,0.0093483052779922,0.0093483052779922,-0.00046981681519835296
2.2325e-05,-8.221549609558785e-205,8.221549609558785e-205,-0.009378693743168747,0.010027963037147189,0.00032463464698922074,0.00032463464698922074,-0.000469816985825081
2.235e-05,-2.084986277840587e-205,2.084986277840587e-205,-0.03672426021565305,0.005133663664766293,-0.01579529827544338,-0.01579529827544338,-0.0004698171569919586
2.2375e-05,-4.7175007477849307e-206,4.7175007477849307e-206,0.003334185819379193,0.02355283887489506,0.013443512347137126,0.013443512347137126,-0.00046981732869996105
2.24e-05,-9.630474135437178e-207,9.630474135437178e-207,-0.0060216145602821295,0.020890603008925434,0.007434494224321652,0.007434494224321652,-0.0004698175009500835
2.2425e-05,-1.7540526213457304e-207,1.7540526213457304e-207,0.019288614200116544,-0.009454394131521361,0.004917110034297591,0.004917110034297591,-0.00046981767374332256
2.245e-05,-2.7218334827994985e-208,2.7218334827994985e-208,0.0014904470275065734,-0.008093074625360842,-0.0033013137989271342,-0.0033013137989271342,-0.0004698178470806715
2.2475e-05,-3.048578541865217e-209,3.048578541865217e-209,0.0001189697198837652,0.0013301271178027033,0.0007245484188432343,0.0007245484188432343,-0.00046981802096312755
2.25e-05,-3.0815321735431638e-223,3.0815321735431638e-223,-0.01608359874784776,0.01269738338543845,-0.0016931076812046553,-0.0016931076812046553,-0.00046981819539169343
2.2525e-05,1.3733603174515136e-210,-1.3733603174515136e-210,0.012370607998302023,-0.007034246855529404,0.0026681805713863094,0.0026681805713863094,-0.0004698183703673634
2.255e-05,5.523772256888443e-211,-5.523772256888443e-211,0.022783438009352498,0.0019078122477937474,0.012345625128573123,0.012345625128573123,-0.00046981854589115454
2.2575e-05,1.6036291287880022e-211,-1.6036291287880022e-211,-0.02164941178317993,-0.0062048689432299894,-0.01392714036320496,-0.01392714036320496,-0.0004698187219640664
2.26e-05,3.9663962022424554e-212,-3.9663962022424554e-212,0.042806902720934015,0.016461431250591563,0.029634166985762787,0.029634166985762787,-0.00046981889858712273
2.2625e-05,8.752810140572589e-213,-8.752810140572589e-213,-0.0018658254150139748,0.007613986230457559,0.0028740804077217923,0.0028740804077217923,-0.0004698190757613495
2.265e-05,1.7427128666203295e-213,-1.7427128666203295e-213,-0.01929312631068854,0.0018401799585148284,-0.008726473176086857,-0.008726473176086857,-0.00046981925348778134
2.2675e-05,3.0957324846441908e-214,-3.0957324846441908e-214,0.006276496259208997,-0.009756292539374442,-0.001739898140082723,-0.001739898140082723,-0.0004698194317674564
2.27e-05,4.685166147327281e-215,-4.685166147327281e-215,-0.01078244044693133,0.014686802419119016,0.0019521809860938433,0.0019521809860938433,-0.00046981961060141113
2.2725e-05,5.1180375834379954e-216,-5.1180375834379954e-216,-0.009476830933921534,0.01074309660624286,0.0006331328361606631,0.0006331328361606631,-0.00046981978999068806
2.275e-05,8.746410819869904e-230,-8.746410819869904e-230,-0.02854480215287013,0.016356359526629168,-0.006094221313120481,-0.006094221313120481,-0.00046981996993631877
2.2775e-05,-2.193187958357171e-217,2.193187958357171e-217,0.023273716795004007,-0.022387137082905028,0.00044328985604948946,0.00044328985604948946,-0.00046982015043934617
2.28e-05,-8.603392977510658e-218,8.603392977510658e-218,-0.007001922117976645,-0.01707279476258402,-0.012037358440280331,-0.012037358440280331,-0.0004698203315008125
2.2825e-05,-2.436018434144128e-218,2.436018434144128e-218,-0.017182101437688994,0.017694973174042176,0.0002564358681765907,0.0002564358681765907,-0.000469820513121761
2.285e-05,-5.876454334974943e-219,5.876454334974943e-219,-0.015624184907584899,0.014363681014282571,-0.0006302519466511638,-0.0006302519466511638,-0.0004698206953032519
2.2875e-05,-1.264763775107351e-219,1.264763775107351e-219,0.001400802337529872,0.012090440013060042,0.006745621175294957,0.006745621175294957,-0.00046982087804635093
2.29e-05,-2.4560114412622147e-220,2.4560114412622147e-220,0.003123000839392497,0.005908225281997737,0.004515613060695117,0.004515613060695117,-0.00046982106135212774
2.2925e-05,-4.255108223720073e-221,4.255108223720073e-221,-0.008075722991609705,-0.010821508789368977,-0.00944861589048934,-0.00944861589048934,-0.00046982124522166495
2.295e-05,-6.280797919768709e-222,6.280797919768709e-222,-0.019371326402902886,-0.025251431104461486,-0.022311378753682186,-0.022311378753682186,-0.00046982142965604754
2.2975e-05,-6.6916918333228034e-223,6.6916918333228034e-223,0.015292825822640724,0.012582020688682782,0.013937423255661753,0.013937423255661753,-0.00046982161465636073
2.3e-05,-1.587254127649885e-236,1.587254127649885e-236,0.01632854495364761,-0.00789739507436193,0.00421557493964284,0.00421557493964284,-0.00046982180022368716
2.3025e-05,2.7276810747019105e-224,-2.7276810747019105e-224,0.032740039696778675,-0.018543164492114773,0.007098437602331951,0.007098437602331951,-0.0004698219863591063
2.305e-05,1.0435905464925833e-224,-1.0435905464925833e-224,0.018627212224590402,0.004244975456798637,0.011436093840694519,0.011436093840694519,-0.00046982217306369933
2.3075e-05,2.881931036244191e-225,-2.881931036244191e-225,-0.00538554091902521,-0.015197467295789724,-0.010291504107407467,-0.010291504107407467,-0.00046982236033855
2.31e-05,6.780489023647258e-226,-6.780489023647258e-226,-0.028762254067290795,0.004687925967555535,-0.01203716404986763,-0.01203716404986763,-0.00046982254818474386
2.3125e-05,1.4233041241029549e-226,-1.4233041241029549e-226,0.0031823148105779965,0.0052134706155372,0.004197892713057598,0.004197892713057598,-0.0004698227366033898
2.315e-05,2.6956364060408517e-227,-2.6956364060408517e-227,-0.01844599275377684,0.012876778543159273,-0.002784607105308784,-0.002784607105308784,-0.00046982292559559903
2.3175e-05,4.554955891552857e-228,-4.554955891552857e-228,0.0026812743896687218,0.027491232661489895,0.015086253525579308,0.015086253525579308,-0.0004698231151624982
2.32e-05,6.557390148998904e-229,-6.557390148998904e-229,-0.00963033371917003,-0.007697277473779512,-0.00866380559647477,-0.00866380559647477,-0.00046982330530522464
2.3225e-05,6.813884597522218e-230,-6.813884597522218e-230,-0.01863963071856969,0.0006776794282494388,-0.008980975645160125,-0.008980975645160125,-0.0004698234960249124
2.325e-05,8.094086173710176e-244,-8.094086173710176e-244,0.009757916425536283,-0.03148496169565102,-0.010863522635057368,-0.010863522635057368,-0.0004698236873226919
2.3275e-05,-2.6420297752564256e-231,2.6420297752564256e-231,-0.017123798296555557,-0.004402108840293563,-0.01076295356842456,-0.01076295356842456,-0.0004698238791996842
2.33e-05,-9.858637353652119e-232,9.858637353652119e-232,0.01729573560661163,0.004550285078245568,0.010923010342428598,0.010923010342428598,-0.00046982407165700274
2.3325e-05,-2.655296220069817e-232,2.655296220069817e-232,-0.00948575685347063,0.00934294753539925,-7.140465903569034e-05,-7.140465903569034e-05,-0.00046982426469576496
2.335e-05,-6.093026239102728e-233,6.093026239102728e-233,-0.00812003222996063,-0.03545402416235615,-0.021787028196158388,-0.021787028196158388,-0.00046982445831709313
2.3375e-05,-1.2474190635396106e-233,1.2474190635396106e-233,0.024166922709133752,-0.016431437513222274,0.003867742597955739,0.003867742597955739,-0.0004698246525221304
2.34e-05,-2.3041917649497904e-234,2.3041917649497904e-234,-0.01573888750475369,-0.00900986021413503,-0.01237437385944436,-0.01237437385944436,-0.000469824847312042
2.3425e-05,-3.797380542450009e-235,3.797380542450009e-235,-0.017159600492728404,0.022138046324145393,0.0024892229157084944,0.0024892229157084944,-0.00046982504268800975
2.345e-05,-5.331797010876537e-236,5.331797010876537e-236,-0.0037014952904179696,-0.00929364148911017,-0.00649756838976407,-0.00649756838976407,-0.00046982523865122454
2.3475e-05,-5.403560207257415e-237,5.403560207257415e-237,-0.0041593887504653764,-0.0024852635984425673,-0.0033223261744539717,-0.0033223261744539717,-0.00046982543520287037
2.35e-05,-9.885222233226342e-251,9.885222233226342e-251,0.0019339794640710092,-0.00674697487352209,-0.0024064977047255406,-0.0024064977047255406,-0.0004698256323441231
2.3525e-05,1.9930041568695e-238,-1.9930041568695e-238,-0.010443108949393095,-0.018773258134367043,-0.014608183541880069,-0.014608183541880069,-0.0004698258300761415
2.355e-05,7.253206236288546e-239,-7.253206236288546e-239,0.01184419642072093,-0.02591636127110709,-0.00703608242519308,-0.00703608242519308,-0.0004698260284000703
2.3575e-05,1.905323613637575e-239,-1.905323613637575e-239,0.005441564584226264,0.05323555798932886,0.02933856128677756,0.02933856128677756,-0.00046982622731705625
2.36e-05,4.264140039673689e-240,-4.264140039673689e-240,-0.018458827161335945,0.021211895021359735,0.0013765339300118948,0.0013765339300118948,-0.00046982642682826556
2.3625e-05,8.514387771800448e-241,-8.514387771800448e-241,0.0087411486872225,0.016980877259193505,0.012861012973208002,0.012861012973208002,-0.00046982662693488715
2.365e-05,1.5339185754444346e-241,-1.5339185754444346e-241,-5.0940507082856685e-05,0.01537337101094938,0.007661215251933262,0.007661215251933262,-0.0004698268276381379
2.3675e-05,2.4655308741129433e-242,-2.4655308741129433e-242,-0.0022260868657803636,-0.006248888994465742,-0.004237487930123053,-0.004237487930123053,-0.00046982702893925515
2.37e-05,3.3763119765238245e-243,-3.3763119765238245e-243,0.00420565816089588,-0.01760534455673863,-0.006699843197921374,-0.006699843197921374,-0.00046982723083948444
2.3725e-05,3.3372719270523524e-244,-3.3372719270523524e-244,0.012369094091631012,0.002656794236707285,0.0075129441641691485,0.0075129441641691485,-0.0004698274333400559
2.375e-05,2.3814236112705993e-258,-2.3814236112705993e-258,0.003373625756249469,-0.005295590780689775,-0.000960982512220153,-0.000960982512220153,-0.0004698276364421852
2.3775e-05,-1.170860300195092e-245,1.170860300195092e-245,-0.010834292574789003,0.026184716277987588,0.007675211851599292,0.007675211851599292,-0.0004698278401470689
2.38e-05,-4.155942599041717e-246,4.155942599041717e-246,0.009351142151605965,-0.028658504254441313,-0.009653681051417673,-0.009653681051417673,-0.0004698280444558937
2.3825e-05,-1.0647579762996633e-246,1.0647579762996633e-246,0.000429697728210213,0.004623973421584427,0.00252683557489732,0.00252683557489732,-0.00046982824936985705
2.385e-05,-2.3241076980912595e-247,2.3241076980912595e-247,-0.003246434392091965,-0.013696168187674622,-0.008471301289883293,-0.008471301289883293,-0.00046982845489017115
2.3875e-05,-4.526065696778843e-248,4.526065696778843e-248,-0.012730782150433492,0.010349848688655773,-0.0011904667308888593,-0.0011904667308888593,-0.000469828661018074
2.39e-05,-7.952659218234142e-249,7.952659218234142e-249,0.012271806460023694,-0.004637118993512823,0.0038173437332554355,0.0038173437332554355,-0.00046982886775483483
2.3925e-05,-1.246703415524468e-249,1.246703415524468e-249,0.01987049902512983,-0.010530918634101348,0.00466979019551424,0.00466979019551424,-0.0004698290751017296
2.395e-05,-1.6650907617867366e-250,1.6650907617867366e-250,0.0032661602435251707,0.01608973064787247,0.00967794544569882,0.00967794544569882,-0.00046982928306004454
2.3975e-05,-1.6052015674389429e-251,1.6052015674389429e-251,0.0017419307513552823,-0.010718562644571977,-0.004488315946608347,-0.004488315946608347,-0.0004698294916310482
2.4e-05,-2.1414777304626858e-265,2.1414777304626858e-265,-0.001666517190234393,0.012727303332084284,0.005530393070924945,0.005530393070924945,-0.0004698297008160026
2.4025e-05,5.357082525086611e-253,-5.357082525086611e-253,-0.005916976542281807,-0.01071856157946904,-0.008317769060875424,-0.008317769060875424,-0.0004698299106161513
2.405e-05,1.854536709383935e-253,-1.854536709383935e-253,0.0009173710489223438,-0.03631516931174156,-0.017698899131409606,-0.017698899131409606,-0.00046983012103274564
2.4075e-05,4.634036325962387e-254,-4.634036325962387e-254,0.004154467395190327,0.02921019914496215,0.01668233327007624,0.01668233327007624,-0.0004698303320670354
2.41e-05,9.865234632792694e-255,-9.865234632792694e-255,-0.0047955907544255045,-0.008374328563833822,-0.006584959659129664,-0.006584959659129664,-0.0004698305437202973
2.4125e-05,1.87376300957944e-255,-1.87376300957944e-255,-0.0012798263976657777,-0.008567822527816474,-0.004923824462741126,-0.004923824462741126,-0.0004698307559938211
2.415e-05,3.2110629408618497e-256,-3.2110629408618497e-256,0.0038607549880452898,-0.01629681495737355,-0.006218029984664131,-0.006218029984664131,-0.0004698309688889127
2.4175e-05,4.909556166680942e-257,-4.909556166680942e-257,-0.012152489868961088,-0.01615843810182369,-0.01415546398539239,-0.01415546398539239,-0.00046983118240688526
2.42e-05,6.395281018153908e-258,-6.395281018153908e-258,-0.00901734029113608,-0.005349183760765825,-0.0071832620259509525,-0.0071832620259509525,-0.00046983139654904965
2.4225e-05,6.01303780854617e-259,-6.01303780854617e-259,0.016677722398347004,-0.01587294123360436,0.00040239058237132204,0.00040239058237132204,-0.00046983161131671717
2.425e-05,1.156615959222036e-272,-1.156615959222036e-272,0.00653681836512657,-0.003924735240270665,0.0013060415624279527,0.0013060415624279527,-0.00046983182671119243
2.4275e-05,-1.908877117976067e-260,1.908877117976067e-260,-0.01395399061921552,9.485247396563853e-05,-0.006929569072624941,-0.006929569072624941,-0.00046983204273377805
2.43e-05,-6.445071024765108e-261,6.445071024765108e-261,-0.022598405853145168,0.005101335546878063,-0.008748535153133553,-0.008748535153133553,-0.00046983225938579073
2.4325e-05,-1.57070398342391e-261,1.57070398342391e-261,-0.00022498600606426177,-0.005696089234925879,-0.0029605376204950703,-0.0029605376204950703,-0.00046983247666854995
2.435e-05,-3.2612565781099543e-262,3.2612565781099543e-262,-0.014012412862883876,-0.037006059132759006,-0.02550923599782144,-0.02550923599782144,-0.0004698326945833907
2.4375e-05,-6.0413618442482915e-263,6.0413618442482915e-263,0.012981910446312995,-0.012180991144470075,0.00040045965092145967,0.00040045965092145967,-0.0004698329131316545
2.44e-05,-1.009744842261822e-263,1.009744842261822e-263,-0.022237268928290175,0.004312306666159967,-0.008962481131065105,-0.008962481131065105,-0.00046983313231469025
2.4425e-05,-1.505732054557375e-264,1.505732054557375e-264,-0.004586323940238122,-0.015381197939810595,-0.009983760940024358,-0.009983760940024358,-0.00046983335213384716
2.445e-05,-1.9129681258262054e-265,1.9129681258262054e-265,0.01779821774315744,0.0011783897611208913,0.009488303752139165,0.009488303752139165,-0.000469833572590473
2.4475e-05,-1.7542224859388883e-266,1.7542224859388883e-266,-0.01605295124104784,-0.0035334481512904244,-0.009793199696169132,-0.009793199696169132,-0.00046983379368591675
2.45e-05,-4.355771796839126e-280,4.355771796839126e-280,0.021990425614462787,-0.007386800418156782,0.007301812598153002,0.007301812598153002,-0.0004698340154215333
2.4525e-05,5.297292901593357e-268,-5.297292901593357e-268,-0.00873722554296008,0.02746976193585378,0.009366268196446849,0.009366268196446849,-0.00046983423779868377
2.455e-05,1.7444011346218605e-268,-1.7444011346218605e-268,-0.016477762362093314,-0.0014028080210029817,-0.008940285191548148,-0.008940285191548148,-0.00046983446081873883
2.4575e-05,4.1462514454599505e-269,-4.1462514454599505e-269,0.026268958520162713,-0.0225142237832698,0.001877367368446457,0.001877367368446457,-0.00046983468448308667
2.46e-05,8.396318353072075e-270,-8.396318353072075e-270,0.0006474192222434495,0.004429312000417359,0.0025383656113304046,0.0025383656113304046,-0.0004698349087931135
2.4625e-05,1.5169854490451365e-270,-1.5169854490451365e-270,0.015858590076774183,-0.011247932388477013,0.002305328844148585,0.002305328844148585,-0.000469835133750221
2.465e-05,2.4728675074444415e-271,-2.4728675074444415e-271,0.014959070388770456,0.01596972309024554,0.015464396739507998,0.015464396739507998,-0.00046983535935580357
2.4675e-05,3.59649564303975e-272,-3.59649564303975e-272,0.001648309419543856,0.006008599599880184,0.00382845450971202,0.00382845450971202,-0.00046983558561125756
2.47e-05,4.456379978288005e-273,-4.456379978288005e-273,-0.008334340452427187,0.010225590309186456,0.0009456249283796344,0.0009456249283796344,-0.00046983581251798013
2.4725e-05,3.985674169610035e-274,-3.985674169610035e-274,-0.01164725939002993,7.091637167907301e-05,-0.005788171509175428,-0.005788171509175428,-0.0004698360400773676
2.475e-05,1.201173744789017e-287,-1.201173744789017e-287,0.024431128356493723,-0.033016441160132456,-0.004292656401819367,-0.004292656401819367,-0.0004698362682908226
2.4775e-05,-1.144870543012578e-275,1.144870543012578e-275,0.0034389988875330037,0.006869461840582328,0.005154230364057666,0.005154230364057666,-0.00046983649715976594
2.48e-05,-3.676981060028268e-276,3.676981060028268e-276,0.00977517063859673,0.014700963704486756,0.012238067171541744,0.012238067171541744,-0.0004698367266856194
2.4825e-05,-8.523997354270035e-277,8.523997354270035e-277,-0.01723744076615093,-0.0003415418688750665,-0.008789491317512999,-0.008789491317512999,-0.00046983695686982475
2.485e-05,-1.6835235856802142e-277,1.6835235856802142e-277,0.017350653038189025,0.009249009096224744,0.013299831067206884,0.013299831067206884,-0.0004698371877138244
2.4875e-05,-2.966568365643637e-278,2.966568365643637e-278,0.021038740938681244,0.002048017078522986,0.011543379008602115,0.011543379008602115,-0.00046983741921906806
2.49e-05,-4.716463005378536e-279,4.716463005378536e-279,-0.012988381333033292,0.005370965725556764,-0.003808707803738264,-0.003808707803738264,-0.0004698376513870056
2.4925e-05,-6.690179352555528e-280,6.690179352555528e-280,0.009056267580782392,0.014918609301461752,0.011987438441122072,0.011987438441122072,-0.0004698378842190872
2.495e-05,-8.08505678371403e-281,8.08505678371403e-281,0.0363269052987725,0.02131670634254388,0.02882180582065819,0.02882180582065819,-0.0004698381177167657
2.4975e-05,-7.052535649118748e-282,7.052535649118748e-282,-0.014576202043975514,0.000667239937776923,-0.006954481053099296,-0.006954481053099296,-0.0004698383518814994
2.5e-05,-3.330573903527547e-296,3.330573903527547e-296,0.008524268069933453,0.004753091189917346,0.0066386796299254,0.0066386796299254,-0.00046983858671475
2.5025e-05,1.927015266261522e-283,-1.927015266261522e-283,0.009821659447062002,0.002468599827095807,0.006145129637078904,0.006145129637078904,-0.00046983882221798633
2.505e-05,6.036188654639837e-284,-6.036188654639837e-284,0.014276501590837692,0.00245044538095293,0.008363473485895312,0.008363473485895312,-0.0004698390583926883
2.5075e-05,1.364763365238102e-284,-1.364763365238102e-284,0.005436614744049518,0.015581026030659173,0.010508820387354345,0.010508820387354345,-0.0004698392952403415
2.51e-05,2.6289110562130865e-285,-2.6289110562130865e-285,0.04261187476127568,-0.00877567432740041,0.016918100216937636,0.016918100216937636,-0.00046983953276244164
2.5125e-05,4.518077612005784e-286,-4.518077612005784e-286,0.016350380840487063,-0.004117042450054499,0.006116669195216282,0.006116669195216282,-0.0004698397709604861
2.515e-05,7.00581066256443e-287,-7.00581066256443e-287,0.005757991919588133,0.02048082479987624,0.013119408359732186,0.013119408359732186,-0.0004698400098359831
2.5175e-05,9.6921998882293e-288,-9.6921998882293e-288,0.020730160696910242,-0.028016426935880013,-0.0036431331194848853,-0.0036431331194848853,-0.00046984024939044315
2.52e-05,1.1423792709983522e-288,-1.1423792709983522e-288,-0.0020398100334626727,0.012472210862383518,0.005216200414460422,0.005216200414460422,-0.00046984048962538257
2.5225e-05,9.718856452716692e-290,-9.718856452716692e-290,-0.016287649555192928,0.008787692833728114,-0.003749978360732407,-0.003749978360732407,-0.0004698407305423199
2.525e-05,9.94950293132667e-304,-9.94950293132667e-304,-0.012355937793112934,-0.0030647761202984153,-0.0077103569567056746,-0.0077103569567056746,-0.0004698409721427786
2.5275e-05,-2.5260404964474344e-291,2.5260404964474344e-291,0.001447624062221172,0.004952830253995005,0.003200227158108088,0.003200227158108088,-0.00046984121442828836
2.53e-05,-7.717214935371146e-292,7.717214935371146e-292,-0.010990994066917807,0.005403778801417719,-0.002793607632750044,-0.002793607632750044,-0.00046984145740037433
2.5325e-05,-1.7017579393887114e-292,1.7017579393887114e-292,0.0062969994908630995,-0.023834404445842453,-0.008768702477489676,-0.008768702477489676,-0.00046984170106057947
2.535e-05,-3.197120168716548e-293,3.197120168716548e-293,0.004833543029723964,0.0030121517973180543,0.003922847413521009,0.003922847413521009,-0.00046984194541044343
2.5375e-05,-5.358946140909721e-294,5.358946140909721e-294,0.0006361612189349779,0.006565153731917643,0.0036006574754263105,0.0036006574754263105,-0.0004698421904515272
2.54e-05,-8.104509566165591e-295,8.104509566165591e-295,-0.008994275312148615,0.02103271406797055,0.006019219377910967,0.006019219377910967,-0.00046984243618539276
2.5425e-05,-1.0935366510254924e-295,1.0935366510254924e-295,-0.0005649229624551073,-0.023747124325507296,-0.012156023643981202,-0.012156023643981202,-0.000469842682613614
2.545e-05,-1.2570829416681804e-296,1.2570829416681804e-296,0.01863374152984149,-0.007195998425481081,0.005718871552180204,0.005718871552180204,-0.000469842929737769
2.5475e-05,-1.0430651244432478e-297,1.0430651244432478e-297,0.015026973416882021,0.016428229532025655,0.015727601474453838,0.015727601474453838,-0.000469843177559441
2.55e-05,-1.614343206269e-311,1.614343206269e-311,-0.04361602158039497,-0.009582706431909394,-0.026599364006152183,-0.026599364006152183,-0.0004698434260802121
2.5525e-05,2.578824821444863e-299,-2.578824821444863e-299,-0.027524361714552286,-0.01055943436280845,-0.019041898038680366,-0.019041898038680366,-0.0004698436753016703
2.555e-05,7.683954190634265e-300,-7.683954190634265e-300,0.0027536908133839358,0.005136915618139788,0.003945303215761862,0.003945303215761862,-0.00046984392522539874
2.5575e-05,1.6525879979174402e-300,-1.6525879979174402e-300,-0.018026850984845272,-0.03493156074033086,-0.026479205862588066,-0.026479205862588066,-0.0004698441758529949
2.56e-05,3.0280874066346346e-301,-3.0280874066346346e-301,0.012292286138333528,-0.02833745011945064,-0.008022581990558556,-0.008022581990558556,-0.0004698444271860617
2.5625e-05,4.950299521786512e-302,-4.950299521786512e-302,-0.014275728309825996,-0.0062205601024372835,-0.01024814420613164,-0.01024814420613164,-0.000469844679226215
2.565e-05,7.301657573736043e-303,-7.301657573736043e-303,-0.013601566308624434,0.01941686017241345,0.0029076469318945076,0.0029076469318945076,-0.00046984493197508
2.5675e-05,9.608834298013525e-304,-9.608834298013525e-304,-0.02836381964490298,-0.03401364637690997,-0.031188733010906473,-0.031188733010906473,-0.0004698451854342904
2.57e-05,1.0773180387751308e-304,-1.0773180387751308e-304,-0.013834812516135034,0.001993097539110129,-0.005920857488512453,-0.005920857488512453,-0.00046984543960548264
2.5725e-05,8.718345211236611e-306,-8.718345211236611e-306,-0.005672676858095635,-0.00878209911049284,-0.007227387984294238,-0.007227387984294238,-0.00046984569449030217
2.575e-05,1.78303e-319,-1.78303e-319,-0.018596123486130156,0.0061005355802335,-0.006247793952948328,-0.006247793952948328,-0.00046984595009039317
2.5775e-05,-2.050358269627414e-307,2.050358269627414e-307,0.018591677488332566,-0.0306812590958892,-0.006044790803778316,-0.006044790803778316,-0.0004698462064074031
2.58e-05,-5.958477689248895e-308,5.958477689248895e-308,0.012493752623524227,-0.018356347376824057,-0.0029312973766499146,-0.0029312973766499146,-0.000469846463442988
2.5825e-05,-1.2498496782288773e-308,1.2498496782288773e-308,0.0038587805792604365,0.01243426482373649,0.008146522701498463,0.008146522701498463,-0.00046984672119879865
2.585e-05,-2.23359399531506e-309,2.23359399531506e-309,-0.004347136503122576,-0.00937380191227049,-0.006860469207696533,-0.006860469207696533,-0.0004698469796765119
2.5875e-05,-3.56131132996885e-310,3.56131132996885e-310,0.005239799239798114,-0.019569484639916104,-0.0071648427000589945,-0.0071648427000589945,-0.0004698472388777994
2.59e-05,-5.1232147927824e-311,5.1232147927824e-311,-0.00729325892007018,0.008887526792188972,0.000797133936059396,0.000797133936059396,-0.00046984749880433954
2.5925e-05,-6.575585730887e-312,6.575585730887e-312,-0.006830090167451396,-0.012881960856290378,-0.009856025511870887,-0.009856025511870887,-0.00046984775945782943
2.595e-05,-7.1903546226e-313,7.1903546226e-313,0.007792700131963613,0.0029118271794251016,0.005352263655694358,0.005352263655694358,-0.0004698480208399636
2.5975e-05,-5.675224911e-314,5.675224911e-314,-0.002349871779679508,-0.0034188261294995073,-0.0028843489545895074,-0.0028843489545895074,-0.00046984828295244726
2.6e-05,-0.0,0.0,-0.008968374864169347,0.0025929117055539385,-0.0031877315793077043,-0.0031877315793077043,-0.00046984854579699156
2.6025e-05,1.269591617e-315,-1.269591617e-315,0.007302913938291723,-0.028697730072106565,-0.01069740806690742,-0.01069740806690742,-0.00046984880937531436
2.605e-05,3.5984233e-316,-3.5984233e-316,-0.012857863405880956,0.005246316314443975,-0.0038057735457184905,-0.0038057735457184905,-0.00046984907368914983
2.6075e-05,7.361687e-317,-7.361687e-317,0.026842520777143497,-0.002261308855013455,0.01229060596106502,0.01229060596106502,-0.00046984933874021946
2.61e-05,1.2831176e-317,-1.2831176e-317,0.02303713633005569,-0.004064527469296345,0.009486304430379674,0.009486304430379674,-0.00046984960453025376
2.6125e-05,1.99533e-318,-1.99533e-318,0.006551471664625508,-0.02519590898333252,-0.009322218659353506,-0.009322218659353506,-0.00046984987106098847
2.615e-05,2.79957e-319,-2.79957e-319,-0.014115915273541517,-0.003384345076720314,-0.008750130175130915,-0.008750130175130915,-0.00046985013833416336
2.6175e-05,3.5044e-320,-3.5044e-320,-0.010290822203257874,-0.02313281118095317,-0.016711816692105523,-0.016711816692105523,-0.0004698504063515187
2.62e-05,3.735e-321,-3.735e-321,0.0012243660518308106,-0.01901416306026186,-0.008894898504215524,-0.008894898504215524,-0.00046985067511481324
2.6225e-05,2.87e-322,-2.87e-322,-0.00031239160380525273,0.008652782913361278,0.004170195654778013,0.004170195654778013,-0.00046985094462582034
2.625e-05,0.0,-0.0,-0.02088637861475943,0.007639609304783625,-0.006623384654987904,-0.006623384654987904,-0.0004698512148863278
2.6275e-05,-5e-324,5e-324,0.012351425920529293,0.011889469104811182,0.012120447512670237,0.012120447512670237,-0.0004698514858981331
2.63e-05,-5e-324,5e-324,0.013916380060835065,0.006512988264007718,0.010214684162421392,0.010214684162421392,-0.0004698517576630446
2.6325e-05,-0.0,0.0,0.0017486697529932507,0.021891971082698622,0.011820320417845937,0.011820320417845937,-0.00046985203018285897
2.635e-05,-0.0,0.0,-0.009940667612122764,0.01370690384843966,0.001883118118158448,0.001883118118158448,-0.0004698523034593688
2.6375e-05,-0.0,0.0,0.020150360080062716,-0.02515224075384839,-0.0025009403368928367,-0.0025009403368928367,-0.0004698525774943613
2.64e-05,-0.0,0.0,-0.000897705060577889,0.0022146357838556847,0.0006584653616388979,0.0006584653616388979,-0.00046985285228963225
2.6425e-05,-0.0,0.0,-0.01949522921439668,-0.015550680884861705,-0.017522955049629193,-0.017522955049629193,-0.00046985312784698544
2.645e-05,-0.0,0.0,0.01323476487735595,-0.02384929309936227,-0.00530726411100316,-0.00530726411100316,-0.00046985340416823816
2.6475e-05,-0.0,0.0,-0.002600098375021641,0.007984664875836668,0.0026922832504075135,0.0026922832504075135,-0.0004698536812552467
2.65e-05,-0.0,0.0,0.019919269142788604,-0.00037632920427914265,0.00977146996925473,0.00977146996925473,-0.00046985395910987106
2.6525e-05,0.0,-0.0,0.0016659710522203993,0.0015190191536167599,0.0015924951029185797,0.0015924951029185797,-0.0004698542377339917
2.655e-05,0.0,-0.0,-0.012488586594309419,-0.0038797725263399374,-0.008184179560324679,-0.008184179560324679,-0.00046985451712949094
2.6575e-05,0.0,-0.0,0.007281669272989744,-0.0012752582317123915,0.0030032055206386764,0.0030032055206386764,-0.0004698547972982319
2.66e-05,0.0,-0.0,-0.0001422991088740288,-0.012966802872602504,-0.006554550990738266,-0.006554550990738266,-0.0004698550782420748
2.6625e-05,0.0,-0.0,-0.008735147142046547,-0.028965872740533086,-0.01885050994128982,-0.01885050994128982,-0.0004698553599628769
2.665e-05,0.0,-0.0,-0.004585304561841222,-0.0013591030205802124,-0.0029722037912107173,-0.0029722037912107173,-0.0004698556424624843
2.6675e-05,0.0,-0.0,-0.001901202251627835,-0.010061689643571696,-0.005981445947599765,-0.005981445947599765,-0.00046985592574278455
2.67e-05,0.0,-0.0,0.036837706193121815,0.0014183652567370461,0.01912803572492943,0.01912803572492943,-0.00046985620980566557
2.6725e-05,0.0,-0.0,0.003801897244799433,-0.01473783986762943,-0.005467971311414998,-0.005467971311414998,-0.00046985649465304866
2.675e-05,0.0,-0.0,-0.019830527181976344,0.006294353561346795,-0.006768086810314775,-0.006768086810314775,-0.00046985678028687385
2.6775e-05,-0.0,0.0,-0.013872264496252248,-0.011452536614825325,-0.012662400555538786,-0.012662400555538786,-0.0004698570667090883
2.68e-05,-0.0,0.0,-0.022361676363239942,0.015410006286051799,-0.0034758350385940716,-0.0034758350385940716,-0.00046985735392163913
2.6825e-05,-0.0,0.0,-0.01732722435717864,0.0151017663624805,-0.00111272899734907,-0.00111272899734907,-0.0004698576419264652
2.685e-05,-0.0,0.0,-0.0020869670158017366,0.0068612806983418375,0.0023871568412700507,0.0023871568412700507,-0.00046985793072550357
2.6875e-05,-0.0,0.0,-0.018353168062014164,0.012857947174284678,-0.002747610443864743,-0.002747610443864743,-0.0004698582203206847
2.69e-05,-0.0,0.0,0.002651454420089208,0.00926470550183035,0.005958079960959779,0.005958079960959779,-0.0004698585107139489
2.6925e-05,-0.0,0.0,0.01007669181752968,0.019428534891124487,0.014752613354327083,0.014752613354327083,-0.00046985880190724674
2.695e-05,-0.0,0.0,0.005429036124153163,-0.005011642145408679,0.0002086969893722421,0.0002086969893722421,-0.00046985909390255304
2.6975e-05,-0.0,0.0,0.009563220163642592,0.0016198678653246352,0.0055915440144836135,0.0055915440144836135,-0.00046985938670185477
2.7e-05,-0.0,0.0,0.012054685758096218,0.011911194306000633,0.011982940032048426,0.011982940032048426,-0.0004698596803071521
2.7025e-05,0.0,-0.0,0.007116187619969504,-0.00127816379371552,0.002919011913126992,0.002919011913126992,-0.00046985997472045505
2.705e-05,0.0,-0.0,-0.0165559315149379,0.012240206791306921,-0.00215786236181549,-0.00215786236181549,-0.000469860269943777
2.7075e-05,0.0,-0.0,0.007315302019257079,-0.00869701452810973,-0.000690856254426326,-0.000690856254426326,-0.0004698605659791349
2.71e-05,0.0,-0.0,0.008715703544599296,-0.010135044546543839,-0.0007096705009722714,-0.0007096705009722714,-0.000469860862828556
2.7125e-05,0.0,-0.0,0.011330170558662263,-0.03033951396367626,-0.009504671702506998,-0.009504671702506998,-0.0004698611604940529
2.715e-05,0.0,-0.0,0.02382483937199243,0.013593926585596295,0.01870938297879436,0.01870938297879436,-0.00046986145897765863
2.7175e-05,0.0,-0.0,-0.000839304211862017,-0.010750946896232025,-0.005795125554047021,-0.005795125554047021,-0.0004698617582814085
2.72e-05,0.0,-0.0,0.004731488887206462,-0.03497229610398736,-0.01512040360839045,-0.01512040360839045,-0.0004698620584073467
2.7225e-05,0.0,-0.0,-0.0034427068794525336,-0.00479603095400933,-0.004119368916730932,-0.004119368916730932,-0.0004698623593575299
2.725e-05,-0.0,0.0,0.017531811391243234,-0.01708008592709092,0.00022586273207615692,0.00022586273207615692,-0.00046986266113402386
2.7275e-05,-0.0,0.0,0.014496772572407992,0.018944347007688437,0.016720559790048214,0.016720559790048214,-0.00046986296373890664
2.73e-05,-0.0,0.0,0.02320093155692561,0.007083064212587042,0.015141997884756326,0.015141997884756326,-0.0004698632671742676
2.7325e-05,-0.0,0.0,-0.005008276943753696,-0.015008417934211699,-0.010008347438982698,-0.010008347438982698,-0.00046986357144220486
2.735e-05,-0.0,0.0,-0.02355876020329668,0.021927254111046186,-0.0008157530461252466,-0.0008157530461252466,-0.0004698638765448258
2.7375e-05,-0.0,0.0,0.007773872082428428,0.0007890493928713702,0.0042814607376498994,0.0042814607376498994,-0.000469864182484239
2.74e-05,-0.0,0.0,-0.0001390064387969944,-0.028964541537170613,-0.014551773987983805,-0.014551773987983805,-0.0004698644892625604
2.7425e-05,-0.0,0.0,0.015046452238960596,-0.026630385380322256,-0.00579196657068083,-0.00579196657068083,-0.00046986479688190396
2.745e-05,-0.0,0.0,0.012346077709546054,0.0207489833302317,0.01654753051988888,0.01654753051988888,-0.00046986510534439
2.7475e-05,-0.0,0.0,0.0012758914502686257,-0.016257279296817403,-0.007490693923274389,-0.007490693923274389,-0.0004698654146521525
2.75e-05,-0.0,0.0,-0.0003047183417773725,0.012703361107320005,0.006199321382771316,0.006199321382771316,-0.0004698657248073334
2.7525e-05,0.0,-0.0,0.016081894282875805,-0.00967029918991665,0.0032057975464795775,0.0032057975464795775,-0.0004698660358120905
2.755e-05,0.0,-0.0,-0.013254235062163005,-0.006085280769695366,-0.009669757915929186,-0.009669757915929186,-0.0004698663476686003
2.7575e-05,0.0,-0.0,-0.003984292976411933,-0.010989567883441147,-0.00748693042992654,-0.00748693042992654,-0.00046986666037904777
2.76e-05,0.0,-0.0,-0.023746177509458528,0.004331796670873388,-0.00970719041929257,-0.00970719041929257,-0.00046986697394562417
2.7625e-05,0.0,-0.0,-0.008569136632834273,-0.023334400309414863,-0.015951768471124568,-0.015951768471124568,-0.0004698672883705234
2.765e-05,0.0,-0.0,-0.0042300705244744646,-0.0017842991773845502,-0.0030071848509295074,-0.0030071848509295074,-0.0004698676036559345
2.7675e-05,0.0,-0.0,0.004252922450092385,0.025215858491016784,0.014734390470554585,0.014734390470554585,-0.00046986791980404977
2.77e-05,0.0,-0.0,0.01178606186672778,-0.0004776569215977094,0.005654202472565035,0.005654202472565035,-0.0004698682368170642
2.7725e-05,0.0,-0.0,0.01031334414985281,0.0023515517274043767,0.006332447938628593,0.006332447938628593,-0.00046986855469718865
2.775e-05,0.0,-0.0,0.0219087806904894,-0.000481377834414385,0.010713701428037507,0.010713701428037507,-0.00046986887344665693
2.7775e-05,-0.0,0.0,-0.014980366139337745,-0.008105032780398676,-0.01154269945986821,-0.01154269945986821,-0.0004698691930677228
2.78e-05,-0.0,0.0,-0.0006913798628599447,-0.005328075444291243,-0.003009727653575594,-0.003009727653575594,-0.0004698695135626599
2.7825e-05,-0.0,0.0,0.017321313684657468,-0.02606445254962718,-0.004371569432484856,-0.004371569432484856,-0.0004698698349337552
2.785e-05,-0.0,0.0,0.0006233390139145421,0.014220288920865264,0.007421813967389903,0.007421813967389903,-0.0004698701571832895
2.7875e-05,-0.0,0.0,0.019561657423562855,-0.017113924906081653,0.0012238662587406007,0.0012238662587406007,-0.0004698704803135389
2.79e-05,-0.0,0.0,0.01571099181319842,0.010055427250801463,0.01288320953199994,0.01288320953199994,-0.00046987080432676367
2.7925e-05,-0.0,0.0,-0.00810838647420497,0.01594249673521978,0.003917055130507405,0.003917055130507405,-0.00046987112922522196
2.795e-05,-0.0,0.0,-0.020215691480851488,-0.032423786274203996,-0.02631973887752774,-0.02631973887752774,-0.00046987145501117616
2.7975e-05,-0.0,0.0,0.020161150718662525,0.007870448605709995,0.01401579966218626,0.01401579966218626,-0.000469871781686917
2.8e-05,-0.0,0.0,0.012914017637301605,-0.003974131927901152,0.004469942854700227,0.004469942854700227,-0.0004698721092547646
2.8025e-05,0.0,-0.0,-0.003465296947711495,0.006195616648332796,0.0013651598503106504,0.0013651598503106504,-0.00046987243771708483
2.805e-05,0.0,-0.0,0.011049563245171073,-0.0029839390488412137,0.0040328120981649295,0.0040328120981649295,-0.00046987276707626533
2.8075e-05,0.0,-0.0,0.017503859601525402,-0.022010657214229946,-0.0022533988063522716,-0.0022533988063522716,-0.00046987309733470984
2.81e-05,0.0,-0.0,0.014375065356245128,0.01101163100095128,0.012693348178598204,0.012693348178598204,-0.0004698734284948007
2.8125e-05,0.0,-0.0,-0.008354015765615631,-0.01476097915334872,-0.011557497459482174,-0.011557497459482174,-0.00046987376055890464
2.815e-05,0.0,-0.0,-0.009176133836520937,0.003042352843111647,-0.0030668904967046454,-0.0030668904967046454,-0.0004698740935293475
2.8175e-05,0.0,-0.0,-0.012860917210052569,0.021168294534713673,0.004153688662330552,0.004153688662330552,-0.0004698744274084463
2.82e-05,0.0,-0.0,-0.0031714707424287296,0.0049653680764390855,0.0008969486670051779,0.0008969486670051779,-0.0004698747621985278
2.8225e-05,0.0,-0.0,-0.00822309783308624,-0.01034557985161941,-0.009284338842352824,-0.009284338842352824,-0.0004698750979019539
2.825e-05,0.0,-0.0,0.003499160336008975,-0.0007355425891328582,0.0013818088734380584,0.0013818088734380584,-0.0004698754345211454
2.8275e-05,-0.0,0.0,-0.006165953780954867,0.014420986436412367,0.00412751632772875,0.00412751632772875,-0.00046987577205858104
2.83e-05,-0.0,0.0,-0.012588203471486113,0.003400230157021274,-0.004593986657232419,-0.004593986657232419,-0.00046987611051676977
2.8325e-05,-0.0,0.0,0.0047703277324045775,-0.013550671379763764,-0.004390171823679593,-0.004390171823679593,-0.00046987644989823215
2.835e-05,-0.0,0.0,-0.02212768836605367,-0.0046122435142370456,-0.013369965940145358,-0.013369965940145358,-0.00046987679020545943
2.8375e-05,-0.0,0.0,-0.005877497988406494,0.029062202384231153,0.011592352197912329,0.011592352197912329,-0.00046987713144090135
2.84e-05,-0.0,0.0,0.008620458651642807,-0.0008957400071879354,0.003862359322227436,0.003862359322227436,-0.0004698774736069648
2.8425e-05,-0.0,0.0,-0.002918690416424999,-0.015158186458294797,-0.009038438437359898,-0.009038438437359898,-0.0004698778167060391
2.845e-05,-0.0,0.0,0.010222963201614125,-0.00032595584956076067,0.004948503676026682,0.004948503676026682,-0.00046987816074053066
2.8475e-05,-0.0,0.0,-0.00898678376038944,0.004145859297264896,-0.0024204622315622724,-0.0024204622315622724,-0.000469878505712895
2.85e-05,-0.0,0.0,-0.00457531995840168,0.021836765992734833,0.008630723017166577,0.008630723017166577,-0.00046987885162565326
2.8525e-05,0.0,-0.0,0.0043189682792461135,0.013537884958185403,0.008928426618715759,0.008928426618715759,-0.0004698791984813849
2.855e-05,0.0,-0.0,0.007416768326368327,-0.007095912439746192,0.0001604279433110676,0.0001604279433110676,-0.00046987954628270975
2.8575e-05,0.0,-0.0,0.02830503067501182,-0.014597867309557774,0.006853581682727023,0.006853581682727023,-0.00046987989503223727
2.86e-05,0.0,-0.0,-0.034097445085317826,0.002422239477202686,-0.01583760280405757,-0.01583760280405757,-0.0004698802447325553
2.8625e-05,0.0,-0.0,0.013232625041457445,0.014472032706956637,0.01385232887420704,0.01385232887420704,-0.0004698805953862067
2.865e-05,0.0,-0.0,0.026456015287613262,-0.020952149746403612,0.002751932770604825,0.002751932770604825,-0.00046988094699569746
2.8675e-05,0.0,-0.0,0.024898216871790634,0.013249036032212487,0.01907362645200156,0.01907362645200156,-0.0004698812995635312
2.87e-05,0.0,-0.0,-0.0020084510596859186,0.0005922028283326661,-0.0007081241156766262,-0.0007081241156766262,-0.00046988165309222506
2.8725e-05,0.0,-0.0,-0.010335575566045047,0.022987625765615728,0.0063260250997853405,0.0063260250997853405,-0.0004698820075843495
2.875e-05,0.0,-0.0,-0.007477753168932169,-0.010121492957471879,-0.008799623063202023,-0.008799623063202023,-0.00046988236304252435
2.8775e-05,-0.0,0.0,-0.010921031009055953,0.00938510713418656,-0.0007679619374346969,-0.0007679619374346969,-0.0004698827194694215
2.88e-05,-0.0,0.0,-0.0004269724747933604,-0.00624289500891541,-0.003334933741854385,-0.003334933741854385,-0.00046988307686773195
2.8825e-05,-0.0,0.0,-0.0070717727282576665,-0.007514997611663016,-0.007293385169960341,-0.007293385169960341,-0.00046988343524014236
2.885e-05,-0.0,0.0,0.0299913200058537,0.020892441691287365,0.025441880848570533,0.025441880848570533,-0.00046988379458932396
2.8875e-05,-0.0,0.0,-0.01862598776025477,-0.01673600139209421,-0.01768099457617449,-0.01768099457617449,-0.0004698841549179241
2.89e-05,-0.0,0.0,-0.010342463101223876,0.02307922616059609,0.006368381529686107,0.006368381529686107,-0.00046988451622857047
2.8925e-05,-0.0,0.0,-0.011772583851064281,0.007952805164754141,-0.00190988934315507,-0.00190988934315507,-0.0004698848785239007
2.895e-05,-0.0,0.0,0.003521221521935534,-0.010461899056113612,-0.003470338767089039,-0.003470338767089039,-0.00046988524180656757
2.8975e-05,-0.0,0.0,0.00376124717828148,-0.011285627450962567,-0.0037621901363405433,-0.0037621901363405433,-0.00046988560607926394
2.9e-05,-0.0,0.0,-0.006260310550038096,0.02823854054216944,0.010989114996065672,0.010989114996065672,-0.0004698859713447145
2.9025e-05,0.0,-0.0,-0.0015428317708642682,-0.0016054340164056958,-0.001574132893634982,-0.001574132893634982,-0.0004698863376056721
2.905e-05,0.0,-0.0,0.007868119181692229,0.007968713732322835,0.007918416457007532,0.007918416457007532,-0.0004698867048649042
2.9075e-05,0.0,-0.0,0.010217852207267359,-0.013860925581623204,-0.0018215366871779225,-0.0018215366871779225,-0.00046988707312517404
2.91e-05,0.0,-0.0,-0.011103511284419597,0.00704699276297916,-0.0020282592607202186,-0.0020282592607202186,-0.00046988744238924063
2.9125e-05,0.0,-0.0,0.004068521182542969,0.023512021451194555,0.013790271316868762,0.013790271316868762,-0.00046988781265985764
2.915e-05,0.0,-0.0,-0.011632655600896238,-0.012118192621750162,-0.0118754241113232,-0.0118754241113232,-0.0004698881839397791
2.9175e-05,0.0,-0.0,-0.004762784796142313,0.025077256800144304,0.010157236002000997,0.010157236002000997,-0.0004698885562317759
2.92e-05,0.0,-0.0,-0.014316040007921978,-0.005262375187127685,-0.009789207597524831,-0.009789207597524831,-0.0004698889295386341
2.9225e-05,0.0,-0.0,0.013813865469169826,-0.005471437294473899,0.004171214087347963,0.004171214087347963,-0.00046988930386317163
2.925e-05,0.0,-0.0,0.016936939806825795,0.0004589665811913459,0.008697953194008571,0.008697953194008571,-0.0004698896792082203
2.9275e-05,-0.0,0.0,-0.0009614931849932771,-0.03500907694561385,-0.017985285065303565,-0.017985285065303565,-0.0004698900555766357
2.93e-05,-0.0,0.0,-0.005860704272421044,-0.027497519683295373,-0.016679111977858208,-0.016679111977858208,-0.0004698904329712686
2.9325e-05,-0.0,0.0,-0.0037662971708878864,-0.004782185370924386,-0.004274241270906136,-0.004274241270906136,-0.00046989081139498293
2.935e-05,-0.0,0.0,-0.029378560047052013,-0.005836614213354373,-0.017607587130203193,-0.017607587130203193,-0.0004698911908506306
2.9375e-05,-0.0,0.0,0.002914193134766656,-0.02211626137287352,-0.009601034119053432,-0.009601034119053432,-0.00046989157134107726
2.94e-05,-0.0,0.0,-0.006041366879780941,0.009666110787535829,0.0018123719538774437,0.0018123719538774437,-0.000469891952869198
2.9425e-05,-0.0,0.0,0.014420175019964693,-0.009791626743129703,0.002314274138417495,0.002314274138417495,-0.000469892335437888
2.945e-05,-0.0,0.0,-0.0034175949124804973,0.00895494488077658,0.0027686749841480413,0.0027686749841480413,-0.0004698927190500583
2.9475e-05,-0.0,0.0,0.022547229017518683,0.01337314681002032,0.0179601879137695,0.0179601879137695,-0.00046989310370865504
2.95e-05,-0.0,0.0,0.003697727910334324,0.03505001679222857,0.01937387235128145,0.01937387235128145,-0.0004698934894166238
2.9525e-05,0.0,-0.0,-0.0011836680721081748,-0.008139762342035688,-0.004661715207071931,-0.004661715207071931,-0.000469893876176923
2.955e-05,0.0,-0.0,0.0028772156507629156,0.006407331706196304,0.00464227367847961,0.00464227367847961,-0.0004698942639925185
2.9575e-05,0.0,-0.0,-0.008567816361751609,-0.006301267716909912,-0.00743454203933076,-0.00743454203933076,-0.00046989465286637245
2.96e-05,0.0,-0.0,0.0019998155772973036,-0.014293031055556892,-0.006146607739129794,-0.006146607739129794,-0.0004698950428014488
2.9625e-05,0.0,-0.0,-0.00045542778598929795,0.022427295015024728,0.010985933614517714,0.010985933614517714,-0.00046989543380073477
2.965e-05,0.0,-0.0,-0.033980872744173184,-0.003937374575257538,-0.01895912365971536,-0.01895912365971536,-0.00046989582586722163
2.9675e-05,0.0,-0.0,0.0005334371515681128,-0.0046208528604833755,-0.0020437078544576315,-0.0020437078544576315,-0.00046989621900393616
2.97e-05,0.0,-0.0,0.010877914646577917,-0.0030118331658587198,0.003933040740359599,0.003933040740359599,-0.0004698966132139168
2.9725e-05,0.0,-0.0,-0.004965195212140118,-0.020582620387978194,-0.012773907800059155,-0.012773907800059155,-0.0004698970085002238
2.975e-05,0.0,-0.0,-0.008843748149201266,0.012736582197462027,0.0019464170241303806,0.0019464170241303806,-0.0004698974048659221
2.9775e-05,-0.0,0.0,0.0028651022282190886,0.015836104014840036,0.009350603121529561,0.009350603121529561,-0.0004698978023140874
2.98e-05,-0.0,0.0,0.01453340960485307,0.015414765968012025,0.014974087786432548,0.014974087786432548,-0.00046989820084779744
2.9825e-05,-0.0,0.0,-0.007203374461622469,-0.02203285512197664,-0.014618114791799555,-0.014618114791799555,-0.0004698986004701335
2.985e-05,-0.0,0.0,-0.01037382087486921,-0.015405048739434306,-0.012889434807151759,-0.012889434807151759,-0.0004698990011841823
2.9875e-05,-0.0,0.0,0.0055111599044545215,-0.007266723756874429,-0.0008777819262099536,-0.0008777819262099536,-0.00046989940299305155
2.99e-05,-0.0,0.0,0.014441338404534525,0.0010163158309515724,0.0077288271177430486,0.0077288271177430486,-0.00046989980589986585
2.9925e-05,-0.0,0.0,-0.003698486824201602,0.007313978214815778,0.0018077456953070879,0.0018077456953070879,-0.00046990020990777376
2.995e-05,-0.0,0.0,-0.010019298287482308,0.013605610712300972,0.001793156212409332,0.001793156212409332,-0.0004699006150199392
2.9975e-05,-0.0,0.0,-0.005246377707023864,-0.03586205908033881,-0.020554218393681337,-0.020554218393681337,-0.00046990102123954615
3e-05,-0.0,0.0,-0.004785557782902832,-0.016012406158350763,-0.010398981970626798,-0.010398981970626798,-0.0004699014285697819
3.0025e-05,0.0,-0.0,-0.02083315480766969,-0.008308433184079323,-0.014570793995874506,-0.014570793995874506,-0.00046990183701385303
3.005e-05,0.0,-0.0,-0.007401509490063992,0.017371027291615698,0.004984758900775853,0.004984758900775853,-0.0004699022465749561
3.0075e-05,0.0,-0.0,-0.021355467050274468,0.004569432769473173,-0.008393017140400649,-0.008393017140400649,-0.0004699026572562961
3.01e-05,0.0,-0.0,0.020875457162067464,-0.012202089565214408,0.004336683798426528,0.004336683798426528,-0.00046990306906109444
3.0125e-05,0.0,-0.0,0.013809141076052411,0.0039830081901131315,0.00889607463308277,0.00889607463308277,-0.0004699034819925852
3.015e-05,0.0,-0.0,-0.005662490717520579,0.0008196698182624811,-0.002421410449629049,-0.002421410449629049,-0.00046990389605402295
3.0175e-05,0.0,-0.0,0.012845902890971615,0.0202722252322797,0.016559064061625658,0.016559064061625658,-0.0004699043112486791
3.02e-05,0.0,-0.0,0.005986576676841197,-0.001996859081443555,0.001994858797698821,0.001994858797698821,-0.0004699047275798519
3.0225e-05,0.0,-0.0,0.008420285680847451,-0.015771505854332242,-0.0036756100867423955,-0.0036756100867423955,-0.00046990514505085133
3.025e-05,0.0,-0.0,0.00025601310805729546,-0.0015003712327523885,-0.0006221790623475464,-0.0006221790623475464,-0.0004699055636650033
3.0275e-05,-0.0,0.0,0.002820933649325974,0.0010821032810259786,0.0019515184651759763,0.0019515184651759763,-0.0004699059834256403
3.03e-05,-0.0,0.0,0.0035496740385817403,-0.007326342806492147,-0.0018883343839552033,-0.0018883343839552033,-0.0004699064043360958
3.0325e-05,-0.0,0.0,0.007664263039834477,0.006024470422253814,0.0068443667310441455,0.0068443667310441455,-0.00046990682639970526
3.035e-05,-0.0,0.0,0.010024536291325601,0.006907652378445497,0.00846609433488555,0.00846609433488555,-0.0004699072496198273
3.0375e-05,-0.0,0.0,0.009822266487382847,-0.006045332788477856,0.0018884668494524954,0.0018884668494524954,-0.00046990767399982745
3.04e-05,-0.0,0.0,0.028086540929552855,0.0032149742023422517,0.015650757565947554,0.015650757565947554,-0.0004699080995430856
3.0425e-05,-0.0,0.0,-0.017060076744088885,-0.01995624250888287,-0.018508159626485877,-0.018508159626485877,-0.0004699085262530208
3.045e-05,-0.0,0.0,0.019055767675472936,-0.004442742607711025,0.007306512533880955,0.007306512533880955,-0.0004699089541330559
3.0475e-05,-0.0,0.0,0.010125213396989574,-0.009396564113545374,0.0003643246417221,0.0003643246417221,-0.000469909383186645
3.05e-05,-0.0,0.0,0.01176472840134014,0.01182105177841987,0.011792890089880005,0.011792890089880005,-0.0004699098134172511
3.0525e-05,0.0,-0.0,0.014512116187869377,-0.02435372059891047,-0.004920802205520546,-0.004920802205520546,-0.0004699102448283396
3.055e-05,0.0,-0.0,-0.0019191312256299615,-0.024755478737982197,-0.013337304981806079,-0.013337304981806079,-0.000469910677423384
3.0575e-05,0.0,-0.0,0.010164132688951976,0.007489857318541335,0.008826995003746656,0.008826995003746656,-0.00046991111120586504
3.06e-05,0.0,-0.0,0.009357957819657403,-0.003432708849804759,0.002962624484926322,0.002962624484926322,-0.0004699115461792727
3.0625e-05,0.0,-0.0,-0.002396574657066929,0.023910387381271884,0.010756906362102477,0.010756906362102477,-0.0004699119823471118
3.065e-05,0.0,-0.0,-0.007026226071965303,-0.011598561254482217,-0.00931239366322376,-0.00931239366322376,-0.00046991241971291905
3.0675e-05,0.0,-0.0,-0.0006885862583826065,-0.00637878984546298,-0.0035336880519227934,-0.0035336880519227934,-0.0004699128582802419
3.07e-05,0.0,-0.0,-0.015042637714960252,-0.014185586101201223,-0.014614111908080738,-0.014614111908080738,-0.000469913298052659
3.0725e-05,0.0,-0.0,-0.024979975174179752,-0.0012001223519015013,-0.013090048763040627,-0.013090048763040627,-0.0004699137390337579
3.075e-05,0.0,-0.0,0.007189727611131382,0.006711782178686476,0.006950754894908929,0.006950754894908929,-0.0004699141812271417
3.0775e-05,-0.0,0.0,0.0024253507401286747,-0.0021240556693169956,0.00015064753540583952,0.00015064753540583952,-0.0004699146246364122
3.08e-05,-0.0,0.0,0.008780403114328733,0.009546435135732608,0.00916341912503067,0.00916341912503067,-0.0004699150692651914
3.0825e-05,-0.0,0.0,-0.0181577680684938,-0.026438860499779688,-0.02229831428413674,-0.02229831428413674,-0.0004699155151171018
3.085e-05,-0.0,0.0,-0.01628268354562814,-0.024245938700654814,-0.020264311123141476,-0.020264311123141476,-0.0004699159621957883
3.0875e-05,-0.0,0.0,0.02189879982700469,-0.05507760552539681,-0.01658940284919606,-0.01658940284919606,-0.00046991641050491014
3.09e-05,-0.0,0.0,-0.00033634145760145064,0.0037093742838861417,0.0016865164131423455,0.0016865164131423455,-0.0004699168600481547
3.0925e-05,-0.0,0.0,0.027517916161748476,-0.015354348457803027,0.0060817838519727245,0.0060817838519727245,-0.00046991731082922426
3.095e-05,-0.0,0.0,-0.004125530347768482,-0.006547856888718339,-0.0053366936182434105,-0.0053366936182434105,-0.0004699177628518365
3.0975e-05,-0.0,0.0,-0.017085422978927484,0.017404578390971585,0.00015957770602205087,0.00015957770602205087,-0.00046991821611972357
3.1e-05,-0.0,0.0,-0.0090907696284243,0.008778926385715854,-0.00015592162135422312,-0.00015592162135422312,-0.00046991867063663064
3.1025e-05,0.0,-0.0,-0.01460623388441029,-0.0011416828066578564,-0.007873958345534072,-0.007873958345534072,-0.00046991912640630877
3.105e-05,0.0,-0.0,0.020042798323608738,0.011431931630253276,0.015737364976931005,0.015737364976931005,-0.0004699195834325275
3.1075e-05,0.0,-0.0,0.01036207251605627,0.015172655210706553,0.012767363863381412,0.012767363863381412,-0.00046992004171907386
3.11e-05,0.0,-0.0,-0.020615826716592903,0.004502107995404511,-0.008056859360594196,-0.008056859360594196,-0.0004699205012697521
3.1125e-05,0.0,-0.0,-0.0026260534481632463,0.02766567475761966,0.012519810654728207,0.012519810654728207,-0.0004699209620883921
3.115e-05,0.0,-0.0,-0.0111688319820465,-0.0003668569397992875,-0.005767844460922894,-0.005767844460922894,-0.0004699214241788291
3.1175e-05,0.0,-0.0,-0.03836184405424198,0.011837430902587893,-0.013262206575827043,-0.013262206575827043,-0.00046992188754492193
3.12e-05,0.0,-0.0,-0.021954995187859174,0.0059898486983003775,-0.007982573244779398,-0.007982573244779398,-0.00046992235219053173
3.1225e-05,0.0,-0.0,0.007959041441624551,0.02167733785135676,0.014818189646490655,0.014818189646490655,-0.0004699228181195375
3.125e-05,0.0,-0.0,-0.014708678912697734,0.011289211707076726,-0.0017097336028105044,-0.0017097336028105044,-0.0004699232853358315
3.1275e-05,-0.0,0.0,0.010339971036093971,0.005966040445082947,0.00815300574058846,0.00815300574058846,-0.00046992375384332773
3.13e-05,-0.0,0.0,-0.01188542346013651,0.01987049386534185,0.00399253520260267,0.00399253520260267,-0.00046992422364596463
3.1325e-05,-0.0,0.0,0.006658273756934696,-0.003563087436283637,0.0015475931603255292,0.0015475931603255292,-0.00046992469474770233
3.135e-05,-0.0,0.0,-0.021762584507380688,0.021504481720441487,-0.00012905139346960047,-0.00012905139346960047,-0.0004699251671525162
3.1375e-05,-0.0,0.0,-0.0032026754033981893,0.0012221055482026226,-0.0009902849275977834,-0.0009902849275977834,-0.000469925640864401
3.14e-05,-0.0,0.0,-5.9061087710335965e-06,0.025849324727016933,0.01292170930912295,0.01292170930912295,-0.0004699261158873539
3.1425e-05,-0.0,0.0,0.011578060966702008,-0.003945265851727076,0.003816397557487466,0.003816397557487466,-0.0004699265922253799
3.145e-05,-0.0,0.0,0.019739871087865235,-0.007876096157862836,0.005931887465001199,0.005931887465001199,-0.0004699270698824955
3.1475e-05,-0.0,0.0,-0.012866244383872478,0.013782088476624469,0.0004579220463759954,0.0004579220463759954,-0.00046992754886273285
3.15e-05,-0.0,0.0,-0.012578911174027707,-0.0028093446533591676,-0.007694127913693437,-0.007694127913693437,-0.0004699280291701511
3.1525e-05,0.0,-0.0,0.022108191334539156,0.02743869267469639,0.02477344200461777,0.02477344200461777,-0.0004699285108088381
3.155e-05,0.0,-0.0,0.0019186836828221502,0.008953894466503812,0.005436289074662981,0.005436289074662981,-0.00046992899378290703
3.1575e-05,0.0,-0.0,-0.0045778480325001005,0.020032534465186387,0.007727343216343143,0.007727343216343143,-0.0004699294780964966
3.16e-05,0.0,-0.0,-0.017093421893158843,0.024470534107949676,0.0036885561073954163,0.0036885561073954163,-0.00046992996375375834
3.1625e-05,0.0,-0.0,0.007066766734024079,0.023423442474208234,0.015245104604116157,0.015245104604116157,-0.00046993045075884894
3.165e-05,0.0,-0.0,-0.014633489839079212,0.006974495337371107,-0.0038294972508540527,-0.0038294972508540527,-0.00046993093911593256
3.1675e-05,0.0,-0.0,-0.0018729227179419602,0.013962704305490414,0.006044890793774227,0.006044890793774227,-0.0004699314288291803
3.17e-05,0.0,-0.0,0.00821352070951874,-0.0008729649089717046,0.003670277900273518,0.003670277900273518,-0.00046993191990277704
3.1725e-05,0.0,-0.0,-0.0017813746591446137,-0.0008695768115223477,-0.0013254757353334807,-0.0013254757353334807,-0.00046993241234092855
3.175e-05,0.0,-0.0,-0.010005825334078585,0.012343459024220415,0.0011688168450709148,0.0011688168450709148,-0.0004699329061478726
3.1775e-05,-0.0,0.0,0.0031177149175071277,0.016690229671941247,0.009903972294724186,0.009903972294724186,-0.0004699334013278725
3.18e-05,-0.0,0.0,-0.01497067626126792,-0.03135189908321521,-0.023161287672241564,-0.023161287672241564,-0.00046993389788521867
3.1825e-05,-0.0,0.0,0.0029787666537678358,-0.01564516799952953,-0.006333200672880847,-0.006333200672880847,-0.0004699343958242194
3.185e-05,-0.0,0.0,-0.010772408838436073,0.008625079972905866,-0.0010736644327651035,-0.0010736644327651035,-0.00046993489514920083
3.1875e-05,-0.0,0.0,0.006798164838214961,0.011513009754709884,0.009155587296462422,0.009155587296462422,-0.00046993539586449504
3.19e-05,-0.0,0.0,-0.0012726928140354842,0.0004564187255415195,-0.0004081370442469823,-0.0004081370442469823,-0.00046993589797444897
3.1925e-05,-0.0,0.0,0.003024810640461256,-0.007624690318850314,-0.002299939839194529,-0.002299939839194529,-0.00046993640148341477
3.195e-05,-0.0,0.0,0.013571699995889579,-0.0005338341691861697,0.006518932913351705,0.006518932913351705,-0.0004699369063957721
3.1975e-05,-0.0,0.0,-0.00581270923078101,-0.0037646127060624083,-0.004788660968421709,-0.004788660968421709,-0.00046993741271591084
3.2e-05,-0.0,0.0,-0.005918878492444309,0.018972338719518058,0.006526730113536874,0.006526730113536874,-0.0004699379204482536
3.2025e-05,0.0,-0.0,-0.01200020014253083,0.010299103796295405,-0.0008505481731177125,-0.0008505481731177125,-0.00046993842959724074
3.205e-05,0.0,-0.0,0.008134182257668708,-0.01220710968402961,-0.002036463713180451,-0.002036463713180451,-0.00046993894016733617
3.2075e-05,0.0,-0.0,0.02884488477349752,0.007999574622470272,0.018422229697983898,0.018422229697983898,-0.00046993945216302566
3.21e-05,0.0,-0.0,-0.017060938675985786,-0.007370028521962674,-0.01221548359897423,-0.01221548359897423,-0.0004699399655888133
3.2125e-05,0.0,-0.0,-0.012753183239297687,-0.006714507383679323,-0.009733845311488505,-0.009733845311488505,-0.0004699404804492179
3.215e-05,0.0,-0.0,-0.005812597918678797,0.008416617357508425,0.001302009719414814,0.001302009719414814,-0.00046994099674878563
3.2175e-05,0.0,-0.0,0.005157643579868761,-0.011318410193493684,-0.0030803833068124616,-0.0030803833068124616,-0.00046994151449207165
3.22e-05,0.0,-0.0,0.010288623939918883,-0.025496310592015372,-0.007603843326048245,-0.007603843326048245,-0.00046994203368365135
3.2225e-05,0.0,-0.0,-0.002139856241628824,-0.017137040943451535,-0.00963844859254018,-0.00963844859254018,-0.00046994255432811476
3.225e-05,0.0,-0.0,0.01800705939612553,-0.004158490069324258,0.006924284663400636,0.006924284663400636,-0.0004699430764300694
3.2275e-05,-0.0,0.0,-0.0012990364341679014,-0.0015379793617616708,-0.0014185078979647861,-0.0014185078979647861,-0.0004699435999941334
3.23e-05,-0.0,0.0,-0.00962044211155539,0.005245805171120109,-0.0021873184702176406,-0.0021873184702176406,-0.0004699441250249553
3.2325e-05,-0.0,0.0,0.0032561800580282233,0.0018891525821746386,0.002572666320101431,0.002572666320101431,-0.00046994465152720304
3.235e-05,-0.0,0.0,-0.015490276058267086,0.010903488055793383,-0.0022933940012368516,-0.0022933940012368516,-0.00046994517950557733
3.2375e-05,-0.0,0.0,-0.007614747579677254,0.010386062764900884,0.0013856575926118149,0.0013856575926118149,-0.0004699457089648047
3.24e-05,-0.0,0.0,-0.0328969065937432,-0.005559772618794637,-0.019228339606268918,-0.019228339606268918,-0.00046994623990963757
3.2425e-05,-0.0,0.0,0.008964708619496421,-0.024787426243822085,-0.007911358812162832,-0.007911358812162832,-0.0004699467723448453
3.245e-05,-0.0,0.0,0.005647919528260086,0.008974292284577317,0.007311105906418701,0.007311105906418701,-0.00046994730627520715
3.2475e-05,-0.0,0.0,0.004013337277881478,0.01738006351967173,0.010696700398776604,0.010696700398776604,-0.0004699478417055117
3.25e-05,-0.0,0.0,0.011819787310394009,0.0016226350121406753,0.006721211161267342,0.006721211161267342,-0.00046994837864055726
3.2525e-05,0.0,-0.0,0.0006720839396449413,0.010268152359245782,0.005470118149445362,0.005470118149445362,-0.00046994891708515156
3.255e-05,0.0,-0.0,0.004369609117183206,-0.00932636043085063,-0.002478375656833712,-0.002478375656833712,-0.00046994945704413333
3.2575e-05,0.0,-0.0,-0.009498091406749764,0.024239434883117937,0.007370671738184086,0.007370671738184086,-0.00046994999852237166
3.26e-05,0.0,-0.0,0.0008685769879018415,-0.014932826355532142,-0.00703212468381515,-0.00703212468381515,-0.00046995054152477317
3.2625e-05,0.0,-0.0,0.0041201605503022294,0.013364439969556052,0.00874230025992914,0.00874230025992914,-0.0004699510860562864
3.265e-05,0.0,-0.0,-0.025514385649612222,0.010752865915343475,-0.007380759867134374,-0.007380759867134374,-0.00046995163212188096
3.2675e-05,0.0,-0.0,-0.0003593973069782187,-0.0071024131344461575,-0.003730905220712188,-0.003730905220712188,-0.00046995217972654825
3.27e-05,0.0,-0.0,0.019420813689258538,0.017404735877416196,0.018412774783337367,0.018412774783337367,-0.00046995272887528146
3.2725e-05,0.0,-0.0,0.011979164420461638,0.0011152761350451514,0.006547220277753394,0.006547220277753394,-0.0004699532795730783
3.275e-05,-0.0,0.0,0.011959272299245198,-0.021376517518680485,-0.0047086226097176435,-0.0047086226097176435,-0.0004699538318249357
3.2775e-05,-0.0,0.0,0.02185004806918669,-0.013328956314656264,0.004260545877265214,0.004260545877265214,-0.0004699543856358678
3.28e-05,-0.0,0.0,-0.0004216688078785498,-0.013958659605511962,-0.007190164206695256,-0.007190164206695256,-0.00046995494101091407
3.2825e-05,-0.0,0.0,0.010287331860278295,-0.023697948835647364,-0.006705308487684534,-0.006705308487684534,-0.0004699554979551538
3.285e-05,-0.0,0.0,0.014528407232176929,0.011133644902709896,0.012831026067443413,0.012831026067443413,-0.00046995605647371286
3.2875e-05,-0.0,0.0,0.0033737059592016108,0.003690917292462273,0.0035323116258319416,0.0035323116258319416,-0.00046995661657176066
3.29e-05,-0.0,0.0,-0.0038894169457248675,-0.010745665230911259,-0.007317541088318063,-0.007317541088318063,-0.00046995717825449424
3.2925e-05,-0.0,0.0,0.021746221015533723,0.005722491334241142,0.013734356174887432,0.013734356174887432,-0.0004699577415271308
3.295e-05,-0.0,0.0,0.02421503901778901,-0.019377035209349268,0.0024190019042198713,0.0024190019042198713,-0.00046995830639488757
3.2975e-05,-0.0,0.0,0.00883558458484749,0.023726842775588095,0.016281213680217795,0.016281213680217795,-0.0004699588728629847
3.3e-05,0.0,-0.0,0.010876573095381807,0.018612904059016135,0.014744738577198971,0.014744738577198971,-0.00046995944093664325
3.3025e-05,0.0,-0.0,0.007788213103830837,0.01799633185652362,0.012892272480177228,0.012892272480177228,-0.0004699600106210983
3.305e-05,0.0,-0.0,-0.012485133053399676,0.0075713587523706044,-0.0024568871505145358,-0.0024568871505145358,-0.00046996058192161225
3.3075e-05,0.0,-0.0,-0.0043104221427370465,0.0015204338777371899,-0.0013949941324999282,-0.0013949941324999282,-0.00046996115484349216
3.31e-05,0.0,-0.0,-0.0021428920581539677,0.02233344672326768,0.010095277332556857,0.010095277332556857,-0.0004699617293920824
3.3125e-05,0.0,-0.0,-0.008794990964304085,0.040502839672450525,0.01585392435407322,0.01585392435407322,-0.00046996230557277995
3.315e-05,0.0,-0.0,0.006620869854355083,-0.008585268669607815,-0.0009821994076263663,-0.0009821994076263663,-0.00046996288339100345
3.3175e-05,0.0,-0.0,-0.009796008011408834,0.01151518002080244,0.0008595860046968027,0.0008595860046968027,-0.0004699634628521966
3.32e-05,0.0,-0.0,-0.015537024374140658,-0.008422831773374703,-0.011979928073757681,-0.011979928073757681,-0.0004699640439618084
3.3225e-05,0.0,-0.0,0.00525511440600101,0.011683024452937844,0.008469069429469426,0.008469069429469426,-0.0004699646267252986
3.325e-05,-0.0,0.0,-0.002268525937034817,0.005995522238831365,0.001863498150898274,0.001863498150898274,-0.0004699652111481297
3.3275e-05,-0.0,0.0,-0.014081970517800845,0.02091846546505961,0.0034182474736293824,0.0034182474736293824,-0.00046996579723578946
3.33e-05,-0.0,0.0,-0.0010325790143179351,-0.00580923983514359,-0.0034209094247307625,-0.0034209094247307625,-0.00046996638499378733
3.3325e-05,-0.0,0.0,0.009232646496716748,-0.012371291261509005,-0.0015693223823961284,-0.0015693223823961284,-0.00046996697442766876
3.335e-05,-0.0,0.0,-0.00552929409261373,-0.025130872566727386,-0.015330083329670558,-0.015330083329670558,-0.00046996756554301634
3.3375e-05,-0.0,0.0,-0.02427692666727168,0.01069817115119282,-0.00678937775803943,-0.00678937775803943,-0.0004699681583454456
3.34e-05,-0.0,0.0,-0.018188525659081668,0.0010513959140838127,-0.008568564872498928,-0.008568564872498928,-0.00046996875284060347
3.3425e-05,-0.0,0.0,-0.016618896007745312,-0.01986716125998824,-0.018243028633866776,-0.018243028633866776,-0.00046996934903416283
3.345e-05,-0.0,0.0,0.017410607706399232,-0.014316910030706256,0.0015468488378464883,0.0015468488378464883,-0.0004699699469318114
3.3475e-05,-0.0,0.0,0.00022606642578530504,0.002993942010166716,0.0016100042179760105,0.0016100042179760105,-0.0004699705465392602
3.35e-05,-0.0,0.0,-0.008289029862044625,-0.0018885747545392124,-0.005088802308291919,-0.005088802308291919,-0.00046997114786223826
3.3525e-05,0.0,-0.0,-0.006870795498403727,-0.017817707954470526,-0.012344251726437126,-0.012344251726437126,-0.00046997175090649667
3.355e-05,0.0,-0.0,-0.002644575191584262,0.01744740539957127,0.0074014151039935045,0.0074014151039935045,-0.0004699723556778094
3.3575e-05,0.0,-0.0,0.0012034719708573834,-0.007990017693256787,-0.003393272861199702,-0.003393272861199702,-0.00046997296218197513
3.36e-05,0.0,-0.0,0.01195250300872859,0.015880547859011027,0.013916525433869809,0.013916525433869809,-0.00046997357042482515
3.3625e-05,0.0,-0.0,-0.011352896659170776,0.015357773429383203,0.002002438385106213,0.002002438385106213,-0.0004699741804122157
3.365e-05,0.0,-0.0,-0.0022753479147986336,0.018571259653345894,0.00814795586927363,0.00814795586927363,-0.0004699747921500314
3.3675e-05,0.0,-0.0,-0.017989249220150508,0.022449679143620456,0.002230214961734974,0.002230214961734974,-0.0004699754056441882
3.37e-05,0.0,-0.0,-0.011832181366143103,-0.020501503744710697,-0.0161668425554269,-0.0161668425554269,-0.0004699760209006264
3.3725e-05,0.0,-0.0,0.02754304656190716,0.0010739314885502744,0.014308489025228717,0.014308489025228717,-0.00046997663792531786
3.375e-05,0.0,-0.0,0.005263140126985375,0.018339208317601625,0.0118011742222935,0.0118011742222935,-0.0004699772567242607
3.3775e-05,-0.0,0.0,-0.0023108931255796483,-0.01055016953337648,-0.006430531329478064,-0.006430531329478064,-0.0004699778773034801
3.38e-05,-0.0,0.0,0.0018326446522157923,-0.018543272434071657,-0.008355313890927932,-0.008355313890927932,-0.0004699784996690192
3.3825e-05,-0.0,0.0,0.02139828067460332,-0.010152078694462878,0.005623100990070221,0.005623100990070221,-0.0004699791238269494
3.385e-05,-0.0,0.0,0.01308631056590567,0.001681999778873787,0.007384155172389728,0.007384155172389728,-0.00046997974978337117
3.3875e-05,-0.0,0.0,0.017446746347709593,0.0002727163715201159,0.008859731359614854,0.008859731359614854,-0.0004699803775443965
3.39e-05,-0.0,0.0,-0.00033617447039148017,0.022650085448587244,0.011156955489097882,0.011156955489097882,-0.0004699810071161715
3.3925e-05,-0.0,0.0,0.001111020491479315,-0.0112312428101322,-0.005060111159326443,-0.005060111159326443,-0.0004699816385048742
3.395e-05,-0.0,0.0,-0.009943015410390344,0.005623733272629123,-0.0021596410688806108,-0.0021596410688806108,-0.00046998227171671106
3.3975e-05,-0.0,0.0,0.000690602678057079,0.011937770631361545,0.006314186654709312,0.006314186654709312,-0.00046998290675792393
3.4e-05,-0.0,0.0,-0.011282652347530196,-0.013757379450243447,-0.012520015898886822,-0.012520015898886822,-0.00046998354363478697
3.4025e-05,0.0,-0.0,0.007303499731832773,-0.007760116698374674,-0.00022830848327095058,-0.00022830848327095058,-0.0004699841823536031
3.405e-05,0.0,-0.0,0.014503409987635107,0.008199354250621963,0.011351382119128535,0.011351382119128535,-0.0004699848229207114
3.4075e-05,0.0,-0.0,-0.006925300013560112,-0.01269292483427751,-0.009809112423918812,-0.009809112423918812,-0.00046998546534245995
3.41e-05,0.0,-0.0,-0.0004789239088926467,0.0072996254399480005,0.0034103507655276768,0.0034103507655276768,-0.00046998610962522674
3.4125e-05,0.0,-0.0,0.019953113200116147,-0.0018200417407718576,0.009066535729672144,0.009066535729672144,-0.00046998675577540725
3.415e-05,0.0,-0.0,0.017296834450764978,0.015529701863088111,0.016413268156926543,0.016413268156926543,-0.0004699874037994282
3.4175e-05,0.0,-0.0,-0.005997341324946356,-0.02659535880488712,-0.01629635006491674,-0.01629635006491674,-0.00046998805370373337
3.42e-05,0.0,-0.0,-0.013625833363715135,0.028958499668054784,0.0076663331521698245,0.0076663331521698245,-0.00046998870549482414
3.4225e-05,0.0,-0.0,-0.01028089880391638,-0.02059243946945173,-0.015436669136684057,-0.015436669136684057,-0.0004699893591792242
3.425e-05,0.0,-0.0,-0.004806291647100776,-0.01943845886232929,-0.012122375254715033,-0.012122375254715033,-0.0004699900147635012
3.4275e-05,-0.0,0.0,-0.019923947902823935,-0.01381108233325791,-0.016867515118040924,-0.016867515118040924,-0.0004699906722542577
3.43e-05,-0.0,0.0,-0.0045878863375134575,0.010697543539753877,0.00305482860112021,0.00305482860112021,-0.0004699913316581265
3.4325e-05,-0.0,0.0,-0.01737983176537277,-0.014504212070896777,-0.015942021918134774,-0.015942021918134774,-0.0004699919929817467
3.435e-05,-0.0,0.0,0.024487860829412875,0.00133723635538395,0.012912548592398413,0.012912548592398413,-0.0004699926562317955
3.4375e-05,-0.0,0.0,0.032413018051078595,0.002175960747185583,0.017294489399132088,0.017294489399132088,-0.0004699933214149589
3.44e-05,-0.0,0.0,0.005602592366017968,-0.0171012697598082,-0.005749338696895117,-0.005749338696895117,-0.00046999398853795265
3.4425e-05,-0.0,0.0,-0.0024828157116372003,-0.015760310966999314,-0.009121563339318257,-0.009121563339318257,-0.0004699946576075255
3.445e-05,-0.0,0.0,-0.02080674721487925,-0.025258073192376794,-0.02303241020362802,-0.02303241020362802,-0.00046999532863047815
3.4475e-05,-0.0,0.0,-0.016570650007605117,-0.006482540441190913,-0.011526595224398015,-0.011526595224398015,-0.00046999600161363715
3.45e-05,-0.0,0.0,-0.006338730947178776,0.0015964149617237286,-0.002371157992727524,-0.002371157992727524,-0.000469996676563891
3.4525e-05,0.0,-0.0,-0.006819408232987336,0.006873668669886459,2.71302184495616e-05,2.71302184495616e-05,-0.00046999735348813773
3.455e-05,0.0,-0.0,-0.006547342867024398,-0.02075722989343118,-0.013652286380227788,-0.013652286380227788,-0.00046999803239331493
3.4575e-05,0.0,-0.0,-0.0075466064670048376,0.02107150162273356,0.00676244757786436,0.00676244757786436,-0.0004699987132863819
3.46e-05,0.0,-0.0,0.011528261268470544,0.008110803978502239,0.009819532623486392,0.009819532623486392,-0.00046999939617430834
3.4625e-05,0.0,-0.0,0.003676536872810817,-0.034736521137579926,-0.015529992132384554,-0.015529992132384554,-0.0004700000810640991
3.465e-05,0.0,-0.0,-0.00302158866315954,-0.01252521355367358,-0.00777340110841656,-0.00777340110841656,-0.0004700007679627919
3.4675e-05,0.0,-0.0,0.004994382818047122,0.019979866026009076,0.012487124422028099,0.012487124422028099,-0.00047000145687745655
3.47e-05,0.0,-0.0,0.0065601814446009715,0.01530201324775581,0.01093109734617839,0.01093109734617839,-0.0004700021478152112
3.4725e-05,0.0,-0.0,-0.024532642730560456,0.017845342143418628,-0.003343650293570914,-0.003343650293570914,-0.00047000284078321027
3.475e-05,0.0,-0.0,-0.017728233896277545,0.011886103922852493,-0.002921064986712526,-0.002921064986712526,-0.0004700035357886433
3.4775e-05,-0.0,0.0,0.0064926695118196365,0.01096848306811159,0.008730576289965614,0.008730576289965614,-0.0004700042328387361
3.48e-05,-0.0,0.0,0.006334568741001619,-0.01468205337637293,-0.004173742317685655,-0.004173742317685655,-0.0004700049319407441
3.4825e-05,-0.0,0.0,-0.00769995398683154,-0.0003682531520167426,-0.004034103569424141,-0.004034103569424141,-0.00047000563310194095
3.485e-05,-0.0,0.0,0.015497530173321328,0.020893094077338425,0.018195312125329877,0.018195312125329877,-0.0004700063363296432
3.4875e-05,-0.0,0.0,-0.0013283097977393773,0.00034772471899831466,-0.0004902925393705313,-0.0004902925393705313,-0.0004700070416311893
3.49e-05,-0.0,0.0,-0.03197912910614371,0.0010279283461310615,-0.015475600380006322,-0.015475600380006322,-0.0004700077490139507
3.4925e-05,-0.0,0.0,-0.003538102820612516,-0.0032835887467024343,-0.003410845783657475,-0.003410845783657475,-0.00047000845848534854
3.495e-05,-0.0,0.0,0.004303690546441085,0.010171824437516066,0.007237757491978575,0.007237757491978575,-0.00047000917005282823
3.4975e-05,-0.0,0.0,0.021297106163747772,-0.015833600361883714,0.002731752900932029,0.002731752900932029,-0.00047000988372388126
3.5e-05,-0.0,0.0,0.004433367625848496,-0.006755114489046411,-0.0011608734315989573,-0.0011608734315989573,-0.0004700105995060303
3.5025e-05,0.0,-0.0,-0.00252465147991497,0.0001387998146923515,-0.0011929258326113092,-0.0011929258326113092,-0.0004700113174068346
3.505e-05,0.0,-0.0,-0.007878412721738105,0.0037537975423847275,-0.0020623075896766888,-0.0020623075896766888,-0.00047001203743388445
3.5075e-05,0.0,-0.0,-0.006862292931027746,-0.019391362197023393,-0.01312682756402557,-0.01312682756402557,-0.0004700127595947983
3.51e-05,0.0,-0.0,-0.0015065383520687973,0.02905783571306548,0.013775648680498341,0.013775648680498341,-0.0004700134838972414
3.5125e-05,0.0,-0.0,-0.01111298012433009,0.007095558493817049,-0.00200871081525652,-0.00200871081525652,-0.0004700142103489079
3.515e-05,0.0,-0.0,-0.029523587438253666,-0.015843327270564464,-0.022683457354409065,-0.022683457354409065,-0.00047001493895752435
3.5175e-05,0.0,-0.0,0.022686104214831863,0.016144918838190723,0.019415511526511293,0.019415511526511293,-0.00047001566973086913
3.52e-05,0.0,-0.0,-0.010718494634453537,0.012826229214038743,0.001053867289792603,0.001053867289792603,-0.0004700164026767555
3.5225e-05,0.0,-0.0,-0.024896569516723848,-0.013707202119346737,-0.019301885818035294,-0.019301885818035294,-0.0004700171378030255
3.525e-05,0.0,-0.0,-0.03276887285126727,0.0022726626081691786,-0.015248105121549045,-0.015248105121549045,-0.0004700178751175605
3.5275e-05,-0.0,0.0,0.011789453555518657,-0.018878874751984385,-0.003544710598232864,-0.003544710598232864,-0.00047001861462827324
3.53e-05,-0.0,0.0,-0.01565286203954334,-0.005137217797382588,-0.010395039918462964,-0.010395039918462964,-0.00047001935634311074
3.5325e-05,-0.0,0.0,0.0023999050258276303,-0.0017144725380055456,0.00034271624391104237,0.00034271624391104237,-0.0004700201002700577
3.535e-05,-0.0,0.0,-0.009926726133674006,0.00809629735072435,-0.0009152143914748284,-0.0009152143914748284,-0.0004700208464171352
3.5375e-05,-0.0,0.0,-0.012701372967352067,0.01131108452473898,-0.0006951442213065434,-0.0006951442213065434,-0.0004700215947924085
3.54e-05,-0.0,0.0,0.010059529533352825,-0.03536647826413207,-0.012653474365389623,-0.012653474365389623,-0.0004700223454039841
3.5425e-05,-0.0,0.0,0.01157175234258308,-0.0029589074029033836,0.004306422469839848,0.004306422469839848,-0.0004700230982600142
3.545e-05,-0.0,0.0,0.03666700299132486,-0.009097565830350247,0.013784718580487305,0.013784718580487305,-0.000470023853368678
3.5475e-05,-0.0,0.0,0.00913807251610541,-0.0020849237842976457,0.0035265743659038825,0.0035265743659038825,-0.00047002461073820945
3.55e-05,0.0,-0.0,0.008977900898708441,0.011966054690115632,0.010471977794412037,0.010471977794412037,-0.00047002537037687056
3.5525e-05,0.0,-0.0,0.0005112814758636283,-0.00833420464601531,-0.003911461585075841,-0.003911461585075841,-0.00047002613229295677
3.555e-05,0.0,-0.0,0.005928034900502114,0.01990072803115109,0.012914381465826602,0.012914381465826602,-0.0004700268964948029
3.5575e-05,0.0,-0.0,0.016942335532589285,-0.018224549104551645,-0.0006411067859811801,-0.0006411067859811801,-0.0004700276629907776
3.56e-05,0.0,-0.0,-0.0275763462019189,-0.022480624233044467,-0.02502848521748168,-0.02502848521748168,-0.0004700284317892898
3.5625e-05,0.0,-0.0,0.0052483654411067705,0.011100318075508651,0.00817434175830771,0.00817434175830771,-0.0004700292028987846
3.565e-05,0.0,-0.0,-0.019624913776071624,0.019936859013979943,0.0001559726189541595,0.0001559726189541595,-0.0004700299763277532
3.5675e-05,0.0,-0.0,-0.0031243864504839347,-0.001162068002293403,-0.002143227226388669,-0.002143227226388669,-0.00047003075208473116
3.57e-05,0.0,-0.0,-0.005650819039953181,0.0044584391252813806,-0.0005961899573359002,-0.0005961899573359002,-0.0004700315301782986
3.5725e-05,0.0,-0.0,0.01538772992514923,0.0009810746135294527,0.008184402269339341,0.008184402269339341,-0.0004700323106170854
3.575e-05,-0.0,0.0,-6.661285850923806e-06,0.003164308615691076,0.001578823664920076,0.001578823664920076,-0.00047003309340976215
3.5775e-05,-0.0,0.0,-0.005277728310782253,0.026378931513986282,0.010550601601602014,0.010550601601602014,-0.00047003387856504625
3.58e-05,-0.0,0.0,0.02235300551212437,0.004528508668562803,0.013440757090343586,0.013440757090343586,-0.000470034666091687
3.5825e-05,-0.0,0.0,0.007977406079852329,-0.025217592291471098,-0.008620093105809384,-0.008620093105809384,-0.00047003545599846907
3.585e-05,-0.0,0.0,-0.0026834289457407312,0.007060616644414414,0.0021885938493368413,0.0021885938493368413,-0.0004700362482942051
3.5875e-05,-0.0,0.0,-0.02691249438648988,0.0041546304405703244,-0.011378931972959777,-0.011378931972959777,-0.000470037042987744
3.59e-05,-0.0,0.0,-0.021154544700242455,-0.0010856271189717782,-0.011120085909607117,-0.011120085909607117,-0.0004700378400879792
3.5925e-05,-0.0,0.0,-0.005134309231751642,0.0017509334155406144,-0.0016916879081055138,-0.0016916879081055138,-0.00047003863960384904
3.595e-05,-0.0,0.0,-0.027876672137878155,0.009039340297099874,-0.00941866592038914,-0.00941866592038914,-0.00047003944154434655
3.5975e-05,-0.0,0.0,-0.0024801422522152073,-0.017407411253315356,-0.009943776752765282,-0.009943776752765282,-0.00047004024591852645
3.6e-05,0.0,-0.0,0.01226445000088192,-0.02152378809959736,-0.0046296690493577205,-0.0046296690493577205,-0.00047004105273549184
3.6025e-05,0.0,-0.0,-0.02332373598390114,0.010785686255121456,-0.006269024864389842,-0.006269024864389842,-0.000470041862004399
3.605e-05,0.0,-0.0,0.0097155102280321,-0.02487955540001723,-0.007582022585992564,-0.007582022585992564,-0.000470042673734436
3.6075e-05,0.0,-0.0,0.017914811422826724,0.00795000210544459,0.012932406764135658,0.012932406764135658,-0.0004700434879348244
3.61e-05,0.0,-0.0,-0.019107786835065175,-0.023859625476865508,-0.021483706155965343,-0.021483706155965343,-0.000470044304614811
3.6125e-05,0.0,-0.0,0.0011356080920249304,0.005840790762078397,0.003488199427051664,0.003488199427051664,-0.000470045123783679
3.615e-05,0.0,-0.0,-0.007073415590213702,0.021710546443745267,0.007318565426765782,0.007318565426765782,-0.0004700459454507508
3.6175e-05,0.0,-0.0,0.013703939627520255,-0.009995926840328531,0.0018540063935958617,0.0018540063935958617,-0.0004700467696254004
3.62e-05,0.0,-0.0,0.007494893708229628,0.03363087370118598,0.020562883704707807,0.020562883704707807,-0.0004700475963170654
3.6225e-05,0.0,-0.0,0.0105994936095672,-0.009705422442159755,0.00044703558370372265,0.00044703558370372265,-0.0004700484255352398
3.625e-05,0.0,-0.0,0.002385001437288763,-0.0167104867369508,-0.007162742649831019,-0.007162742649831019,-0.0004700492572894771
3.6275e-05,-0.0,0.0,0.004039435332665268,0.007673739210543671,0.00585658727160447,0.00585658727160447,-0.00047005009158939076
3.63e-05,-0.0,0.0,-0.0033868734842982303,-0.012058043204076444,-0.007722458344187337,-0.007722458344187337,-0.00047005092844462187
3.6325e-05,-0.0,0.0,-0.011808979472233349,-0.003651498534755881,-0.007730239003494615,-0.007730239003494615,-0.0004700517678648521
3.635e-05,-0.0,0.0,-0.0008254480964506081,-0.00908197965548849,-0.004953713875969549,-0.004953713875969549,-0.00047005260985979314
3.6375e-05,-0.0,0.0,0.005644585212452875,0.010131579356612715,0.007888082284532794,0.007888082284532794,-0.00047005345443918984
3.64e-05,-0.0,0.0,-0.030657893953143476,0.008357083246024175,-0.01115040535355965,-0.01115040535355965,-0.0004700543016128327
3.6425e-05,-0.0,0.0,0.02072422035109158,-0.010278156709342198,0.0052230318208746915,0.0052230318208746915,-0.0004700551513905668
3.645e-05,-0.0,0.0,-0.0016223038924421454,-0.037353387273931594,-0.01948784558318687,-0.01948784558318687,-0.00047005600378229495
3.6475e-05,-0.0,0.0,-0.009903478610521689,-0.022645399963212527,-0.016274439286867108,-0.016274439286867108,-0.00047005685879799333
3.65e-05,-0.0,0.0,-0.00387435905635811,0.008447830226345949,0.0022867355849939194,0.0022867355849939194,-0.000470057716447685
3.6525e-05,0.0,-0.0,-0.008907250623639337,-0.028516217961079494,-0.018711734292359415,-0.018711734292359415,-0.00047005857674144744
3.655e-05,0.0,-0.0,0.0123919698256751,-0.02085362346786831,-0.004230826821096604,-0.004230826821096604,-0.00047005943968940294
3.6575e-05,0.0,-0.0,-0.02526483243779264,0.018560035700078026,-0.003352398368857307,-0.003352398368857307,-0.00047006030530171393
3.66e-05,0.0,-0.0,0.015545952150960322,0.028335551788404162,0.021940751969682242,0.021940751969682242,-0.00047006117358858147
3.6625e-05,0.0,-0.0,-0.011075553868346997,0.006117042658126791,-0.0024792556051101027,-0.0024792556051101027,-0.0004700620445602478
3.665e-05,0.0,-0.0,0.009962553649384625,-0.005449916891398158,0.0022563183789932333,0.0022563183789932333,-0.0004700629182270079
3.6675e-05,0.0,-0.0,-0.0017873729584444134,-0.017143265291913803,-0.009465319125179108,-0.009465319125179108,-0.0004700637945992083
3.67e-05,0.0,-0.0,-0.01349089874809983,0.015887276111274586,0.0011981886815873779,0.0011981886815873779,-0.00047006467368725644
3.6725e-05,0.0,-0.0,0.009924539018828258,-0.029523493200136003,-0.009799477090653872,-0.009799477090653872,-0.00047006555550162005
3.675e-05,0.0,-0.0,0.0008845773940081309,0.017209240317562106,0.00904690885578512,0.00904690885578512,-0.00047006644005281867
3.6775e-05,-0.0,0.0,0.023553121722365036,0.0007038244423879898,0.012128473082376513,0.012128473082376513,-0.00047006732735142755
3.68e-05,-0.0,0.0,0.003619112271243379,0.012480604896569115,0.008049858583906246,0.008049858583906246,-0.00047006821740807237
3.6825e-05,-0.0,0.0,-0.00589246961859842,-0.023719235476249562,-0.014805852547423991,-0.014805852547423991,-0.00047006911023343077
3.685e-05,-0.0,0.0,0.02674317943348858,-0.019121690205614487,0.0038107446139370466,0.0038107446139370466,-0.0004700700058382233
3.6875e-05,-0.0,0.0,-0.00292280444206387,0.041662135810391646,0.019369665684163886,0.019369665684163886,-0.00047007090423322893
3.69e-05,-0.0,0.0,-0.006060305593239578,0.006208206959677662,7.395068321904182e-05,7.395068321904182e-05,-0.0004700718054292705
3.6925e-05,-0.0,0.0,-0.009009089110653604,-0.020409985112012738,-0.01470953711133317,-0.01470953711133317,-0.00047007270943722737
3.695e-05,-0.0,0.0,-0.005132402044598666,0.009705195728208892,0.002286396841805113,0.002286396841805113,-0.00047007361626803156
3.6975e-05,-0.0,0.0,0.018129191388188175,0.013048362802383733,0.015588777095285954,0.015588777095285954,-0.000470074525932673
3.7e-05,-0.0,0.0,0.004797736481680799,0.014586105875824975,0.009691921178752887,0.009691921178752887,-0.00047007543844219577
3.7025e-05,0.0,-0.0,0.0031583429493614932,-0.0007520573875028831,0.001203142780929305,0.001203142780929305,-0.00047007635380770675
3.705e-05,0.0,-0.0,-0.02186049559733939,-0.012373245874048037,-0.017116870735693714,-0.017116870735693714,-0.0004700772720403705
3.7075e-05,0.0,-0.0,-0.009255413807933835,0.023573410810291535,0.00715899850117885,0.00715899850117885,-0.00047007819315141556
3.71e-05,0.0,-0.0,0.0007343304988495309,0.02925275254900595,0.01499354152392774,0.01499354152392774,-0.0004700791171521198
3.7125e-05,0.0,-0.0,0.0025964314689315205,-0.0040370931777776375,-0.0007203308544230585,-0.0007203308544230585,-0.00047008004405382276
3.715e-05,0.0,-0.0,0.014705971170609547,-0.014492283510884788,0.0001068438298623799,0.0001068438298623799,-0.0004700809738679072
3.7175e-05,0.0,-0.0,-0.007605900226587817,0.003141118997300067,-0.0022323906146438748,-0.0022323906146438748,-0.00047008190660580834
3.72e-05,0.0,-0.0,-0.0038907449540964215,-0.010221445076441927,-0.007056095015269174,-0.007056095015269174,-0.0004700828422790097
3.7225e-05,0.0,-0.0,-0.012347726830677965,-0.013668795326629266,-0.013008261078653615,-0.013008261078653615,-0.0004700837808990584
3.725e-05,0.0,-0.0,0.002993059857449679,-0.013012067541683128,-0.005009503842116724,-0.005009503842116724,-0.00047008472247755885
3.7275e-05,-0.0,0.0,0.0010130071126525028,-0.015366307429732502,-0.007176650158539999,-0.007176650158539999,-0.00047008566702619255
3.73e-05,-0.0,0.0,-0.008494702587623816,-0.0005832378066440252,-0.00453897019713392,-0.00453897019713392,-0.00047008661455670293
3.7325e-05,-0.0,0.0,0.008466921926016358,0.020458487315970147,0.014462704620993253,0.014462704620993253,-0.00047008756508090264
3.735e-05,-0.0,0.0,-0.016770792420674065,-0.013530452275919277,-0.015150622348296672,-0.015150622348296672,-0.0004700885186106574
3.7375e-05,-0.0,0.0,-1.983414703392777e-05,-0.015424797847756461,-0.007722315997395195,-0.007722315997395195,-0.00047008947515789613
3.74e-05,-0.0,0.0,0.020123467857969587,0.013067288109545848,0.016595377983757716,0.016595377983757716,-0.0004700904347345788
3.7425e-05,-0.0,0.0,-0.000980232198658204,0.002374675889695327,0.0006972218455185616,0.0006972218455185616,-0.0004700913973527303
3.745e-05,-0.0,0.0,-0.016557512636634752,-0.014868570885105604,-0.015713041760870176,-0.015713041760870176,-0.00047009236302442386
3.7475e-05,-0.0,0.0,0.021347528327478,-0.00407269036629027,0.008637418980593866,0.008637418980593866,-0.00047009333176180367
3.75e-05,-0.0,0.0,-0.003216923444747534,-0.004234803711225148,-0.003725863577986341,-0.003725863577986341,-0.0004700943035770866
3.7525e-05,0.0,-0.0,0.024093072520893297,0.005366410130980371,0.014729741325936834,0.014729741325936834,-0.0004700952784825641
3.755e-05,0.0,-0.0,0.005712197741605843,-0.006995415233050551,-0.0006416087457223538,-0.0006416087457223538,-0.0004700962564905951
3.7575e-05,0.0,-0.0,0.008344467985091369,0.02380305460302234,0.016073761294056854,0.016073761294056854,-0.0004700972376136126
3.76e-05,0.0,-0.0,0.006846670165800838,-0.03323613244128282,-0.01319473113774099,-0.01319473113774099,-0.00047009822186409433
3.7625e-05,0.0,-0.0,-0.039848174286787885,-0.028175954412709037,-0.03401206434974846,-0.03401206434974846,-0.00047009920925457344
3.765e-05,0.0,-0.0,-0.005322156131526515,0.020494648368670283,0.007586246118571884,0.007586246118571884,-0.0004701001997976374
3.7675e-05,0.0,-0.0,-0.0034588465133534438,-0.012883937476733361,-0.008171391995043402,-0.008171391995043402,-0.0004701011935059296
3.77e-05,0.0,-0.0,0.018401298028665115,-0.02539622898830885,-0.003497465479821868,-0.003497465479821868,-0.00047010219039216587
3.7725e-05,0.0,-0.0,-0.0007871215557146438,0.003234491463125288,0.0012236849537053222,0.0012236849537053222,-0.00047010319046913605
3.775e-05,0.0,-0.0,0.009879815702164693,0.03074486614661684,0.020312340924390767,0.020312340924390767,-0.0004701041937497089
3.7775e-05,-0.0,0.0,-0.021170366359168604,-0.02345253129138064,-0.022311448825274624,-0.022311448825274624,-0.0004701052002468267
3.78e-05,-0.0,0.0,-0.005517128238689845,-0.010135823333552169,-0.007826475786121008,-0.007826475786121008,-0.00047010620997349245
3.7825e-05,-0.0,0.0,0.000575989562729805,-0.015734450613603356,-0.007579230525436776,-0.007579230525436776,-0.00047010722294277973
3.785e-05,-0.0,0.0,0.020716950962965403,-0.0011165916404275418,0.009800179661268931,0.009800179661268931,-0.0004701082391678103
3.7875e-05,-0.0,0.0,-0.0004316257622701707,0.002847576255705866,0.0012079752467178476,0.0012079752467178476,-0.0004701092586617691
3.79e-05,-0.0,0.0,0.010373457672491699,0.0012163283408185817,0.005794893006655141,0.005794893006655141,-0.0004701102814379077
3.7925e-05,-0.0,0.0,-0.029113303903340677,-0.026765857270319708,-0.027939580586830194,-0.027939580586830194,-0.00047011130750955395
3.795e-05,-0.0,0.0,0.0112717414306036,0.007573693539313777,0.009422717484958688,0.009422717484958688,-0.00047011233689010296
3.7975e-05,-0.0,0.0,0.015776829648029272,0.015849836920676978,0.015813333284353123,0.015813333284353123,-0.00047011336959303806
3.8e-05,-0.0,0.0,0.0027754646382847368,0.009557459276775138,0.006166461957529937,0.006166461957529937,-0.00047011440563190935
3.8025e-05,0.0,-0.0,0.004031951164677493,-0.0022232576419865713,0.0009043467613454607,0.0009043467613454607,-0.00047011544502034285
3.805e-05,0.0,-0.0,-0.005731907601606103,0.016682448250541375,0.005475270324467636,0.005475270324467636,-0.0004701164877720084
3.8075e-05,0.0,-0.0,-0.016094795345839946,-0.002260225301472852,-0.009177510323656398,-0.009177510323656398,-0.0004701175339006723
3.81e-05,0.0,-0.0,-0.006334499829881533,-0.03098450199593825,-0.018659500912909893,-0.018659500912909893,-0.00047011858342013843
3.8125e-05,0.0,-0.0,0.01913967429023103,-0.01231469140736441,0.0034124914414333093,0.0034124914414333093,-0.00047011963634430013
3.815e-05,0.0,-0.0,0.0332472536023338,-0.0030998545450007667,0.015073699528666516,0.015073699528666516,-0.0004701206926871252
3.8175e-05,0.0,-0.0,0.00783694361786432,0.013276964588143047,0.010556954103003682,0.010556954103003682,-0.0004701217524626647
3.82e-05,0.0,-0.0,0.0047614905266301815,0.004286803582628747,0.004524147054629464,0.004524147054629464,-0.0004701228156850417
3.8225e-05,0.0,-0.0,-0.017520080456906735,0.017077684603703475,-0.00022119792660162986,-0.00022119792660162986,-0.0004701238823684589
3.825e-05,0.0,-0.0,-0.018773006416118204,-0.005228879250473955,-0.012000942833296079,-0.012000942833296079,-0.00047012495252718824
3.8275e-05,-0.0,0.0,-0.005324405196042243,0.002476708144644528,-0.0014238485256988576,-0.0014238485256988576,-0.0004701260261755665
3.83e-05,-0.0,0.0,0.00970490573918729,0.0035576386570340414,0.006631272198110666,0.006631272198110666,-0.0004701271033280042
3.8325e-05,-0.0,0.0,-0.020951783564687434,0.019321607088719158,-0.0008150882379841379,-0.0008150882379841379,-0.00047012818399897545
3.835e-05,-0.0,0.0,-0.018316757063373483,-0.008545087117533321,-0.013430922090453403,-0.013430922090453403,-0.0004701292682030508
3.8375e-05,-0.0,0.0,-0.01667213859500012,-0.011861826195378554,-0.014266982395189337,-0.014266982395189337,-0.0004701303559548692
3.84e-05,-0.0,0.0,-0.0023937177904440237,-0.006516618870972104,-0.004455168330708064,-0.004455168330708064,-0.00047013144726916153
3.8425e-05,-0.0,0.0,0.01552660153287259,0.0037912474407652947,0.009658924486818942,0.009658924486818942,-0.00047013254216074897
3.845e-05,-0.0,0.0,0.010338140810638103,-0.0013566807063901264,0.004490730052123988,0.004490730052123988,-0.00047013364064452123
3.8475e-05,-0.0,0.0,-0.02752220135857317,-0.0016114944986249675,-0.01456684792859907,-0.01456684792859907,-0.0004701347427354392
3.85e-05,-0.0,0.0,-0.01575510375481661,-0.002791327629553896,-0.009273215692185253,-0.009273215692185253,-0.00047013584844853376
3.8525e-05,0.0,-0.0,0.010431373443846845,0.0037766760626192614,0.007104024753233054,0.007104024753233054,-0.000470136957798909
3.855e-05,0.0,-0.0,0.008790885046911421,0.021664020309260054,0.015227452678085738,0.015227452678085738,-0.00047013807080174326
3.8575e-05,0.0,-0.0,-0.01900953439347336,-0.029107810299313152,-0.024058672346393258,-0.024058672346393258,-0.0004701391874723051
3.86e-05,0.0,-0.0,-0.010732420193095052,0.00537304242189875,-0.0026796888855981508,-0.0026796888855981508,-0.00047014030782594775
3.8625e-05,0.0,-0.0,0.008827886817383385,-0.006520282024562917,0.0011538023964102338,0.0011538023964102338,-0.0004701414318781416
3.865e-05,0.0,-0.0,0.01242655091207272,0.006739138849757099,0.009582844880914909,0.009582844880914909,-0.0004701425596444197
3.8675e-05,0.0,-0.0,0.00669361496314738,-0.010984915170042195,-0.0021456501034474076,-0.0021456501034474076,-0.00047014369114042014
3.87e-05,0.0,-0.0,0.017961080121285465,0.0034159542866839766,0.010688517203984721,0.010688517203984721,-0.00047014482638184216
3.8725e-05,0.0,-0.0,0.0014774023689554184,-0.009780009188430356,-0.004151303409737468,-0.004151303409737468,-0.00047014596538445515
3.875e-05,0.0,-0.0,-0.003989724866689092,-0.014978297635432205,-0.009484011251060648,-0.009484011251060648,-0.0004701471081640971
3.8775e-05,-0.0,0.0,-5.925917266436239e-05,-0.005815202563862316,-0.0029372308682633396,-0.0029372308682633396,-0.0004701482547366811
3.88e-05,-0.0,0.0,-0.017133363002997365,0.010327848620019573,-0.003402757191488896,-0.003402757191488896,-0.00047014940511821035
3.8825e-05,-0.0,0.0,0.0053119166387754204,0.013091854318599298,0.009201885478687359,0.009201885478687359,-0.00047015055932479255
3.885e-05,-0.0,0.0,-0.006246266981309254,-0.029046878291026645,-0.01764657263616795,-0.01764657263616795,-0.0004701517173726376
3.8875e-05,-0.0,0.0,0.008273366211704504,-0.005385554708567637,0.0014439057515684335,0.0014439057515684335,-0.0004701528792780713
3.89e-05,-0.0,0.0,-0.012935369436384847,-0.02822219244722236,-0.020578780941803605,-0.020578780941803605,-0.00047015404505750663
3.8925e-05,-0.0,0.0,0.0015075935166158488,0.0002967974887758838,0.0009021955026958663,0.0009021955026958663,-0.000470155214727442
3.895e-05,-0.0,0.0,-0.009281533283231603,0.020283980159131267,0.005501223437949832,0.005501223437949832,-0.0004701563883044466
3.8975e-05,-0.0,0.0,-0.007623211215469604,0.0035431015713932286,-0.002040054822038188,-0.002040054822038188,-0.00047015756580514483
3.9e-05,-0.0,0.0,-0.0029265162696281086,0.00416397024590773,0.0006187269881398109,0.0006187269881398109,-0.00047015874724623844
3.9025e-05,0.0,-0.0,0.0019293391001348721,-0.0036077347975746583,-0.000839197848719893,-0.000839197848719893,-0.0004701599326445091
3.905e-05,0.0,-0.0,-0.01856166285042215,0.015953034078480324,-0.0013043143859709123,-0.0013043143859709123,-0.00047016112201683937
3.9075e-05,0.0,-0.0,-0.027056195038580234,-0.009658987578608193,-0.018357591308594212,-0.018357591308594212,-0.0004701623153802295
3.91e-05,0.0,-0.0,0.00898810186535835,0.007259983695498673,0.008124042780428511,0.008124042780428511,-0.00047016351275180185
3.9125e-05,0.0,-0.0,-0.030009900307482344,-0.009215970964085917,-0.01961293563578413,-0.01961293563578413,-0.0004701647141487881
3.915e-05,0.0,-0.0,0.005201713298076299,0.020638350865142856,0.012920032081609578,0.012920032081609578,-0.00047016591958852987
3.9175e-05,0.0,-0.0,-0.0173443084311094,-0.0031554590395160963,-0.01024988373531275,-0.01024988373531275,-0.00047016712908844025
3.92e-05,0.0,-0.0,0.02549075183108894,0.014585852129895823,0.020038301980492383,0.020038301980492383,-0.0004701683426660111
3.9225e-05,0.0,-0.0,-0.013491063161398078,0.0011873982250141409,-0.006151832468191969,-0.006151832468191969,-0.00047016956033879727
3.925e-05,0.0,-0.0,-0.001158805427464468,0.0063748376833894765,0.002608016127962504,0.002608016127962504,-0.00047017078212442496
3.9275e-05,-0.0,0.0,0.00397004839395189,0.013330591118431486,0.008650319756191687,0.008650319756191687,-0.0004701720080406167
3.93e-05,-0.0,0.0,-0.024003399311116606,-0.0026881988682152845,-0.013345799089665945,-0.013345799089665945,-0.00047017323810519816
3.9325e-05,-0.0,0.0,-0.012457529137357294,0.003845444873774947,-0.004306042131791174,-0.004306042131791174,-0.000470174472336124
3.935e-05,-0.0,0.0,0.008243054187328978,-0.008463985172797473,-0.0001104654927342472,-0.0001104654927342472,-0.000470175710751472
3.9375e-05,-0.0,0.0,-0.017751604861462673,-0.010117078075407649,-0.013934341468435162,-0.013934341468435162,-0.0004701769533694453
3.94e-05,-0.0,0.0,-0.001919894554281046,0.011255977520315605,0.004668041483017279,0.004668041483017279,-0.0004701782002083446
3.9425e-05,-0.0,0.0,0.021955293657889,-0.016963781757651765,0.002495755950118618,0.002495755950118618,-0.0004701794512865685
3.945e-05,-0.0,0.0,-0.028179306450825004,-0.018575689345248992,-0.023377497898036996,-0.023377497898036996,-0.00047018070662258537
3.9475e-05,-0.0,0.0,-0.005832130942745471,0.02773474481303793,0.01095130693514623,0.01095130693514623,-0.0004701819662349464
3.95e-05,-0.0,0.0,0.017651895252660258,-0.021455626494010584,-0.0019018656206751632,-0.0019018656206751632,-0.000470183230142281
3.9525e-05,0.0,-0.0,-0.016516231663418646,-0.005687970795366197,-0.011102101229392421,-0.011102101229392421,-0.0004701844983633252
3.955e-05,0.0,-0.0,-0.013923190605728707,-0.0015929879162575695,-0.007758089260993138,-0.007758089260993138,-0.0004701857709169225
3.9575e-05,0.0,-0.0,0.007480231819099473,0.015604320322220127,0.0115422760706598,0.0115422760706598,-0.00047018704782204873
3.96e-05,0.0,-0.0,0.0037967231065241143,0.014294769747943551,0.009045746427233832,0.009045746427233832,-0.00047018832909779965
3.9625e-05,0.0,-0.0,0.005342770016412505,-0.014106468042879204,-0.0043818490132333495,-0.0043818490132333495,-0.0004701896147634045
3.965e-05,0.0,-0.0,0.00451003171079262,-0.04083555581918006,-0.018162762054193718,-0.018162762054193718,-0.00047019090483818625
3.9675e-05,0.0,-0.0,0.032747301694713786,-0.002016005084954904,0.01536564830487944,0.01536564830487944,-0.000470192199341582
3.97e-05,0.0,-0.0,0.014261265593148493,-0.02241096808741352,-0.004074851247132514,-0.004074851247132514,-0.00047019349829310295
3.9725e-05,0.0,-0.0,0.02018368737237118,-0.014556600418333931,0.002813543477018625,0.002813543477018625,-0.0004701948017123619
3.975e-05,0.0,-0.0,-0.0021523761034562394,0.0010437721583255984,-0.0005543019725653205,-0.0005543019725653205,-0.0004701961096190651
3.9775e-05,-0.0,0.0,0.01539507697295461,-0.015987281675689816,-0.0002961023513676029,-0.0002961023513676029,-0.00047019742203303184
3.98e-05,-0.0,0.0,-0.009626569971492045,-0.012486303029225824,-0.011056436500358934,-0.011056436500358934,-0.00047019873897420075
3.9825e-05,-0.0,0.0,-0.014830944315715643,0.001879304959343881,-0.006475819678185881,-0.006475819678185881,-0.0004702000604626405
3.985e-05,-0.0,0.0,0.014041461618758135,0.003307067814178852,0.008674264716468493,0.008674264716468493,-0.00047020138651854445
3.9875e-05,-0.0,0.0,-0.01823946423561451,0.004265230766803757,-0.006987116734405377,-0.006987116734405377,-0.0004702027171622364
3.99e-05,-0.0,0.0,0.015846208611957145,0.01394929481178907,0.014897751711873106,0.014897751711873106,-0.0004702040524141389
3.9925e-05,-0.0,0.0,0.017945652974626768,-0.003404407216083766,0.007270622879271501,0.007270622879271501,-0.00047020539229479063
3.995e-05,-0.0,0.0,-0.0385704079892185,0.01497228082382043,-0.011799063582699035,-0.011799063582699035,-0.00047020673682482395
3.9975e-05,-0.0,0.0,0.002034116200925227,-0.011308741025396543,-0.004637312412235658,-0.004637312412235658,-0.00047020808602497236
4e-05,-0.0,0.0,0.013987932967799089,0.005907245486572637,0.009947589227185864,0.009947589227185864,-0.00047020943991608194
4.0025e-05,0.0,-0.0,0.0006353559882920245,-0.004938159468066307,-0.0021514017398871414,-0.0021514017398871414,-0.00047021079851912873
4.005e-05,0.0,-0.0,0.0008627859638598574,0.027262471322539575,0.014062628643199716,0.014062628643199716,-0.0004702121618552101
4.0075e-05,0.0,-0.0,0.0016170260849420546,-0.006573390979893588,-0.0024781824474757667,-0.0024781824474757667,-0.0004702135299455748
4.01e-05,0.0,-0.0,0.013654533103871309,0.0014439927109663473,0.007549262907418829,0.007549262907418829,-0.0004702149028115943
4.0125e-05,0.0,-0.0,0.008795677042052946,0.033573293873289424,0.021184485457671185,0.021184485457671185,-0.00047021628047477543
4.015e-05,0.0,-0.0,0.003645245078233701,0.0038180578588963344,0.0037316514685650174,0.0037316514685650174,-0.00047021766295673176
4.0175e-05,0.0,-0.0,0.01764067974694299,-0.012993323739648122,0.002323678003647434,0.002323678003647434,-0.00047021905027918405
4.02e-05,0.0,-0.0,0.015988807370779717,-0.0099939175863056,0.0029974448922370587,0.0029974448922370587,-0.0004702204424639509
4.0225e-05,0.0,-0.0,0.014214456324317747,-0.007676155234960441,0.0032691505446786526,0.0032691505446786526,-0.00047022183953296696
4.025e-05,0.0,-0.0,-0.00987055133307316,0.0026685137918522686,-0.0036010187706104453,-0.0036010187706104453,-0.0004702232415082847
4.0275e-05,-0.0,0.0,-0.0021017409561815085,-0.0035706127343149824,-0.0028361768452482457,-0.0028361768452482457,-0.00047022464841209923
4.03e-05,-0.0,0.0,0.023137939268684474,0.0003557583988697766,0.011746848833777124,0.011746848833777124,-0.0004702260602667569
4.0325e-05,-0.0,0.0,0.010454794052387452,0.00938413729381794,0.009919465673102696,0.009919465673102696,-0.00047022747709475816
4.035e-05,-0.0,0.0,-0.0005402206706628478,-0.017024771279684353,-0.008782495975173601,-0.008782495975173601,-0.00047022889891874873
4.0375e-05,-0.0,0.0,0.003468073168694723,-0.047454683060382745,-0.021993304945844012,-0.021993304945844012,-0.0004702303257615043
4.04e-05,-0.0,0.0,-0.0031693300870825813,0.006526954663684602,0.0016788122883010102,0.0016788122883010102,-0.0004702317576459152
4.0425e-05,-0.0,0.0,-0.025435694671203414,0.0014837252295146323,-0.011975984720844391,-0.011975984720844391,-0.0004702331945949734
4.045e-05,-0.0,0.0,0.015396125765652328,-0.02055587233704456,-0.002579873285696115,-0.002579873285696115,-0.0004702346366317764
4.0475e-05,-0.0,0.0,0.0033463682361369127,-0.007648925899784182,-0.0021512788318236347,-0.0021512788318236347,-0.0004702360837795389
4.05e-05,-0.0,0.0,-0.016285482514679858,0.013753871543906324,-0.0012658054853867673,-0.0012658054853867673,-0.0004702375360616145
4.0525e-05,0.0,-0.0,0.011415614348998886,-0.0112756226889759,6.999583001149334e-05,6.999583001149334e-05,-0.0004702389935015024
4.055e-05,0.0,-0.0,0.021554271954709152,0.010407017251381505,0.015980644603045328,0.015980644603045328,-0.00047024045612287886
4.0575e-05,0.0,-0.0,-0.001946411046980963,0.00310439519625593,0.0005789920746374835,0.0005789920746374835,-0.0004702419239495832
4.06e-05,0.0,-0.0,-0.013899536021471908,-0.017213514988391042,-0.015556525504931475,-0.015556525504931475,-0.0004702433970056105
4.0625e-05,0.0,-0.0,-0.0028723324619440676,0.0261358792630823,0.011631773400569116,0.011631773400569116,-0.0004702448753150923
4.065e-05,0.0,-0.0,0.001981240385772426,0.00020387983391031208,0.001092560109841369,0.001092560109841369,-0.0004702463589022792
4.0675e-05,0.0,-0.0,0.002651618865203204,-0.031926017160001596,-0.014637199147399197,-0.014637199147399197,-0.00047024784779153096
4.07e-05,0.0,-0.0,0.01978629499024627,0.011383623011414217,0.015584959000830245,0.015584959000830245,-0.0004702493420073237
4.0725e-05,0.0,-0.0,0.022559091136281524,-0.011952417063546968,0.005303337036367278,0.005303337036367278,-0.0004702508415742601
4.075e-05,0.0,-0.0,0.007683419280291271,-0.001621062989562464,0.0030311781453644035,0.0030311781453644035,-0.00047025234651709344
4.0775e-05,-0.0,0.0,0.006983046977287389,0.017254541063003354,0.012118794020145372,0.012118794020145372,-0.00047025385686074177
4.08e-05,-0.0,0.0,-0.013107257989749746,0.0006472262780012569,-0.006230015855874245,-0.006230015855874245,-0.000470255372630297
4.0825e-05,-0.0,0.0,-0.013250955555007295,-0.015854416522277426,-0.01455268603864236,-0.01455268603864236,-0.0004702568938510226
4.085e-05,-0.0,0.0,-0.003862551922082174,0.020419578031278827,0.008278513054598327,0.008278513054598327,-0.0004702584205483455
4.0875e-05,-0.0,0.0,-0.020093168991893597,0.007384033942025764,-0.006354567524933916,-0.006354567524933916,-0.0004702599527478321
4.09e-05,-0.0,0.0,-0.02217844824370914,0.011465523487183406,-0.0053564623782628665,-0.0053564623782628665,-0.00047026149047518665
4.0925e-05,-0.0,0.0,-0.0037902535096952855,0.01711714800486658,0.006663447247585648,0.006663447247585648,-0.0004702630337562382
4.095e-05,-0.0,0.0,0.0025951755700972393,0.009363683941228659,0.0059794297556629485,0.0059794297556629485,-0.0004702645826169496
4.0975e-05,-0.0,0.0,0.018634774278826295,0.011315006870398658,0.014974890574612477,0.014974890574612477,-0.00047026613708342653
4.1e-05,-0.0,0.0,-0.010642596587009983,-0.008100984128814125,-0.009371790357912054,-0.009371790357912054,-0.0004702676971819354
4.1025e-05,0.0,-0.0,-0.03622909673318835,-0.004662113043831549,-0.020445604888509952,-0.020445604888509952,-0.0004702692629389122
4.105e-05,0.0,-0.0,-0.0009600220284859839,0.020204215189868365,0.009622096580691191,0.009622096580691191,-0.0004702708343809715
4.1075e-05,0.0,-0.0,-0.011766920424025811,0.025384073628922386,0.006808576602448288,0.006808576602448288,-0.00047027241153489805
4.11e-05,0.0,-0.0,0.015007380142208069,0.0007136779689414043,0.007860529055574737,0.007860529055574737,-0.0004702739944276457
4.1125e-05,0.0,-0.0,0.01956498675329409,-0.011425427646601937,0.004069779553346076,0.004069779553346076,-0.00047027558308632324
4.115e-05,0.0,-0.0,-0.0019916119387999452,-0.003712638399246565,-0.002852125169023255,-0.002852125169023255,-0.0004702771775381866
4.1175e-05,0.0,-0.0,0.004007525531523851,-0.0006274665807406085,0.001690029475391621,0.001690029475391621,-0.0004702787778106423
4.12e-05,0.0,-0.0,0.021459171359833332,-0.01287001603494056,0.004294577662446386,0.004294577662446386,-0.0004702803839312478
4.1225e-05,0.0,-0.0,0.0016719355894501832,-0.013660654209519143,-0.00599435931003448,-0.00599435931003448,-0.00047028199592771895
4.125e-05,0.0,-0.0,-0.02161242553845127,-0.015728093079160045,-0.018670259308805656,-0.018670259308805656,-0.0004702836138279486
4.1275e-05,-0.0,0.0,-0.0017782846610970109,0.0006952638702342678,-0.0005415103954313715,-0.0005415103954313715,-0.00047028523766000054
4.13e-05,-0.0,0.0,0.012029403881593084,-0.013114450659029005,-0.0005425233887179602,-0.0005425233887179602,-0.000470286867452126
4.1325e-05,-0.0,0.0,-0.021726656025563295,-0.02868724368960183,-0.025206949857582563,-0.025206949857582563,-0.00047028850323274597
4.135e-05,-0.0,0.0,-0.02187838279534912,0.0022765578705533237,-0.0098009124623979,-0.0098009124623979,-0.0004702901450304622
4.1375e-05,-0.0,0.0,-0.0030398122860185667,-0.0012110798148928796,-0.0021254460504557234,-0.0021254460504557234,-0.0004702917928740384
4.14e-05,-0.0,0.0,0.007356832335252122,0.0012926201361141095,0.0043247262356831155,0.0043247262356831155,-0.00047029344679240477
4.1425e-05,-0.0,0.0,-0.00661544541134195,0.01506325441388986,0.004223904501273955,0.004223904501273955,-0.000470295106814656
4.145e-05,-0.0,0.0,0.0022024521296601053,0.005150215466789347,0.0036763337982247263,0.0036763337982247263,-0.00047029677297005833
4.1475e-05,-0.0,0.0,-0.010192047437748953,-0.029373896528049042,-0.019782971982898998,-0.019782971982898998,-0.0004702984452880566
4.15e-05,-0.0,0.0,0.002029395792800501,0.015272359528397873,0.008650877660599188,0.008650877660599188,-0.00047030012379827344
4.1525e-05,0.0,-0.0,-0.013537236119772249,0.019260514045043958,0.0028616389626358544,0.0028616389626358544,-0.00047030180853052943
4.155e-05,0.0,-0.0,0.0020361762589275133,-0.004285085298459356,-0.0011244545197659215,-0.0011244545197659215,-0.00047030349951482917
4.1575e-05,0.0,-0.0,-0.01871474325840703,-0.028605324969219272,-0.02366003411381315,-0.02366003411381315,-0.0004703051967813505
4.16e-05,0.0,-0.0,-0.0181860402582945,0.016930103030993005,-0.0006279686136507479,-0.0006279686136507479,-0.0004703069003604771
4.1625e-05,0.0,-0.0,-0.007279859681033474,0.0003120332024979745,-0.0034839132392677497,-0.0034839132392677497,-0.0004703086102827603
4.165e-05,0.0,-0.0,0.02429637126266157,-0.005524910831982474,0.009385730215339548,0.009385730215339548,-0.00047031032657893234
4.1675e-05,0.0,-0.0,-0.00851963561384142,-0.0005734585098895281,-0.004546547061865474,-0.004546547061865474,-0.0004703120492799098
4.17e-05,0.0,-0.0,0.012767963671157938,-0.01754592456252581,-0.0023889804456839366,-0.0023889804456839366,-0.0004703137784167966
4.1725e-05,0.0,-0.0,0.015240650733933292,-0.005778799231887928,0.004730925751022682,0.004730925751022682,-0.0004703155140208863
4.175e-05,0.0,-0.0,-0.01931246473957222,0.006004737457753017,-0.006653863640909602,-0.006653863640909602,-0.0004703172561236674
4.1775e-05,-0.0,0.0,0.011559144692207075,0.010079343655355443,0.010819244173781259,0.010819244173781259,-0.0004703190047568142
4.18e-05,-0.0,0.0,-0.012655304904045548,0.01385976861213667,0.0006022318540455608,0.0006022318540455608,-0.00047032075995222315
4.1825e-05,-0.0,0.0,0.010113099218539123,-0.015460145453082217,-0.002673523117271547,-0.002673523117271547,-0.00047032252174196085
4.185e-05,-0.0,0.0,0.0009659370251132488,-0.0005912790552626421,0.00018732898492530332,0.00018732898492530332,-0.0004703242901583395
4.1875e-05,-0.0,0.0,-0.006343037368357707,-0.010271061177619807,-0.008307049272988757,-0.008307049272988757,-0.0004703260652338205
4.19e-05,-0.0,0.0,0.005543588206365011,-0.03576378226863089,-0.01511009703113294,-0.01511009703113294,-0.0004703278470011058
4.1925e-05,-0.0,0.0,-0.016788876074041996,-0.019055728437317933,-0.017922302255679964,-0.017922302255679964,-0.0004703296354930805
4.195e-05,-0.0,0.0,-0.031527692606177736,0.014598329064812673,-0.008464681770682532,-0.008464681770682532,-0.0004703314307428191
4.1975e-05,-0.0,0.0,-0.03248562943873051,0.013842982592074126,-0.009321323423328193,-0.009321323423328193,-0.00047033323278360324
4.2e-05,-0.0,0.0,-0.004204061651007782,0.0019036115769792761,-0.0011502250370142527,-0.0011502250370142527,-0.00047033504164891023
4.2025e-05,0.0,-0.0,0.003433405035824762,0.0065194307812228396,0.004976417908523801,0.004976417908523801,-0.0004703368573724215
4.205e-05,0.0,-0.0,-0.0024662795990780216,0.025650595670002854,0.011592158035462416,0.011592158035462416,-0.000470338679988047
4.2075e-05,0.0,-0.0,-0.001899688302597609,-0.02000788214646831,-0.01095378522453296,-0.01095378522453296,-0.0004703405095298902
4.21e-05,0.0,-0.0,0.01814061833010549,-0.014826784131555616,0.0016569170992749363,0.0016569170992749363,-0.00047034234603233083
4.2125e-05,0.0,-0.0,-0.01867702101646216,0.024303016932605198,0.002812997958071519,0.002812997958071519,-0.0004703441895299188
4.215e-05,0.0,-0.0,-0.00042553373076431334,0.002072982601366303,0.0008237244353009948,0.0008237244353009948,-0.0004703460400574522
4.2175e-05,0.0,-0.0,-0.03434817181135923,-0.008412353237226408,-0.021380262524292818,-0.021380262524292818,-0.0004703478976499509
4.22e-05,0.0,-0.0,-0.00475772457412919,-0.01078017971288535,-0.00776895214350727,-0.00776895214350727,-0.00047034976234262594
4.2225e-05,0.0,-0.0,0.013758352687945131,-0.023128855325273256,-0.004685251318664063,-0.004685251318664063,-0.00047035163417087384
4.225e-05,0.0,-0.0,-0.011191905469880456,0.0072377729600173035,-0.0019770662549315763,-0.0019770662549315763,-0.00047035351317033426
4.2275e-05,-0.0,0.0,0.013517237344925945,-0.015843921221578645,-0.0011633419383263498,-0.0011633419383263498,-0.0004703553993768325
4.23e-05,-0.0,0.0,0.01131320957462465,0.0010075800457056143,0.006160394810165132,0.006160394810165132,-0.0004703572928264519
4.2325e-05,-0.0,0.0,0.011259102047897245,-0.016322325016147596,-0.0025316114841251753,-0.0025316114841251753,-0.000470359193555524
4.235e-05,-0.0,0.0,0.02505599547106585,0.009476920407105119,0.017266457939085485,0.017266457939085485,-0.0004703611016006069
4.2375e-05,-0.0,0.0,0.000579551406567197,0.007574320528014012,0.004076935967290605,0.004076935967290605,-0.00047036301699854326
4.24e-05,-0.0,0.0,-0.010106107217047272,0.0044762880712093,-0.002814909572918986,-0.002814909572918986,-0.00047036493978636643
4.2425e-05,-0.0,0.0,0.00044779723199244624,0.0042923821555909585,0.002370089693791702,0.002370089693791702,-0.0004703668700013835
4.245e-05,-0.0,0.0,0.0049531190240702195,-0.01137012259257091,-0.0032085017842503455,-0.0032085017842503455,-0.000470368807681077
4.2475e-05,-0.0,0.0,-0.004032267042445153,-0.009243449803497138,-0.006637858422971146,-0.006637858422971146,-0.00047037075286317226
4.25e-05,0.0,-0.0,0.0021085902372059207,0.038242485407507215,0.02017553782235657,0.02017553782235657,-0.000470372705585614
4.2525e-05,0.0,-0.0,0.008094965253723389,-0.00345023554879977,0.0023223648524618094,0.0023223648524618094,-0.00047037466588658173
4.255e-05,0.0,-0.0,0.025137903561725246,0.018602049980951198,0.021869976771338222,0.021869976771338222,-0.0004703766338045133
4.2575e-05,0.0,-0.0,0.007077644172553992,-0.0015828568904781883,0.002747393641037902,0.002747393641037902,-0.00047037860937810974
4.26e-05,0.0,-0.0,0.02921733781833709,0.001455272472835384,0.015336305145586236,0.015336305145586236,-0.0004703805926463378
4.2625e-05,0.0,-0.0,0.005395756574890245,0.0095541206863397,0.007474938630614972,0.007474938630614972,-0.0004703825836484331
4.265e-05,0.0,-0.0,0.018208091716628554,0.01668992661726648,0.017449009166947516,0.017449009166947516,-0.00047038458242387493
4.2675e-05,0.0,-0.0,0.01179543508201007,-0.02201329268152016,-0.005108928799755045,-0.005108928799755045,-0.00047038658901238665
4.27e-05,0.0,-0.0,-0.0289673193723214,0.012964339520122931,-0.008001489926099236,-0.008001489926099236,-0.00047038860345393664
4.2725e-05,0.0,-0.0,-0.006693420952371524,-0.012909743360418651,-0.009801582156395088,-0.009801582156395088,-0.0004703906257887375
4.275e-05,0.0,-0.0,0.0011402072399238634,-0.018090385878204236,-0.008475089319140186,-0.008475089319140186,-0.0004703926560572503
4.2775e-05,-0.0,0.0,-0.006593193884721965,-0.019770225415865178,-0.013181709650293572,-0.013181709650293572,-0.0004703946943002042
4.28e-05,-0.0,0.0,-0.005816768348682648,-0.00898660275812833,-0.00740168555340549,-0.00740168555340549,-0.0004703967405585842
4.2825e-05,-0.0,0.0,-0.00849004600169084,0.005631619865940053,-0.0014292130678753932,-0.0014292130678753932,-0.00047039879487366864
4.285e-05,-0.0,0.0,0.007721577398313725,0.007848492877553697,0.0077850351379337105,0.0077850351379337105,-0.00047040085728700164
4.2875e-05,-0.0,0.0,-0.009106180253524462,-0.016364714977907473,-0.012735447615715968,-0.012735447615715968,-0.00047040292784039634
4.29e-05,-0.0,0.0,-0.00033298815809939695,0.0027008714685020797,0.0011839416552013413,0.0011839416552013413,-0.0004704050065759496
4.2925e-05,-0.0,0.0,-0.027670861348279948,-0.013584486950919036,-0.02062767414959949,-0.02062767414959949,-0.00047040709353602024
4.295e-05,-0.0,0.0,-0.01539686340977469,-0.003313848008065945,-0.009355355708920318,-0.009355355708920318,-0.00047040918876323933
4.2975e-05,-0.0,0.0,-0.0006473373190317287,-0.013662133515942728,-0.0071547354174872286,-0.0071547354174872286,-0.0004704112923005235
4.3e-05,-0.0,0.0,0.01326528286560806,-0.004648580963269732,0.004308350951169165,0.004308350951169165,-0.0004704134041910589
4.3025e-05,0.0,-0.0,0.012164463449373651,0.016889475121012937,0.014526969285193293,0.014526969285193293,-0.0004704155244783235
4.305e-05,0.0,-0.0,0.005436308556835838,0.005214711060977317,0.005325509808906578,0.005325509808906578,-0.0004704176532060689
4.3075e-05,0.0,-0.0,0.012297668020046856,0.0026924281060681367,0.0074950480630574965,0.0074950480630574965,-0.00047041979041833335
4.31e-05,0.0,-0.0,0.024895906593649687,-0.018677582273785336,0.0031091621599321755,0.0031091621599321755,-0.000470421936159445
4.3125e-05,0.0,-0.0,0.01245360353956074,0.004973037443272195,0.008713320491416467,0.008713320491416467,-0.0004704240904740217
4.315e-05,0.0,-0.0,0.005320320613174521,0.003127527176816469,0.004223923894995495,0.004223923894995495,-0.00047042625340696194
4.3175e-05,0.0,-0.0,0.024744931697510304,0.009618905203149451,0.01718191845032988,0.01718191845032988,-0.00047042842500349426
4.32e-05,0.0,-0.0,0.022813686916052803,-0.0137588721740158,0.004527407371018501,0.004527407371018501,-0.00047043060530914025
4.3225e-05,0.0,-0.0,-0.013360212242100872,-0.013993263652683175,-0.013676737947392024,-0.013676737947392024,-0.00047043279436973016
4.325e-05,0.0,-0.0,-0.008821954368894836,0.003803988453822318,-0.0025089829575362594,-0.0025089829575362594,-0.0004704349922314066
4.3275e-05,-0.0,0.0,0.004361556461327687,-0.0056763480007560535,-0.0006573957697141833,-0.0006573957697141833,-0.00047043719894060746
4.33e-05,-0.0,0.0,0.02831536248177102,-0.006658843795591169,0.010828259343089924,0.010828259343089924,-0.00047043941454406917
4.3325e-05,-0.0,0.0,-0.029381097196670185,0.003411097441394547,-0.012984999877637819,-0.012984999877637819,-0.00047044163908882027
4.335e-05,-0.0,0.0,0.02959107863450576,-0.026087333263976505,0.0017518726852646278,0.0017518726852646278,-0.00047044387262218905
4.3375e-05,-0.0,0.0,-0.009232619297161557,-0.012004876524529078,-0.010618747910845317,-0.010618747910845317,-0.00047044611519181986
4.34e-05,-0.0,0.0,-0.022248702406442767,-0.018233786802969557,-0.020241244604706162,-0.020241244604706162,-0.0004704483668456794
4.3425e-05,-0.0,0.0,-0.011467935691207968,0.012405601548068466,0.0004688329284302491,0.0004688329284302491,-0.0004704506276320835
4.345e-05,-0.0,0.0,-0.00837651587633632,-0.01910830888484481,-0.013742412380590565,-0.013742412380590565,-0.00047045289759968187
4.3475e-05,-0.0,0.0,0.04086300777180236,0.0031130500854841267,0.021988028928643242,0.021988028928643242,-0.00047045517679747097
4.35e-05,-0.0,0.0,0.01181813659123697,0.008229745680563208,0.01002394113590009,0.01002394113590009,-0.00047045746527478026
4.3525e-05,0.0,-0.0,-0.010205810022843636,-0.01275331996883507,-0.011479564995839353,-0.011479564995839353,-0.0004704597630812552
4.355e-05,0.0,-0.0,-0.011857614779007685,0.01392841995758447,0.001035402589288392,0.001035402589288392,-0.00047046207026685
4.3575e-05,0.0,-0.0,-0.007833421937357527,0.01214801332504486,0.0021572956938436666,0.0021572956938436666,-0.0004704643868818325
4.36e-05,0.0,-0.0,0.014800341634287884,0.01741520420526607,0.016107772919776976,0.016107772919776976,-0.00047046671297679035
4.3625e-05,0.0,-0.0,0.019038127226272218,-0.018004929251940183,0.0005165989871660174,0.0005165989871660174,-0.0004704690486026541
4.365e-05,0.0,-0.0,0.008485120666161718,0.004346208206685368,0.006415664436423543,0.006415664436423543,-0.00047047139381071107
4.3675e-05,0.0,-0.0,-0.0036585289816644254,0.031778003439125624,0.0140597372287306,0.0140597372287306,-0.00047047374865262444
4.37e-05,0.0,-0.0,-0.014654642097079151,0.001750599647099845,-0.006452021224989653,-0.006452021224989653,-0.0004704761131804366
4.3725e-05,0.0,-0.0,0.008661227433837551,0.019426781418137605,0.014044004425987577,0.014044004425987577,-0.0004704784874465625
4.375e-05,0.0,-0.0,0.027172488579834033,-0.008723989732738953,0.009224249423547541,0.009224249423547541,-0.00047048087150376695
4.3775e-05,-0.0,0.0,-0.021258568663408833,0.014866852786528433,-0.0031958579384402004,-0.0031958579384402004,-0.0004704832654051653
4.38e-05,-0.0,0.0,-0.013279058607640271,-0.01629402548439194,-0.014786542046016106,-0.014786542046016106,-0.0004704856692042006
4.3825e-05,-0.0,0.0,0.026470431937677157,-0.006729236384449344,0.009870597776613907,0.009870597776613907,-0.00047048808295466346
4.385e-05,-0.0,0.0,-0.026905878816502752,-0.008366123809617014,-0.017636001313059882,-0.017636001313059882,-0.000470490506710685
4.3875e-05,-0.0,0.0,0.019110475617613965,0.029453974713723765,0.024282225165668865,0.024282225165668865,-0.0004704929405267816
4.39e-05,-0.0,0.0,0.004623626929221613,-0.01949625945447479,-0.007436316262626588,-0.007436316262626588,-0.00047049538445784986
4.3925e-05,-0.0,0.0,0.025197288247458836,-0.00905826785194618,0.008069510197756327,0.008069510197756327,-0.0004704978385591836
4.395e-05,-0.0,0.0,0.01627318158074585,0.026993224201967925,0.02163320289135689,0.02163320289135689,-0.00047050030288648764
4.3975e-05,-0.0,0.0,-0.005984691553564303,0.009296409887543065,0.001655859166989381,0.001655859166989381,-0.00047050277749586053
4.4e-05,-0.0,0.0,-0.003010420078497607,-0.00014725258998624557,-0.0015788363342419264,-0.0015788363342419264,-0.00047050526244378754
4.4025e-05,0.0,-0.0,-0.001839231195421269,-0.005758482050789287,-0.003798856623105278,-0.003798856623105278,-0.0004705077577871301
4.405e-05,0.0,-0.0,-0.0003976277756985349,-0.029796341470175215,-0.015096984622936875,-0.015096984622936875,-0.0004705102635831238
4.4075e-05,0.0,-0.0,-0.01783078429318657,-0.00514525531886264,-0.011488019806024605,-0.011488019806024605,-0.00047051277988938953
4.41e-05,0.0,-0.0,0.006985194140311793,0.00682159182206719,0.006903392981189491,0.006903392981189491,-0.0004705153067639338
4.4125e-05,0.0,-0.0,0.001949046559088976,0.002347164688120489,0.0021481056236047325,0.0021481056236047325,-0.0004705178442651672
4.415e-05,0.0,-0.0,-0.007836771504222293,0.011655061805518197,0.0019091451506479517,0.0019091451506479517,-0.0004705203924519105
4.4175e-05,0.0,-0.0,0.0027088303778380774,-0.010546129003498415,-0.003918649312830169,-0.003918649312830169,-0.0004705229513834069
4.42e-05,0.0,-0.0,0.0016621210133323531,-0.007626801814253673,-0.00298234040046066,-0.00298234040046066,-0.0004705255211193243
4.4225e-05,0.0,-0.0,-0.006067887834247104,-0.008500323233461018,-0.007284105533854061,-0.007284105533854061,-0.00047052810171975095
4.425e-05,0.0,-0.0,-0.013844652637807287,-0.025024095310004452,-0.01943437397390587,-0.01943437397390587,-0.00047053069324519723
4.4275e-05,-0.0,0.0,-0.026473253649338155,0.013682505154821277,-0.006395374247258439,-0.006395374247258439,-0.0004705332957565983
4.43e-05,-0.0,0.0,0.01590904419778198,0.027637983210474493,0.021773513704128236,0.021773513704128236,-0.0004705359093153122
4.4325e-05,-0.0,0.0,0.00802008252386961,-0.00808109613497353,-3.0506805551959795e-05,-3.0506805551959795e-05,-0.0004705385339831198
4.435e-05,-0.0,0.0,0.008279999450709398,-0.01756581876540458,-0.004642909657347591,-0.004642909657347591,-0.0004705411698222317
4.4375e-05,-0.0,0.0,0.007504987272329473,0.007638066297594268,0.00757152678496187,0.00757152678496187,-0.0004705438168952939
4.44e-05,-0.0,0.0,-0.006291675334043416,-0.02159855588401025,-0.013945115609026833,-0.013945115609026833,-0.00047054647526539384
4.4425e-05,-0.0,0.0,-0.03209906766197949,0.03099525392781465,-0.0005519068670824193,-0.0005519068670824193,-0.00047054914499606155
4.445e-05,-0.0,0.0,0.0019924485516849013,0.004119767357929175,0.003056107954807038,0.003056107954807038,-0.00047055182615127986
4.4475e-05,-0.0,0.0,-0.0064718611587199545,-0.0002285306390991049,-0.0033501958989095295,-0.0033501958989095295,-0.0004705545187954874
4.45e-05,-0.0,0.0,0.00016209321354194512,0.003116526698554964,0.0016393099560484546,0.0016393099560484546,-0.00047055722299358375
4.4525e-05,0.0,-0.0,0.001634774127741287,-0.014605487005637909,-0.006485356438948311,-0.006485356438948311,-0.00047055993881093573
4.455e-05,0.0,-0.0,-0.0047436437729320696,-0.01323188892359549,-0.00898776634826378,-0.00898776634826378,-0.00047056266631337177
4.4575e-05,0.0,-0.0,-0.0058620736949905935,0.0020874598233843376,-0.001887306935803128,-0.001887306935803128,-0.00047056540556719207
4.46e-05,0.0,-0.0,0.0003734528963901301,-0.0008253317579453703,-0.0002259394307776201,-0.0002259394307776201,-0.0004705681566391642
4.4625e-05,0.0,-0.0,-0.004488329970374295,-0.0038895950720068775,-0.004188962521190586,-0.004188962521190586,-0.000470570919596531
4.465e-05,0.0,-0.0,-0.016200229632497683,0.007929925084151577,-0.004135152274173053,-0.004135152274173053,-0.00047057369450701316
4.4675e-05,0.0,-0.0,0.005106238620930378,-0.010956326060615041,-0.0029250437198423316,-0.0029250437198423316,-0.0004705764814388151
4.47e-05,0.0,-0.0,-0.016987309376984745,-0.003237489719954242,-0.010112399548469493,-0.010112399548469493,-0.00047057928046063003
4.4725e-05,0.0,-0.0,0.013835310629922298,-0.01183040362933354,0.0010024535002943792,0.0010024535002943792,-0.0004705820916416405
4.475e-05,0.0,-0.0,-0.017223933532324,0.005351996747236139,-0.005935968392543931,-0.005935968392543931,-0.00047058491505153863
4.4775e-05,-0.0,0.0,-0.006971590073259136,0.019435381346986615,0.006231895636863739,0.006231895636863739,-0.00047058775076051264
4.48e-05,-0.0,0.0,0.011730136541280913,0.026932247208275483,0.0193311918747782,0.0193311918747782,-0.0004705905988392667
4.4825e-05,-0.0,0.0,0.010423840828559653,-0.016934770132182277,-0.003255464651811312,-0.003255464651811312,-0.00047059345935900564
4.485e-05,-0.0,0.0,-0.0020351511676728745,-0.01438803155941278,-0.008211591363542829,-0.008211591363542829,-0.00047059633239145653
4.4875e-05,-0.0,0.0,0.007288799088903265,-0.022276702721756216,-0.0074939518164264755,-0.0074939518164264755,-0.0004705992180088582
4.49e-05,-0.0,0.0,-0.01034250177785359,0.026966204683602335,0.008311851452874372,0.008311851452874372,-0.0004706021162839765
4.4925e-05,-0.0,0.0,-0.008399336561693314,0.021750744808679227,0.0066757041234929565,0.0066757041234929565,-0.0004706050272901037
4.495e-05,-0.0,0.0,-0.009798883241458932,-0.024588516228973196,-0.017193699735216065,-0.017193699735216065,-0.000470607951101064
4.4975e-05,-0.0,0.0,-0.018139899856866853,-0.014940367613774581,-0.016540133735320716,-0.016540133735320716,-0.00047061088779122324
4.5e-05,0.0,-0.0,-0.012084157597284009,-0.02871884743146668,-0.020401502514375343,-0.020401502514375343,-0.0004706138374354964
4.5025e-05,0.0,-0.0,-0.009431850880599208,0.0009539063843204219,-0.004238972248139393,-0.004238972248139393,-0.00047061680010933586
4.505e-05,0.0,-0.0,-0.010016762434514466,0.0006425127629427758,-0.004687124835785845,-0.004687124835785845,-0.00047061977588875914
4.5075e-05,0.0,-0.0,0.021091962356541153,0.002302162118669308,0.01169706223760523,0.01169706223760523,-0.00047062276485032584
4.51e-05,0.0,-0.0,0.006244942994159388,-0.018500127279259742,-0.006127592142550177,-0.006127592142550177,-0.0004706257670711641
4.5125e-05,0.0,-0.0,-0.0023444946281895164,-0.015650317688538213,-0.008997406158363865,-0.008997406158363865,-0.00047062878262896116
4.515e-05,0.0,-0.0,0.016784991935925052,0.0064758304866173845,0.011630411211271218,0.011630411211271218,-0.00047063181160197866
4.5175e-05,0.0,-0.0,0.000910821111287115,0.02151813403414905,0.011214477572718082,0.011214477572718082,-0.0004706348540690559
4.52e-05,0.0,-0.0,-0.04065969946384261,0.03310868905009257,-0.003775505206875019,-0.003775505206875019,-0.0004706379101096198
4.5225e-05,0.0,-0.0,0.001518562073489848,0.027192841185701585,0.014355701629595716,0.014355701629595716,-0.0004706409798036903
4.525e-05,0.0,-0.0,0.008397991794199812,0.027148044704140294,0.017773018249170054,0.017773018249170054,-0.0004706440632318766
4.5275e-05,-0.0,0.0,-0.011136601565487365,0.001564134314602696,-0.004786233625442334,-0.004786233625442334,-0.00047064716047538643
4.53e-05,-0.0,0.0,-0.004124658904959138,0.001592355410099003,-0.0012661517474300674,-0.0012661517474300674,-0.00047065027161603134
4.5325e-05,-0.0,0.0,-0.02762292475221108,-0.003589545099097537,-0.01560623492565431,-0.01560623492565431,-0.00047065339673621806
4.535e-05,-0.0,0.0,0.0021520227926210365,-0.004497923042782237,-0.0011729501250806003,-0.0011729501250806003,-0.00047065653591896883
4.5375e-05,-0.0,0.0,-0.022805445559124424,-0.00998385016146369,-0.016394647860294057,-0.016394647860294057,-0.00047065968924792225
4.54e-05,-0.0,0.0,-0.0054509465037313395,0.006052520599770852,0.0003007870480197564,0.0003007870480197564,-0.0004706628568073453
4.5425e-05,-0.0,0.0,0.010625645683479824,-0.009304957971903827,0.0006603438557879985,0.0006603438557879985,-0.00047066603868214056
4.545e-05,-0.0,0.0,0.023616950795759532,-0.011496059918737712,0.00606044543851091,0.00606044543851091,-0.0004706692349578553
4.5475e-05,-0.0,0.0,0.007996847185971432,-0.017479332085825625,-0.004741242449927096,-0.004741242449927096,-0.0004706724457206754
4.55e-05,-0.0,0.0,0.0273194862059733,0.007777048841351317,0.017548267523662307,0.017548267523662307,-0.0004706756710574432
4.5525e-05,0.0,-0.0,0.0005928628150886129,0.004286540217057333,0.0024397015160729733,0.0024397015160729733,-0.0004706789110556443
4.555e-05,0.0,-0.0,-0.03748571641687738,-0.0046105242528493885,-0.021048120334863384,-0.021048120334863384,-0.00047068216580342014
4.5575e-05,0.0,-0.0,-0.013558476325600812,-0.0027619861267212283,-0.008160231226161021,-0.008160231226161021,-0.00047068543538956965
4.56e-05,0.0,-0.0,0.0523859370559797,-0.009205432590647215,0.021590252232666245,0.021590252232666245,-0.0004706887199035633
4.5625e-05,0.0,-0.0,0.002419157071400318,0.01783033175248221,0.010124744411941264,0.010124744411941264,-0.0004706920194355518
4.565e-05,0.0,-0.0,0.0021254853633037455,0.0041079927024578935,0.0031167390328808195,0.0031167390328808195,-0.0004706953340763685
4.5675e-05,0.0,-0.0,0.009002133770167,0.02384180106371435,0.016421967416940676,0.016421967416940676,-0.0004706986639175497
4.57e-05,0.0,-0.0,0.005183703344338759,-0.022140550921132592,-0.008478423788396916,-0.008478423788396916,-0.00047070200905132635
4.5725e-05,0.0,-0.0,-0.0006798385614189494,-0.007191989760924337,-0.003935914161171643,-0.003935914161171643,-0.0004707053695706435
4.575e-05,0.0,-0.0,0.010975839777052398,-0.007951993851189873,0.0015119229629312623,0.0015119229629312623,-0.00047070874556913965
4.5775e-05,-0.0,0.0,0.017729433386605528,-0.0029730488764321997,0.007378192255086664,0.007378192255086664,-0.0004707121371411815
4.58e-05,-0.0,0.0,-0.0015087763928304657,0.021654865663348496,0.010073044635259015,0.010073044635259015,-0.0004707155443818416
4.5825e-05,-0.0,0.0,-0.011857810492276414,0.011712970149650101,-7.242017131315649e-05,-7.242017131315649e-05,-0.00047071896738691636
4.585e-05,-0.0,0.0,-0.009768573350102325,0.01021969955952994,0.00022556310471380774,0.00022556310471380774,-0.00047072240625294315
4.5875e-05,-0.0,0.0,-0.006259551522584656,0.004400448304327121,-0.0009295516091287672,-0.0009295516091287672,-0.00047072586107719513
4.59e-05,-0.0,0.0,0.006349635120943548,0.01658204549284016,0.011465840306891854,0.011465840306891854,-0.0004707293319576992
4.5925e-05,-0.0,0.0,0.0039433567877565755,0.013703436459131139,0.008823396623443856,0.008823396623443856,-0.0004707328189932496
4.595e-05,-0.0,0.0,0.010337007261925407,0.02818314080986174,0.019260074035893575,0.019260074035893575,-0.0004707363222834004
4.5975e-05,-0.0,0.0,-0.014058389999583216,0.013485417417188995,-0.00028648629119711055,-0.00028648629119711055,-0.00047073984192848295
4.6e-05,-0.0,0.0,-0.0080972250275001,0.013929429400658234,0.0029161021865790667,0.0029161021865790667,-0.00047074337802960613
4.6025e-05,0.0,-0.0,0.003602600349590464,-0.0016659159931749525,0.0009683421782077557,0.0009683421782077557,-0.0004707469306886643
4.605e-05,0.0,-0.0,-0.01500713061330782,-0.017937796413662596,-0.01647246351348521,-0.01647246351348521,-0.00047075050000832487
4.6075e-05,0.0,-0.0,0.030619460991581526,-0.003883395733606994,0.013368032628987267,0.013368032628987267,-0.00047075408609207307
4.61e-05,0.0,-0.0,0.020290997087506788,-0.012966203743137962,0.0036623966721844132,0.0036623966721844132,-0.00047075768904417977
4.6125e-05,0.0,-0.0,-0.0006409130678806772,0.012709371959444247,0.006034229445781785,0.006034229445781785,-0.0004707613089697343
4.615e-05,0.0,-0.0,0.015520832617725746,0.008932161121350188,0.012226496869537966,0.012226496869537966,-0.00047076494597465097
4.6175e-05,0.0,-0.0,-0.008816428199305516,0.03896284886424272,0.015073210332468601,0.015073210332468601,-0.00047076860016567474
4.62e-05,0.0,-0.0,0.003978765226832718,-0.007903142970468773,-0.0019621888718180276,-0.0019621888718180276,-0.00047077227165039575
4.6225e-05,0.0,-0.0,0.0271996834000648,-0.0024568186435933036,0.012371432378235748,0.012371432378235748,-0.00047077596053725
4.625e-05,0.0,-0.0,-0.008433597219178138,-0.008425696771146086,-0.008429646995162111,-0.008429646995162111,-0.0004707796669355365
4.6275e-05,-0.0,0.0,-0.011859242366659903,-0.007778342831114045,-0.009818792598886975,-0.009818792598886975,-0.00047078339095541025
4.63e-05,-0.0,0.0,-0.007727821316170881,-0.014875301047987951,-0.011301561182079416,-0.011301561182079416,-0.00047078713270789054
4.6325e-05,-0.0,0.0,0.020366886665193117,0.02055203719480791,0.020459461930000512,0.020459461930000512,-0.00047079089230488017
4.635e-05,-0.0,0.0,0.040255610970364473,0.00019751053856603527,0.020226560754465255,0.020226560754465255,-0.0004707946698591529
4.6375e-05,-0.0,0.0,-0.0299575588871418,0.0006539034339868531,-0.014651827726577473,-0.014651827726577473,-0.0004707984654843733
4.64e-05,-0.0,0.0,-0.019758586429068952,-0.0061098995030932765,-0.012934242966081115,-0.012934242966081115,-0.00047080227929512065
4.6425e-05,-0.0,0.0,-0.008049266580528664,-0.0016803902780455457,-0.004864828429287105,-0.004864828429287105,-0.00047080611140687466
4.645e-05,-0.0,0.0,-0.0005493025064844495,-0.006532215909395337,-0.0035407592079398933,-0.0035407592079398933,-0.00047080996193605114
4.6475e-05,-0.0,0.0,0.002408284070108369,0.009704023856456218,0.006056153963282293,0.006056153963282293,-0.00047081383100000085
4.65e-05,-0.0,0.0,0.0004676928930525734,0.0154121933268927,0.007939943109972637,0.007939943109972637,-0.0004708177187170097
4.6525e-05,0.0,-0.0,-0.0001964460571303506,0.0061391695884584095,0.0029713617656640296,0.0029713617656640296,-0.00047082162520632113
4.655e-05,0.0,-0.0,-0.010288357259294667,0.005779270811476011,-0.002254543223909328,-0.002254543223909328,-0.00047082555058811635
4.6575e-05,0.0,-0.0,0.008102821226401791,0.020874297372679804,0.014488559299540796,0.014488559299540796,-0.0004708294949835504
4.66e-05,0.0,-0.0,-2.6773885471467426e-05,0.018046542257688356,0.009009884186108444,0.009009884186108444,-0.0004708334585147449
4.6625e-05,0.0,-0.0,0.007266256642129709,0.007377635706945094,0.007321946174537401,0.007321946174537401,-0.0004708374413048016
4.665e-05,0.0,-0.0,-0.019671648904394528,0.022086225762636216,0.0012072884291208438,0.0012072884291208438,-0.0004708414434778209
4.6675e-05,0.0,-0.0,0.025981995942272552,-0.014822984858650594,0.005579505541810979,0.005579505541810979,-0.00047084546515891156
4.67e-05,0.0,-0.0,-0.0030890758327696763,-0.013855861104672523,-0.0084724684687211,-0.0084724684687211,-0.00047084950647419534
4.6725e-05,0.0,-0.0,-0.014214859894425166,-0.001763279834561462,-0.007989069864493313,-0.007989069864493313,-0.0004708535675508278
4.675e-05,0.0,-0.0,-0.021856575913656556,0.005303229252989982,-0.008276673330333287,-0.008276673330333287,-0.00047085764851698836
4.6775e-05,-0.0,0.0,-0.004218709810311257,-0.005055009550565852,-0.004636859680438555,-0.004636859680438555,-0.00047086174950190606
4.68e-05,-0.0,0.0,-0.01909091571548149,-0.006800465606082794,-0.012945690660782142,-0.012945690660782142,-0.00047086587063585155
4.6825e-05,-0.0,0.0,-0.0070497417909206415,-0.010202056378657197,-0.008625899084788918,-0.008625899084788918,-0.00047087001205016953
4.685e-05,-0.0,0.0,-0.002343303062699665,0.007195202966053085,0.00242594995167671,0.00242594995167671,-0.0004708741738772659
4.6875e-05,-0.0,0.0,-0.0015603975050088653,-0.02310877266448817,-0.012334585084748518,-0.012334585084748518,-0.00047087835625064334
4.69e-05,-0.0,0.0,0.0024129201224737033,-0.006601528741939671,-0.002094304309732984,-0.002094304309732984,-0.00047088255930489986
4.6925e-05,-0.0,0.0,0.009983409715077496,-0.01248965709222238,-0.0012531236885724422,-0.0012531236885724422,-0.0004708867831757429
4.695e-05,-0.0,0.0,-0.003667729164084377,0.02761100545029622,0.011971638143105923,0.011971638143105923,-0.0004708910279999932
4.6975e-05,-0.0,0.0,-0.01682655320589754,0.001960376657866314,-0.007433088274015613,-0.007433088274015613,-0.00047089529391560223
4.7e-05,-0.0,0.0,0.003827662639351208,-0.00442222035534649,-0.00029727885799764103,-0.00029727885799764103,-0.00047089958106165614
4.7025e-05,0.0,-0.0,-0.02653396735534679,-0.017738671574727225,-0.022136319465037007,-0.022136319465037007,-0.0004709038895783902
4.705e-05,0.0,-0.0,-0.017004007278137622,-0.011153532569951979,-0.0140787699240448,-0.0140787699240448,-0.00047090821960720213
4.7075e-05,0.0,-0.0,0.015304200585148088,0.009284976996601796,0.012294588790874942,0.012294588790874942,-0.0004709125712906665
4.71e-05,0.0,-0.0,0.006355675495024221,0.0037306634843694755,0.005043169489696848,0.005043169489696848,-0.00047091694477254605
4.7125e-05,0.0,-0.0,0.011169411437908321,-0.015664857153801916,-0.0022477228579467975,-0.0022477228579467975,-0.00047092134019781037
4.715e-05,0.0,-0.0,-0.005129226808160157,0.009063499690776773,0.0019671364413083084,0.0019671364413083084,-0.0004709257577126334
4.7175e-05,0.0,-0.0,0.022722287654430486,0.004295471984663915,0.0135088798195472,0.0135088798195472,-0.00047093019746441883
4.72e-05,0.0,-0.0,-0.0048409818875090466,0.024691177130509362,0.009925097621500158,0.009925097621500158,-0.000470934659601788
4.7225e-05,0.0,-0.0,0.023566195510440348,0.0016320451626634345,0.01259912033655189,0.01259912033655189,-0.0004709391442746097
4.725e-05,0.0,-0.0,0.012688152858723654,-0.0009466097281633128,0.00587077156528017,0.00587077156528017,-0.0004709436516340073
4.7275e-05,-0.0,0.0,-0.0003646922912509076,0.009327076991764357,0.004481192350256725,0.004481192350256725,-0.00047094818183237756
4.73e-05,-0.0,0.0,0.0006486205954915568,0.004700556224613807,0.0026745884100526822,0.0026745884100526822,-0.00047095273502340164
4.7325e-05,-0.0,0.0,-0.019454764482137878,0.0005465657994237242,-0.009454099341357077,-0.009454099341357077,-0.0004709573113620717
4.735e-05,-0.0,0.0,0.009351181476391288,0.01798954971247969,0.013670365594435489,0.013670365594435489,-0.00047096191100468867
4.7375e-05,-0.0,0.0,0.004093168350948673,-0.030865249599338212,-0.013386040624194769,-0.013386040624194769,-0.00047096653410888783
4.74e-05,-0.0,0.0,-0.00018120318643445447,-0.006436666933539702,-0.003308935059987078,-0.003308935059987078,-0.00047097118083363527
4.7425e-05,-0.0,0.0,0.0002816745477730922,0.003543198467815058,0.001912436507794075,0.001912436507794075,-0.0004709758513392452
4.745e-05,-0.0,0.0,0.003317229899921512,0.003130612751299022,0.0032239213256102673,0.0032239213256102673,-0.00047098054578739214
4.7475e-05,-0.0,0.0,-0.020961140018154942,-0.01297570048468059,-0.016968420251417766,-0.016968420251417766,-0.0004709852643411229
4.75e-05,0.0,-0.0,-0.0025149340742529184,-0.00761084561220167,-0.0050628898432272945,-0.0050628898432272945,-0.000470990007164876
4.7525e-05,0.0,-0.0,-0.0006553380215547866,0.004227381968231603,0.0017860219733384082,0.0017860219733384082,-0.0004709947744244991
4.755e-05,0.0,-0.0,0.018724359266325485,0.015210146105636282,0.016967252685980885,0.016967252685980885,-0.0004709995662872679
4.7575e-05,0.0,-0.0,-0.029460260205556994,-0.01684464518435464,-0.02315245269495582,-0.02315245269495582,-0.00047100438292190454
4.76e-05,0.0,-0.0,-0.003936338257352769,-0.0018377772916695647,-0.0028870577745111667,-0.0028870577745111667,-0.0004710092244985829
4.7625e-05,0.0,-0.0,-0.00026927286738831805,-0.00932661617687214,-0.004797944522130229,-0.004797944522130229,-0.00047101409118894654
4.765e-05,0.0,-0.0,0.014144977531010973,0.04157670891572693,0.02786084322336895,0.02786084322336895,-0.00047101898316612216
4.7675e-05,0.0,-0.0,-0.010195563159350086,0.01842454199690031,0.0041144894187751125,0.0041144894187751125,-0.00047102390060472377
4.77e-05,0.0,-0.0,0.007340470824340806,7.253866885994711e-05,0.0037065047466003764,0.0037065047466003764,-0.00047102884368087426
4.7725e-05,0.0,-0.0,0.0013026279278177226,0.013236389624236069,0.007269508776026896,0.007269508776026896,-0.00047103381257222244
4.775e-05,0.0,-0.0,0.007962462554163923,0.001183616608708872,0.004573039581436397,0.004573039581436397,-0.0004710388074579592
4.7775e-05,-0.0,0.0,0.0038739789760984487,-0.001422303243240115,0.0012258378664291667,0.0012258378664291667,-0.00047104382851883685
4.78e-05,-0.0,0.0,0.0018136052806944044,-0.017335347231931256,-0.007760870975618426,-0.007760870975618426,-0.0004710488759371851
4.7825e-05,-0.0,0.0,0.020037868319454463,0.0006930261920021551,0.01036544725572831,0.01036544725572831,-0.0004710539498969412
4.785e-05,-0.0,0.0,0.03134599492809017,-0.006486118438342907,0.012429938244873632,0.012429938244873632,-0.00047105905058364965
4.7875e-05,-0.0,0.0,0.004344622930313105,-0.007935634466913189,-0.0017955057683000423,-0.0017955057683000423,-0.0004710641781844939
4.79e-05,-0.0,0.0,0.021778206957385235,-0.014622115739255205,0.0035780456090650148,0.0035780456090650148,-0.00047106933288829393
4.7925e-05,-0.0,0.0,0.009150346333517695,0.003127154747234575,0.006138750540376135,0.006138750540376135,-0.0004710745148855339
4.795e-05,-0.0,0.0,0.008214397346889838,-0.027919302537690767,-0.009852452595400464,-0.009852452595400464,-0.0004710797243683689
4.7975e-05,-0.0,0.0,-0.01607068671544846,0.0532374828906576,0.01858339808760457,0.01858339808760457,-0.0004710849615306474
4.8e-05,-0.0,0.0,-0.01660098046058879,-0.010789548719667837,-0.013695264590128313,-0.013695264590128313,-0.0004710902265679201
4.8025e-05,0.0,-0.0,-0.01576366629435063,0.0037156751088716178,-0.006023995592739506,-0.006023995592739506,-0.00047109551967747904
4.805e-05,0.0,-0.0,-0.026268216815237864,0.001474371932219417,-0.012396922441509223,-0.012396922441509223,-0.000471100841058366
4.8075e-05,0.0,-0.0,0.02247193607088568,0.00868522084508519,0.015578578457985435,0.015578578457985435,-0.00047110619091140767
4.81e-05,0.0,-0.0,-0.006046589786377677,0.007434019149434911,0.0006937146815286168,0.0006937146815286168,-0.000471111569439224
4.8125e-05,0.0,-0.0,0.009499447913516847,0.002536158966316855,0.006017803439916851,0.006017803439916851,-0.0004711169768462561
4.815e-05,0.0,-0.0,0.012381263197072953,0.022512180858175836,0.017446722027624394,0.017446722027624394,-0.00047112241333876917
4.8175e-05,0.0,-0.0,0.0075217723330872985,0.009969437188462726,0.008745604760775013,0.008745604760775013,-0.00047112787912487533
4.82e-05,0.0,-0.0,-0.026752098060489143,0.011313059099192615,-0.0077195194806482645,-0.0077195194806482645,-0.0004711333744145406
4.8225e-05,0.0,-0.0,0.0006035148163388271,0.011092811557945276,0.005848163187142052,0.005848163187142052,-0.00047113889941960885
4.825e-05,0.0,-0.0,0.01239837320973385,0.014705035952657479,0.013551704581195666,0.013551704581195666,-0.0004711444543538272
4.8275e-05,-0.0,0.0,-0.01865782029564933,0.007951619401281538,-0.005353100447183896,-0.005353100447183896,-0.00047115003943286896
4.83e-05,-0.0,0.0,-0.0020047044771369193,0.0005207504153140191,-0.00074197703091145,-0.00074197703091145,-0.00047115565487436953
4.8325e-05,-0.0,0.0,-0.0006657490927868917,0.01238815419233357,0.005861202549773339,0.005861202549773339,-0.0004711613008979479
4.835e-05,-0.0,0.0,-0.0003840832273274761,-0.002748553251142695,-0.0015663182392350857,-0.0015663182392350857,-0.0004711669777252289
4.8375e-05,-0.0,0.0,0.0274475112553791,0.0006491036023924335,0.014048307428885767,0.014048307428885767,-0.00047117268557985597
4.84e-05,-0.0,0.0,0.0025346324385899883,-4.5373974208838574e-05,0.0012446292321905748,0.0012446292321905748,-0.00047117842468750304
4.8425e-05,-0.0,0.0,-0.014230301385643115,-0.028591363592700317,-0.021410832489171715,-0.021410832489171715,-0.00047118419527589765
4.845e-05,-0.0,0.0,0.012356950664815975,0.012955302918878546,0.012656126791847262,0.012656126791847262,-0.0004711899975748296
4.8475e-05,-0.0,0.0,0.011643675615701331,0.02905974014455767,0.0203517078801295,0.0203517078801295,-0.0004711958318161846
4.85e-05,-0.0,0.0,0.006574344876344819,-4.9125468826095365e-05,0.0032626097037593616,0.0032626097037593616,-0.00047120169823397273
4.8525e-05,0.0,-0.0,-0.013656643234695605,0.02248547825723974,0.0044144175112720676,0.0044144175112720676,-0.0004712075970643634
4.855e-05,0.0,-0.0,0.015198390449546987,-0.024539501649374556,-0.004670555599913784,-0.004670555599913784,-0.00047121352854571333
4.8575e-05,0.0,-0.0,-0.008422142252250624,0.018262367167860352,0.004920112457804864,0.004920112457804864,-0.0004712194929185912
4.86e-05,0.0,-0.0,-0.028138803396084572,-0.013048221358691652,-0.02059351237738811,-0.02059351237738811,-0.0004712254904257987
4.8625e-05,0.0,-0.0,0.0013302382575585215,0.002633398599062068,0.001981818428310295,0.001981818428310295,-0.0004712315213123818
4.865e-05,0.0,-0.0,-0.0014394836428811746,-0.02154901129597067,-0.011494247469425923,-0.011494247469425923,-0.0004712375858256486
4.8675e-05,0.0,-0.0,-0.0004086454292694765,-0.016763546830321663,-0.00858609612979557,-0.00858609612979557,-0.00047124368421520065
4.87e-05,0.0,-0.0,-0.004169474890862296,-0.006933080837042671,-0.005551277863952483,-0.005551277863952483,-0.00047124981673294297
4.8725e-05,0.0,-0.0,-0.01024215665583648,0.0010010086247236294,-0.004620574015556425,-0.004620574015556425,-0.00047125598363313383
4.875e-05,0.0,-0.0,0.004150985297477353,-0.027628047456692954,-0.0117385310796078,-0.0117385310796078,-0.0004712621851724109
4.8775e-05,-0.0,0.0,-0.011532089884102464,0.007479574641430442,-0.002026257621336011,-0.002026257621336011,-0.00047126842160982523
4.88e-05,-0.0,0.0,0.011483342471268544,0.02602758147443374,0.01875546197285114,0.01875546197285114,-0.0004712746932068666
4.8825e-05,-0.0,0.0,-0.015092133681490271,-0.02200833912238084,-0.018550236401935555,-0.018550236401935555,-0.00047128100022749575
4.885e-05,-0.0,0.0,-0.02296840431090467,-0.019371346321313904,-0.02116987531610929,-0.02116987531610929,-0.0004712873429381559
4.8875e-05,-0.0,0.0,-0.0041554266519332975,0.005881205058338286,0.0008628892032024943,0.0008628892032024943,-0.00047129372160779773
4.89e-05,-0.0,0.0,0.010669314408595563,-0.008151152873682054,0.0012590807674567545,0.0012590807674567545,-0.0004713001365079047
4.8925e-05,-0.0,0.0,-0.006760438239569501,-0.02122247481803515,-0.013991456528802326,-0.013991456528802326,-0.00047130658791252027
4.895e-05,-0.0,0.0,0.0021876439899175763,-0.006636708173668236,-0.00222453209187533,-0.00222453209187533,-0.0004713130760982877
4.8975e-05,-0.0,0.0,0.0035630536995617493,0.010706411055298352,0.00713473237743005,0.00713473237743005,-0.00047131960134448483
4.9e-05,-0.0,0.0,0.001467481725336132,-0.001313033275704234,7.722422481594893e-05,7.722422481594893e-05,-0.00047132616393305625
4.9025e-05,0.0,-0.0,0.01021350642750615,0.022875642095337118,0.016544574261421634,0.016544574261421634,-0.00047133276414864424
4.905e-05,0.0,-0.0,0.00557908931044004,0.0004628354750626311,0.0030209623927513352,0.0030209623927513352,-0.00047133940227862646
4.9075e-05,0.0,-0.0,-0.01419913805067201,0.02522703945140156,0.005513950700364776,0.005513950700364776,-0.0004713460786131251
4.91e-05,0.0,-0.0,0.0031761961162291865,-0.006272039652103944,-0.0015479217679373787,-0.0015479217679373787,-0.0004713527934450459
4.9125e-05,0.0,-0.0,0.021349110921535876,0.017410965403453205,0.01938003816249454,0.01938003816249454,-0.0004713595470700977
4.915e-05,0.0,-0.0,0.023339718161772115,0.008920188372248889,0.016129953267010503,0.016129953267010503,-0.00047136633978683276
4.9175e-05,0.0,-0.0,-0.021571970799290557,-0.004602264433784854,-0.013087117616537705,-0.013087117616537705,-0.0004713731718966834
4.92e-05,0.0,-0.0,-0.019831908425757248,0.010842355955449762,-0.004494776235153743,-0.004494776235153743,-0.00047138004370400117
4.9225e-05,0.0,-0.0,-0.006253353070424621,-0.005573136505780151,-0.005913244788102385,-0.005913244788102385,-0.0004713869555160975
4.925e-05,0.0,-0.0,-0.013115214710597152,0.01789838329913591,0.0023915842942693792,0.0023915842942693792,-0.0004713939076432771
4.9275e-05,-0.0,0.0,-0.01491062892025952,0.023901616467805156,0.004495493773772818,0.004495493773772818,-0.00047140090039887446
4.93e-05,-0.0,0.0,-0.008641561032240312,-0.0074634607974543455,-0.008052510914847329,-0.008052510914847329,-0.00047140793409927256
4.9325e-05,-0.0,0.0,0.004485018164564139,-0.011322320564282881,-0.0034186511998593712,-0.0034186511998593712,-0.0004714150090639462
4.935e-05,-0.0,0.0,-0.006635010991600193,0.01169978141669257,0.002532385212546189,0.002532385212546189,-0.0004714221256154797
4.9375e-05,-0.0,0.0,0.007256367404429983,0.008758459615883254,0.008007413510156618,0.008007413510156618,-0.0004714292840796119
4.94e-05,-0.0,0.0,-0.021192816733018163,-0.0011396390628509551,-0.011166227897934559,-0.011166227897934559,-0.00047143648478527875
4.9425e-05,-0.0,0.0,-0.02857892511619543,0.025997737688647642,-0.0012905937137738938,-0.0012905937137738938,-0.00047144372806465565
4.945e-05,-0.0,0.0,-0.0074043480444907625,-0.0017102877624518282,-0.004557317903471295,-0.004557317903471295,-0.0004714510142532007
4.9475e-05,-0.0,0.0,0.01749894926812622,-0.01635697208099253,0.0005709885935668447,0.0005709885935668447,-0.00047145834368970437
4.95e-05,-0.0,0.0,0.015368375396275728,-0.01084378849558626,0.002262293450344734,0.002262293450344734,-0.00047146571671631934
4.9525e-05,0.0,-0.0,-0.014649156599408302,-0.004629378525153367,-0.009639267562280835,-0.009639267562280835,-0.00047147313367859947
4.955e-05,0.0,-0.0,0.016156650425166615,-0.007956567883949916,0.0041000412706083495,0.0041000412706083495,-0.0004714805949255304
4.9575e-05,0.0,-0.0,0.010545343571130208,-0.0238910563860319,-0.006672856407450847,-0.006672856407450847,-0.00047148810080957005
4.96e-05,0.0,-0.0,0.011332512504775476,-0.012212876965209724,-0.0004401822302171239,-0.0004401822302171239,-0.0004714956516866783
4.9625e-05,0.0,-0.0,-0.009383230508230074,-0.009138173562156461,-0.009260702035193268,-0.009260702035193268,-0.0004715032479163724
4.965e-05,0.0,-0.0,-0.004970302354858173,-0.0073988243471732424,-0.0061845633510157075,-0.0061845633510157075,-0.00047151088986176887
4.9675e-05,0.0,-0.0,-0.01828018891644659,0.006561585652799337,-0.005859301631823627,-0.005859301631823627,-0.0004715185778896338
4.97e-05,0.0,-0.0,-0.0006980946299570228,0.023763437583971706,0.011532671477007341,0.011532671477007341,-0.00047152631237043166
4.9725e-05,0.0,-0.0,0.007291740768951038,-0.006168418836557988,0.000561660966196525,0.000561660966196525,-0.00047153409367837253
4.975e-05,0.0,-0.0,-0.002448335664536112,-0.011836591193460094,-0.007142463428998103,-0.007142463428998103,-0.0004715419221914558
4.9775e-05,-0.0,0.0,-0.0019385432591494357,0.002678340180142379,0.0003698984604964716,0.0003698984604964716,-0.00047154979829151897
4.98e-05,-0.0,0.0,0.00365489192379702,-0.01964522134106154,-0.00799516470863226,-0.00799516470863226,-0.00047155772236425966
4.9825e-05,-0.0,0.0,-0.005770978259944969,0.005700617153964894,-3.518055299003755e-05,-3.518055299003755e-05,-0.00047156569479929407
4.985e-05,-0.0,0.0,-0.004592380181000447,-0.01779574473506002,-0.011194062458030233,-0.011194062458030233,-0.0004715737159902012
4.9875e-05,-0.0,0.0,-0.012720068452632696,-0.022639134739626122,-0.01767960159612941,-0.01767960159612941,-0.00047158178633458045
4.99e-05,-0.0,0.0,0.0018810803269763167,0.02034568583081042,0.011113383078893369,0.011113383078893369,-0.0004715899062340777
4.9925e-05,-0.0,0.0,0.009536817157496762,0.027069245384430965,0.018303031270963863,0.018303031270963863,-0.0004715980760944708
4.995e-05,-0.0,0.0,-0.0256621377181933,0.02474724038031976,-0.0004574486689367715,-0.0004574486689367715,-0.0004716062963257065
4.9975e-05,-0.0,0.0,0.011383396624041323,0.0013757156742131775,0.00637955614912725,0.00637955614912725,-0.0004716145673419643
5e-05,-0.0,0.0,-0.0073393524821545745,0.018872405686500875,0.005766526602173151,0.005766526602173151,-0.0004716228895616941
5.0025e-05,0.0,-0.0,-0.012251430477006036,-0.0006656824381844176,-0.006458556457595227,-0.006458556457595227,-0.00047163126340768046
5.005e-05,0.0,-0.0,0.05457390642887604,-0.006201303304014077,0.02418630156243098,0.02418630156243098,-0.0004716396893070835
5.0075e-05,0.0,-0.0,0.008898363841560234,-0.03104374133098428,-0.011072688744712024,-0.011072688744712024,-0.00047164816769149325
5.01e-05,0.0,-0.0,0.012706868578482484,0.03391244808559151,0.023309658332037,0.023309658332037,-0.000471656698996972
5.0125e-05,0.0,-0.0,-0.02164553071851219,-0.019188023081068564,-0.02041677689979038,-0.02041677689979038,-0.00047166528366413175
5.015e-05,0.0,-0.0,0.028871745294501296,0.0021234200735260394,0.015497582684013668,0.015497582684013668,-0.00047167392213818215
5.0175e-05,0.0,-0.0,0.027738194010669452,0.01381249726348038,0.020775345637074914,0.020775345637074914,-0.00047168261486899303
5.02e-05,0.0,-0.0,-0.0014901909230300011,-0.006647987257826339,-0.00406908909042817,-0.00406908909042817,-0.0004716913623111637
5.0225e-05,0.0,-0.0,-0.03564208096253808,-0.013350303235507866,-0.02449619209902297,-0.02449619209902297,-0.00047170016492407074
5.025e-05,0.0,-0.0,0.018689117646227087,0.019957310791791506,0.019323214219009295,0.019323214219009295,-0.0004717090231719432
5.0275e-05,-0.0,0.0,-0.001076075161756052,-0.015158498838831278,-0.008117287000293665,-0.008117287000293665,-0.00047171793752390505
5.03e-05,-0.0,0.0,0.013477177330963229,-0.02034257868248648,-0.003432700675761626,-0.003432700675761626,-0.0004717269084540489
5.0325e-05,-0.0,0.0,0.011009306168359788,-0.004814052487257159,0.0030976268405513143,0.0030976268405513143,-0.0004717359364414781
5.035e-05,-0.0,0.0,-0.0024445241954965135,0.01208446148173534,0.004819968643119414,0.004819968643119414,-0.0004717450219703809
5.0375e-05,-0.0,0.0,-0.014978163572172071,0.004066775569119539,-0.005455694001526266,-0.005455694001526266,-0.00047175416553008547
5.04e-05,-0.0,0.0,0.026849165432439454,0.009577069944887277,0.018213117688663363,0.018213117688663363,-0.00047176336761516193
5.0425e-05,-0.0,0.0,0.008321020292617474,-0.0031965527188234154,0.002562233786897029,0.002562233786897029,-0.0004717726287254539
5.045e-05,-0.0,0.0,-0.0285794894661135,0.023210502629860314,-0.0026844934181265937,-0.0026844934181265937,-0.000471781949366181
5.0475e-05,-0.0,0.0,-0.007417975283335883,0.010098965792419137,0.001340495254541627,0.001340495254541627,-0.0004717913300479877
5.05e-05,-0.0,0.0,0.015174170549696041,-0.0068529895046507685,0.004160590522522637,0.004160590522522637,-0.0004718007712870222
5.0525e-05,0.0,-0.0,-0.010970529217830953,0.014845249502054953,0.001937360142112,0.001937360142112,-0.000471810273604991
5.055e-05,0.0,-0.0,0.012625280150218573,-0.005987022021224349,0.0033191290644971117,0.0033191290644971117,-0.000471819837529232
5.0575e-05,0.0,-0.0,-0.016715736131483683,0.009546897231168682,-0.003584419450157501,-0.003584419450157501,-0.0004718294635927975
5.06e-05,0.0,-0.0,-0.00820074642492753,-0.002148917107756977,-0.005174831766342254,-0.005174831766342254,-0.00047183915233449744
5.0625e-05,0.0,-0.0,0.026406032235778722,0.015240726365988184,0.020823379300883453,0.020823379300883453,-0.00047184890429902507
5.065e-05,0.0,-0.0,-0.02468741573873194,0.02648903442460627,0.0009008093429371637,0.0009008093429371637,-0.00047185872003700275
5.0675e-05,0.0,-0.0,0.013654619716531468,0.027775654808904184,0.020715137262717825,0.020715137262717825,-0.0004718686001051012
5.07e-05,0.0,-0.0,-0.021693365574841732,-0.007660850368821807,-0.01467710797183177,-0.01467710797183177,-0.00047187854506608034
5.0725e-05,0.0,-0.0,0.014130136722289497,0.007924799489368785,0.011027468105829141,0.011027468105829141,-0.0004718885554888903
5.075e-05,0.0,-0.0,0.012998209193905408,0.0028483323911376404,0.007923270792521524,0.007923270792521524,-0.0004718986319487325
5.0775e-05,-0.0,0.0,0.02508942311477012,-0.02928003713021611,-0.0020953070077229952,-0.0020953070077229952,-0.0004719087750271316
5.08e-05,-0.0,0.0,0.0262165474421273,0.0072648764759194635,0.01674071195902338,0.01674071195902338,-0.00047191898531202006
5.0825e-05,-0.0,0.0,0.010926406828822026,0.0048904471191334375,0.007908426973977731,0.007908426973977731,-0.00047192926339782504
5.085e-05,-0.0,0.0,0.02303961507153986,0.016256100642868452,0.019647857857204156,0.019647857857204156,-0.0004719396098855721
5.0875e-05,-0.0,0.0,0.006038551476237175,-0.019939214275844386,-0.006950331399803606,-0.006950331399803606,-0.00047195002538298495
5.09e-05,-0.0,0.0,0.02543982586221048,0.017828724877662978,0.02163427536993673,0.02163427536993673,-0.0004719605105045798
5.0925e-05,-0.0,0.0,-0.007475895323607505,0.016069074977798924,0.00429658982709571,0.00429658982709571,-0.0004719710658717756
5.095e-05,-0.0,0.0,0.014226029742808155,-0.025642862325407686,-0.005708416291299766,-0.005708416291299766,-0.00047198169211295593
5.0975e-05,-0.0,0.0,0.043038697213708184,-0.0015846084432595247,0.020727044385224328,0.020727044385224328,-0.0004719923898635633
5.1e-05,-0.0,0.0,0.004905462850864371,-0.007771161959961623,-0.0014328495545486257,-0.0014328495545486257,-0.0004720031597661585
5.1025e-05,0.0,-0.0,0.0019123067742298177,0.027116746712072197,0.014514526743151008,0.014514526743151008,-0.0004720140024705132
5.105e-05,0.0,-0.0,-0.0036826593419378474,0.012918750982115123,0.004618045820088638,0.004618045820088638,-0.0004720249186337097
5.1075e-05,0.0,-0.0,-0.009430747556679171,0.004334352980857399,-0.002548197287910886,-0.002548197287910886,-0.0004720359089202446
5.11e-05,0.0,-0.0,0.008502775767724178,0.007785321797472308,0.008144048782598244,0.008144048782598244,-0.0004720469740021773
5.1125e-05,0.0,-0.0,0.0022227593807032627,0.005230337457360349,0.003726548419031806,0.003726548419031806,-0.00047205811455923094
5.115e-05,0.0,-0.0,0.015346390533482374,-0.005860914835758386,0.004742737848861994,0.004742737848861994,-0.0004720693312789391
5.1175e-05,0.0,-0.0,0.023990317473248222,-0.0025454491778705464,0.010722434147688838,0.010722434147688838,-0.0004720806248567225
5.12e-05,0.0,-0.0,0.03520329829111466,-0.007719591850564918,0.013741853220274871,0.013741853220274871,-0.00047209199599599635
5.1225e-05,0.0,-0.0,0.014210404277137932,0.0063383147084790595,0.010274359492808496,0.010274359492808496,-0.0004721034454082348
5.125e-05,0.0,-0.0,-0.026539111578769342,-0.008453822391730198,-0.01749646698524977,-0.01749646698524977,-0.00047211497381306213
5.1275e-05,-0.0,0.0,0.011744293259758128,-0.012804401559464641,-0.0005300541498532568,-0.0005300541498532568,-0.00047212658193834757
5.13e-05,-0.0,0.0,-0.009199295989560123,-0.031220853888522894,-0.02021007493904151,-0.02021007493904151,-0.0004721382705203358
5.1325e-05,-0.0,0.0,-0.012475576124521815,0.012549825875695413,3.7124875586798736e-05,3.7124875586798736e-05,-0.00047215004030378517
5.135e-05,-0.0,0.0,-0.01840618648911184,-0.014853979329456804,-0.016630082909284322,-0.016630082909284322,-0.0004721618920421257
5.1375e-05,-0.0,0.0,-0.0027386185316629987,-0.0076065688590316455,-0.005172593695347322,-0.005172593695347322,-0.0004721738264976067
5.14e-05,-0.0,0.0,0.013228331809821598,0.007478637577079621,0.010353484693450609,0.010353484693450609,-0.00047218584444142626
5.1425e-05,-0.0,0.0,0.005738245511327531,-0.03241413895681353,-0.013337946722743,-0.013337946722743,-0.00047219794665384477
5.145e-05,-0.0,0.0,-0.009263516341917367,0.00010326022094802153,-0.004580128060484673,-0.004580128060484673,-0.0004722101339242923
5.1475e-05,-0.0,0.0,-0.011875325037132747,0.010371946503246006,-0.0007516892669433709,-0.0007516892669433709,-0.00047222240705144193
5.15e-05,-0.0,0.0,-0.020174204491931847,0.008196710515950834,-0.005988746987990507,-0.005988746987990507,-0.0004722347668433452
5.1525e-05,0.0,-0.0,0.0063677015645209915,-0.02612413108782115,-0.00987821476165008,-0.00987821476165008,-0.0004722472141175337
5.155e-05,0.0,-0.0,0.0016539559962403542,0.0010208760938233542,0.0013374160450318542,0.0013374160450318542,-0.00047225974970119017
5.1575e-05,0.0,-0.0,-0.023195680518271634,-0.01822523884971369,-0.02071045968399266,-0.02071045968399266,-0.0004722723744312975
5.16e-05,0.0,-0.0,0.013412356260109854,0.042544516236461,0.02797843624828543,0.02797843624828543,-0.0004722850891548235
5.1625e-05,0.0,-0.0,-0.01541563103174858,0.006091649088775484,-0.004661990971486549,-0.004661990971486549,-0.00047229789472887063
5.165e-05,0.0,-0.0,0.0009633254616391329,0.017979987192862795,0.009471656327250964,0.009471656327250964,-0.0004723107920208302
5.1675e-05,0.0,-0.0,-0.01927054465411188,-0.014294132293820644,-0.016782338473966263,-0.016782338473966263,-0.0004723237819085115
5.17e-05,0.0,-0.0,-0.003567882517249171,-0.0210991247108625,-0.012333503614055837,-0.012333503614055837,-0.0004723368652802737
5.1725e-05,0.0,-0.0,-0.019586678624666856,-0.00012047960978624352,-0.009853579117226549,-0.009853579117226549,-0.0004723500430351484
5.175e-05,0.0,-0.0,-0.01693008157990589,0.00951993088108323,-0.00370507534941133,-0.00370507534941133,-0.00047236331608298585
5.1775e-05,-0.0,0.0,-0.013298951407978593,-0.00179159499626697,-0.007545273202122782,-0.007545273202122782,-0.00047237668534460983
5.18e-05,-0.0,0.0,-0.01900248878078172,-0.032882818102434895,-0.02594265344160831,-0.02594265344160831,-0.0004723901517519905
5.1825e-05,-0.0,0.0,-0.002666126462488847,0.0007062748858395486,-0.0009799257883246492,-0.0009799257883246492,-0.0004724037162484254
5.185e-05,-0.0,0.0,-0.004010852336946053,0.003835518221863322,-8.766705754136559e-05,-8.766705754136559e-05,-0.0004724173797887244
5.1875e-05,-0.0,0.0,0.0014955837165501753,-0.011483985691125098,-0.004994200987287462,-0.004994200987287462,-0.00047243114333938007
5.19e-05,-0.0,0.0,0.01961590941534177,0.009936200582441476,0.014776054998891622,0.014776054998891622,-0.00047244500787874886
5.1925e-05,-0.0,0.0,-0.014839063460616543,0.017884399877949528,0.0015226682086664925,0.0015226682086664925,-0.00047245897439720754
5.195e-05,-0.0,0.0,-0.009782899275813153,-0.003498085852285589,-0.006640492564049371,-0.006640492564049371,-0.00047247304389733076
5.1975e-05,-0.0,0.0,-0.0065033251229075825,-0.016148665657027654,-0.011325995389967619,-0.011325995389967619,-0.0004724872173940472
5.2e-05,-0.0,0.0,-0.0024641071324798076,-0.002092411507364725,-0.002278259319922266,-0.002278259319922266,-0.00047250149591482457
5.2025e-05,0.0,-0.0,-0.002152186885208428,0.013674685968255381,0.005761249541523477,0.005761249541523477,-0.00047251588049985907
5.205e-05,0.0,-0.0,0.01553034872108195,0.02595869437622556,0.020744521548653756,0.020744521548653756,-0.0004725303722022646
5.2075e-05,0.0,-0.0,-0.015220436448094073,0.005429051384522229,-0.004895692531785922,-0.004895692531785922,-0.0004725449720882768
5.21e-05,0.0,-0.0,0.015844190607712073,-0.0037447720834435923,0.00604970926213424,0.00604970926213424,-0.00047255968123746043
5.2125e-05,0.0,-0.0,0.012640263224430114,0.005635366410474697,0.009137814817452405,0.009137814817452405,-0.0004725745007429102
5.215e-05,0.0,-0.0,0.005229168787464048,-0.00874353852087845,-0.001757184866707201,-0.001757184866707201,-0.00047258943171145644
5.2175e-05,0.0,-0.0,0.025599563795211073,0.0005863877159242064,0.01309297575556764,0.01309297575556764,-0.00047260447526387324
5.22e-05,0.0,-0.0,0.010070941636119308,-0.007119571197080818,0.0014756852195192452,0.0014756852195192452,-0.0004726196325350749
5.2225e-05,0.0,-0.0,-0.012872281426690975,0.02426259752877021,0.005695158051039617,0.005695158051039617,-0.00047263490467433874
5.225e-05,0.0,-0.0,-0.0032038763118825303,0.0061446059748094806,0.0014703648314634752,0.0014703648314634752,-0.00047265029284551067
5.2275e-05,-0.0,0.0,-0.0343088722892954,0.009973909643282153,-0.012167481323006622,-0.012167481323006622,-0.00047266579822722167
5.23e-05,-0.0,0.0,-0.005222604951238191,-0.004474271525575645,-0.0048484382384069175,-0.0048484382384069175,-0.0004726814220131346
5.2325e-05,-0.0,0.0,0.021967192722988808,0.005530192305347093,0.013748692514167951,0.013748692514167951,-0.00047269716541215766
5.235e-05,-0.0,0.0,0.012640473228958442,-0.015643813170730932,-0.0015016699708862453,-0.0015016699708862453,-0.00047271302964870264
5.2375e-05,-0.0,0.0,0.02622920065452709,0.011156336747129902,0.018692768700828498,0.018692768700828498,-0.0004727290159629158
5.24e-05,-0.0,0.0,0.014313283460105559,-0.020285843574432222,-0.0029862800571633314,-0.0029862800571633314,-0.00047274512561093826
5.2425e-05,-0.0,0.0,0.012307951307088236,0.010505003222729875,0.011406477264909055,0.011406477264909055,-0.0004727613598651379
5.245e-05,-0.0,0.0,-0.011096704021807558,-0.0007109444811638428,-0.0059038242514857005,-0.0059038242514857005,-0.000472777720014372
5.2475e-05,-0.0,0.0,-0.01460517755046156,0.001379676646131928,-0.006612750452164817,-0.006612750452164817,-0.00047279420736422325
5.25e-05,-0.0,0.0,-0.012540502369159547,-0.001954383535358692,-0.007247442952259119,-0.007247442952259119,-0.00047281082323726465
5.2525e-05,0.0,-0.0,-0.012736144503275707,-0.010185726274550557,-0.011460935388913133,-0.011460935388913133,-0.0004728275689733142
5.255e-05,0.0,-0.0,-0.00030586513756535483,-0.0062493192851004655,-0.00327759221133291,-0.00327759221133291,-0.0004728444459297113
5.2575e-05,0.0,-0.0,-0.014380733230222882,0.010026545128291377,-0.0021770940509657525,-0.0021770940509657525,-0.0004728614554815949
5.26e-05,0.0,-0.0,-0.004809393956048081,0.018379669356490297,0.006785137700221108,0.006785137700221108,-0.000472878599022198
5.2625e-05,0.0,-0.0,-0.013057207981479337,-0.009512230206483518,-0.011284719093981427,-0.011284719093981427,-0.0004728958779631456
5.265e-05,0.0,-0.0,0.03485983422686989,-0.0014944649557799782,0.016682684635544957,0.016682684635544957,-0.0004729132937347514
5.2675e-05,0.0,-0.0,0.0155493663146231,-0.026386121308144845,-0.005418377496760872,-0.005418377496760872,-0.00047293084778631694
5.27e-05,0.0,-0.0,0.0046246860654299785,0.024977008894343344,0.01480084747988666,0.01480084747988666,-0.00047294854158642994
5.2725e-05,0.0,-0.0,-0.039237252274213645,-0.015663182959855484,-0.027450217617034565,-0.027450217617034565,-0.00047296637662325473
5.275e-05,0.0,-0.0,-0.006259928606378153,-0.02761173054941121,-0.01693582957789468,-0.01693582957789468,-0.00047298435440484485
5.2775e-05,-0.0,0.0,0.017915829269646112,-0.002454061025980108,0.007730884121833002,0.007730884121833002,-0.0004730024764594329
5.28e-05,-0.0,0.0,-0.012494446525260947,0.006757096961142762,-0.0028686747820590923,-0.0028686747820590923,-0.0004730207443357749
5.2825e-05,-0.0,0.0,-0.02385915851160425,0.02481167211841638,0.0004762568034060652,0.0004762568034060652,-0.00047303915960348003
5.285e-05,-0.0,0.0,-0.019045067117524503,-0.0008496262914767275,-0.009947346704500615,-0.009947346704500615,-0.0004730577238533687
5.2875e-05,-0.0,0.0,0.022695919239833,0.009963549660011697,0.016329734449922348,0.016329734449922348,-0.00047307643869783707
5.29e-05,-0.0,0.0,-0.005242978690922614,-0.002754300695836196,-0.003998639693379405,-0.003998639693379405,-0.0004730953057712229
5.2925e-05,-0.0,0.0,0.0033736468007689686,-0.008096518406270757,-0.0023614358027508942,-0.0023614358027508942,-0.00047311432673016567
5.295e-05,-0.0,0.0,-0.004756077370828951,-0.000166038200170656,-0.0024610577854998037,-0.0024610577854998037,-0.00047313350325396
5.2975e-05,-0.0,0.0,0.009415663732580485,-0.006591298092179414,0.0014121828202005356,0.0014121828202005356,-0.00047315283704491294
5.3e-05,-0.0,0.0,-0.017003544128803078,-0.0013247802869988613,-0.009164162207900969,-0.009164162207900969,-0.00047317232982870406
5.3025e-05,0.0,-0.0,-0.020257122861966213,0.0006392683921630892,-0.009808927234901562,-0.009808927234901562,-0.0004731919833547522
5.305e-05,0.0,-0.0,-0.0008374738791590234,0.00012720081562046792,-0.00035513653176927774,-0.00035513653176927774,-0.00047321179939661755
5.3075e-05,0.0,-0.0,0.009856137761618398,-0.012122860293138561,-0.0011333612657600817,-0.0011333612657600817,-0.0004732317797524047
5.31e-05,0.0,-0.0,-0.00044951716543962486,-0.0005634961971455139,-0.0005065066812925693,-0.0005065066812925693,-0.00047325192624520066
5.3125e-05,0.0,-0.0,-0.013362166822726562,-0.0009525679446645075,-0.007157367383695535,-0.007157367383695535,-0.0004732722407235136
5.315e-05,0.0,-0.0,-0.0025972887794177874,0.00845224668605363,0.002927478953317922,0.002927478953317922,-0.0004732927250617072
5.3175e-05,0.0,-0.0,0.004975844272393518,0.014971109923161795,0.009973477097777657,0.009973477097777657,-0.0004733133811604405
5.32e-05,0.0,-0.0,0.0064032858036686315,-0.006847195708526093,-0.00022195495242873084,-0.00022195495242873084,-0.00047333421094710706
5.3225e-05,0.0,-0.0,-0.01241086017322473,-0.025239481226232742,-0.018825170699728735,-0.018825170699728735,-0.0004733552163762588
5.325e-05,0.0,-0.0,0.02324516475138534,0.003304017015424843,0.013274590883405091,0.013274590883405091,-0.0004733763994300598
5.3275e-05,-0.0,0.0,-0.022780503261244117,-0.03129716235341211,-0.027038832807328113,-0.027038832807328113,-0.0004733977621187253
5.33e-05,-0.0,0.0,0.0067967915316751925,0.0027418335362095515,0.0047693125339423725,0.0047693125339423725,-0.0004734193064810197
5.3325e-05,-0.0,0.0,-0.0018491067725549025,0.015516535115251725,0.006833714171348411,0.006833714171348411,-0.00047344103458474247
5.335e-05,-0.0,0.0,-0.0039372014852796285,0.033781651893563365,0.014922225204141867,0.014922225204141867,-0.00047346294852725133
5.3375e-05,-0.0,0.0,-0.0026195235749274315,0.01684806925783798,0.007114272841455275,0.007114272841455275,-0.0004734850504359846
5.34e-05,-0.0,0.0,-0.002343857781333996,-0.023019136054876717,-0.012681496918105356,-0.012681496918105356,-0.00047350734246899307
5.3425e-05,-0.0,0.0,0.0031259190790064832,-0.02594822048808771,-0.011411150704540613,-0.011411150704540613,-0.00047352982681547187
5.345e-05,-0.0,0.0,0.009918831330744058,0.017700216533469152,0.013809523932106604,0.013809523932106604,-0.00047355250569629194
5.3475e-05,-0.0,0.0,-0.0008814910279213129,0.004089706943579013,0.00160410795782885,0.00160410795782885,-0.00047357538136454113
5.35e-05,-0.0,0.0,0.009907741240362828,-0.003807244407771138,0.003050248416295845,0.003050248416295845,-0.0004735984561060693
5.3525e-05,0.0,-0.0,0.024968570539180206,0.03244291122545419,0.0287057408823172,0.0287057408823172,-0.00047362173224006315
5.355e-05,0.0,-0.0,0.0027246659368268637,-0.006019231335106286,-0.0016472826991397113,-0.0016472826991397113,-0.00047364521211961714
5.3575e-05,0.0,-0.0,-0.029961943516234133,0.0060611672615764394,-0.011950388127328846,-0.011950388127328846,-0.0004736688981323541
5.36e-05,0.0,-0.0,0.0023471240445735635,-0.011869105901060363,-0.0047609909282434,-0.0047609909282434,-0.00047369279270104646
5.3625e-05,0.0,-0.0,-0.009653604645537264,0.015056961209577354,0.0027016782820200452,0.0027016782820200452,-0.0004737168982842361
5.365e-05,0.0,-0.0,0.009542139272971047,-0.003609074948367716,0.002966532162301665,0.002966532162301665,-0.0004737412173768877
5.3675e-05,0.0,-0.0,0.020054427996332776,-0.03426517392889947,-0.007105372966283345,-0.007105372966283345,-0.0004737657525110334
5.37e-05,0.0,-0.0,-0.009906788503554165,0.001534306718794051,-0.004186240892380057,-0.004186240892380057,-0.00047379050625643925
5.3725e-05,0.0,-0.0,0.010205233354028901,-0.000858751180901881,0.00467324108656351,0.00467324108656351,-0.0004738154812212631
5.375e-05,0.0,-0.0,-0.013234331120445104,-0.0052701678677658185,-0.009252249494105462,-0.009252249494105462,-0.00047384068005275137
5.3775e-05,-0.0,0.0,0.0020832540354200485,-0.02558888880549926,-0.011752817385039607,-0.011752817385039607,-0.0004738661054379412
5.38e-05,-0.0,0.0,0.019734207311462974,-0.013901425500963474,0.0029163909052497498,0.0029163909052497498,-0.0004738917601043805
5.3825e-05,-0.0,0.0,0.009590123931853784,0.024542598599701808,0.017066361265777798,0.017066361265777798,-0.00047391764682086783
5.385e-05,-0.0,0.0,-0.004268633169863999,0.015188115401065225,0.005459741115600613,0.005459741115600613,-0.00047394376839820563
5.3875e-05,-0.0,0.0,-0.03907848479202108,-0.00993514876117516,-0.02450681677659812,-0.02450681677659812,-0.00047397012768997696
5.39e-05,-0.0,0.0,0.0031206742933704477,0.006319432306299904,0.004720053299835176,0.004720053299835176,-0.0004739967275933332
5.3925e-05,-0.0,0.0,0.0033059782967811736,0.004085559106548694,0.003695768701664934,0.003695768701664934,-0.00047402357104978505
5.395e-05,-0.0,0.0,0.006612038258126242,0.015334373672359725,0.010973205965242984,0.010973205965242984,-0.00047405066104602505
5.3975e-05,-0.0,0.0,-0.007391471577616209,-0.022305202424587597,-0.014848337001101903,-0.014848337001101903,-0.0004740780006147683
5.4e-05,-0.0,0.0,0.010002503624993634,-0.010690468271905906,-0.00034398232345613563,-0.00034398232345613563,-0.0004741055928356023
5.4025e-05,0.0,-0.0,0.00527637679570323,0.0023500287629980004,0.003813202779350615,0.003813202779350615,-0.00047413344083586505
5.405e-05,0.0,-0.0,-0.008754578175743547,-0.0021277810785475205,-0.005441179627145534,-0.005441179627145534,-0.00047416154779154174
5.4075e-05,0.0,-0.0,0.01660065131490306,-0.013333811294307857,0.0016334200102976013,0.0016334200102976013,-0.0004741899169281572
5.41e-05,0.0,-0.0,0.0032786246574307725,0.0007171669135554203,0.0019978957854930963,0.0019978957854930963,-0.0004742185515217483
5.4125e-05,0.0,-0.0,0.030287873691815872,0.006590473551589729,0.0184391736217028,0.0184391736217028,-0.00047424745489976306
5.415e-05,0.0,-0.0,0.009799351214948147,0.00610456238806802,0.007951956801508083,0.007951956801508083,-0.000474276630442085
5.4175e-05,0.0,-0.0,-0.018783710141273766,-0.024405757154242508,-0.021594733647758137,-0.021594733647758137,-0.0004743060815819845
5.42e-05,0.0,-0.0,-0.014364266324495225,-0.020469424743255794,-0.01741684553387551,-0.01741684553387551,-0.00047433581180715854
5.4225e-05,0.0,-0.0,0.01412937093214348,-0.017257840392628145,-0.001564234730242333,-0.001564234730242333,-0.0004743658246607822
5.425e-05,0.0,-0.0,0.02768195815877127,0.022712798981661418,0.025197378570216346,0.025197378570216346,-0.0004743961237425624
5.4275e-05,-0.0,0.0,-0.009917062379264822,-0.019993935655858275,-0.014955499017561548,-0.014955499017561548,-0.00047442671270983176
5.43e-05,-0.0,0.0,-0.010339116918098768,0.00039231728376479144,-0.0049733998171669885,-0.0049733998171669885,-0.0004744575952786662
5.4325e-05,-0.0,0.0,0.011606662527615245,-0.0066767407532163725,0.0024649608871994363,0.0024649608871994363,-0.0004744887752250184
5.435e-05,-0.0,0.0,0.004946033446993913,0.017524531066636685,0.0112352822568153,0.0112352822568153,-0.0004745202563858732
5.4375e-05,-0.0,0.0,0.014303694267288202,-0.01572327172264801,-0.0007097887276799044,-0.0007097887276799044,-0.00047455204266044684
5.44e-05,-0.0,0.0,0.014394887570308663,0.01521637818301123,0.014805632876659947,0.014805632876659947,-0.00047458413801137523
5.4425e-05,-0.0,0.0,0.011255804255801477,0.005608676233006928,0.008432240244404202,0.008432240244404202,-0.00047461654646599325
5.445e-05,-0.0,0.0,0.008075232595751852,-0.0026729982970130355,0.0027011171493694086,0.0027011171493694086,-0.00047464927211758747
5.4475e-05,-0.0,0.0,0.01285674453728487,-0.002979017521750381,0.004938863507767244,0.004938863507767244,-0.0004746823191267159
5.45e-05,-0.0,0.0,0.008641921026885727,-0.017162057716109735,-0.004260068344612004,-0.004260068344612004,-0.00047471569172254416
5.4525e-05,0.0,-0.0,0.01789439221256076,-0.003743269279271062,0.007075561466644849,0.007075561466644849,-0.00047474939420421235
5.455e-05,0.0,-0.0,0.00024182844253867164,0.007053796214467592,0.003647812328503132,0.003647812328503132,-0.00047478343094222217
5.4575e-05,0.0,-0.0,-0.014651233901892846,-0.02313171431655816,-0.018891474109225502,-0.018891474109225502,-0.00047481780637988744
5.46e-05,0.0,-0.0,0.02241908640098874,0.005270652818125994,0.013844869609557367,0.013844869609557367,-0.0004748525250347591
5.4625e-05,0.0,-0.0,-0.0031348949078497624,0.010500812832048645,0.0036829589620994414,0.0036829589620994414,-0.00047488759150015616
5.465e-05,0.0,-0.0,0.007589467281360492,-0.024945641572424803,-0.008678087145532155,-0.008678087145532155,-0.00047492301044667063
5.4675e-05,0.0,-0.0,-0.016819535500800318,0.030975360390433446,0.007077912444816564,0.007077912444816564,-0.0004749587866237381
5.47e-05,0.0,-0.0,-0.0010125377698532501,-0.018100519113760923,-0.009556528441807087,-0.009556528441807087,-0.00047499492486127124
5.4725e-05,0.0,-0.0,-0.001566575401259575,-0.04278521300357607,-0.022175894202417824,-0.022175894202417824,-0.0004750314300712799
5.475e-05,0.0,-0.0,-0.011807867172999854,-0.012916970691719076,-0.012362418932359464,-0.012362418932359464,-0.00047506830724957137
5.4775e-05,-0.0,0.0,0.006161129345960769,0.02091172226286427,0.013536425804412519,0.013536425804412519,-0.00047510556147748167
5.48e-05,-0.0,0.0,-0.0064166267967454855,0.001794568984518981,-0.0023110289061132523,-0.0023110289061132523,-0.00047514319792363107
5.4825e-05,-0.0,0.0,-0.03405953422311779,-0.019373212473181228,-0.02671637334814951,-0.02671637334814951,-0.00047518122184574303
5.485e-05,-0.0,0.0,-0.003139017991609742,-0.02493944110850335,-0.014039229550056546,-0.014039229550056546,-0.0004752196385924902
5.4875e-05,-0.0,0.0,-0.013002598210738712,0.03183321660551907,0.009415309197390179,0.009415309197390179,-0.00047525845360539646
5.49e-05,-0.0,0.0,0.014370935450188915,0.012332199872190178,0.013351567661189546,0.013351567661189546,-0.0004752976724207821
5.4925e-05,-0.0,0.0,0.02986380209311221,0.0013182034955148167,0.015591002794313514,0.015591002794313514,-0.0004753373006717534
5.495e-05,-0.0,0.0,0.004630130142740302,-0.01360772484287681,-0.004488797350068254,-0.004488797350068254,-0.0004753773440902457
5.4975e-05,-0.0,0.0,-0.008724478415760087,-0.004662681547117419,-0.006693579981438753,-0.006693579981438753,-0.0004754178085091189
5.5e-05,-0.0,0.0,-0.00175235405242103,0.0008907553409070101,-0.00043079935575700994,-0.00043079935575700994,-0.00047545869986429884
5.5025e-05,0.0,-0.0,0.013040261630409366,0.003368041709170806,0.008204151669790086,0.008204151669790086,-0.00047550002419698264
5.505e-05,0.0,-0.0,-0.00788297369338504,0.004472685121439371,-0.0017051442859728344,-0.0017051442859728344,-0.00047554178765589353
5.5075e-05,0.0,-0.0,0.02133660386645809,-0.0064806395582877275,0.00742798215408518,0.00742798215408518,-0.0004755839964995919
5.51e-05,0.0,-0.0,-0.0025962784600160327,0.013251055139746252,0.00532738833986511,0.00532738833986511,-0.0004756266570988498
5.5125e-05,0.0,-0.0,-0.011738371743501506,-0.020735333921926793,-0.01623685283271415,-0.01623685283271415,-0.0004756697759390884
5.515e-05,0.0,-0.0,0.007145907674910378,-0.023918345417201635,-0.008386218871145629,-0.008386218871145629,-0.00047571335962283987
5.5175e-05,0.0,-0.0,-0.018820646699388714,3.610113088289125e-05,-0.009392272784252911,-0.009392272784252911,-0.00047575741487233396
5.52e-05,0.0,-0.0,-0.014383453737963858,0.0007597882175224635,-0.0068118327602206975,-0.0068118327602206975,-0.0004758019485320899
5.5225e-05,0.0,-0.0,-0.00829130575507231,0.011569047177171134,0.0016388707110494118,0.0016388707110494118,-0.0004758469675716071
5.525e-05,0.0,-0.0,0.010280867545676324,0.0028837861444172093,0.006582326845046766,0.006582326845046766,-0.00047589247908812334
5.5275e-05,-0.0,0.0,-0.009431897867935368,0.009248555010795727,-9.167142856982002e-05,-9.167142856982002e-05,-0.0004759384903094469
5.53e-05,-0.0,0.0,-0.004071482823238249,0.007243658853889016,0.0015860880153253836,0.0015860880153253836,-0.00047598500859685733
5.5325e-05,-0.0,0.0,-0.002371144105310806,0.006949704354200862,0.0022892801244450284,0.0022892801244450284,-0.0004760320414480872
5.535e-05,-0.0,0.0,0.0028447893974634497,0.0225536498805963,0.012699219639029875,0.012699219639029875,-0.00047607959650038643
5.5375e-05,-0.0,0.0,-0.0019422284743629207,0.013630516628850784,0.005844144077243932,0.005844144077243932,-0.0004761276815336584
5.54e-05,-0.0,0.0,0.007001539240987816,0.048206590008695815,0.027604064624841815,0.027604064624841815,-0.0004761763044736655
5.5425e-05,-0.0,0.0,0.01276536592896694,-0.013245945818940596,-0.0002402899449868278,-0.0002402899449868278,-0.00047622547339534277
5.545e-05,-0.0,0.0,0.005049253399469711,-0.014098952679653247,-0.004524849640091768,-0.004524849640091768,-0.0004762751965261793
5.5475e-05,-0.0,0.0,0.014146930852853354,-0.01088153342967533,0.0016326987115890118,0.0016326987115890118,-0.00047632548224969335
5.55e-05,-0.0,0.0,0.01030700176346161,0.018751115275051914,0.014529058519256762,0.014529058519256762,-0.00047637633910901515
5.5525e-05,0.0,-0.0,-0.005852804700657863,-0.004595385978934807,-0.005224095339796335,-0.005224095339796335,-0.00047642777581055184
5.555e-05,0.0,-0.0,-0.019017706370791063,0.009726017090562594,-0.004645844640114235,-0.004645844640114235,-0.00047647980122776375
5.5575e-05,0.0,-0.0,-0.01797290659351558,0.0029718557350778916,-0.007500525429218845,-0.007500525429218845,-0.00047653242440504886
5.56e-05,0.0,-0.0,-0.003075549505662036,-0.008326983656142335,-0.005701266580902186,-0.005701266580902186,-0.0004765856545617166
5.5625e-05,0.0,-0.0,0.01389601829229491,0.003768970391622453,0.008832494341958682,0.008832494341958682,-0.0004766395010960871
5.565e-05,0.0,-0.0,-0.02117315693591732,0.02109498610137407,-3.908541727162644e-05,-3.908541727162644e-05,-0.0004766939735896863
5.5675e-05,0.0,-0.0,-0.009679548884230418,0.027168168714014014,0.008744309914891798,0.008744309914891798,-0.00047674908181156056
5.57e-05,0.0,-0.0,-0.0003056622935747537,0.008135233844165632,0.0039147857752954394,0.0039147857752954394,-0.0004768048357227059
5.5725e-05,0.0,-0.0,0.012172292283332112,-0.009096116686502507,0.0015380877984148026,0.0015380877984148026,-0.000476861245480624
5.575e-05,0.0,-0.0,-0.00667678115716311,-0.01358748379414378,-0.010132132475653446,-0.010132132475653446,-0.00047691832144400044
5.5775e-05,-0.0,0.0,-0.019403844504124787,0.020201659875367543,0.0003989076856213778,0.0003989076856213778,-0.00047697607417752225
5.58e-05,-0.0,0.0,-0.024529088508475357,-0.02143457030384539,-0.02298182940616037,-0.02298182940616037,-0.00047703451445683595
5.5825e-05,-0.0,0.0,-0.019878490599880963,0.008876062217924027,-0.005501214190978468,-0.005501214190978468,-0.00047709365327364703
5.585e-05,-0.0,0.0,-0.004775611200097045,-0.00339079444294689,-0.004083202821521968,-0.004083202821521968,-0.00047715350184095883
5.5875e-05,-0.0,0.0,-0.007057341127557611,-0.010685703442670308,-0.00887152228511396,-0.00887152228511396,-0.00047721407159847184
5.59e-05,-0.0,0.0,-0.0024328881211270648,0.005772324740495188,0.0016697183096840618,0.0016697183096840618,-0.0004772753742181182
5.5925e-05,-0.0,0.0,-0.016068938893087813,-0.010303632687113744,-0.013186285790100779,-0.013186285790100779,-0.00047733742160976347
5.595e-05,-0.0,0.0,-0.012504452166550238,-0.02469870686244473,-0.018601579514497486,-0.018601579514497486,-0.0004774002259270582
5.5975e-05,-0.0,0.0,0.00797037475179019,-0.0045202092926363195,0.001725082729576935,0.001725082729576935,-0.0004774637995734705
5.6e-05,-0.0,0.0,0.004638748571381456,0.01672269757190372,0.010680723071642587,0.010680723071642587,-0.00047752815520848675
5.6025e-05,0.0,-0.0,-0.019979587366167836,-0.0062003064475548925,-0.013089946906861364,-0.013089946906861364,-0.00047759330575400724
5.605e-05,0.0,-0.0,-0.011640509805337988,-0.009951517779060089,-0.01079601379219904,-0.01079601379219904,-0.00047765926440092516
5.6075e-05,0.0,-0.0,0.01385507577658427,-0.00965343349618039,0.0021008211402019404,0.0021008211402019404,-0.00047772604461591295
5.61e-05,0.0,-0.0,0.017430784977160663,-0.0067300762207219075,0.0053503543782193776,0.0053503543782193776,-0.0004777936601483964
5.6125e-05,0.0,-0.0,0.025846757011243206,0.0017148429270235981,0.013780799969133402,0.013780799969133402,-0.0004778621250377457
5.615e-05,0.0,-0.0,0.004955266540137501,-0.016584126229142526,-0.0058144298445025125,-0.0058144298445025125,-0.00047793145362066974
5.6175e-05,0.0,-0.0,-0.01759407476836046,0.006805477270132819,-0.00539429874911382,-0.00539429874911382,-0.0004780016605388205
5.62e-05,0.0,-0.0,-0.0027904821547868838,0.011454360945048704,0.0043319393951309106,0.0043319393951309106,-0.000478072760746649
5.6225e-05,0.0,-0.0,0.0047960113420188796,0.013392217564143863,0.009094114453081371,0.009094114453081371,-0.00047814476951947105
5.625e-05,0.0,-0.0,-0.015099915097785096,-0.020615121371815127,-0.017857518234800113,-0.017857518234800113,-0.0004782177024617999
5.6275e-05,-0.0,0.0,0.01638281419421593,-0.015783031387229876,0.00029989140349302723,0.00029989140349302723,-0.000478291575515935
5.63e-05,-0.0,0.0,-0.020778765371004104,-0.0024607134458564774,-0.01161973940843029,-0.01161973940843029,-0.0004783664049708047
5.6325e-05,-0.0,0.0,0.030234658009717558,0.03275764828690204,0.031496153148309794,0.031496153148309794,-0.00047844220747110354
5.635e-05,-0.0,0.0,-0.005221561942723364,0.002926073389617855,-0.0011477442765527547,-0.0011477442765527547,-0.0004785190000266898
5.6375e-05,-0.0,0.0,-0.014744283404044222,0.002959607292396496,-0.005892338055823863,-0.005892338055823863,-0.00047859680002229046
5.64e-05,-0.0,0.0,-0.005698727259304291,0.02212652342209033,0.00821389808139302,0.00821389808139302,-0.00047867562522749756
5.6425e-05,-0.0,0.0,0.0067757645558408994,-0.013928738205427794,-0.0035764868247934473,-0.0035764868247934473,-0.0004787554938070744
5.645e-05,-0.0,0.0,0.004301747173264171,0.026838411907071296,0.015570079540167734,0.015570079540167734,-0.00047883642433159493
5.6475e-05,-0.0,0.0,0.010849722491990342,-0.02346465012836452,-0.006307463818187089,-0.006307463818187089,-0.0004789184357884164
5.65e-05,-0.0,0.0,-0.0022281684850059868,0.020965716108895232,0.009368773811944623,0.009368773811944623,-0.000479001547593
5.6525e-05,0.0,-0.0,-0.01638312095843948,0.022313456769917337,0.0029651679057389278,0.0029651679057389278,-0.000479085779600606
5.655e-05,0.0,-0.0,0.006617519258203862,0.004950887124685459,0.00578420319144466,0.00578420319144466,-0.0004791711521183443
5.6575e-05,0.0,-0.0,-0.0002844149930395494,-0.013173084673332953,-0.006728749833186252,-0.006728749833186252,-0.0004792576859176385
5.66e-05,0.0,-0.0,0.012107186341072456,-0.010864377600590018,0.0006214043702412186,0.0006214043702412186,-0.0004793454022470813
5.6625e-05,0.0,-0.0,0.004790400863610846,-0.007395852151089462,-0.0013027256437393078,-0.0013027256437393078,-0.0004794343228456978
5.665e-05,0.0,-0.0,0.019825136260234133,-0.014071419536628566,0.0028768583618027834,0.0028768583618027834,-0.0004795244699566685
5.6675e-05,0.0,-0.0,-0.005525534361031759,-0.006400261953369943,-0.005962898157200851,-0.005962898157200851,-0.00047961586634147986
5.67e-05,0.0,-0.0,-0.01698035500939297,-0.007713039326566877,-0.012346697167979925,-0.012346697167979925,-0.00047970853529456017
5.6725e-05,0.0,-0.0,-0.0015513414242631566,-0.03546202544940231,-0.018506683436832733,-0.018506683436832733,-0.0004798025006583893
5.675e-05,0.0,-0.0,0.019489214615602452,-0.0015716860258832312,0.00895876429485961,0.00895876429485961,-0.000479897786839137
5.6775e-05,-0.0,0.0,0.02049755001278451,-0.006120576179099416,0.007188486916842547,0.007188486916842547,-0.000479994418822798
5.68e-05,-0.0,0.0,-0.004916754334449621,-0.012181532342594134,-0.008549143338521878,-0.008549143338521878,-0.0004800924221918906
5.6825e-05,-0.0,0.0,-0.007662308875094144,-0.003140271647653624,-0.005401290261373884,-0.005401290261373884,-0.0004801918231427016
5.685e-05,-0.0,0.0,-0.011118911944325594,0.015230119714853132,0.002055603885263769,0.002055603885263769,-0.000480292648503135
5.6875e-05,-0.0,0.0,0.013669201823678015,-0.012573732458362357,0.0005477346826578289,0.0005477346826578289,-0.00048039492575115524
5.69e-05,-0.0,0.0,0.0035398343004868636,-0.0011300406424580418,0.001204896829014411,0.001204896829014411,-0.00048049868303387994
5.6925e-05,-0.0,0.0,0.0017497463183307584,-0.009848492989233518,-0.00404937333545138,-0.00404937333545138,-0.0004806039491873225
5.695e-05,-0.0,0.0,0.0011028580448164311,0.006783665648459682,0.0039432618466380565,0.0039432618466380565,-0.000480710753756854
5.6975e-05,-0.0,0.0,0.0024763588767112467,0.0010238226820256948,0.0017500907793684707,0.0017500907793684707,-0.0004808191270183466
5.7e-05,0.0,-0.0,0.003992022255109636,-0.004331191799318599,-0.00016958477210448145,-0.00016958477210448145,-0.00048092910000009767
5.7025e-05,0.0,-0.0,-0.005211097505557842,0.00829816575053057,0.001543534122486364,0.001543534122486364,-0.0004810407045055025
5.705e-05,0.0,-0.0,-0.016375537651396332,-0.0028762736915844546,-0.009625905671490393,-0.009625905671490393,-0.00048115397313652547
5.7075e-05,0.0,-0.0,-0.008002243627512446,0.02214451760007052,0.007071136986279037,0.007071136986279037,-0.000481268939318014
5.71e-05,0.0,-0.0,-0.03198921703675418,-0.012302970121379458,-0.02214609357906682,-0.02214609357906682,-0.0004813856373228677
5.7125e-05,0.0,-0.0,0.017060046730245238,0.009373652280192588,0.013216849505218913,0.013216849505218913,-0.00048150410229811676
5.715e-05,0.0,-0.0,0.024358598770724122,0.007837590666803632,0.016098094718763875,0.016098094718763875,-0.00048162437029197194
5.7175e-05,0.0,-0.0,-0.00815896457345253,0.006935672760461081,-0.0006116459064957245,-0.0006116459064957245,-0.0004817464782818514
5.72e-05,0.0,-0.0,-0.010186234689084778,-0.002748504508823092,-0.006467369598953935,-0.006467369598953935,-0.0004818704642034628
5.7225e-05,0.0,-0.0,-0.007983766634612484,0.05536109517732818,0.023688664271357848,0.023688664271357848,-0.00048199636698095154
5.725e-05,0.0,-0.0,0.006760258654336431,0.008660347980424784,0.007710303317380608,0.007710303317380608,-0.0004821242265581823
5.7275e-05,-0.0,0.0,-0.00010542848900751511,0.020238930150316508,0.010066750830654496,0.010066750830654496,-0.000482254083931162
5.73e-05,-0.0,0.0,-0.022488054753993257,0.006719355403492515,-0.007884349675250372,-0.007884349675250372,-0.00048238598118165984
5.7325e-05,-0.0,0.0,0.01899993269512074,-0.004400084223316539,0.0072999242359021,0.0072999242359021,-0.00048251996151209254
5.735e-05,-0.0,0.0,0.0035548084380849793,0.0028292397678354006,0.0031920241029601898,0.0031920241029601898,-0.0004826560692817227
5.7375e-05,-0.0,0.0,0.03402229487188504,0.0029038165546364527,0.018463055713260745,0.018463055713260745,-0.0004827943500442397
5.74e-05,-0.0,0.0,0.00979177180569741,-0.02432989027670272,-0.007269059235502655,-0.007269059235502655,-0.00048293485058681324
5.7425e-05,-0.0,0.0,0.0095855005555686,-0.0172621952176741,-0.003838347331052749,-0.003838347331052749,-0.00048307761897065684
5.745e-05,-0.0,0.0,-0.00634831504796154,0.0038647912333196655,-0.0012417619073209374,-0.0012417619073209374,-0.0004832227045732129
5.7475e-05,-0.0,0.0,-0.0026089513169615724,-0.0008290926269669554,-0.001719021971964264,-0.001719021971964264,-0.00048337015813195415
5.75e-05,-0.0,0.0,-0.0018876808612002618,0.02517481490790204,0.011643567023350888,0.011643567023350888,-0.00048352003178991616
5.7525e-05,0.0,-0.0,-0.010031031137942445,0.005941487495836962,-0.0020447718210527413,-0.0020447718210527413,-0.00048367237914300853
5.755e-05,0.0,-0.0,-0.0028124049792028556,0.013722812807404484,0.005455203914100815,0.005455203914100815,-0.0004838272552891627
5.7575e-05,0.0,-0.0,-0.03227924293040541,-0.009355422606174174,-0.020817332768289794,-0.020817332768289794,-0.0004839847168794525
5.76e-05,0.0,-0.0,0.01406456510937265,-0.014128132069716151,-3.1783480171750957e-05,-3.1783480171750957e-05,-0.0004841448221712653
5.7625e-05,0.0,-0.0,0.013544526750331113,0.01110946046777758,0.012326993609054347,0.012326993609054347,-0.0004843076310836361
5.765e-05,0.0,-0.0,-0.0052358038793291145,-0.0005953937309960593,-0.002915598805162587,-0.002915598805162587,-0.0004844732052548725
5.7675e-05,0.0,-0.0,-0.004286889832746308,0.0261202886943862,0.010916699430819946,0.010916699430819946,-0.00048464160810254945
5.77e-05,0.0,-0.0,-0.025986097558179756,-0.020740277473930924,-0.023363187516055338,-0.023363187516055338,-0.00048481290488601263
5.7725e-05,0.0,-0.0,-0.022737951509104334,-0.037727254712178096,-0.030232603110641215,-0.030232603110641215,-0.0004849871627714404
5.775e-05,0.0,-0.0,0.009095251765595357,0.009447865313740153,0.009271558539667754,0.009271558539667754,-0.00048516445089964266
5.7775e-05,-0.0,0.0,0.004067301291182508,0.017538538566369305,0.010802919928775906,0.010802919928775906,-0.00048534484045663644
5.78e-05,-0.0,0.0,-0.015405590030376634,-0.001943227324586807,-0.00867440867748172,-0.00867440867748172,-0.00048552840474725713
5.7825e-05,-0.0,0.0,-0.0013133315805432771,-0.020379432568832446,-0.010846382074687862,-0.010846382074687862,-0.0004857152192718115
5.785e-05,-0.0,0.0,0.0025552584726370826,-0.006925094646566853,-0.002184918086964885,-0.002184918086964885,-0.0004859053618061095
5.7875e-05,-0.0,0.0,-0.016875110420987157,0.00323882523417367,-0.006818142593406743,-0.006818142593406743,-0.0004860989124848978
5.79e-05,-0.0,0.0,-0.0029527919898827584,-0.020207292120995486,-0.011580042055439123,-0.011580042055439123,-0.00048629595388897934
5.7925e-05,-0.0,0.0,-0.023758145206733118,0.001883359466437495,-0.010937392870147812,-0.010937392870147812,-0.0004864965711361264
5.795e-05,-0.0,0.0,-0.01451673979893303,0.007154593355050596,-0.003681073221941217,-0.003681073221941217,-0.00048670085197603504
5.7975e-05,-0.0,0.0,-0.03381778818366854,0.019501417707771408,-0.007158185237948566,-0.007158185237948566,-0.00048690888688942104
5.8e-05,-0.0,0.0,-0.0037819319755863163,-0.010508533838658586,-0.007145232907122451,-0.007145232907122451,-0.00048712076919158056
5.8025e-05,0.0,-0.0,0.0024814976328423016,-0.011890801580299202,-0.00470465197372845,-0.00470465197372845,-0.0004873365951405396
5.805e-05,0.0,-0.0,0.005262647026767922,-0.005141443599217026,6.0601713775448006e-05,6.0601713775448006e-05,-0.0004875564640501217
5.8075e-05,0.0,-0.0,0.006148314274674494,0.01108928123930125,0.008618797756987873,0.008618797756987873,-0.00048778047840813407
5.81e-05,0.0,-0.0,-0.01744304763956869,0.0006834898349155172,-0.008379778902326586,-0.008379778902326586,-0.00048800874400001037
5.8125e-05,0.0,-0.0,-0.017130213692460837,-0.017187948127122103,-0.01715908090979147,-0.01715908090979147,-0.00048824137003815977
5.815e-05,0.0,-0.0,-0.0036729338259807328,-0.004573173970850322,-0.0041230538984155275,-0.0041230538984155275,-0.0004884784692973434
5.8175e-05,0.0,-0.0,0.015141275462069644,-0.005781687197829295,0.004679794132120174,0.004679794132120174,-0.0004887201582563996
5.82e-05,0.0,-0.0,-0.008041731984911166,0.01956538714683731,0.005761827580963072,0.005761827580963072,-0.0004889665572466499
5.8225e-05,0.0,-0.0,0.024268694810196067,-0.023802772340661103,0.00023296123476748178,0.00023296123476748178,-0.0004892177906073579
5.825e-05,0.0,-0.0,-0.001861874802199731,-0.02498920343280763,-0.01342553911750368,-0.01342553911750368,-0.0004894739868486299
5.8275e-05,-0.0,0.0,0.03214530784453448,-0.014053170304362882,0.0090460687700858,0.0090460687700858,-0.0004897352788221538
5.83e-05,-0.0,0.0,0.027026430662531725,-0.015240218098977746,0.005893106281776989,0.005893106281776989,-0.0004900018039002687
5.8325e-05,-0.0,0.0,-0.01071581300310526,0.01175523254528422,0.0005197097710894797,0.0005197097710894797,-0.0004902737041637586
5.835e-05,-0.0,0.0,-0.003656658622819005,-0.021764375158949016,-0.01271051689088401,-0.01271051689088401,-0.0004905511265989716
5.8375e-05,-0.0,0.0,-0.03006047767914179,0.005090226903567183,-0.012485125387787304,-0.012485125387787304,-0.0004908342233047255
5.84e-05,-0.0,0.0,-0.01038249358438518,-0.010220709701196927,-0.010301601642791054,-0.010301601642791054,-0.0004911231517095908
5.8425e-05,-0.0,0.0,-0.0004012685686866021,-0.005665353520658742,-0.003033311044672672,-0.003033311044672672,-0.0004914180748001144
5.845e-05,-0.0,0.0,0.0112334465493836,0.0036053723336715274,0.007419409441527564,0.007419409441527564,-0.0004917191613607259
5.8475e-05,-0.0,0.0,0.0011030996494121631,0.0019467897407305789,0.001524944695071371,0.001524944695071371,-0.0004920265862259115
5.85e-05,-0.0,0.0,0.00895263126832899,-0.011867215222321155,-0.0014572919769960824,-0.0014572919769960824,-0.0004923405305454486
5.8525e-05,0.0,-0.0,0.027775726444120685,7.989629387535968e-05,0.013927811368998023,0.013927811368998023,-0.0004926611820634646
5.855e-05,0.0,-0.0,-0.007154037752962786,0.015940702060450847,0.00439333215374403,0.00439333215374403,-0.0004929887354122184
5.8575e-05,0.0,-0.0,-0.004299428315004026,0.02477830455158214,0.010239438118289056,0.010239438118289056,-0.0004933233924213901
5.86e-05,0.0,-0.0,0.002970313099028137,0.010471535308807916,0.006720924203918026,0.006720924203918026,-0.0004936653624440106
5.8625e-05,0.0,-0.0,-0.008241809607365173,0.011056905146003968,0.0014075477693193976,0.0014075477693193976,-0.0004940148626998756
5.865e-05,0.0,-0.0,0.008454863683946587,-0.004985302728098587,0.0017347804779239999,0.0017347804779239999,-0.0004943721186377369
5.8675e-05,0.0,-0.0,-0.010859626425516881,-0.011300693865165863,-0.011080160145341373,-0.011080160145341373,-0.0004947373643173038
5.87e-05,0.0,-0.0,-0.0017484088023586254,0.01015495777860044,0.004203274488120907,0.004203274488120907,-0.0004951108428124373
5.8725e-05,0.0,-0.0,-0.011113730070701572,0.02324547287594393,0.00606587140262118,0.00606587140262118,-0.0004954928066368492
5.875e-05,0.0,-0.0,-0.0065617629274988005,-0.011069066407316266,-0.008815414667407533,-0.008815414667407533,-0.0004958835181938088
5.8775e-05,-0.0,0.0,0.018798569518564984,-0.006457329773095057,0.006170619872734963,0.006170619872734963,-0.0004962832502514025
5.88e-05,-0.0,0.0,-0.007909524436419391,0.011156508782303488,0.0016234921729420485,0.0016234921729420485,-0.0004966922864450841
5.8825e-05,-0.0,0.0,0.00566436985334486,0.017013725802543872,0.011339047827944366,0.011339047827944366,-0.0004971109218093333
5.885e-05,-0.0,0.0,0.016280055716123693,0.03412152847290276,0.025200792094513223,0.025200792094513223,-0.0004975394633404062
5.8875e-05,-0.0,0.0,0.002129846330947547,-0.01574217182887403,-0.006806162748963242,-0.006806162748963242,-0.0004979782305923164
5.89e-05,-0.0,0.0,0.008207072289284302,-0.00234017515860609,0.002933448565339106,0.002933448565339106,-0.0004984275563083451
5.8925e-05,-0.0,0.0,0.02815771469232923,-0.020097226803017735,0.004030243944655747,0.004030243944655747,-0.0004988877870905706
5.895e-05,-0.0,0.0,-0.027255381611387543,-0.03537733109904953,-0.03131635635521854,-0.03131635635521854,-0.0004993592841100919
5.8975e-05,-0.0,0.0,0.0023271388104980873,-0.013345870939582866,-0.005509366064542389,-0.005509366064542389,-0.0004998424238608723
5.9e-05,-0.0,0.0,0.01289243069123219,-0.008819174326837284,0.002036628182197453,0.002036628182197453,-0.000500337598960324
5.9025e-05,0.0,-0.0,-0.0007914319654691272,-0.0004490133531010105,-0.0006202226592850688,-0.0006202226592850688,-0.0005008452190000338
5.905e-05,0.0,-0.0,0.020748910704796612,-0.017122293213821877,0.0018133087454873676,0.0018133087454873676,-0.0005013657114503746
5.9075e-05,0.0,-0.0,0.0008458089348107152,0.03247898072823709,0.016662394831523906,0.016662394831523906,-0.0005018995226229809
5.91e-05,0.0,-0.0,0.017846383134142583,-0.008424355841376135,0.004711013646383224,0.004711013646383224,-0.0005024471186954629
5.9125e-05,0.0,-0.0,0.011789326874698783,-0.010917218825625723,0.0004360540245365299,0.0004360540245365299,-0.0005030089868031521
5.915e-05,0.0,-0.0,0.024311533565427472,0.004044526309106464,0.014178029937266967,0.014178029937266967,-0.0005035856362029972
5.9175e-05,0.0,-0.0,-0.012406505037446934,-0.001491423683382437,-0.006948964360414686,-0.006948964360414686,-0.0005041775995152819
5.92e-05,0.0,-0.0,-0.012169929368859685,-0.01705776717110182,-0.014613848269980753,-0.014613848269980753,-0.0005047854340492901
5.9225e-05,0.0,-0.0,0.01045838362134938,0.028374958563567202,0.01941667109245829,0.01941667109245829,-0.0005054097232196411
5.925e-05,0.0,-0.0,0.0028372198093958153,0.01718870221328025,0.010012961011338034,0.010012961011338034,-0.0005060510780606279
5.9275e-05,-0.0,0.0,0.003913490614150318,-0.0021594859042630083,0.0008770023549436548,0.0008770023549436548,-0.0005067101388466021
5.93e-05,-0.0,0.0,0.03166183194953964,0.014786984990581294,0.023224408470060468,0.023224408470060468,-0.0005073875768272323
5.9325e-05,-0.0,0.0,0.007738100219774183,0.002679707660688334,0.005208903940231258,0.005208903940231258,-0.000508084096087276
5.935e-05,-0.0,0.0,-0.0032013498890968353,0.012485230633424703,0.004641940372163934,0.004641940372163934,-0.0005088004355414896
5.9375e-05,-0.0,0.0,0.011417405988275975,0.012037412479058745,0.011727409233667361,0.011727409233667361,-0.0005095373710763595
5.94e-05,-0.0,0.0,-0.01990754761465385,-0.002270228133082132,-0.01108888787386799,-0.01108888787386799,-0.0005102957178515128
5.9425e-05,-0.0,0.0,-0.014519943735538814,0.0034175596320910598,-0.005551192051723877,-0.005551192051723877,-0.0005110763327750872
5.945e-05,-0.0,0.0,0.006313521064714949,0.017437189257176286,0.011875355160945617,0.011875355160945617,-0.0005118801171689752
5.9475e-05,-0.0,0.0,0.010462026691243834,-0.002063395372034445,0.004199315659604694,0.004199315659604694,-0.0005127080196416294
5.95e-05,0.0,-0.0,-0.015225801559700426,0.013266235891857728,-0.0009797828339213489,-0.0009797828339213489,-0.0005135610391880973
5.9525e-05,0.0,-0.0,0.008217123806713463,0.002552059536693691,0.0053845916717035775,0.0053845916717035775,-0.00051444022853874
5.955e-05,0.0,-0.0,0.021080122179373426,0.006254284067814347,0.013667203123593886,0.013667203123593886,-0.000515346697779562
5.9575e-05,0.0,-0.0,-0.00504008664175754,-0.027398833699322826,-0.016219460170540184,-0.016219460170540184,-0.0005162816182682812
5.96e-05,0.0,-0.0,6.388117235248746e-05,-0.006789703221700396,-0.0033629110246739544,-0.0033629110246739544,-0.0005172462268717168
5.9625e-05,0.0,-0.0,-0.02325822032340524,0.001465762113048892,-0.010896229105178174,-0.010896229105178174,-0.0005182418305535127
5.965e-05,0.0,-0.0,-0.00031444158984567604,0.011508377319744504,0.005596967864949414,0.005596967864949414,-0.0005192698113494558
5.9675e-05,0.0,-0.0,-0.0005469612012353075,0.00414178015351759,0.0017974094761411415,0.0017974094761411415,-0.0005203316317828032
5.97e-05,0.0,-0.0,0.015005251521528755,-0.013129732640770036,0.0009377594403793595,0.0009377594403793595,-0.0005214288407939362
5.9725e-05,0.0,-0.0,-0.010948636265439324,-0.006680649719049942,-0.008814642992244633,-0.008814642992244633,-0.000522563080278989
5.975e-05,0.0,-0.0,-0.012925343441661349,0.007122064320694208,-0.0029016395604835703,-0.0029016395604835703,-0.000523736092333021
5.9775e-05,-0.0,0.0,-0.0050020841065126585,0.011930954376177264,0.0034644351348323025,0.0034644351348323025,-0.0005249497272492974
5.98e-05,-0.0,0.0,0.008370274793038878,-0.012661885015734361,-0.0021458051113477416,-0.0021458051113477416,-0.000526205952219048
5.9825e-05,-0.0,0.0,-0.027371115576913806,-0.004153260107348775,-0.015762187842131292,-0.015762187842131292,-0.0005275068605236538
5.985e-05,-0.0,0.0,-0.004385435929195177,-0.0035723185051600927,-0.003978877217177635,-0.003978877217177635,-0.0005288546809023163
5.9875e-05,-0.0,0.0,-0.0019045919661112498,0.02658792196927917,0.01234166500158396,0.01234166500158396,-0.0005302517868863534
5.99e-05,-0.0,0.0,-0.009332458050064288,-0.02454853552881495,-0.016940496789439617,-0.016940496789439617,-0.0005317007064277592
5.9925e-05,-0.0,0.0,-0.027155769804652726,-0.02323173427438739,-0.02519375203952006,-0.02519375203952006,-0.0005332041332127472
5.995e-05,-0.0,0.0,-0.007365069283757264,0.016836710258205136,0.004735820487223936,0.004735820487223936,-0.0005347649423804093
5.9975e-05,-0.0,0.0,-0.0011662741688899794,-0.005640820949593749,-0.003403547559241864,-0.003403547559241864,-0.0005363862141055002
6e-05,-0.0,0.0,0.0024429651852242986,-0.0199867280334465,-0.008771881424111101,-0.008771881424111101,-0.0005380712672025651
6.0025e-05,0.0,-0.0,0.008734069344845649,-0.022850237577664863,-0.007058084116409607,-0.007058084116409607,-0.0005398237000775472
6.005e-05,0.0,-0.0,-0.014625399435823699,0.007376201872975678,-0.0036245987814240107,-0.0036245987814240107,-0.0005416474277553723
6.0075e-05,0.0,-0.0,0.0205334895568308,-0.027612875589437473,-0.003539693016303337,-0.003539693016303337,-0.0005435466941379007
6.01e-05,0.0,-0.0,0.010684263429933663,-0.00018661876171823313,0.005248822334107715,0.005248822334107715,-0.0005455260351664864
6.0125e-05,0.0,-0.0,0.030221531221035415,-0.04342827854820548,-0.006603373663585033,-0.006603373663585033,-0.0005475901815182488
6.015e-05,0.0,-0.0,0.031748777731364114,-0.019053256575238174,0.00634776057806297,0.00634776057806297,-0.000549743927396167
6.0175e-05,0.0,-0.0,0.027688037010456846,-0.02857456682881246,-0.00044326490917780646,-0.00044326490917780646,-0.0005519920521882849
6.02e-05,0.0,-0.0,0.010652106818604377,-0.031028033264953275,-0.010187963223174449,-0.010187963223174449,-0.0005543394396993209
6.0225e-05,0.0,-0.0,0.012367013915038675,-0.03418667959549204,-0.010909832840226685,-0.010909832840226685,-0.0005567915447368176
6.025e-05,0.0,-0.0,0.011976930124452875,-0.01186393836016057,5.649588214615229e-05,5.649588214615229e-05,-0.0005593552456455142
6.0275e-05,-0.0,0.0,-0.004355497008385135,0.009387500289721636,0.00251600164066825,0.00251600164066825,-0.0005620398557702189
6.03e-05,-0.0,0.0,-0.014048311626888133,-0.01303825223520564,-0.013543281931046886,-0.013543281931046886,-0.0005648576920017825
6.0325e-05,-0.0,0.0,-0.03732905838389478,0.06277908513066144,0.012725013373383328,0.012725013373383328,-0.0005678232943616355
6.035e-05,-0.0,0.0,-0.06721987515162751,0.0826882591437993,0.007734191996085896,0.007734191996085896,-0.0005709504670094699
6.0375e-05,-0.0,0.0,-0.0750993383823317,0.0847807257581593,0.004840693687913802,0.004840693687913802,-0.0005742470952590246
6.04e-05,-0.0,0.0,-0.09927580187583096,0.0817681502703013,-0.008753825802764827,-0.008753825802764827,-0.0005777092902968603
6.0425e-05,-0.0,0.0,-0.08931927185138873,0.08772617591887978,-0.0007965479662544739,-0.0007965479662544739,-0.0005813184075561259
6.045e-05,-0.0,0.0,-0.058903113497442816,0.08959300506960477,0.015344945786080977,0.015344945786080977,-0.0005850457582264786
6.0475e-05,-0.0,0.0,-0.062215362323611245,0.05329819120855862,-0.004458585557526311,-0.004458585557526311,-0.0005888687544738264
6.05e-05,-0.0,0.0,-0.03496833225232522,0.07213206183247817,0.018581864790076473,0.018581864790076473,-0.0005927974060452655
6.0525e-05,0.0,-0.0,0.013931002484638254,-0.013737369832727345,9.68163259554549e-05,9.68163259554549e-05,-0.0005969016241839175
6.055e-05,0.0,-0.0,0.04937126500749656,-0.06491400549775672,-0.007771370245130079,-0.007771370245130079,-0.000601320544749851
6.0575e-05,0.0,-0.0,0.09574780325985291,-0.10211437815401017,-0.003183287447078631,-0.003183287447078631,-0.0006062309739980239
6.06e-05,0.0,-0.0,0.1689122241802975,-0.15003967907169138,0.009436272554303057,0.009436272554303057,-0.0006117603925673005
6.0625e-05,0.0,-0.0,0.2159792605584493,-0.1889322380645134,0.013523511246967948,0.013523511246967948,-0.0006178553287285586
6.065e-05,0.0,-0.0,0.22632469858421037,-0.23259927907157416,-0.003137290243681895,-0.003137290243681895,-0.0006241547280583772
6.0675e-05,0.0,-0.0,0.20342123470031528,-0.2404564046033985,-0.018517584951541613,-0.018517584951541613,-0.0006299543230271585
6.07e-05,0.0,-0.0,0.2210601365601195,-0.21712086654542026,0.0019696350073496183,0.0019696350073496183,-0.0006343551994633853
6.0725e-05,0.0,-0.0,0.18509042609622492,-0.1746683052641882,0.005211060416018362,0.005211060416018362,-0.0006366403064369461
6.075e-05,0.0,-0.0,0.0892633164908003,-0.11627359097785317,-0.013505137243526436,-0.013505137243526436,-0.0006368067198323112
6.0775e-05,-0.0,0.0,0.00309496683455581,-0.041692913943532986,-0.019298973554488588,-0.019298973554488588,-0.000636026608040188
6.08e-05,-0.0,0.0,-0.08540689219607785,0.08820880762235174,0.0014009577131369466,0.0014009577131369466,-0.0006366895744445768
6.0825e-05,-0.0,0.0,-0.19414518481474888,0.19361654589545862,-0.0002643194596451265,-0.0002643194596451265,-0.0006416962655465386
6.085e-05,-0.0,0.0,-0.32327613671437966,0.3203589780127098,-0.001458579350834932,-0.001458579350834932,-0.0006529122334335096
6.0875e-05,-0.0,0.0,-0.3975200415275021,0.40623544046797777,0.004357699470237841,0.004357699470237841,-0.0006691497688125408
6.09e-05,-0.0,0.0,-0.4754238432183183,0.46172139457219763,-0.006851224323060345,-0.006851224323060345,-0.0006845786856314245
6.0925e-05,-0.0,0.0,-0.4806526402243862,0.46371885830595233,-0.008466890959216933,-0.008466890959216933,-0.0006887879526662419
6.095e-05,-0.0,0.0,-0.4639708168510586,0.4370716087170518,-0.013449604067003407,-0.013449604067003407,-0.0006694940060130791
6.0975e-05,-0.0,0.0,-0.3649073864847525,0.3347191473359592,-0.015094119574396658,-0.015094119574396658,-0.0006179196035825683
6.1e-05,-0.0,0.0,-0.22878751278368892,0.22443227751541875,-0.0021776176341350845,-0.0021776176341350845,-0.0005352938950218338
6.1025e-05,0.0,-0.0,-0.04938939424923461,0.06788645772058251,0.00924853173567395,0.00924853173567395,-0.0004373511677464489
6.105e-05,0.0,-0.0,0.1263792445073146,-0.13438842273813592,-0.004004589115410656,-0.004004589115410656,-0.0003530804459896218
6.1075e-05,0.0,-0.0,0.31986758843631063,-0.32683552034493346,-0.003483965954311413,-0.003483965954311413,-0.00031520664878572746
6.11e-05,0.0,-0.0,0.5281622472205614,-0.5259613395640391,0.0011004538282611276,0.0011004538282611276,-0.00034325296186196616
6.1125e-05,0.0,-0.0,0.673337359068114,-0.6395127590049133,0.016912300031600325,0.016912300031600325,-0.0004247047437645833
6.115e-05,0.0,-0.0,0.7561710174253438,-0.7531750248042511,0.0014979963105463123,0.0014979963105463123,-0.0005037205561832383
6.1175e-05,0.0,-0.0,0.7575430946094219,-0.8098530921476879,-0.026154998769132964,-0.026154998769132964,-0.0004873682568885744
6.12e-05,0.0,-0.0,0.7450029112582026,-0.7072166475211685,0.018893131868517044,0.018893131868517044,-0.00027452789386870377
6.1225e-05,0.0,-0.0,0.5935608672357402,-0.5992493900056254,-0.0028442613849425924,-0.0028442613849425924,0.00019741846008164063
6.125e-05,0.0,-0.0,0.37771305635919944,-0.40676950681158697,-0.014528225226193764,-0.014528225226193764,0.0009049486336126353
6.1275e-05,-0.0,0.0,0.17468102033566638,-0.1343431067553384,0.02016895679016399,0.02016895679016399,0.0017147202822318868
6.13e-05,-0.0,0.0,-0.12208896898539028,0.11408262576585901,-0.004003171609765634,-0.004003171609765634,0.0024067327627684317
6.1325e-05,-0.0,0.0,-0.39062770542377845,0.4075593860579212,0.008465840317071371,0.008465840317071371,0.002751916752766405
6.135e-05,-0.0,0.0,-0.6489716071482415,0.6676716728868886,0.00935003286932351,0.00935003286932351,0.0026260567394821247
6.1375e-05,-0.0,0.0,-0.8363334692241948,0.8746926614484981,0.019179596112151642,0.019179596112151642,0.0021156970259804415
6.14e-05,-0.0,0.0,-0.9676734792631528,0.9642357453681193,-0.0017188669475167728,-0.0017188669475167728,0.0015588108035927781
6.1425e-05,-0.0,0.0,-1.0092863959104346,1.0101766055662216,0.00044510482789350547,0.00044510482789350547,0.0014754582892745553
6.145e-05,-0.0,0.0,-0.9315457453040826,0.9499414911096788,0.00919787290279811,0.00919787290279811,0.002384006703223515
6.1475e-05,-0.0,0.0,-0.7748698876849444,0.7935415500761357,0.009335831195595667,0.009335831195595667,0.004555212820939123
6.15e-05,0.0,-0.0,-0.5149907781939402,0.583453960207272,0.034231591006665896,0.034231591006665896,0.007805362284135771
6.1525e-05,0.0,-0.0,-0.25688805748937305,0.2567648310954738,-6.161319694961143e-05,-6.161319694961143e-05,0.011442666408322867
6.155e-05,0.0,-0.0,0.07712141210356556,-0.02720352068394604,0.02495894570980976,0.02495894570980976,0.014440175701818868
6.1575e-05,0.0,-0.0,0.41039840172521613,-0.36952393505099945,0.02043723333710834,0.02043723333710834,0.0158182365447809
6.16e-05,0.0,-0.0,0.6511106575133365,-0.6107293300415062,0.02019066373591516,0.02019066373591516,0.015111674384690799
6.1625e-05,0.0,-0.0,0.8465222503253529,-0.8218249749370725,0.012348637694140185,0.012348637694140185,0.012721208351880956
6.165e-05,0.0,-0.0,0.9826387160512068,-0.9569250787475347,0.012856818651836022,0.012856818651836022,0.009951901853645766
6.1675e-05,0.0,-0.0,1.0179936624008092,-0.9934951309215272,0.012249265739641024,0.012249265739641024,0.008642462845408023
6.17e-05,0.0,-0.0,0.9133579654965415,-0.9180045141795654,-0.0023232743415119717,-0.0023232743415119717,0.010461785186884382
6.1725e-05,0.0,-0.0,0.7850595765447989,-0.7681807754496396,0.008439400547579634,0.008439400547579634,0.01612480625283594
6.175e-05,0.0,-0.0,0.5776410657710312,-0.5589454495113438,0.009347808129843704,0.009347808129843704,0.02487290952048851
6.1775e-05,-0.0,0.0,0.32033184705515616,-0.2571162242596446,0.031607811397755786,0.031607811397755786,0.03451157084561589
6.18e-05,-0.0,0.0,0.04047646878336444,0.038362421541277475,0.03941944516232096,0.03941944516232096,0.04209563521324856
6.1825e-05,-0.0,0.0,-0.1782933722035849,0.2849992571854476,0.05335294249093135,0.05335294249093135,0.045069306248271344
6.185e-05,-0.0,0.0,-0.442244515115104,0.5192559268940513,0.03850570588947366,0.03850570588947366,0.0424247929568173
6.1875e-05,-0.0,0.0,-0.6327778731328746,0.6932738201433436,0.030247973505234504,0.030247973505234504,0.03536341622090159
6.19e-05,-0.0,0.0,-0.7290998315464255,0.7721029390460097,0.02150155374979207,0.02150155374979207,0.027090074171009268
6.1925e-05,-0.0,0.0,-0.7595273607104448,0.8021291101366887,0.021300874713121976,0.021300874713121976,0.02171120688454327
6.195e-05,-0.0,0.0,-0.7081461205617439,0.7442364496048351,0.018045164521545642,0.018045164521545642,0.022605758336941013
6.1975e-05,-0.0,0.0,-0.5702490993452677,0.62714089255861,0.028445896606671184,0.028445896606671184,0.030919770610682733
6.2e-05,0.0,-0.0,-0.40332670239383384,0.504739043743092,0.05070617067462907,0.05070617067462907,0.04485357727390079
6.2025e-05,0.0,-0.0,-0.1860474519931774,0.31601576052459257,0.06498415426570758,0.06498415426570758,0.060128597336016124
6.205e-05,0.0,-0.0,0.034250818516660994,0.11224403191514416,0.07324742521590258,0.07324742521590258,0.07153758086845012
6.2075e-05,0.0,-0.0,0.23758932993907256,-0.09497784411825513,0.07130574291040871,0.07130574291040871,0.075
6.21e-05,0.0,-0.0,0.33895395537619977,-0.21146128219260435,0.06374633659179771,0.06374633659179771,0.06928207850310118
6.2125e-05,0.0,-0.0,0.4405954209429708,-0.3504851788408767,0.04505512105104703,0.04505512105104703,0.05663290500208129
6.215e-05,0.0,-0.0,0.5037525528412217,-0.4259408115248405,0.038905870658190594,0.038905870658190594,0.042014885173175885
6.2175e-05,0.0,-0.0,0.49664994642449517,-0.4509949958263206,0.022827475299087296,0.022827475299087296,0.03119526981377627
6.22e-05,0.0,-0.0,0.48807985999944115,-0.4353382050910553,0.02637082745419292,0.02637082745419292,0.02846078310507611
6.2225e-05,0.0,-0.0,0.40790579996795556,-0.355638038245656,0.02613388086114979,0.02613388086114979,0.034896903334689436
6.225e-05,0.0,-0.0,0.3368454310942839,-0.24185647097077317,0.047494480061755356,0.047494480061755356,0.047950043249849764
6.2275e-05,-0.0,0.0,0.25837312687496433,-0.0911387418826595,0.08361719249615242,0.08361719249615242,0.062456265107401716
6.23e-05,-0.0,0.0,0.132065648421645,0.003286589817363017,0.06767611911950401,0.06767611911950401,0.07270558219843369
6.2325e-05,-0.0,0.0,0.0347373765703118,0.13881789522341004,0.08677763589686091,0.08677763589686091,0.07468376381650138
6.235e-05,-0.0,0.0,-0.05830917100784537,0.18839531739038792,0.06504307319127128,0.06504307319127128,0.06757681492508195
6.2375e-05,-0.0,0.0,-0.15258658054682245,0.26546251308903573,0.05643796627110664,0.05643796627110664,0.053954216550050046
6.24e-05,-0.0,0.0,-0.18786214194166012,0.24964429939779795,0.030891078728068913,0.030891078728068913,0.038612638259460604
6.2425e-05,-0.0,0.0,-0.1950921145111076,0.2813542920552946,0.0431310887720935,0.0431310887720935,0.026611746975639873
6.245e-05,-0.0,0.0,-0.21547641363504788,0.26539388705956674,0.024958736712259427,0.024958736712259427,0.02133451072023219
6.2475e-05,-0.0,0.0,-0.1714015621010794,0.24704572576260223,0.03782208183076141,0.03782208183076141,0.023341851692348373
6.25e-05,-0.0,0.0,-0.1451878375767387,0.17703568009414838,0.015923921258704843,0.015923921258704843,0.03041459741567113
6.2525e-05,0.0,-0.0,-0.0320482801791919,0.11780179666002104,0.042876758240414564,0.042876758240414564,0.03866511692435183
6.255e-05,0.0,-0.0,0.023906786136816564,0.11763173549747352,0.07076926081714505,0.07076926081714505,0.04418133664386297
6.2575e-05,0.0,-0.0,0.0746276760080052,0.030994646859479676,0.05281116143374244,0.05281116143374244,0.04450441083849592
6.26e-05,0.0,-0.0,0.10955777746870407,0.015197069233192334,0.0623774233509482,0.0623774233509482,0.03938086096096065
6.2625e-05,0.0,-0.0,0.11042626964413728,-0.044685877585177045,0.03287019602948012,0.03287019602948012,0.03058168968822907
6.265e-05,0.0,-0.0,0.11511352946723882,-0.07694905050556286,0.01908223948083798,0.01908223948083798,0.020975990979570223
6.2675e-05,0.0,-0.0,0.09065823307170068,-0.09180421873527138,-0.0005729928317853503,-0.0005729928317853503,0.013317099597415592
6.27e-05,0.0,-0.0,0.08961036436907732,-0.05944112330359972,0.015084620532738801,0.015084620532738801,0.009250056538512585
6.2725e-05,0.0,-0.0,0.08056728319941481,-0.03967167971310828,0.020447801743153263,0.020447801743153263,0.00888884908452158
6.275e-05,0.0,-0.0,0.08546217998444446,-0.049163347334100105,0.018149416325172175,0.018149416325172175,0.011035840142082276
6.2775e-05,-0.0,0.0,0.030205008282349583,-0.04038708079248985,-0.005091036255070134,-0.005091036255070134,0.01385356066194111
6.28e-05,-0.0,0.0,0.031439516338484325,-0.00331469283114369,0.014062411753670317,0.014062411753670317,0.015654729811654076
6.2825e-05,-0.0,0.0,0.03582064241487484,0.009140131039404243,0.02248038672713954,0.02248038672713954,0.015488910177461184
6.285e-05,-0.0,0.0,0.004752504428894265,0.017069743145318804,0.010911123787106534,0.010911123787106534,0.01334157666253318
6.2875e-05,-0.0,0.0,-0.010424031051880993,0.03530345141592855,0.012439710182023778,0.012439710182023778,0.009945993392406151
6.29e-05,-0.0,0.0,-0.04597822144259028,0.05321116154361383,0.0036164700505117754,0.0036164700505117754,0.0063573504698419435
6.2925e-05,-0.0,0.0,-0.0061010617282229035,0.012822851622837368,0.0033608949473072323,0.0033608949473072323,0.003499424885816755
6.295e-05,-0.0,0.0,-0.03035194790628768,0.020058745567000835,-0.005146601169643423,-0.005146601169643423,0.0018600890019189627
6.2975e-05,-0.0,0.0,-0.0026732431378955653,0.0010873740127905485,-0.0007929345625525084,-0.0007929345625525084,0.0014165110021261535
6.3e-05,-0.0,0.0,-0.022379283801879958,0.04541863138132165,0.011519673789720845,0.011519673789720845,0.0017649917500818385
6.3025e-05,0.0,-0.0,-0.000980151415273258,0.005083102984335126,0.0020514757845309342,0.0020514757845309342,0.002358289259706059
6.305e-05,0.0,-0.0,-0.0016372145313223478,0.011444952766949434,0.004903869117813544,0.004903869117813544,0.002735719497630375
6.3075e-05,0.0,-0.0,0.014000813872645514,0.009017286636317713,0.011509050254481613,0.011509050254481613,0.0026623447267014027
6.31e-05,0.0,-0.0,0.01604801750563814,0.004326237662066825,0.010187127583852483,0.010187127583852483,0.00214917783876243
6.3125e-05,0.0,-0.0,-0.0031004020168800784,0.016416103832170886,0.006657850907645403,0.006657850907645403,0.0013785859787731945
6.315e-05,0.0,-0.0,0.025183038097868975,-0.0039597997098330786,0.010611619194017948,0.010611619194017948,0.0005883702406681645
6.3175e-05,0.0,-0.0,-0.014070576659237815,0.008184198580968898,-0.0029431890391344584,-0.0029431890391344584,-3.10819252312394e-05
6.32e-05,0.0,-0.0,0.042878879664133646,-0.001959781809033647,0.02045954892755,0.02045954892755,-0.0003923422218655694
6.3225e-05,0.0,-0.0,0.020357246922335204,-0.007019934686737647,0.006668656117798778,0.006668656117798778,-0.000512537389861576
6.325e-05,0.0,-0.0,0.013119938943234297,-0.00404205165314267,0.004538943645045814,0.004538943645045814,-0.0004765283561421675
6.3275e-05,-0.0,0.0,-0.01826992148098278,-0.007012020847603679,-0.01264097116429323,-0.01264097116429323,-0.0003869371166819344
6.33e-05,-0.0,0.0,0.0025950461599803147,0.018072244429091874,0.010333645294536094,0.010333645294536094,-0.0003234734562975552
6.3325e-05,-0.0,0.0,0.024479146261243145,-0.0037102325109410307,0.010384456875151058,0.010384456875151058,-0.0003235283562855133
6.335e-05,-0.0,0.0,-0.002907599769865819,-0.011974958623063052,-0.007441279196464435,-0.007441279196464435,-0.0003842557305565988
6.3375e-05,-0.0,0.0,0.0007030159858734178,0.010995548319646378,0.0058492821527598975,0.0058492821527598975,-0.00047828614927376953
6.34e-05,-0.0,0.0,-0.0013909616822052066,-0.014332150004269491,-0.007861555843237349,-0.007861555843237349,-0.000572743748489684
6.3425e-05,-0.0,0.0,0.002485714739256492,0.014878443966347042,0.008682079352801767,0.008682079352801767,-0.000643492904257016
6.345e-05,-0.0,0.0,0.0065011892105963035,0.0011701022192763745,0.003835645714936339,0.003835645714936339,-0.0006810860920466419
6.3475e-05,-0.0,0.0,-0.008005611749548556,0.00024510788348764285,-0.0038802519330304566,-0.0038802519330304566,-0.0006891988585036137
6.35e-05,-0.0,0.0,0.0007412740411135148,0.01160709325189619,0.006174183646504853,0.006174183646504853,-0.0006788464179268597
6.3525e-05,0.0,-0.0,0.0014170427998418046,0.005141383099903316,0.00327921294987256,0.00327921294987256,-0.0006620503558874856
6.355e-05,0.0,-0.0,-0.007515093815462726,-0.005445725702509642,-0.006480409758986184,-0.006480409758986184,-0.0006474803808411376
6.3575e-05,0.0,-0.0,-0.006406345309054782,-0.011773530992174918,-0.00908993815061485,-0.00908993815061485,-0.0006389218243075863
6.36e-05,0.0,-0.0,-0.012301629216701434,0.006514118354799182,-0.002893755430951126,-0.002893755430951126,-0.0006360498810305044
6.3625e-05,0.0,-0.0,0.009483327135222465,-0.0006409342068727652,0.00442119646417485,0.00442119646417485,-0.0006363359745014315
6.365e-05,0.0,-0.0,0.007018691606307343,0.0025428792607471587,0.0047807854335272515,0.0047807854335272515,-0.0006369497362724547
6.3675e-05,0.0,-0.0,-0.022779308799236283,0.0128984177580536,-0.004940445520591342,-0.004940445520591342,-0.0006359704884156032
6.37e-05,0.0,-0.0,0.0020771606900468736,0.0010925957444939097,0.0015848782172703916,0.0015848782172703916,-0.0006327521301988691
6.3725e-05,0.0,-0.0,-0.007378959705459036,0.010600849545887409,0.0016109449202141865,0.0016109449202141865,-0.0006276613939465684
6.375e-05,-0.0,0.0,-0.008318665044020694,-0.008601419025616239,-0.008460042034818467,-0.008460042034818467,-0.0006215500249813653
6.3775e-05,-0.0,0.0,-0.005092923465351694,0.004264450437379302,-0.00041423651398619574,-0.00041423651398619574,-0.0006152687784566636
6.38e-05,-0.0,0.0,0.009767134477703202,-0.009147250346141854,0.000309942065780674,0.000309942065780674,-0.00060938491857386
6.3825e-05,-0.0,0.0,-0.003939298569263351,-0.0023936059847353562,-0.0031664522769993533,-0.0031664522769993533,-0.0006041198837840939
6.385e-05,-0.0,0.0,-0.0008417829286372865,-0.0027898047058142043,-0.0018157938172257454,-0.0018157938172257454,-0.0005994346596838177
6.3875e-05,-0.0,0.0,0.0001388696467641519,-0.013991462863167884,-0.006926296608201866,-0.006926296608201866,-0.0005951671777402973
6.39e-05,-0.0,0.0,0.013929270040423289,-0.02418745505874368,-0.005129092509160196,-0.005129092509160196,-0.0005911490153439263
6.3925e-05,-0.0,0.0,-0.0021533379319292694,-0.0219837261573458,-0.012068532044637535,-0.012068532044637535,-0.000587268813212541
6.395e-05,-0.0,0.0,-0.026519763888215492,-0.00904556884605135,-0.017782666367133423,-0.017782666367133423,-0.0005834842334711374
6.3975e-05,-0.0,0.0,-0.023376028052331813,-0.00400758266989732,-0.013691805361114567,-0.013691805361114567,-0.0005798024157096913
6.4e-05,-0.0,0.0,-0.010342185869775412,-0.015243771699398556,-0.012792978784586984,-0.012792978784586984,-0.000576251217955522
6.4025e-05,0.0,-0.0,0.002377016690764913,-0.00500709465806943,-0.0013150389836522583,-0.0013150389836522583,-0.0005728564122000624
6.405e-05,0.0,-0.0,0.01437420192126512,-0.021472450936052687,-0.003549124507393784,-0.003549124507393784,-0.0005696305300396447
6.4075e-05,0.0,-0.0,-0.00979915289067058,-0.017666009815241645,-0.013732581352956113,-0.013732581352956113,-0.0005665719379023777
6.41e-05,0.0,-0.0,-0.02821051009204453,0.0022863530650334973,-0.012962078513505516,-0.012962078513505516,-0.0005636695594694987
6.4125e-05,0.0,-0.0,0.014909437551473241,0.03651324116000231,0.025711339355737776,0.025711339355737776,-0.000560908768616823
6.415e-05,0.0,-0.0,0.015228161979615235,-0.014783011828692688,0.00022257507546127354,0.00022257507546127354,-0.0005582757283404881
6.4175e-05,0.0,-0.0,-0.013847902448148468,0.01586313694615905,0.001007617249005291,0.001007617249005291,-0.0005557593748407242
6.42e-05,0.0,-0.0,0.005901162110736701,-0.02021024875748462,-0.00715454332337396,-0.00715454332337396,-0.0005533515193500711
6.4225e-05,0.0,-0.0,0.0025503713375125856,0.009012079565608462,0.005781225451560524,0.005781225451560524,-0.0005510459981586331
6.425e-05,-0.0,0.0,0.0058606465308388405,-0.0010029641492902688,0.002428841190774286,0.002428841190774286,-0.0005488376766732206
6.4275e-05,-0.0,0.0,-0.00737788602284667,-0.011312523731465338,-0.009345204877156003,-0.009345204877156003,-0.0005467217484494834
6.43e-05,-0.0,0.0,-0.011889745551170422,0.008412798076341144,-0.0017384737374146388,-0.0017384737374146388,-0.0005446934273529236
6.4325e-05,-0.0,0.0,0.008366531581577947,0.012658457119254061,0.010512494350416004,0.010512494350416004,-0.0005427479302809769
6.435e-05,-0.0,0.0,-0.02661572956031988,0.0181370329814062,-0.004239348289456839,-0.004239348289456839,-0.0005408805922588739
6.4375e-05,-0.0,0.0,-0.0004043454981891754,0.00265139722199613,0.0011235258619034772,0.0011235258619034772,-0.0005390869903030076
6.44e-05,-0.0,0.0,0.0015576942320223637,0.019630639839369687,0.010594167035696026,0.010594167035696026,-0.0005373630160318316
6.4425e-05,-0.0,0.0,-0.005621142759099299,0.007453756549070116,0.0009163068949854087,0.0009163068949854087,-0.0005357048894761654
6.445e-05,-0.0,0.0,0.006469744946028963,0.017631161436588008,0.012050453191308486,0.012050453191308486,-0.0005341091335212256
6.4475e-05,-0.0,0.0,-0.012049827779910833,-0.022651704635489177,-0.017350766207700007,-0.017350766207700007,-0.0005325725332258716
6.45e-05,-0.0,0.0,-0.0024829186213793865,-0.006594191176122575,-0.004538554898750981,-0.004538554898750981,-0.000531092097119786
6.4525e-05,0.0,-0.0,-0.0010772099092136844,0.00022026002321607447,-0.00042847494299880494,-0.00042847494299880494,-0.0005296650278091247
6.455e-05,0.0,-0.0,0.018775008381143668,0.017947908290162434,0.01836145833565305,0.01836145833565305,-0.0005282887020644276
6.4575e-05,0.0,-0.0,0.009261456341133484,-0.013390343289850925,-0.0020644434743587207,-0.0020644434743587207,-0.0005269606573386016
6.46e-05,0.0,-0.0,-0.015161483440652247,-0.0016330971365110052,-0.008397290288581626,-0.008397290288581626,-0.0005256785814085684
6.4625e-05,0.0,-0.0,0.006048881212613054,0.011872162050191273,0.008960521631402164,0.008960521631402164,-0.0005244403029656713
6.465e-05,0.0,-0.0,0.013694659804964628,-0.0005758051460852782,0.006559427329439675,0.006559427329439675,-0.0005232437822646373
6.4675e-05,0.0,-0.0,0.031332336003404855,-0.00261600024784638,0.014358167877779238,0.014358167877779238,-0.0005220871017898097
6.47e-05,0.0,-0.0,0.007360569277072045,0.013132884178933817,0.01024672672800293,0.01024672672800293,-0.000520968457232699
6.4725e-05,0.0,-0.0,0.014948200965611634,-0.007131129301142604,0.003908535832234515,0.003908535832234515,-0.0005198861490672068
6.475e-05,-0.0,0.0,0.015969348740883193,0.018588740009876877,0.017279044375380033,0.017279044375380033,-0.0005188385748654492
6.4775e-05,-0.0,0.0,0.004991719638829257,0.004821165091827714,0.004906442365328486,0.004906442365328486,-0.0005178242223574617
6.48e-05,-0.0,0.0,0.03357969200594601,-0.012006246417086749,0.01078672279442963,0.01078672279442963,-0.0005168416631579549
6.4825e-05,-0.0,0.0,0.016325270056070883,-0.007392842204200855,0.0044662139259350146,0.0044662139259350146,-0.0005158895470609294
6.485e-05,-0.0,0.0,-0.01241476932234766,0.0002898037632823306,-0.006062482779532664,-0.006062482779532664,-0.0005149665968148761
6.4875e-05,-0.0,0.0,-0.022503862786155078,-0.0003179135572340426,-0.01141088817169456,-0.01141088817169456,-0.0005140716033138696
6.49e-05,-0.0,0.0,0.007544205936623461,-0.004028977352518183,0.0017576142920526392,0.0017576142920526392,-0.0005132034211593444
6.4925e-05,-0.0,0.0,0.02987314010468495,-0.013542062455360968,0.008165538824661991,0.008165538824661991,-0.0005123609645594908
6.495e-05,-0.0,0.0,-0.015104494605192238,-0.00985293335814058,-0.012478713981666409,-0.012478713981666409,-0.0005115432035390768
6.4975e-05,-0.0,0.0,-0.03797393754355931,0.017274258195834214,-0.010349839673862547,-0.010349839673862547,-0.0005107491604348457
6.5e-05,-0.0,0.0,0.016199706832202263,-0.0038115412503823866,0.006194082790909938,0.006194082790909938,-0.0005099779066528573
6.5025e-05,0.0,-0.0,-0.01117265643669323,-0.0030543872965111563,-0.007113521866602193,-0.007113521866602193,-0.0005092285596653893
6.505e-05,0.0,-0.0,0.019714664094533492,0.02642399954745702,0.023069331820995256,0.023069331820995256,-0.0005085002802266813
6.5075e-05,0.0,-0.0,0.009447120468043815,0.02053765025519687,0.014992385361620343,0.014992385361620343,-0.0005077922697886674
6.51e-05,0.0,-0.0,0.0019378941021017883,-0.002778664268409112,-0.0004203850831536618,-0.0004203850831536618,-0.0005071037680997381
6.5125e-05,0.0,-0.0,0.0019943490394655483,-0.012508823730407216,-0.005257237345470834,-0.005257237345470834,-0.0005064340509713588
6.515e-05,0.0,-0.0,-0.02255557817517436,0.013722550133133898,-0.004416514021020231,-0.004416514021020231,-0.0005057824281988425
6.5175e-05,0.0,-0.0,-0.0021994464858190346,0.034057758786448726,0.015929156150314847,0.015929156150314847,-0.0005051482416239204
6.52e-05,0.0,-0.0,0.01600215870485697,-0.012477633365500767,0.0017622626696781017,0.0017622626696781017,-0.0005045308633279341
6.5225e-05,0.0,-0.0,0.02912091708257393,-0.005046136909415271,0.012037390086579329,0.012037390086579329,-0.0005039296939454129
6.525e-05,0.0,-0.0,0.00661184765923117,-0.01213506904858677,-0.0027616106946778,-0.0027616106946778,-0.0005033441610887844
6.5275e-05,-0.0,0.0,0.030616752196855036,-0.03404002794512407,-0.0017116378741345167,-0.0017116378741345167,-0.0005027737178757089
6.53e-05,-0.0,0.0,-0.0003670178448822903,0.010651836152552087,0.0051424091538348985,0.0051424091538348985,-0.0005022178415512964
6.5325e-05,-0.0,0.0,-0.00052809638626816,0.004040624726205608,0.0017562641699687242,0.0017562641699687242,-0.0005016760321981493
6.535e-05,-0.0,0.0,0.01888805928897625,0.002391643966097044,0.010639851627536648,0.010639851627536648,-0.0005011478115277098
6.5375e-05,-0.0,0.0,0.0028202486592895986,-0.010317350236076757,-0.003748550788393579,-0.003748550788393579,-0.0005006327217470153
6.54e-05,-0.0,0.0,-0.011470213809313371,-0.018669248132992932,-0.015069730971153151,-0.015069730971153151,-0.0005001303244954032
6.5425e-05,-0.0,0.0,0.02354709462182491,-0.0040568007869216955,0.009745146917451607,0.009745146917451607,-0.0004996401998461781
6.545e-05,-0.0,0.0,-0.005311521727623215,-0.013526492999262023,-0.00941900736344262,-0.00941900736344262,-0.0004991619453686754
6.5475e-05,-0.0,0.0,-0.02282315900529833,0.019869138477950785,-0.0014770102636737729,-0.0014770102636737729,-0.000498695175246506
6.55e-05,-0.0,0.0,0.01112937645981167,-0.010240796713966232,0.000444289872922719,0.000444289872922719,-0.0004982395194480793
6.5525e-05,0.0,-0.0,-0.03180691852248596,-0.01311318266968598,-0.02246005059608597,-0.02246005059608597,-0.0004977946229458745
6.555e-05,0.0,-0.0,0.0048908283756076126,0.011279849775545019,0.008085339075576316,0.008085339075576316,-0.0004973601449811175
6.5575e-05,0.0,-0.0,0.016488506414845287,-0.0053575219832244884,0.005565492215810399,0.005565492215810399,-0.0004969357583708057
6.56e-05,0.0,-0.0,-0.009856088026470505,-0.006345727179597354,-0.00810090760303393,-0.00810090760303393,-0.0004965211488543298
6.5625e-05,0.0,-0.0,0.019369352712078607,-0.0014103156722266416,0.008979518519925983,0.008979518519925983,-0.0004961160144770059
6.565e-05,0.0,-0.0,0.011705309759989775,-0.022310109700482514,-0.0053023999702463695,-0.0053023999702463695,-0.0004957200650081605
6.5675e-05,0.0,-0.0,-0.020879954375533746,0.011736753662422524,-0.004571600356555611,-0.004571600356555611,-0.0004953330213915416
6.57e-05,0.0,-0.0,0.013619023075292032,-0.0013432256058929727,0.00613789873469953,0.00613789873469953,-0.0004949546152259737
6.5725e-05,0.0,-0.0,-0.014981312741114472,-0.0002952484594509148,-0.007638280600282693,-0.007638280600282693,-0.0004945845882743528
6.575e-05,0.0,-0.0,-0.001668853673649314,0.015802488148775235,0.00706681723756296,0.00706681723756296,-0.0004942226919992139
6.5775e-05,-0.0,0.0,0.006333829680676951,-0.0005590171661445805,0.0028874062572661853,0.0028874062572661853,-0.0004938686871231784
6.58e-05,-0.0,0.0,0.00203967193216306,-0.006086295155462912,-0.002023311611649926,-0.002023311611649926,-0.0004935223432128187
6.5825e-05,-0.0,0.0,-0.03240355580359317,0.006399099974014743,-0.013002227914789215,-0.013002227914789215,-0.0004931834382844062
6.585e-05,-0.0,0.0,0.027650488006227488,0.014427841157098305,0.021039164581662897,0.021039164581662897,-0.0004928517584303263
6.5875e-05,-0.0,0.0,-0.011703804832509986,-0.012587275559233347,-0.012145540195871666,-0.012145540195871666,-0.0004925270974648151
6.59e-05,-0.0,0.0,-0.014351312486837232,-0.017606398825827565,-0.0159788556563324,-0.0159788556563324,-0.0004922092565879334
6.5925e-05,-0.0,0.0,0.005932178835117754,-0.0004099248104551796,0.0027611270123312874,0.0027611270123312874,-0.0004918980440666867
6.595e-05,-0.0,0.0,0.016571776576023343,-0.0015252295413510255,0.007523273517336159,0.007523273517336159,-0.0004915932749322915
6.5975e-05,-0.0,0.0,-0.007855827004628354,-0.01118934235696482,-0.009522584680796586,-0.009522584680796586,-0.0004912947706925952
6.6e-05,-0.0,0.0,-0.007243906237891697,-0.02923428392636355,-0.018239095082127624,-0.018239095082127624,-0.0004910023590588769
6.6025e-05,0.0,-0.0,-0.020164214760720632,0.000246321998056202,-0.009958946381332216,-0.009958946381332216,-0.0004907158736861137
6.605e-05,0.0,-0.0,-0.004459022738278204,0.013922015151325434,0.004731496206523615,0.004731496206523615,-0.0004904351539260011
6.6075e-05,0.0,-0.0,-0.014682892529476774,-0.00509065040966528,-0.009886771469571027,-0.009886771469571027,-0.0004901600445919854
6.61e-05,0.0,-0.0,0.013294071304686274,9.857330264033664e-05,0.006696322303663306,0.006696322303663306,-0.0004898903957356747
6.6125e-05,0.0,-0.0,-0.019836684409845824,0.026609919233228647,0.0033866174116914116,0.0033866174116914116,-0.0004896260624339416
6.615e-05,0.0,-0.0,0.01836749278680304,-0.013780018583121334,0.0022937371018408523,0.0022937371018408523,-0.0004893669045861629
6.6175e-05,0.0,-0.0,-0.012750711393930273,-0.02444253347344955,-0.01859662243368991,-0.01859662243368991,-0.0004891127867210383
6.62e-05,0.0,-0.0,-0.03173057122041699,-0.022372965692248212,-0.0270517684563326,-0.0270517684563326,-0.0004888635778124587
6.6225e-05,0.0,-0.0,-0.0028158472396355508,-0.009608686550108683,-0.006212266894872117,-0.006212266894872117,-0.0004886191511039423
6.625e-05,0.0,-0.0,-0.02766164472785547,-0.0007642896517015945,-0.014212967189778531,-0.014212967189778531,-0.0004883793839411968
6.6275e-05,-0.0,0.0,-0.009051776212598126,-0.0017594799275156905,-0.005405628070056908,-0.005405628070056908,-0.00048814415761236113
6.63e-05,-0.0,0.0,0.007835476202395,0.013611415671681391,0.010723445937038195,0.010723445937038195,-0.0004879133571955352
6.6325e-05,-0.0,0.0,-0.012366688075895334,0.013799393462684061,0.0007163526933943636,0.0007163526933943636,-0.00048768687141320465
6.635e-05,-0.0,0.0,-0.013015285977924807,-0.018071317504715113,-0.01554330174131996,-0.01554330174131996,-0.0004874645924932456
6.6375e-05,-0.0,0.0,-0.004058263033269658,-0.007725391492449107,-0.005891827262859382,-0.005891827262859382,-0.00048724641603607613
6.64e-05,-0.0,0.0,0.005704810424946219,0.018815229612330047,0.012260020018638133,0.012260020018638133,-0.0004870322408877252
6.6425e-05,-0.0,0.0,-0.0012041193404223826,0.0002937417713995962,-0.00045518878451139316,-0.00045518878451139316,-0.00048682196901844764
6.645e-05,-0.0,0.0,-0.01793030636013254,0.001030026779735717,-0.00845013979019841,-0.00845013979019841,-0.000486615505406675
6.6475e-05,-0.0,0.0,0.01156858359537787,0.004803222218444593,0.008185902906911232,0.008185902906911232,-0.00048641275792797334
6.65e-05,-0.0,0.0,-0.002516231249126945,0.0031348156147008722,0.0003092921827869636,0.0003092921827869636,-0.00048621363724884537
6.6525e-05,0.0,-0.0,-0.0038252554525901286,-0.021225107788977512,-0.01252518162078382,-0.01252518162078382,-0.00048601805672504866
6.655e-05,0.0,-0.0,0.013363031395836637,0.0017923125617483391,0.007577671978792488,0.007577671978792488,-0.00048582593230430787
6.6575e-05,0.0,-0.0,-0.001960189612537674,0.008266097589153976,0.0031529539883081506,0.0031529539883081506,-0.00048563718243310223
6.66e-05,0.0,-0.0,0.013153569142875169,0.01799030180407091,0.01557193547347304,0.01557193547347304,-0.0004854517279674173
6.6625e-05,0.0,-0.0,-0.009035392198011243,0.016776079305513416,0.0038703435537510867,0.0038703435537510867,-0.00048526949208713556
6.665e-05,0.0,-0.0,-0.013880653586519558,0.0190443736254095,0.00258186001944497,0.00258186001944497,-0.00048509040021404076
6.6675e-05,0.0,-0.0,0.01734966213304418,-0.00797601937656132,0.004686821378241431,0.004686821378241431,-0.00048491437993313197
6.67e-05,0.0,-0.0,-0.006547016889658533,0.006463322437910219,-4.1847225874156856e-05,-4.1847225874156856e-05,-0.00048474136091718553
6.6725e-05,0.0,-0.0,0.00820277157797364,-0.004750059521503461,0.0017263560282350897,0.0017263560282350897,-0.00048457127485439374
6.675e-05,0.0,-0.0,-0.001720483032704438,-0.009817915728846669,-0.0057691993807755535,-0.0057691993807755535,-0.00048440405537897063
6.6775e-05,-0.0,0.0,-0.013072157808581014,-0.01021707838540307,-0.011644618096992042,-0.011644618096992042,-0.0004842396380045452
6.68e-05,-0.0,0.0,-0.006672609086550912,-0.004258148707836024,-0.005465378897193468,-0.005465378897193468,-0.0004840779600602563
6.6825e-05,-0.0,0.0,0.00976851885719786,-0.006372419606111394,0.0016980496255432328,0.0016980496255432328,-0.0004839189606293687
6.685e-05,-0.0,0.0,-0.016574142040361447,0.00447831330898032,-0.0060479143656905635,-0.0060479143656905635,-0.00048376258049031434
6.6875e-05,-0.0,0.0,0.005263745709634345,0.0033519280765963544,0.00430783689311535,0.00430783689311535,-0.00048360876206000083
6.69e-05,-0.0,0.0,0.01846992056991413,0.04269907052703371,0.03058449554847392,0.03058449554847392,-0.0004834574493393512
6.6925e-05,-0.0,0.0,0.009638105034625664,0.0013058667420373783,0.005471985888331522,0.005471985888331522,-0.00048330858786090156
6.695e-05,-0.0,0.0,-0.012812186148748251,-0.018744537610034157,-0.015778361879391203,-0.015778361879391203,-0.0004831621246384579
6.6975e-05,-0.0,0.0,-0.01049214435576578,0.011033617570677019,0.0002707366074556194,0.0002707366074556194,-0.00048301800811870204
6.7e-05,-0.0,0.0,-0.0033027626870269612,0.03178706467085306,0.014242150991913049,0.014242150991913049,-0.00048287618813465394
6.7025e-05,0.0,-0.0,-0.009750963760203754,0.01958948488434992,0.004919260562073083,0.004919260562073083,-0.00048273661586092
6.705e-05,0.0,-0.0,-0.02778324677642017,0.01889431828308333,-0.004444464246668419,-0.004444464246668419,-0.00048259924377065634
6.7075e-05,0.0,-0.0,-0.0077553135616326,-0.0171633205420728,-0.0124593170518527,-0.0124593170518527,-0.00048246402559409666
6.71e-05,0.0,-0.0,-0.0054958891969100285,-0.009479526566222482,-0.0074877078815662555,-0.0074877078815662555,-0.00048233091627865565
6.7125e-05,0.0,-0.0,0.026031850965746936,-0.041198414928314234,-0.007583281981283649,-0.007583281981283649,-0.00048219987195044414
6.715e-05,0.0,-0.0,-0.005257601271971688,0.014183071078528606,0.004462734903278458,0.004462734903278458,-0.00048207084987723355
6.7175e-05,0.0,-0.0,-0.005666825347792561,-0.003115543997066101,-0.00439118467242933,-0.00439118467242933,-0.00048194380843274753
6.72e-05,0.0,-0.0,0.028973872417161164,0.026620035863008627,0.027796954140084894,0.027796954140084894,-0.00048181870706227376
6.7225e-05,0.0,-0.0,-0.00817204574880281,0.007037602432693432,-0.0005672216580546894,-0.0005672216580546894,-0.00048169550624954524
6.725e-05,0.0,-0.0,-0.014396419631791921,0.012012167298135472,-0.0011921261668282248,-0.0011921261668282248,-0.0004815741674848274
6.7275e-05,-0.0,0.0,0.0018786468758641478,-0.015402154761347275,-0.006761753942741563,-0.006761753942741563,-0.0004814546532341534
6.73e-05,-0.0,0.0,0.002236668683554341,-0.003932542086085948,-0.0008479367012658035,-0.0008479367012658035,-0.0004813369269096715
6.7325e-05,-0.0,0.0,-0.007199587787594436,0.02076686227456144,0.006783637243483502,0.006783637243483502,-0.0004812209528410172
6.735e-05,-0.0,0.0,0.006052287047800714,0.00835479309005838,0.007203540068929547,0.007203540068929547,-0.00048110669624770345
6.7375e-05,-0.0,0.0,0.019344558650168257,0.04768691290756555,0.033515735778866906,0.033515735778866906,-0.00048099412321245646
6.74e-05,-0.0,0.0,0.02568461721640331,0.0020387654560163476,0.013861691336209828,0.013861691336209828,-0.00048088320065548716
6.7425e-05,-0.0,0.0,-0.010232174873386426,-0.0218048757475006,-0.016018525310443513,-0.016018525310443513,-0.00048077389630965056
6.745e-05,-0.0,0.0,0.01263859530973829,-0.012371593239808161,0.0001335010349650641,0.0001335010349650641,-0.00048066617869648283
6.7475e-05,-0.0,0.0,0.0041940749046627925,0.01098779279099144,0.007590933847827117,0.007590933847827117,-0.0004805600171030659
6.75e-05,-0.0,0.0,0.007478786103040869,-0.006166909948867944,0.0006559380770864622,0.0006559380770864622,-0.0004804553815596796
6.7525e-05,0.0,-0.0,0.00026294960932624355,0.00851273848366412,0.004387844046495182,0.004387844046495182,-0.0004803522428182314
6.755e-05,0.0,-0.0,-0.004708219492517907,0.013304428709086113,0.004298104608284102,0.004298104608284102,-0.0004802505723314172
6.7575e-05,0.0,-0.0,0.03814399109630579,-0.01584785308630267,0.011148069005001562,0.011148069005001562,-0.0004801503422325623
6.76e-05,0.0,-0.0,0.03299547430035281,-0.0066337930372693055,0.013180840631541752,0.013180840631541752,-0.00048005152531615765
6.7625e-05,0.0,-0.0,-0.004199667366015004,-0.00269181823625616,-0.003445742801135582,-0.003445742801135582,-0.00047995409501902216
6.765e-05,0.0,-0.0,-0.005355596900059827,-0.0006485756463876467,-0.0030020862732237368,-0.0030020862732237368,-0.0004798580254020996
6.7675e-05,0.0,-0.0,-0.017113731392222595,0.019045061102082466,0.0009656648549299356,0.0009656648549299356,-0.00047976329113285954
6.77e-05,0.0,-0.0,0.006588055978582761,-0.0083825900271556,-0.0008972670242864194,-0.0008972670242864194,-0.00047966986746827425
6.7725e-05,0.0,-0.0,-0.005348500944253563,0.005649209108569696,0.0001503540821580665,0.0001503540821580665,-0.00047957773023835743
6.775e-05,0.0,-0.0,-0.005363537729108433,0.007367036063717112,0.0010017491673043393,0.0010017491673043393,-0.0004794868558302448
6.7775e-05,-0.0,0.0,0.016855564830171078,0.023713826276431562,0.02028469555330132,0.02028469555330132,-0.0004793972211727852
6.78e-05,-0.0,0.0,0.009150127086918276,0.011718281250033914,0.010434204168476095,0.010434204168476095,-0.000479308803721638
6.7825e-05,-0.0,0.0,0.006827988463217442,-0.018175356244119333,-0.005673683890450945,-0.005673683890450945,-0.0004792215814448296
6.785e-05,-0.0,0.0,-0.005933593481054119,0.027058000527847563,0.010562203523396721,0.010562203523396721,-0.0004791355328087882
6.7875e-05,-0.0,0.0,-0.004298340758948411,-9.005597255399038e-05,-0.0021941983657512007,-0.0021941983657512007,-0.00047905063676481445
6.79e-05,-0.0,0.0,-0.0009649834278703908,0.03501143311342788,0.017023224842778746,0.017023224842778746,-0.0004789668727359842
6.7925e-05,-0.0,0.0,-0.009055706061934041,-0.0027686037800049136,-0.005912154920969477,-0.005912154920969477,-0.00047888422060444894
6.795e-05,-0.0,0.0,-0.017813197803267473,-0.0171968266110845,-0.017505012207175985,-0.017505012207175985,-0.00047880266069917296
6.7975e-05,-0.0,0.0,-0.00015796738149993127,0.0047718576123815665,0.0023069451154408174,0.0023069451154408174,-0.0004787221737840107
6.8e-05,-0.0,0.0,0.005171461523979126,0.003951603292030038,0.004561532408004582,0.004561532408004582,-0.0004786427410461804
6.8025e-05,0.0,-0.0,-0.0051120990963364685,0.028225274833119676,0.011556587868391604,0.011556587868391604,-0.00047856434408508227
6.805e-05,0.0,-0.0,0.0072629655708839405,-0.0009794062802129535,0.0031417796453354933,0.0031417796453354933,-0.0004784869649014652
6.8075e-05,0.0,-0.0,0.007243114130612116,-0.020804932405458623,-0.006780909137423253,-0.006780909137423253,-0.00047841058588691913
6.81e-05,0.0,-0.0,0.009669432579867994,0.01682690743669854,0.013248170008283267,0.013248170008283267,-0.0004783351898136943
6.8125e-05,0.0,-0.0,0.01266591355389022,0.0002911867224080269,0.006478550138149123,0.006478550138149123,-0.0004782607598248298
6.815e-05,0.0,-0.0,0.00097671477878657,0.024685854089416558,0.012831284434101564,0.012831284434101564,-0.00047818727942458247
6.8175e-05,0.0,-0.0,-0.01696379379609635,-0.028067606061879264,-0.022515699928987807,-0.022515699928987807,-0.0004781147324691453
6.82e-05,0.0,-0.0,-0.011049655771226,0.008315859583104497,-0.0013668980940607514,-0.0013668980940607514,-0.00047804310315765233
6.8225e-05,0.0,-0.0,0.0021234738401485712,-0.0009167571185934706,0.0006033583607775503,0.0006033583607775503,-0.0004779723760234328
6.825e-05,-0.0,0.0,0.018229967965844376,0.005960585008622671,0.012095276487233523,0.012095276487233523,-0.000477902535925544
6.8275e-05,-0.0,0.0,-0.005055310810616507,0.003669895539298111,-0.0006927076356591979,-0.0006927076356591979,-0.0004778335680405293
6.83e-05,-0.0,0.0,-0.0025135781429344605,-0.007942662077295834,-0.005228120110115147,-0.005228120110115147,-0.00047776545785443286
6.8325e-05,-0.0,0.0,-0.0050587904623640295,-0.023742160830855546,-0.014400475646609788,-0.014400475646609788,-0.0004776981911550419
6.835e-05,-0.0,0.0,-0.01893987951265745,-0.01985654280819868,-0.019398211160428065,-0.019398211160428065,-0.0004776317540243568
6.8375e-05,-0.0,0.0,-0.007089971031039097,0.027951111889871053,0.010430570429415979,0.010430570429415979,-0.00047756613283128933
6.84e-05,-0.0,0.0,0.019806399045780125,0.001680453744542637,0.010743426395161381,0.010743426395161381,-0.0004775013142245769
6.8425e-05,-0.0,0.0,-0.013030329793158834,-0.011403554304591959,-0.012216942048875397,-0.012216942048875397,-0.00047743728512589126
6.845e-05,-0.0,0.0,-0.0031764220648466093,0.01521718603368138,0.006020381984417385,0.006020381984417385,-0.0004773740327231673
6.8475e-05,-0.0,0.0,0.005641797369955487,0.030363054056330666,0.018002425713143075,0.018002425713143075,-0.0004773115444640853
6.85e-05,-0.0,0.0,0.010536103112841269,0.01994480614237495,0.01524045462760811,0.01524045462760811,-0.00047724980804977527
6.8525e-05,0.0,-0.0,0.017516763165494994,0.02597650004008181,0.0217466316027884,0.0217466316027884,-0.00047718881142866127
6.855e-05,0.0,-0.0,0.016247706198381975,0.008943595622808902,0.01259565091059544,0.01259565091059544,-0.0004771285427904946
6.8575e-05,0.0,-0.0,-0.011890806782915932,-0.004649705236009346,-0.00827025600946264,-0.00827025600946264,-0.00047706899056054763
6.86e-05,0.0,-0.0,0.0011210505468052356,0.008510531964828854,0.0048157912558170445,0.0048157912558170445,-0.00047701014339398694
6.8625e-05,0.0,-0.0,0.0178411161265129,-0.024811442247339905,-0.0034851630604135018,-0.0034851630604135018,-0.00047695199017039173
6.865e-05,0.0,-0.0,-0.017067962806407464,0.02407770195724042,0.0035048695754164774,0.0035048695754164774,-0.0004768945199884412
6.8675e-05,0.0,-0.0,0.007430766376353479,0.008676858646521764,0.008053812511437622,0.008053812511437622,-0.00047683772216074074
6.87e-05,0.0,-0.0,-0.0007590702125100672,-0.017516239794796253,-0.009137655003653159,-0.009137655003653159,-0.000476781586208794
6.8725e-05,0.0,-0.0,-0.003444582887617973,-0.027861179280252633,-0.015652881083935304,-0.015652881083935304,-0.0004767261018581151
6.875e-05,-0.0,0.0,-0.022722820078390223,0.0027249617970138804,-0.009998929140688171,-0.009998929140688171,-0.0004766712590334511
6.8775e-05,-0.0,0.0,-0.017201916205452746,0.0062040878026138335,-0.005498914201419456,-0.005498914201419456,-0.00047661704785415416
6.88e-05,-0.0,0.0,0.0009018163397976552,-0.006150957514746189,-0.002624570587474267,-0.002624570587474267,-0.0004765634586296681
6.8825e-05,-0.0,0.0,-0.011763037853949226,-0.011722707133900551,-0.011742872493924889,-0.011742872493924889,-0.000476510481855133
6.885e-05,-0.0,0.0,-0.003091257281375752,0.015045038541758805,0.005976890630191526,0.005976890630191526,-0.00047645810820712254
6.8875e-05,-0.0,0.0,0.02376237016372888,0.010250192250480754,0.017006281207104817,0.017006281207104817,-0.0004764063285394892
6.89e-05,-0.0,0.0,0.00933030093607985,0.008610406976988668,0.008970353956534258,0.008970353956534258,-0.00047635513387932356
6.8925e-05,-0.0,0.0,-0.01014771102118774,0.014530331534583356,0.002191310256697808,0.002191310256697808,-0.0004763045154230261
6.895e-05,-0.0,0.0,-0.015815673525560306,-0.015679935134935746,-0.015747804330248028,-0.015747804330248028,-0.00047625446453248486
6.8975e-05,-0.0,0.0,-0.01396060334396086,-0.0246100433728173,-0.01928532335838908,-0.01928532335838908,-0.00047620497273134007
6.9e-05,-0.0,0.0,-0.0016888150525752104,-0.0002992989398637886,-0.0009940569962194996,-0.0009940569962194996,-0.00047615603170136163
6.9025e-05,0.0,-0.0,0.008435192369349273,-0.029636996893190232,-0.01060090226192048,-0.01060090226192048,-0.000476107633278898
6.905e-05,0.0,-0.0,0.014499104837994528,0.031446845306083264,0.022972975072038895,0.022972975072038895,-0.0004760597694514445
6.9075e-05,0.0,-0.0,-0.0007716286057526875,-0.017910329459094397,-0.009340979032423542,-0.009340979032423542,-0.000476012432354266
6.91e-05,0.0,-0.0,-0.01296030928937249,-0.008031815185438105,-0.010496062237405297,-0.010496062237405297,-0.0004759656142671385
6.9125e-05,0.0,-0.0,-0.002972122358833375,0.014059006237034752,0.005543441939100688,0.005543441939100688,-0.00047591930761116055
6.915e-05,0.0,-0.0,0.008136296755813024,-0.0062560141211304475,0.0009401413173412885,0.0009401413173412885,-0.0004758735049456507
6.9175e-05,0.0,-0.0,0.007819457739590713,0.006301851987883585,0.007060654863737149,0.007060654863737149,-0.0004758281989651298
6.92e-05,0.0,-0.0,-0.007068617905963238,0.014350202837524683,0.0036407924657807225,0.0036407924657807225,-0.0004757833824963836
6.9225e-05,0.0,-0.0,-0.0039899170245684375,0.007714085155207711,0.0018620840653196368,0.0018620840653196368,-0.0004757390484955895
6.925e-05,-0.0,0.0,-0.020805907841226084,0.0035332499849152874,-0.008636328928155398,-0.008636328928155398,-0.00047569519004552575
6.9275e-05,-0.0,0.0,-0.035246801015232025,-0.015740861163144576,-0.0254938310891883,-0.0254938310891883,-0.0004756518003528324
6.93e-05,-0.0,0.0,0.017868803043965754,-0.0034954228944998663,0.007186690074732944,0.007186690074732944,-0.00047560887274536424
6.9325e-05,-0.0,0.0,-0.028682198122154622,-0.03121582777291636,-0.02994901294753549,-0.02994901294753549,-0.0004755664006695775
6.935e-05,-0.0,0.0,0.0002619559549872131,-0.008975703628196392,-0.004356873836604589,-0.004356873836604589,-0.00047552437768801157
6.9375e-05,-0.0,0.0,-0.0010901927195889143,0.008181231552496048,0.0035455194164535665,0.0035455194164535665,-0.00047548279747681587
6.94e-05,-0.0,0.0,-0.012865097443725033,-0.00952173570033249,-0.011193416572028762,-0.011193416572028762,-0.00047544165382335055
6.9425e-05,-0.0,0.0,0.013910133923366456,-0.016306282533936324,-0.001198074305284934,-0.001198074305284934,-0.00047540094062384033
6.945e-05,-0.0,0.0,0.008024179483761466,-0.01877826237047545,-0.005377041443356992,-0.005377041443356992,-0.00047536065188109227
6.9475e-05,-0.0,0.0,0.002345391600745301,-0.028887762017532254,-0.013271185208393477,-0.013271185208393477,-0.0004753207817022662
6.95e-05,-0.0,0.0,0.012227623421139545,-0.008042468690705708,0.0020925773652169183,0.0020925773652169183,-0.0004752813242966986
6.9525e-05,0.0,-0.0,0.00838964278841298,0.022451314580606292,0.015420478684509636,0.015420478684509636,-0.00047524227397377993
6.955e-05,0.0,-0.0,0.003128377601600454,-0.0032739028669590753,-7.276263267931072e-05,-7.276263267931072e-05,-0.0004752036251408799
6.9575e-05,0.0,-0.0,-0.007836010681375878,0.007506555907539063,-0.00016472738691840783,-0.00016472738691840783,-0.0004751653723013253
6.96e-05,0.0,-0.0,0.0021929192946903526,-0.009778929510228969,-0.003793005107769308,-0.003793005107769308,-0.0004751275100524276
6.9625e-05,0.0,-0.0,-0.018906671590137227,-0.02005652391843064,-0.019481597754283934,-0.019481597754283934,-0.00047509003308354275
6.965e-05,0.0,-0.0,-0.008606563557953528,-0.005856136086659964,-0.007231349822306747,-0.007231349822306747,-0.00047505293617420934
6.9675e-05,0.0,-0.0,-0.009472136080470426,0.02431014103115224,0.007419002475340907,0.007419002475340907,-0.000475016214192298
6.97e-05,0.0,-0.0,0.021319332721602986,-0.013282126888861875,0.004018602916370555,0.004018602916370555,-0.00047497986209222426
6.9725e-05,0.0,-0.0,-0.018391688276227496,-0.011640924974743604,-0.015016306625485549,-0.015016306625485549,-0.00047494387491319454
6.975e-05,-0.0,0.0,0.0010034278320985284,0.018734320522804493,0.009868874177451512,0.009868874177451512,-0.0004749082477775047
6.9775e-05,-0.0,0.0,0.018290551700779742,0.015166095441044015,0.016728323570911877,0.016728323570911877,-0.00047487297588887263
6.98e-05,-0.0,0.0,0.0016432087958415868,0.019324550841146173,0.01048387981849388,0.01048387981849388,-0.00047483805453081297
6.9825e-05,-0.0,0.0,-0.000821499562716864,-0.004227374302132035,-0.00252443693242445,-0.00252443693242445,-0.0004748034790650424
6.985e-05,-0.0,0.0,-0.00211623813427427,-0.0018670237723097866,-0.001991630953292028,-0.001991630953292028,-0.0004747692449299304
6.9875e-05,-0.0,0.0,0.004208722865101015,-0.009353059118172594,-0.0025721681265357893,-0.0025721681265357893,-0.00047473534763897625
6.99e-05,-0.0,0.0,-0.0077745119806979495,-0.012728079263477033,-0.010251295622087491,-0.010251295622087491,-0.0004747017827793246
6.9925e-05,-0.0,0.0,0.008447711263487999,-0.01374058378018426,-0.0026464362583481305,-0.0026464362583481305,-0.00047466854601031
6.995e-05,-0.0,0.0,0.007799355760247032,0.015284635198591572,0.011541995479419302,0.011541995479419302,-0.0004746356330620349
6.9975e-05,-0.0,0.0,-0.009142862127020765,-0.010790824657834723,-0.009966843392427744,-0.009966843392427744,-0.00047460303973399223
7e-05,-0.0,0.0,-0.015991233412882676,-0.005480909337085847,-0.010736071374984262,-0.010736071374984262,-0.0004745707618937223
7.0025e-05,0.0,-0.0,-0.006909223666718823,0.016010940894240516,0.0045508586137608465,0.0045508586137608465,-0.00047453879547548116
7.005e-05,0.0,-0.0,-0.007857288532132285,0.04355280384974903,0.01784775765880837,0.01784775765880837,-0.00047450713647895817
7.0075e-05,0.0,-0.0,-0.03529213478067939,-0.011428136554850926,-0.02336013566776516,-0.02336013566776516,-0.00047447578096803127
7.01e-05,0.0,-0.0,0.009109499899628237,-0.0031751788187433226,0.002967160540442457,0.002967160540442457,-0.0004744447250695093
7.0125e-05,0.0,-0.0,-0.0049626293411951265,-0.00800088998324121,-0.006481759662218168,-0.006481759662218168,-0.00047441396497193496
7.015e-05,0.0,-0.0,-0.028679431555224708,0.002325211866186393,-0.013177109844519157,-0.013177109844519157,-0.00047438349692440125
7.0175e-05,0.0,-0.0,-0.002297264700075466,-0.04871252497521043,-0.025504894837642948,-0.025504894837642948,-0.0004743533172353902
7.02e-05,0.0,-0.0,-0.008471245430691922,0.029565094092434005,0.010546924330871042,0.010546924330871042,-0.0004743234222716479
7.0225e-05,0.0,-0.0,-0.011240732358287066,0.012459841437754466,0.0006095545397336996,0.0006095545397336996,-0.0004742938084570783
7.025e-05,-0.0,0.0,0.025679849020593004,-0.010395580515144954,0.007642134252724025,0.007642134252724025,-0.0004742644722716768
7.0275e-05,-0.0,0.0,-0.014974694002390557,0.0025872640671224766,-0.00619371496763404,-0.00619371496763404,-0.00047423541025046857
7.03e-05,-0.0,0.0,-0.016470164472583426,0.0059172841426801985,-0.005276440164951613,-0.005276440164951613,-0.0004742066189824853
7.0325e-05,-0.0,0.0,0.0036904359177784615,0.014064625018619277,0.00887753046819887,0.00887753046819887,-0.0004741780951097646
7.035e-05,-0.0,0.0,-0.03666625581635804,0.019950831405222195,-0.008357712205567922,-0.008357712205567922,-0.0004741498353263392
7.0375e-05,-0.0,0.0,-0.005202133814823282,-0.02749275435667888,-0.01634744408575108,-0.01634744408575108,-0.00047412183637729396
7.04e-05,-0.0,0.0,0.0039173161530023475,-0.016029078758644483,-0.006055881302821068,-0.006055881302821068,-0.00047409409505781285
7.0425e-05,-0.0,0.0,-0.014415472153763317,0.020475859369502716,0.0030301936078696995,0.0030301936078696995,-0.0004740666082122385
7.045e-05,-0.0,0.0,-0.0021246139793492094,-0.01866543413564643,-0.01039502405749782,-0.01039502405749782,-0.0004740393727331922
7.0475e-05,-0.0,0.0,0.016833479620039653,-0.016165385656730015,0.00033404698165481923,0.00033404698165481923,-0.0004740123855606636
7.05e-05,0.0,-0.0,0.005310188523763467,-0.0014250199402414342,0.0019425842917610164,0.0019425842917610164,-0.0004739856436811721
7.0525e-05,0.0,-0.0,-0.011784610896344997,-0.0016310883459317383,-0.006707849621138368,-0.006707849621138368,-0.0004739591441269021
7.055e-05,0.0,-0.0,0.007008968702822235,0.020343798493641752,0.013676383598231994,0.013676383598231994,-0.000473932883974872
7.0575e-05,0.0,-0.0,-0.0073895733103921165,-0.009984931771390523,-0.00868725254089132,-0.00868725254089132,-0.00047390686034613603
7.06e-05,0.0,-0.0,-0.01486479060309822,0.01563885679114667,0.00038703309402422434,0.00038703309402422434,-0.0004738810704049679
7.0625e-05,0.0,-0.0,-0.008683071997597503,0.005741334163212426,-0.0014708689171925387,-0.0014708689171925387,-0.0004738555113580982
7.065e-05,0.0,-0.0,-0.01221162599924832,0.014920635440197392,0.0013545047204745362,0.0013545047204745362,-0.00047383018045395284
7.0675e-05,0.0,-0.0,0.003994827906354075,0.011995472451141256,0.007995150178747665,0.007995150178747665,-0.00047380507498190485
7.07e-05,0.0,-0.0,0.02529512423477799,-0.004223158611462493,0.010535982811657749,0.010535982811657749,-0.0004737801922715561
7.0725e-05,0.0,-0.0,0.00755090830479843,0.023427190441624977,0.015489049373211702,0.015489049373211702,-0.0004737555296920137
7.075e-05,0.0,-0.0,-0.002302706952762031,-0.02630168025801407,-0.01430219360538805,-0.01430219360538805,-0.00047373108465119065
7.0775e-05,-0.0,0.0,0.003211248987801809,-0.0038712401149653586,-0.0003299955635817748,-0.0003299955635817748,-0.0004737068545951091
7.08e-05,-0.0,0.0,-0.010901761567063167,-0.0005115256035112027,-0.005706643585287185,-0.005706643585287185,-0.0004736828370072273
7.0825e-05,-0.0,0.0,-0.0054870239364444955,0.0005434896393384929,-0.002471767148553001,-0.002471767148553001,-0.0004736590294077672
7.085e-05,-0.0,0.0,0.01233573439577711,0.001749636627851267,0.007042685511814188,0.007042685511814188,-0.00047363542935309136
7.0875e-05,-0.0,0.0,-0.012171337298791841,0.0030071289849374263,-0.004582104156927207,-0.004582104156927207,-0.00047361203443505734
7.09e-05,-0.0,0.0,-0.017446850426042784,-0.00020221754255691024,-0.008824533984299847,-0.008824533984299847,-0.00047358884228042433
7.0925e-05,-0.0,0.0,0.002763137303221906,0.00463659771506385,0.003699867509142878,0.003699867509142878,-0.0004735658505502544
7.095e-05,-0.0,0.0,-0.0047494388687087,0.016610938736035967,0.005930749933663633,0.005930749933663633,-0.00047354305693931653
7.0975e-05,-0.0,0.0,-0.02273751216478177,0.02769899154520763,0.002480739690212931,0.002480739690212931,-0.0004735204591755082
7.1e-05,0.0,-0.0,-0.009956491472012791,-0.013509333994154642,-0.011732912733083717,-0.011732912733083717,-0.0004734980550192699
7.1025e-05,0.0,-0.0,0.024564180334844494,-0.00303942384685324,0.010762378243995627,0.010762378243995627,-0.0004734758422630151
7.105e-05,0.0,-0.0,-0.0077728583683611754,0.016536810315028145,0.004381975973333485,0.004381975973333485,-0.00047345381873057073
7.1075e-05,0.0,-0.0,-0.030820062598432323,0.011471185779177915,-0.009674438409627204,-0.009674438409627204,-0.0004734319822766299
7.11e-05,0.0,-0.0,-0.013885922380279922,0.02238386138327852,0.0042489695014992996,0.0042489695014992996,-0.0004734103307862383
7.1125e-05,0.0,-0.0,0.028374565048644242,0.008012183538049226,0.018193374293346734,0.018193374293346734,-0.0004733888621742963
7.115e-05,0.0,-0.0,0.0005488906595351283,-0.02613560645646179,-0.012793357898463332,-0.012793357898463332,-0.0004733675743850585
7.1175e-05,0.0,-0.0,-0.03184978961212606,-0.0006002280983591398,-0.0162250088552426,-0.0162250088552426,-0.0004733464653916628
7.12e-05,0.0,-0.0,-0.004225548653210769,0.01396709133141971,0.0048707713391044705,0.0048707713391044705,-0.00047332553319565795
7.1225e-05,0.0,-0.0,0.004794093641495449,-0.006974388474957674,-0.0010901474167311124,-0.0010901474167311124,-0.0004733047758264962
7.125e-05,0.0,-0.0,0.0025257650754689806,-0.024199026379701637,-0.010836630652116328,-0.010836630652116328,-0.00047328419134107653
7.1275e-05,-0.0,0.0,-0.001720662265192095,-0.025936836330353735,-0.013828749297772915,-0.013828749297772915,-0.0004732637778232509
7.13e-05,-0.0,0.0,-0.013053103103187516,-0.014010208130657913,-0.013531655616922714,-0.013531655616922714,-0.0004732435333833642
7.1325e-05,-0.0,0.0,0.016805503232148262,0.004885957465682037,0.01084573034891515,0.01084573034891515,-0.00047322345615780857
7.135e-05,-0.0,0.0,0.014280728893074156,-0.004916723386470619,0.004682002753301768,0.004682002753301768,-0.0004732035443085987
7.1375e-05,-0.0,0.0,0.02418917363243166,-0.011644699523542783,0.0062722370544444385,0.0062722370544444385,-0.0004731837960229665
7.14e-05,-0.0,0.0,0.018753504067398834,-0.017058968358447224,0.0008472678544758049,0.0008472678544758049,-0.00047316420951297087
7.1425e-05,-0.0,0.0,-0.008562522895961114,0.007340325241651041,-0.0006110988271550363,-0.0006110988271550363,-0.000473144783015099
7.145e-05,-0.0,0.0,-0.0010886493307361584,-0.007820538710932313,-0.0044545940208342355,-0.0044545940208342355,-0.00047312551478988685
7.1475e-05,-0.0,0.0,-0.00682517473828202,0.006694766557159123,-6.520409056144866e-05,-6.520409056144866e-05,-0.0004731064031215008
7.15e-05,0.0,-0.0,0.022780654185188074,0.01191666506190955,0.017348659623548812,0.017348659623548812,-0.0004730874463173574
7.1525e-05,0.0,-0.0,-0.011243995957357207,0.014496278995444851,0.001626141519043822,0.001626141519043822,-0.0004730686427077022
7.155e-05,0.0,-0.0,-0.01127859737584755,0.008278996611299922,-0.001499800382273814,-0.001499800382273814,-0.0004730499906452496
7.1575e-05,0.0,-0.0,-0.006142405212555466,-0.0061443252689684326,-0.00614336524076195,-0.00614336524076195,-0.0004730314885047902
7.16e-05,0.0,-0.0,0.015193345863195509,-0.025233837162719545,-0.005020245649762018,-0.005020245649762018,-0.00047301313468286023
7.1625e-05,0.0,-0.0,-0.006628297355958433,-0.00908922894566753,-0.007858763150812981,-0.007858763150812981,-0.00047299492759739697
7.165e-05,0.0,-0.0,-0.002425071652071208,0.006394164237395302,0.001984546292662047,0.001984546292662047,-0.00047297686568742464
7.1675e-05,0.0,-0.0,0.02102359338047614,-0.0010494394193504386,0.00998707698056285,0.00998707698056285,-0.0004729589474127172
7.17e-05,0.0,-0.0,0.012082474016417601,-0.017681331289995217,-0.002799428636788808,-0.002799428636788808,-0.00047294117125349256
7.1725e-05,0.0,-0.0,0.01227525463285902,0.003582427038343082,0.007928840835601051,0.007928840835601051,-0.00047292353571005714
7.175e-05,0.0,-0.0,-0.029085726722690098,0.016148859011885956,-0.006468433855402071,-0.006468433855402071,-0.00047290603930250265
7.1775e-05,-0.0,0.0,-0.007593973931026832,0.005772653363161201,-0.0009106602839328158,-0.0009106602839328158,-0.00047288868057035466
7.18e-05,-0.0,0.0,0.009624877370290611,0.0063438576126435345,0.007984367491467073,0.007984367491467073,-0.0004728714580722745
7.1825e-05,-0.0,0.0,-0.01955225866963292,0.009012318407135466,-0.005269970131248728,-0.005269970131248728,-0.00047285437038574116
7.185e-05,-0.0,0.0,-0.017661608229094607,0.023742060344604167,0.00304022605775478,0.00304022605775478,-0.00047283741610676833
7.1875e-05,-0.0,0.0,-0.020965985308393505,0.009167598870063411,-0.005899193219165047,-0.005899193219165047,-0.0004728205938496184
7.19e-05,-0.0,0.0,-0.015081249452556785,0.026584749786131994,0.0057517501667876045,0.0057517501667876045,-0.0004728039022465356
7.1925e-05,-0.0,0.0,-0.015480661273964726,-0.02438742980791721,-0.01993404554094097,-0.01993404554094097,-0.0004727873399474611
7.195e-05,-0.0,0.0,-0.0016786289587609154,0.017750671888625783,0.008036021464932434,0.008036021464932434,-0.00047277090561978247
7.1975e-05,-0.0,0.0,-0.013601085336501763,-0.0065031981868449865,-0.010052141761673374,-0.010052141761673374,-0.000472754597948046
7.2e-05,0.0,-0.0,-0.009973104611836188,0.02410634665708083,0.007066621022622322,0.007066621022622322,-0.00047273841563368833
7.2025e-05,0.0,-0.0,-0.008435938642943046,-0.01273890540095822,-0.010587422021950633,-0.010587422021950633,-0.0004727223573947778
7.205e-05,0.0,-0.0,-0.004666131212514871,-0.003331219011569256,-0.003998675112042063,-0.003998675112042063,-0.0004727064219657418
7.2075e-05,0.0,-0.0,-0.03417766355446589,0.0013356928312660507,-0.01642098536159992,-0.01642098536159992,-0.00047269060809711824
7.21e-05,0.0,-0.0,0.001901673738404579,-0.011592499431399157,-0.004845412846497289,-0.004845412846497289,-0.0004726749145553152
7.2125e-05,0.0,-0.0,-0.014976125943765383,-0.006841395011169659,-0.01090876047746752,-0.01090876047746752,-0.00047265934012235726
7.215e-05,0.0,-0.0,0.015394401197258229,0.030752339467778198,0.023073370332518214,0.023073370332518214,-0.00047264388359567435
7.2175e-05,0.0,-0.0,-0.027282782094130025,0.015560125967615444,-0.005861328063257291,-0.005861328063257291,-0.00047262854378785714
7.22e-05,0.0,-0.0,-0.02074291696732414,0.010221837117567719,-0.005260539924878211,-0.005260539924878211,-0.00047261331952644077
7.2225e-05,0.0,-0.0,0.0015145775484154281,0.015508468341014572,0.008511522944715,0.008511522944715,-0.0004725982096536765
7.225e-05,0.0,-0.0,9.301205022355498e-05,-0.01632885823577089,-0.008117923092773668,-0.008117923092773668,-0.0004725832130263139
7.2275e-05,-0.0,0.0,-0.009647712757841473,-0.011270686465578892,-0.010459199611710181,-0.010459199611710181,-0.00047256832851536317
7.23e-05,-0.0,0.0,-0.011341195726148777,-0.017670438813668237,-0.014505817269908506,-0.014505817269908506,-0.00047255355500589954
7.2325e-05,-0.0,0.0,-0.010901685317767253,0.010725778225504997,-8.795354613112816e-05,-8.795354613112816e-05,-0.0004725388913968205
7.235e-05,-0.0,0.0,0.02684277476834554,0.001510368574778139,0.01417657167156184,0.01417657167156184,-0.00047252433660066617
7.2375e-05,-0.0,0.0,-0.015270878734897955,-0.01261359883823839,-0.013942238786568173,-0.013942238786568173,-0.0004725098895433979
7.24e-05,-0.0,0.0,-0.007260329496483295,-0.018467448273678688,-0.012863888885080992,-0.012863888885080992,-0.00047249554916421624
7.2425e-05,-0.0,0.0,0.02221808364596125,0.015820903578957237,0.01901949361245924,0.01901949361245924,-0.0004724813144153711
7.245e-05,-0.0,0.0,0.009334323498771002,0.03740908909097717,0.023371706294874086,0.023371706294874086,-0.0004724671842619738
7.2475e-05,-0.0,0.0,0.029029005558088176,-0.003042729402823271,0.012993138077632452,0.012993138077632452,-0.0004724531576818132
7.25e-05,0.0,-0.0,-0.0017878659095900808,-0.014729808610416171,-0.008258837260003126,-0.008258837260003126,-0.000472439233665173
7.2525e-05,0.0,-0.0,-0.01118657022542849,-0.011503460236730077,-0.011345015231079284,-0.011345015231079284,-0.0004724254112146263
7.255e-05,0.0,-0.0,0.0004059081411227322,-0.0037466102046853672,-0.0016703510317813174,-0.0016703510317813174,-0.00047241168934486374
7.2575e-05,0.0,-0.0,-0.032801952537220944,-0.016974153132611094,-0.02488805283491602,-0.02488805283491602,-0.0004723980670824839
7.26e-05,0.0,-0.0,-0.011460722270106832,0.004070659046115121,-0.0036950316119958556,-0.0036950316119958556,-0.0004723845434658385
7.2625e-05,0.0,-0.0,-0.02063481481933262,0.008558967512673623,-0.006037923653329499,-0.006037923653329499,-0.00047237111754484557
7.265e-05,0.0,-0.0,-0.0004456935310373319,-0.00863584756639338,-0.0045407705487153565,-0.0045407705487153565,-0.0004723577883808485
7.2675e-05,0.0,-0.0,0.00672706500935631,0.0075216114992329485,0.00712433825429463,0.00712433825429463,-0.0004723445550464558
7.27e-05,0.0,-0.0,0.009068777901674643,0.007272208346686553,0.008170493124180597,0.008170493124180597,-0.0004723314166254076
7.2725e-05,0.0,-0.0,0.0036788050163239945,0.0029910584780079965,0.0033349317471659955,0.0033349317471659955,-0.00047231837221242034
7.275e-05,-0.0,0.0,0.03271403120776817,0.021005793541096173,0.026859912374432172,0.026859912374432172,-0.0004723054209130167
7.2775e-05,-0.0,0.0,-0.007180468023318951,-0.0007544528236061008,-0.003967460423462525,-0.003967460423462525,-0.00047229256184336434
7.28e-05,-0.0,0.0,0.0004931662782796861,-0.010259610912140622,-0.004883222316930468,-0.004883222316930468,-0.0004722797941300908
7.2825e-05,-0.0,0.0,-0.0056395765696105925,-0.004228860418138822,-0.004934218493874707,-0.004934218493874707,-0.0004722671169101246
7.285e-05,-0.0,0.0,-0.01010871084627466,-0.011481829739211894,-0.010795270292743277,-0.010795270292743277,-0.00047225452933052643
7.2875e-05,-0.0,0.0,-0.011803648125687375,0.0008229575536349641,-0.005490345286026206,-0.005490345286026206,-0.00047224203054836613
7.29e-05,-0.0,0.0,0.0037164486407225603,0.020972226610082346,0.012344337625402452,0.012344337625402452,-0.000472229619730601
7.2925e-05,-0.0,0.0,-0.008324579837957313,-0.03693249895307786,-0.022628539395517587,-0.022628539395517587,-0.0004722172960539698
7.295e-05,-0.0,0.0,-0.036965592221481165,0.005130902057086817,-0.015917345082197176,-0.015917345082197176,-0.00047220505870487306
7.2975e-05,-0.0,0.0,0.006284395066194076,0.002406563883386305,0.004345479474790191,0.004345479474790191,-0.0004721929068792528
7.3e-05,-0.0,0.0,0.01617969950974805,0.010829722310885217,0.013504710910316634,0.013504710910316634,-0.0004721808397824393
7.3025e-05,0.0,-0.0,-0.00797869141844651,0.006378818827733796,-0.0007999362953563568,-0.0007999362953563568,-0.0004721688566289953
7.305e-05,0.0,-0.0,0.022505170166917415,-0.02254475767250254,-1.9793752792561514e-05,-1.9793752792561514e-05,-0.0004721569566425556
7.3075e-05,0.0,-0.0,0.024975381624240612,0.01504169514723544,0.020008538385738024,0.020008538385738024,-0.0004721451390556681
7.31e-05,0.0,-0.0,-0.013248624952432553,-0.0034647652036739547,-0.008356695078053254,-0.008356695078053254,-0.0004721334031096795
7.3125e-05,0.0,-0.0,-0.02359192082349176,-0.007916325932188023,-0.015754123377839893,-0.015754123377839893,-0.00047212174805462306
7.315e-05,0.0,-0.0,0.012497392271323413,-0.0029653408633651917,0.00476602570397911,0.00476602570397911,-0.00047211017314912544
7.3175e-05,0.0,-0.0,-0.024942503387473974,-6.413324241003087e-05,-0.012503318314942002,-0.012503318314942002,-0.00047209867766033584
7.32e-05,0.0,-0.0,0.028776816187010803,0.004492157198519336,0.016634486692765068,0.016634486692765068,-0.00047208726086381546
7.3225e-05,0.0,-0.0,-0.002100714834528527,-0.0029966263895887697,-0.0025486706120586484,-0.0025486706120586484,-0.00047207592204343224
7.325e-05,-0.0,0.0,-0.007807606821247801,0.011670329570776851,0.0019313613747645253,0.0019313613747645253,-0.0004720646604912224
7.3275e-05,-0.0,0.0,0.010141946229104117,0.014984855647146106,0.012563400938125111,0.012563400938125111,-0.0004720534755072534
7.33e-05,-0.0,0.0,0.024486234044110485,-0.005559815803501613,0.009463209120304437,0.009463209120304437,-0.00047204236639947954
7.3325e-05,-0.0,0.0,0.029260542593781223,0.009937694212760733,0.019599118403270978,0.019599118403270978,-0.0004720313324836278
7.335e-05,-0.0,0.0,-0.007369139794149047,-0.009234520818465406,-0.008301830306307226,-0.008301830306307226,-0.00047202037308308696
7.3375e-05,-0.0,0.0,-0.019282953103500675,-0.011696223277282751,-0.015489588190391713,-0.015489588190391713,-0.00047200948752882944
7.34e-05,-0.0,0.0,0.0034875376209844286,-0.025979717097169744,-0.011246089738092657,-0.011246089738092657,-0.0004719986751593314
7.3425e-05,-0.0,0.0,-0.0017083418473176131,0.010144055590188357,0.0042178568714353725,0.0042178568714353725,-0.0004719879353205019
7.345e-05,-0.0,0.0,-0.00023426360155217552,0.006579037027070768,0.003172386712759296,0.003172386712759296,-0.0004719772673655825
7.3475e-05,-0.0,0.0,-0.04327196263884882,0.01364526877755008,-0.014813346930649368,-0.014813346930649368,-0.00047196667065504814
7.35e-05,-0.0,0.0,0.0003574403284651574,0.004562308737320667,0.0024598745328929124,0.0024598745328929124,-0.00047195614455650223
7.3525e-05,0.0,-0.0,-0.016287892162191866,0.0038262550094724976,-0.006230818576359684,-0.006230818576359684,-0.000471945688444552
7.355e-05,0.0,-0.0,-0.018790444102695373,-0.004839671049506621,-0.011815057576100997,-0.011815057576100997,-0.0004719353017006946
7.3575e-05,0.0,-0.0,-0.011525877117072073,0.014823029996523648,0.0016485764397257876,0.0016485764397257876,-0.00047192498371323715
7.36e-05,0.0,-0.0,-0.020437939804540856,0.003781310515439182,-0.008328314644550836,-0.008328314644550836,-0.00047191473387719635
7.3625e-05,0.0,-0.0,-0.028009704245069978,0.017372689211658646,-0.005318507516705666,-0.005318507516705666,-0.00047190455159423723
7.365e-05,0.0,-0.0,-0.006951917498086521,0.017584732756107526,0.005316407629010502,0.005316407629010502,-0.00047189443627258776
7.3675e-05,0.0,-0.0,-0.009354238807951108,-0.015963854841425963,-0.012659046824688536,-0.012659046824688536,-0.0004718843873269697
7.37e-05,0.0,-0.0,0.003378454630923289,0.01139483372861422,0.007386644179768754,0.007386644179768754,-0.0004718744041785103
7.3725e-05,0.0,-0.0,-0.011992590884013844,0.0028234971550019565,-0.0045845468645059435,-0.0045845468645059435,-0.0004718644862546588
7.375e-05,-0.0,0.0,0.00047630150570744477,0.002230177428300972,0.0013532394670042083,0.0013532394670042083,-0.00047185463298908293
7.3775e-05,-0.0,0.0,0.01067497746108241,0.0030068821246412364,0.006840929792861824,0.006840929792861824,-0.0004718448438215946
7.38e-05,-0.0,0.0,-0.005756139361834362,-0.007148537783978341,-0.006452338572906352,-0.006452338572906352,-0.00047183511819804547
7.3825e-05,-0.0,0.0,-0.011442149459089375,-0.0019228972538683038,-0.006682523356478839,-0.006682523356478839,-0.0004718254555702679
7.385e-05,-0.0,0.0,-0.010163220123389825,0.0029840371729817445,-0.0035895914752040402,-0.0035895914752040402,-0.0004718158553959884
7.3875e-05,-0.0,0.0,0.02059190297658549,-0.014779701864307498,0.002906100556138995,0.002906100556138995,-0.00047180631713878216
7.39e-05,-0.0,0.0,0.008057375356778066,-0.019193443473596944,-0.005568034058409439,-0.005568034058409439,-0.00047179684026797024
7.3925e-05,-0.0,0.0,-0.01059802760878517,-0.011490821863667613,-0.011044424736226391,-0.011044424736226391,-0.0004717874242585745
7.395e-05,-0.0,0.0,-0.023466121354745243,-0.021456479857775816,-0.02246130060626053,-0.02246130060626053,-0.000471778068591227
7.3975e-05,-0.0,0.0,0.01246331024336312,0.0041840965880981405,0.00832370341573063,0.00832370341573063,-0.0004717687727521032
7.4e-05,-0.0,0.0,0.000493054094846094,0.02655305605380959,0.013523055074327842,0.013523055074327842,-0.0004717595362328287
7.4025e-05,0.0,-0.0,0.001477659228463014,0.009720546347933458,0.005599102788198236,0.005599102788198236,-0.00047175035853042307
7.405e-05,0.0,-0.0,0.011285423288771333,0.002921919181674404,0.007103671235222868,0.007103671235222868,-0.00047174123914723264
7.4075e-05,0.0,-0.0,-0.00956933566459486,-0.0022961703823115424,-0.005932753023453201,-0.005932753023453201,-0.0004717321775908501
7.41e-05,0.0,-0.0,0.014547312525901338,0.005242589711354083,0.009894951118627711,0.009894951118627711,-0.0004717231733740615
7.4125e-05,0.0,-0.0,-0.004241031911350965,0.012620311169753259,0.004189639629201146,0.004189639629201146,-0.00047171422601480207
7.415e-05,0.0,-0.0,-0.0036997197071636178,0.0015147673591973884,-0.0010924761739831146,-0.0010924761739831146,-0.0004717053350360601
7.4175e-05,0.0,-0.0,-0.00814739780499564,-0.00929298433488578,-0.00872019106994071,-0.00872019106994071,-0.00047169649996584386
7.42e-05,0.0,-0.0,0.014207461054992498,0.015999125807180152,0.015103293431086325,0.015103293431086325,-0.0004716877203370908
7.4225e-05,0.0,-0.0,-0.0046239754073592685,0.023603596735557952,0.009489810664099343,0.009489810664099343,-0.00047167899568761185
7.425e-05,-0.0,0.0,0.009267894813419296,-0.004233795624835247,0.0025170495942920244,0.0025170495942920244,-0.0004716703255600278
7.4275e-05,-0.0,0.0,-0.005653796229875699,0.008389761082411119,0.0013679824262677097,0.0013679824262677097,-0.0004716617095016921
7.43e-05,-0.0,0.0,-0.019184554040566733,-0.009066744781156197,-0.014125649410861465,-0.014125649410861465,-0.00047165314706466746
7.4325e-05,-0.0,0.0,-0.009299612024050807,-0.013532472932669841,-0.011416042478360325,-0.011416042478360325,-0.0004716446378056382
7.435e-05,-0.0,0.0,-0.014443631166870896,0.03030108315642648,0.007928725994777792,0.007928725994777792,-0.00047163618128587774
7.4375e-05,-0.0,0.0,0.023276752989085575,-0.004540807405933657,0.00936797279157596,0.00936797279157596,-0.00047162777707118243
7.44e-05,-0.0,0.0,-0.000560956021603393,0.0009045555120426451,0.000171799745219626,0.000171799745219626,-0.00047161942473183125
7.4425e-05,-0.0,0.0,0.009806849543424883,0.020916540576528583,0.015361695059976734,0.015361695059976734,-0.0004716111238425056
7.445e-05,-0.0,0.0,-0.007843365294136914,0.0009646489229793468,-0.0034393581855787837,-0.0034393581855787837,-0.00047160287398225213
7.4475e-05,-0.0,0.0,-0.008730656440087253,-0.005035049448665858,-0.006882852944376555,-0.006882852944376555,-0.00047159467473441486
7.45e-05,-0.0,0.0,0.0036305578480608333,-0.006243362293739607,-0.0013064022228393868,-0.0013064022228393868,-0.0004715865256865756
7.4525e-05,0.0,-0.0,0.02382386210403451,0.00486177313037158,0.014342817617203046,0.014342817617203046,-0.00047157842643051753
7.455e-05,0.0,-0.0,-0.0007832025347489873,-0.004652402294019709,-0.002717802414384348,-0.002717802414384348,-0.0004715703765621525
7.4575e-05,0.0,-0.0,-0.012255581289316878,-0.006961120766147677,-0.009608351027732278,-0.009608351027732278,-0.00047156237568150676
7.46e-05,0.0,-0.0,-0.01821501800200432,-0.030802776844258677,-0.024508897423131497,-0.024508897423131497,-0.0004715544233926441
7.4625e-05,0.0,-0.0,-0.02308277352763472,-0.0070353563932522446,-0.015059064960443482,-0.015059064960443482,-0.0004715465193036387
7.465e-05,0.0,-0.0,0.010446429057241692,0.030920490112490994,0.020683459584866344,0.020683459584866344,-0.00047153866302652596
7.4675e-05,0.0,-0.0,-0.012085632482774637,-0.018443347867931077,-0.015264490175352856,-0.015264490175352856,-0.0004715308541772431
7.47e-05,0.0,-0.0,0.00371005912999142,0.030745245414511787,0.017227652272251603,0.017227652272251603,-0.0004715230923755838
7.4725e-05,0.0,-0.0,0.017459235052931815,-0.006689314278172318,0.005384960387379749,0.005384960387379749,-0.00047151537724514315
7.475e-05,-0.0,0.0,0.00763542019316391,0.004547610456199494,0.006091515324681702,0.006091515324681702,-0.0004715077084132683
7.4775e-05,-0.0,0.0,-0.007565011457848674,0.009166569590128515,0.0008007790661399205,0.0008007790661399205,-0.0004715000855110241
7.48e-05,-0.0,0.0,0.02418399485301749,-0.005128098845725714,0.009527948003645889,0.009527948003645889,-0.0004714925081731303
7.4825e-05,-0.0,0.0,0.01179250296858229,-0.005602702500926485,0.0030949002338279026,0.0030949002338279026,-0.0004714849760379439
7.485e-05,-0.0,0.0,0.00925744318285907,0.004765033308489189,0.00701123824567413,0.00701123824567413,-0.0004714774887474105
7.4875e-05,-0.0,0.0,-0.005480694685124213,-0.03722265490851865,-0.021351674796821433,-0.021351674796821433,-0.00047147004594703555
7.49e-05,-0.0,0.0,-0.0009645254653338866,-0.014553959431772134,-0.00775924244855301,-0.00775924244855301,-0.0004714626472858254
7.4925e-05,-0.0,0.0,-0.005368963650037609,-0.00013421590327982792,-0.0027515897766587183,-0.0027515897766587183,-0.00047145529241626445
7.495e-05,-0.0,0.0,-0.004985821900110958,-0.0007490763829351144,-0.002867449141523036,-0.002867449141523036,-0.0004714479809942464
7.4975e-05,-0.0,0.0,-0.021010276722627584,0.0017574672240113873,-0.009626404749308098,-0.009626404749308098,-0.00047144071267904
7.5e-05,-0.0,0.0,0.014099794169747286,-0.0010452925425080888,0.006527250813619599,0.006527250813619599,-0.00047143348713324514
7.5025e-05,0.0,-0.0,0.011786249128431835,0.011412871075958203,0.011599560102195018,0.011599560102195018,-0.00047142630402274464
7.505e-05,0.0,-0.0,-0.0286743327674988,0.016440445253448923,-0.006116943757024939,-0.006116943757024939,-0.0004714191630166829
7.5075e-05,0.0,-0.0,0.012586458799025148,0.014874809981029491,0.01373063439002732,0.01373063439002732,-0.0004714120637874259
7.51e-05,0.0,-0.0,-0.03266064450470152,0.008400974037242612,-0.012129835233729454,-0.012129835233729454,-0.0004714050060105304
7.5125e-05,0.0,-0.0,-0.013576544511223022,0.005932751745334676,-0.003821896382944173,-0.003821896382944173,-0.0004713979893647148
7.515e-05,0.0,-0.0,-0.012328465915795042,-0.010378196190744524,-0.011353331053269782,-0.011353331053269782,-0.00047139101353182376
7.5175e-05,0.0,-0.0,0.02087428917560055,0.012992473321889119,0.016933381248744835,0.016933381248744835,-0.0004713840781967731
7.52e-05,0.0,-0.0,-0.024069518808584458,0.015110046772914673,-0.004479736017834892,-0.004479736017834892,-0.0004713771830475206
7.5225e-05,0.0,-0.0,0.008877786362501238,-0.008499571764958235,0.00018910729877150145,0.00018910729877150145,-0.00047137032777501794
7.525e-05,-0.0,0.0,0.027644408337090812,0.014152956757636755,0.020898682547363785,0.020898682547363785,-0.00047136351207317627
7.5275e-05,-0.0,0.0,-0.0193313738091656,0.006555452674452376,-0.006387960567356613,-0.006387960567356613,-0.0004713567356388377
7.53e-05,-0.0,0.0,-0.006648737417029488,0.010029083885558144,0.0016901732342643277,0.0016901732342643277,-0.0004713499981717383
7.5325e-05,-0.0,0.0,-0.03575476091804134,-0.015253001380707105,-0.025503881149374224,-0.025503881149374224,-0.00047134329937449843
7.535e-05,-0.0,0.0,0.013524067070146138,-0.01619751712876078,-0.0013367250293073217,-0.0013367250293073217,-0.00047133663895257465
7.5375e-05,-0.0,0.0,-0.00031953183763631845,-0.007316973178423883,-0.003818252508030101,-0.003818252508030101,-0.00047133001661424243
7.54e-05,-0.0,0.0,0.03576163229208863,-0.023847665496394443,0.005956983397847095,0.005956983397847095,-0.0004713234320705512
7.5425e-05,-0.0,0.0,-0.015796143595609425,-0.028283056364113036,-0.02203959997986123,-0.02203959997986123,-0.0004713168850352854
7.545e-05,-0.0,0.0,0.004233915809909633,0.02610710112788016,0.015170508468894896,0.015170508468894896,-0.0004713103752249338
7.5475e-05,-0.0,0.0,-0.01091837086058189,0.004684407374435275,-0.0031169817430733078,-0.0031169817430733078,-0.0004713039023586538
7.55e-05,0.0,-0.0,0.0037129609764077207,-0.009429542535316873,-0.0028582907794545763,-0.0028582907794545763,-0.00047129746615823915
7.5525e-05,0.0,-0.0,0.0059512266751701685,-0.0006296459378280051,0.0026607903686710816,0.0026607903686710816,-0.0004712910663481039
7.555e-05,0.0,-0.0,-0.016696678392728533,-0.004722573495969338,-0.010709625944348936,-0.010709625944348936,-0.00047128470265525905
7.5575e-05,0.0,-0.0,-0.01241125881450243,-0.0002715154235039398,-0.006341387119003185,-0.006341387119003185,-0.00047127837480928023
7.56e-05,0.0,-0.0,0.00019893072598369297,-0.006401365425992375,-0.003101217350004341,-0.003101217350004341,-0.00047127208254228617
7.5625e-05,0.0,-0.0,-0.003661014540283116,0.0015439279093795374,-0.0010585433154517894,-0.0010585433154517894,-0.0004712658255889019
7.565e-05,0.0,-0.0,-0.0038176403871715936,-0.011639792825342898,-0.007728716606257246,-0.007728716606257246,-0.00047125960368622126
7.5675e-05,0.0,-0.0,-0.005499566182368218,-0.014821545482458568,-0.010160555832413393,-0.010160555832413393,-0.0004712534165737752
7.57e-05,0.0,-0.0,0.028821264115739938,-0.00856388679848448,0.010128688658627729,0.010128688658627729,-0.0004712472639935025
7.5725e-05,0.0,-0.0,0.011686342742539957,-0.010175911174187658,0.0007552157841761494,0.0007552157841761494,-0.00047124114568972803
7.575e-05,0.0,-0.0,0.00022940275897155522,0.015807650490967797,0.008018526624969676,0.008018526624969676,-0.00047123506140913534
7.5775e-05,-0.0,0.0,-0.0017765681580067757,0.002816607200731626,0.0005200195213624251,0.0005200195213624251,-0.00047122901090076053
7.58e-05,-0.0,0.0,-0.005351990251829553,-0.005864435393222438,-0.005608212822525996,-0.005608212822525996,-0.0004712229939159669
7.5825e-05,-0.0,0.0,-0.009863671921502982,-0.01866317435612681,-0.014263423138814896,-0.014263423138814896,-0.0004712170102084093
7.585e-05,-0.0,0.0,-0.00394151418391495,0.007167311921440196,0.0016128988687626228,0.0016128988687626228,-0.00047121105953401734
7.5875e-05,-0.0,0.0,0.020196388966605548,-0.00934316183634903,0.005426613565128259,0.005426613565128259,-0.00047120514165096053
7.59e-05,-0.0,0.0,-0.00651545946424284,-0.012257055449549786,-0.009386257456896313,-0.009386257456896313,-0.00047119925631959765
7.5925e-05,-0.0,0.0,-0.031496404243850154,0.003899421739363935,-0.01379849125224311,-0.01379849125224311,-0.00047119340330247634
7.595e-05,-0.0,0.0,0.01123902983345358,-0.0190208636582245,-0.003890916912385461,-0.003890916912385461,-0.0004711875823642935
7.5975e-05,-0.0,0.0,-0.000831974257663791,-0.0019011868473071888,-0.00136658055248549,-0.00136658055248549,-0.0004711817932718791
7.6e-05,0.0,-0.0,0.0030358845113748873,0.005333062098684339,0.004184473305029613,0.004184473305029613,-0.00047117603579419076
7.6025e-05,0.0,-0.0,0.004929642345820014,-0.004501116635690777,0.0002142628550646183,0.0002142628550646183,-0.0004711703097022962
7.605e-05,0.0,-0.0,-0.011891358677759182,-0.00929215894378942,-0.010591758810774302,-0.010591758810774302,-0.0004711646147693449
7.6075e-05,0.0,-0.0,-0.02432971026888875,-0.0022369316489374994,-0.013283320958913124,-0.013283320958913124,-0.00047115895077055035
7.61e-05,0.0,-0.0,0.017300437955501378,-0.008321082264346556,0.004489677845577411,0.004489677845577411,-0.000471153317483145
7.6125e-05,0.0,-0.0,-0.02997249553573606,0.004065083850332985,-0.012953705842701538,-0.012953705842701538,-0.00047114771468636564
7.615e-05,0.0,-0.0,0.0029221089121638805,-0.011949556733496486,-0.004513723910666303,-0.004513723910666303,-0.0004711421421614193
7.6175e-05,0.0,-0.0,-0.035762183194881655,-0.02722155873638559,-0.03149187096563362,-0.03149187096563362,-0.0004711365996914572
7.62e-05,0.0,-0.0,-0.005358655158282401,-0.01640334902265319,-0.010881002090467795,-0.010881002090467795,-0.00047113108706157454
7.6225e-05,0.0,-0.0,-0.017181859923286767,-0.010365508686584658,-0.013773684304935713,-0.013773684304935713,-0.00047112560405878484
7.625e-05,0.0,-0.0,-0.026673697474007146,-0.01143882738870953,-0.01905626243135834,-0.01905626243135834,-0.00047112015047201224
7.6275e-05,-0.0,0.0,-0.0011452102339110214,0.02719599061912168,0.013025390192605329,0.013025390192605329,-0.00047111472609207033
7.63e-05,-0.0,0.0,-0.002691322477901768,0.02170719881910166,0.009507938170599944,0.009507938170599944,-0.0004711093307116446
7.6325e-05,-0.0,0.0,0.018338405706921985,0.0014055302878468825,0.009871967997384434,0.009871967997384434,-0.0004711039641252622
7.635e-05,-0.0,0.0,-0.033249803033855614,0.005550018973653151,-0.013849892030101231,-0.013849892030101231,-0.0004710986261292697
7.6375e-05,-0.0,0.0,-0.010669394671699533,0.0023924621659172883,-0.0041384662528911225,-0.0041384662528911225,-0.0004710933165218009
7.64e-05,-0.0,0.0,-0.007092625195614455,0.016515850684218392,0.004711612744301969,0.004711612744301969,-0.0004710880351027673
7.6425e-05,-0.0,0.0,-0.007029911777231951,-0.0007320424808131365,-0.003880977129022544,-0.003880977129022544,-0.00047108278167383395
7.645e-05,-0.0,0.0,0.022227276928480075,-0.017299864785892707,0.002463706071293684,0.002463706071293684,-0.0004710775560384065
7.6475e-05,-0.0,0.0,0.012615328707147837,0.0006806291488093033,0.00664797892797857,0.00664797892797857,-0.00047107235800162304
7.65e-05,0.0,-0.0,0.0054632650575486405,-0.004442414448082826,0.0005104253047329074,0.0005104253047329074,-0.000471067187370336
7.6525e-05,0.0,-0.0,-0.007802937092028243,-0.007064229741758749,-0.007433583416893496,-0.007433583416893496,-0.00047106204395309036
7.655e-05,0.0,-0.0,0.009887591338556533,-0.00015918081246031265,0.00486420526304811,0.00486420526304811,-0.0004710569275601133
7.6575e-05,0.0,-0.0,0.00485298244392548,-0.0054837820218294805,-0.00031539978895200015,-0.00031539978895200015,-0.0004710518380032885
7.66e-05,0.0,-0.0,-0.021623299454206716,-0.026757990094565334,-0.024190644774386025,-0.024190644774386025,-0.00047104677509613455
7.6625e-05,0.0,-0.0,0.0041338809913655915,0.018627290788487218,0.011380585889926405,0.011380585889926405,-0.0004710417386537848
7.665e-05,0.0,-0.0,0.009155805263531712,0.018940285813686036,0.014048045538608875,0.014048045538608875,-0.0004710367284929714
7.6675e-05,0.0,-0.0,0.016281615268741848,0.02601140968580058,0.021146512477271215,0.021146512477271215,-0.0004710317444320091
7.67e-05,0.0,-0.0,0.010664594304446603,0.010413930326423198,0.010539262315434901,0.010539262315434901,-0.000471026786290776
7.6725e-05,0.0,-0.0,0.0018407864142725996,0.005594155934881248,0.0037174711745769236,0.0037174711745769236,-0.0004710218538907079
7.675e-05,0.0,-0.0,0.020366896809401097,0.007044542442626732,0.013705719626013914,0.013705719626013914,-0.0004710169470547827
7.6775e-05,-0.0,0.0,-0.0068067057333001625,0.008018384082355367,0.0006058391745276024,0.0006058391745276024,-0.000471012065607502
7.68e-05,-0.0,0.0,0.013559774747446764,-0.009275688691861383,0.0021420430277926906,0.0021420430277926906,-0.00047100720937488186
7.6825e-05,-0.0,0.0,-0.004217586907979576,0.008097710431746896,0.0019400617618836602,0.0019400617618836602,-0.00047100237818443314
7.685e-05,-0.0,0.0,-0.007856289433298554,-0.003771593301180769,-0.005813941367239662,-0.005813941367239662,-0.0004709975718651439
7.6875e-05,-0.0,0.0,-0.017393917048204914,-0.021106921756676802,-0.019250419402440856,-0.019250419402440856,-0.00047099279024745834
7.69e-05,-0.0,0.0,-0.0092932343542047,-0.006758900032825921,-0.00802606719351531,-0.00802606719351531,-0.0004709880331632619
7.6925e-05,-0.0,0.0,0.0027689123313551613,-0.007948952860296087,-0.0025900202644704626,-0.0025900202644704626,-0.0004709833004458608
7.695e-05,-0.0,0.0,-0.008391503230791979,0.005315635691304541,-0.0015379337697437189,-0.0015379337697437189,-0.000470978591929976
7.6975e-05,-0.0,0.0,-0.015550000727029716,-0.0023879246953061495,-0.008968962711167932,-0.008968962711167932,-0.0004709739074517298
7.7e-05,0.0,-0.0,-0.03250709727268885,-0.028336199079170434,-0.03042164817592964,-0.03042164817592964,-0.00047096924684863334
7.7025e-05,0.0,-0.0,0.028235358658344853,-0.027921860307669844,0.00015674917533750436,0.00015674917533750436,-0.0004709646099595808
7.705e-05,0.0,-0.0,0.011691918657709728,0.014117670234338636,0.012904794446024182,0.012904794446024182,-0.0004709599966248296
7.7075e-05,0.0,-0.0,-0.021372849694625273,-0.005630238525138426,-0.01350154410988185,-0.01350154410988185,-0.00047095540668598833
7.71e-05,0.0,-0.0,-0.014060593289552318,-0.01174128518014725,-0.012900939234849784,-0.012900939234849784,-0.00047095083998599865
7.7125e-05,0.0,-0.0,-0.004067329483340595,-0.0014938788639375564,-0.0027806041736390757,-0.0027806041736390757,-0.0004709462963691112
7.715e-05,0.0,-0.0,-0.0005079851766469561,-0.012733724569676641,-0.006620854873161799,-0.006620854873161799,-0.0004709417756808804
7.7175e-05,0.0,-0.0,-0.010124319068420823,-0.014366793063394464,-0.012245556065907643,-0.012245556065907643,-0.00047093727776814794
7.72e-05,0.0,-0.0,0.0030636208316915927,0.011333981070784071,0.0071988009512378315,0.0071988009512378315,-0.00047093280247902683
7.7225e-05,0.0,-0.0,0.002833827167560238,0.00530271958091432,0.004068273374237279,0.004068273374237279,-0.00047092834966290726
7.725e-05,0.0,-0.0,-0.0009103652599530616,0.019896318131204887,0.009492976435625912,0.009492976435625912,-0.00047092391917042705
7.7275e-05,-0.0,0.0,-0.02081040961402182,0.017448610502857297,-0.001680899555582262,-0.001680899555582262,-0.00047091951085348233
7.73e-05,-0.0,0.0,-0.009217471002016779,0.021706896342322212,0.006244712670152717,0.006244712670152717,-0.0004709151245651948
7.7325e-05,-0.0,0.0,0.013735162424210225,0.0032175407667392165,0.00847635159547472,0.00847635159547472,-0.00047091076015990643
7.735e-05,-0.0,0.0,0.010244408545953192,-0.021873506596679963,-0.0058145490253633855,-0.0058145490253633855,-0.0004709064174931598
7.7375e-05,-0.0,0.0,-0.003792670710605498,-0.0015412191144951477,-0.0026669449125503227,-0.0026669449125503227,-0.0004709020964216899
7.74e-05,-0.0,0.0,0.00292581437432095,0.00985382999555086,0.006389822184935905,0.006389822184935905,-0.00047089779680340046
7.7425e-05,-0.0,0.0,0.021510701138455567,0.009714307002443476,0.01561250407044952,0.01561250407044952,-0.0004708935184973723
7.745e-05,-0.0,0.0,-0.013845789661150437,-0.009849553282048092,-0.011847671471599264,-0.011847671471599264,-0.00047088926136384045
7.7475e-05,-0.0,0.0,0.0011494532273428684,0.02072212251774205,0.010935787872542459,0.010935787872542459,-0.0004708850252641869
7.75e-05,0.0,-0.0,-0.0008842338493298331,0.005957603090531067,0.002536684620600617,0.002536684620600617,-0.0004708808100609378
7.7525e-05,0.0,-0.0,0.0010085692081277789,0.013392885344415153,0.007200727276271466,0.007200727276271466,-0.00047087661561773854
7.755e-05,0.0,-0.0,0.0443020705769053,-0.0037474221557222184,0.02027732421059154,0.02027732421059154,-0.00047087244179935166
7.7575e-05,0.0,-0.0,-0.013530981202702992,-0.018849179591756915,-0.016190080397229953,-0.016190080397229953,-0.00047086828847164115
7.76e-05,0.0,-0.0,0.01021160729297456,0.02515675048330472,0.01768417888813964,0.01768417888813964,-0.00047086415550155395
7.7625e-05,0.0,-0.0,-0.03676499179468253,0.01666959964285271,-0.010047696075914912,-0.010047696075914912,-0.00047086004275711987
7.765e-05,0.0,-0.0,0.041410690531638546,-0.002428085741855367,0.01949130239489159,0.01949130239489159,-0.00047085595010744
7.7675e-05,0.0,-0.0,0.004205831426083386,0.030377535985250313,0.01729168370566685,0.01729168370566685,-0.00047085187742267547
7.77e-05,0.0,-0.0,0.02478983495262406,0.005396550144927773,0.015093192548775915,0.015093192548775915,-0.0004708478245740396
7.7725e-05,0.0,-0.0,0.0061438034913245745,-0.026519390078280376,-0.0101877932934779,-0.0101877932934779,-0.00047084379143379104
7.775e-05,-0.0,0.0,0.0021206419392805946,-0.00038598244180779596,0.0008673297487363993,0.0008673297487363993,-0.0004708397778752134
7.7775e-05,-0.0,0.0,-0.006024891324158973,-0.012179881161506468,-0.00910238624283272,-0.00910238624283272,-0.00047083578377260884
7.78e-05,-0.0,0.0,-0.007673898850336977,-0.018310391578724657,-0.012992145214530817,-0.012992145214530817,-0.00047083180900127846
7.7825e-05,-0.0,0.0,-0.017121991094238467,-0.0060482410724510445,-0.011585116083344756,-0.011585116083344756,-0.0004708278534375317
7.785e-05,-0.0,0.0,0.001545484792240466,-0.011109430025317233,-0.0047819726165383835,-0.0047819726165383835,-0.0004708239169586565
7.7875e-05,-0.0,0.0,-0.020275846475502242,0.012793014016001625,-0.003741416229750308,-0.003741416229750308,-0.000470819999442929
7.79e-05,-0.0,0.0,-0.015195629074723953,0.02243919012631094,0.0036217805257934927,0.0036217805257934927,-0.0004708161007696024
7.7925e-05,-0.0,0.0,-0.02588499277365572,0.0004701607628429874,-0.012707416005406365,-0.012707416005406365,-0.00047081222081889597
7.795e-05,-0.0,0.0,-0.023140717919134315,-0.008777977602742598,-0.015959347760938457,-0.015959347760938457,-0.00047080835947198145
7.7975e-05,-0.0,0.0,0.011529355254031383,0.010466041879364433,0.010997698566697908,0.010997698566697908,-0.00047080451661098046
7.8e-05,0.0,-0.0,-0.010385205620578649,-0.00699039670535273,-0.00868780116296569,-0.00868780116296569,-0.00047080069211894045
7.8025e-05,0.0,-0.0,0.0013947890985052949,-0.008195405628654215,-0.00340030826507446,-0.00340030826507446,-0.0004707968858798299
7.805e-05,0.0,-0.0,-0.00021663419851283182,-0.012339844573036106,-0.0062782393857744685,-0.0062782393857744685,-0.0004707930977785257
7.8075e-05,0.0,-0.0,-0.004482340856362833,-0.025611967511256682,-0.015047154183809757,-0.015047154183809757,-0.0004707893277008203
7.81e-05,0.0,-0.0,0.011376133264873432,-0.004365402202811306,0.003505365531031063,0.003505365531031063,-0.000470785575533399
7.8125e-05,0.0,-0.0,-0.010394267887524886,0.02187913698817225,0.005742434550323682,0.005742434550323682,-0.0004707818411638417
7.815e-05,0.0,-0.0,0.0157791552749091,0.006122517706515873,0.010950836490712487,0.010950836490712487,-0.0004707781244806219
7.8175e-05,0.0,-0.0,0.025592561327181094,-0.005330813389449549,0.010130873968865773,0.010130873968865773,-0.000470774425373094
7.82e-05,0.0,-0.0,-0.01641521791359885,0.020101145682825457,0.001842963884613304,0.001842963884613304,-0.0004707707437314756
7.8225e-05,0.0,-0.0,-0.008752964113529526,0.008504865076469362,-0.00012404951853008193,-0.00012404951853008193,-0.0004707670794468416
7.825e-05,-0.0,0.0,0.010425710783670133,-0.002407508130641214,0.00400910132651446,0.00400910132651446,-0.00047076343241112234
7.8275e-05,-0.0,0.0,0.02849610764921231,-0.016139566257365987,0.006178270695923161,0.006178270695923161,-0.00047075980251707293
7.83e-05,-0.0,0.0,-0.003342809006452818,0.025952916967284356,0.011305053980415768,0.011305053980415768,-0.0004707561896582852
7.8325e-05,-0.0,0.0,-0.02487498995360017,0.012211109068589665,-0.006331940442505253,-0.006331940442505253,-0.00047075259372917456
7.835e-05,-0.0,0.0,-0.01953086154617086,0.004395570574576915,-0.007567645485796972,-0.007567645485796972,-0.0004707490146249764
7.8375e-05,-0.0,0.0,0.013206028993752993,0.02066572666575956,0.016935877829756276,0.016935877829756276,-0.0004707454522417344
7.84e-05,-0.0,0.0,-0.019172239140793065,0.005132117062618044,-0.00702006103908751,-0.00702006103908751,-0.0004707419064763085
7.8425e-05,-0.0,0.0,-0.019618665193862017,0.009519572827049455,-0.005049546183406281,-0.005049546183406281,-0.0004707383772263473
7.845e-05,-0.0,0.0,-0.002935308313494433,0.014841202729873184,0.0059529472081893756,0.0059529472081893756,-0.0004707348643903077
7.8475e-05,-0.0,0.0,0.014982250702033798,-0.003404059165871239,0.005789095768081279,0.005789095768081279,-0.0004707313678674177
7.85e-05,-0.0,0.0,-0.007462328323652954,-0.015964088923346977,-0.011713208623499966,-0.011713208623499966,-0.00047072788755768435
7.8525e-05,0.0,-0.0,-0.0007351011391313299,-0.010751519464710386,-0.005743310301920858,-0.005743310301920858,-0.00047072442336187784
7.855e-05,0.0,-0.0,4.895442931473115e-06,0.008851880011997151,0.004428387727464312,0.004428387727464312,-0.00047072097518151724
7.8575e-05,0.0,-0.0,-0.0026349422422650357,-0.008832446168198109,-0.005733694205231572,-0.005733694205231572,-0.00047071754291888015
7.86e-05,0.0,-0.0,0.0075824591533632385,0.0028492121418535812,0.00521583564760841,0.00521583564760841,-0.00047071412647698205
7.8625e-05,0.0,-0.0,-0.033199998587582984,-0.009039206368362949,-0.021119602477972968,-0.021119602477972968,-0.0004707107257595742
7.865e-05,0.0,-0.0,-0.034103842472351674,0.01166004314210102,-0.011221899665125327,-0.011221899665125327,-0.00047070734067115806
7.8675e-05,0.0,-0.0,0.0025839568916609383,0.026645114133276686,0.014614535512468812,0.014614535512468812,-0.00047070397111695117
7.87e-05,0.0,-0.0,-0.005512314980810243,-0.017054556925561504,-0.011283435953185874,-0.011283435953185874,-0.00047070061700290634
7.8725e-05,0.0,-0.0,-0.02114946602543377,-9.28812836714448e-05,-0.010621173654552606,-0.010621173654552606,-0.00047069727823569025
7.875e-05,-0.0,0.0,0.013857143283206894,0.006718361194085967,0.01028775223864643,0.01028775223864643,-0.0004706939547226724
7.8775e-05,-0.0,0.0,0.011734247103438867,0.00600801033604815,0.008871128719743509,0.008871128719743509,-0.00047069064637192295
7.88e-05,-0.0,0.0,0.015399543234037997,-0.007679160707486544,0.0038601912632757265,0.0038601912632757265,-0.0004706873530921968
7.8825e-05,-0.0,0.0,0.020405487621977476,-0.009649045546995456,0.00537822103749101,0.00537822103749101,-0.0004706840747929325
7.885e-05,-0.0,0.0,0.019397443004866323,0.007485290403015282,0.013441366703940803,0.013441366703940803,-0.00047068081138424713
7.8875e-05,-0.0,0.0,-0.010178027072854746,-0.020765697343674158,-0.015471862208264452,-0.015471862208264452,-0.0004706775627769268
7.89e-05,-0.0,0.0,0.007885001272873622,-0.004359698517449308,0.0017626513777121572,0.0017626513777121572,-0.0004706743288824454
7.8925e-05,-0.0,0.0,0.02005448055432858,0.0066534385508544205,0.013353959552591499,0.013353959552591499,-0.0004706711096129309
7.895e-05,-0.0,0.0,0.00535830154933468,0.015259025251996098,0.010308663400665389,0.010308663400665389,-0.0004706679048811801
7.8975e-05,-0.0,0.0,0.004972549022461596,-0.006700682075555141,-0.0008640665265467725,-0.0008640665265467725,-0.00047066471460064676
7.9e-05,-0.0,0.0,0.010612193146660148,-0.009770987235058684,0.0004206029558007319,0.0004206029558007319,-0.0004706615386854211
7.9025e-05,0.0,-0.0,-0.011160723221221835,0.022341084501139745,0.005590180639958955,0.005590180639958955,-0.0004706583770502319
7.905e-05,0.0,-0.0,0.00792434311545854,-0.00028816865972131235,0.003818087227868614,0.003818087227868614,-0.00047065522961044074
7.9075e-05,0.0,-0.0,-0.013689530117172066,0.01277478760878258,-0.0004573712541947432,-0.0004573712541947432,-0.00047065209628202256
7.91e-05,0.0,-0.0,0.007335419037689496,0.010664062906824598,0.008999740972257047,0.008999740972257047,-0.0004706489769815822
7.9125e-05,0.0,-0.0,0.006278320577634156,-0.01894485297977297,-0.0063332662010694065,-0.0063332662010694065,-0.0004706458716263454
7.915e-05,0.0,-0.0,-0.014133857959022543,0.015720698425382068,0.0007934202331797624,0.0007934202331797624,-0.00047064278013414447
7.9175e-05,0.0,-0.0,-0.01772865058378294,-0.0009777299414783429,-0.009353190262630642,-0.009353190262630642,-0.0004706397024234326
7.92e-05,0.0,-0.0,0.008259898568464366,0.006205182862148622,0.007232540715306494,0.007232540715306494,-0.0004706366384132606
7.9225e-05,0.0,-0.0,0.01288444073981579,-0.00787820053865958,0.002503120100578105,0.002503120100578105,-0.00047063358802327876
7.925e-05,-0.0,0.0,0.0044949437795656225,0.004386545625264772,0.004440744702415197,0.004440744702415197,-0.0004706305511737233
7.9275e-05,-0.0,0.0,-0.017737875107382835,0.030022412676568928,0.006142268784593046,0.006142268784593046,-0.00047062752778540977
7.93e-05,-0.0,0.0,-0.03514282669406232,-0.042188446330376037,-0.03866563651221917,-0.03866563651221917,-0.00047062451777973114
7.9325e-05,-0.0,0.0,0.01241236057906151,0.01519600587308651,0.01380418322607401,0.01380418322607401,-0.00047062152107866
7.935e-05,-0.0,0.0,-0.012084435771336563,-0.010080982314921206,-0.011082709043128885,-0.011082709043128885,-0.00047061853760472816
7.9375e-05,-0.0,0.0,0.004874035459777969,0.018937169920109978,0.011905602689943973,0.011905602689943973,-0.000470615567281044
7.94e-05,-0.0,0.0,0.023432073305466556,0.013190851655333359,0.018311462480399956,0.018311462480399956,-0.00047061261003127693
7.9425e-05,-0.0,0.0,-0.007661475921019011,0.012510597858823207,0.002424560968902098,0.002424560968902098,-0.00047060966577965047
7.945e-05,-0.0,0.0,0.0034784116720014626,0.01177251838301858,0.007625465027510021,0.007625465027510021,-0.0004706067344509426
7.9475e-05,-0.0,0.0,-0.016379934754572046,0.012792050344188231,-0.0017939422051919075,-0.0017939422051919075,-0.00047060381597047055
7.95e-05,-0.0,0.0,-0.021045243958296052,0.00329902908337102,-0.008873107437462516,-0.008873107437462516,-0.0004706009102640917
7.9525e-05,0.0,-0.0,0.002196427236089742,0.01089822082314887,0.006547324029619306,0.006547324029619306,-0.00047059801725820097
7.955e-05,0.0,-0.0,-0.016442187237876982,0.009355860031622218,-0.0035431636031273825,-0.0035431636031273825,-0.0004705951368797179
7.9575e-05,0.0,-0.0,-0.01546351744698211,0.0022736493956068355,-0.006594934025687638,-0.006594934025687638,-0.00047059226905609537
7.96e-05,0.0,-0.0,-0.0028840687752193133,0.009864597202276967,0.003490264213528827,0.003490264213528827,-0.00047058941371531054
7.9625e-05,0.0,-0.0,-0.014160218837451957,0.00928595943446946,-0.0024371297014912485,-0.0024371297014912485,-0.0004705865707858559
7.965e-05,0.0,-0.0,0.02790568393399322,0.024491308193263728,0.026198496063628472,0.026198496063628472,-0.0004705837401967429
7.9675e-05,0.0,-0.0,-0.008846495614928477,-0.005726138865097238,-0.007286317240012857,-0.007286317240012857,-0.0004705809218774848
7.97e-05,0.0,-0.0,-0.02853686456483647,-0.02580679023797215,-0.027171827401404308,-0.027171827401404308,-0.0004705781157581035
7.9725e-05,0.0,-0.0,-0.005224735582764514,-0.007621947554432081,-0.006423341568598298,-0.006423341568598298,-0.00047057532176911785
7.975e-05,-0.0,0.0,-0.004998205902492001,-0.006999825072819455,-0.005999015487655728,-0.005999015487655728,-0.000470572539841536
7.9775e-05,-0.0,0.0,-0.0018717997720750544,0.006199085168459669,0.0021636426981923073,0.0021636426981923073,-0.00047056976990686157
7.98e-05,-0.0,0.0,-0.015561272097227968,0.02836579232724384,0.006402260115007936,0.006402260115007936,-0.00047056701189708306
7.9825e-05,-0.0,0.0,-0.004231964290228183,0.009841967194938343,0.00280500145235508,0.00280500145235508,-0.00047056426574467694
7.985e-05,-0.0,0.0,0.010875106706963816,-0.011986947253267561,-0.0005559202731518723,-0.0005559202731518723,-0.00047056153138260197
7.9875e-05,-0.0,0.0,-0.012255731201289593,0.012635416507620607,0.00018984265316550689,0.00018984265316550689,-0.00047055880874429245
7.99e-05,-0.0,0.0,-0.001666666034855994,0.0027009759625094003,0.0005171549638267032,0.0005171549638267032,-0.00047055609776366117
7.9925e-05,-0.0,0.0,-0.020945990297173925,-0.0013291488800467926,-0.011137569588610358,-0.011137569588610358,-0.00047055339837508137
7.995e-05,-0.0,0.0,-0.01585145301088219,-0.03099197810216171,-0.02342171555652195,-0.02342171555652195,-0.0004705507105133874
7.9975e-05,-0.0,0.0,0.0033582408775634483,0.00815513675607229,0.00575668881681787,0.00575668881681787,-0.0004705480341138757
8e-05,0.0,-0.0,-0.008310059836371078,-0.002613791682968117,-0.0054619257596695975,-0.0054619257596695975,-0.00047054536911228924
8.0025e-05,0.0,-0.0,-0.014695670027580992,-0.01192951195103566,-0.013312590989308325,-0.013312590989308325,-0.0004705427154448182
8.005e-05,0.0,-0.0,-0.016959357442462075,-0.01990421013704312,-0.018431783789752597,-0.018431783789752597,-0.00047054007304810064
8.0075e-05,0.0,-0.0,0.004758898398340855,6.16635274497417e-05,0.0024102809628952985,0.0024102809628952985,-0.0004705374418592179
8.01e-05,0.0,-0.0,0.012094385777504381,0.015119236992429947,0.013606811384967164,0.013606811384967164,-0.0004705348218156978
8.0125e-05,0.0,-0.0,-0.005824488086055775,-0.003302336491755885,-0.00456341228890583,-0.00456341228890583,-0.00047053221285550553
8.015e-05,0.0,-0.0,-0.016957410504858408,-0.023782423702688314,-0.02036991710377336,-0.02036991710377336,-0.00047052961491704336
8.0175e-05,0.0,-0.0,0.0015418355071445044,0.021819259987065628,0.011680547747105067,0.011680547747105067,-0.0004705270279391536
8.02e-05,0.0,-0.0,-0.0017442501244908813,-0.0059768286394497475,-0.0038605393819703144,-0.0038605393819703144,-0.0004705244518611018
8.0225e-05,0.0,-0.0,0.011403610817878539,0.010877639480511793,0.011140625149195166,0.011140625149195166,-0.0004705218866225793
8.025e-05,-0.0,0.0,0.016727082051296558,-0.0024904183243329046,0.007118331863481826,0.007118331863481826,-0.0004705193321636889
8.0275e-05,-0.0,0.0,0.01816258517374534,0.0005451407473086561,0.009353862960526997,0.009353862960526997,-0.0004705167884249416
8.03e-05,-0.0,0.0,0.027168590198693367,0.012391812766896973,0.01978020148279517,0.01978020148279517,-0.00047051425534724926
8.0325e-05,-0.0,0.0,0.001559833177923924,0.0071244751393978335,0.004342154158660879,0.004342154158660879,-0.00047051173287192174
8.035e-05,-0.0,0.0,-0.00942942625408145,-0.019130441376847156,-0.014279933815464302,-0.014279933815464302,-0.00047050922094066824
8.0375e-05,-0.0,0.0,-0.0015467306961031934,-0.005157550304758168,-0.0033521405004306804,-0.0033521405004306804,-0.0004705067194956096
8.04e-05,-0.0,0.0,-0.010820152022627018,-0.0018554253906392065,-0.006337788706633112,-0.006337788706633112,-0.0004705042284792727
8.0425e-05,-0.0,0.0,0.02050848707900706,-0.016002067495102718,0.0022532097919521713,0.0022532097919521713,-0.00047050174783459895
8.045e-05,-0.0,0.0,0.019170943225994334,-0.0017764487017740192,0.008697247262110156,0.008697247262110156,-0.00047049927750493774
8.0475e-05,-0.0,0.0,0.012134092554687599,0.003722326143318741,0.00792820934900317,0.00792820934900317,-0.00047049681743403066
8.05e-05,0.0,-0.0,-0.007559233849609942,-0.0304632937831352,-0.01901126381637257,-0.01901126381637257,-0.00047049436756600255
8.0525e-05,0.0,-0.0,0.002649317475415506,0.00330981638308215,0.002979566929248828,0.002979566929248828,-0.00047049192784534626
8.055e-05,0.0,-0.0,0.012834585558395319,0.010463147704189203,0.01164886663129226,0.01164886663129226,-0.00047048949821690245
8.0575e-05,0.0,-0.0,-0.013185629323806068,0.01871520978487382,0.0027647902305338755,0.0027647902305338755,-0.00047048707862587015
8.06e-05,0.0,-0.0,-0.01185167937991969,-0.03314175956168018,-0.022496719470799936,-0.022496719470799936,-0.0004704846690178102
8.0625e-05,0.0,-0.0,0.01367343612191963,0.009564462193675615,0.011618949157797622,0.011618949157797622,-0.0004704822693386646
8.065e-05,0.0,-0.0,-0.004987668192095755,-0.007720481048737191,-0.006354074620416473,-0.006354074620416473,-0.00047047987953475573
8.0675e-05,0.0,-0.0,0.020280714780113496,-0.02076008687956659,-0.0002396860497265469,-0.0002396860497265469,-0.00047047749955280316
8.07e-05,0.0,-0.0,-0.0045292479515978475,0.014438856783066356,0.0049548044157342545,0.0049548044157342545,-0.0004704751293399097
8.0725e-05,0.0,-0.0,-0.007393214487704775,-0.011935076266249227,-0.009664145376977,-0.009664145376977,-0.0004704727688435416
8.075e-05,-0.0,0.0,0.009608291564843706,0.0060322833942710345,0.00782028747955737,0.00782028747955737,-0.00047047041801152076
8.0775e-05,-0.0,0.0,-0.00885918962817444,0.006227283401608326,-0.001315953113283057,-0.001315953113283057,-0.00047046807679199175
8.08e-05,-0.0,0.0,0.021538904526705115,0.0019013896695337313,0.011720147098119423,0.011720147098119423,-0.00047046574513342153
8.0825e-05,-0.0,0.0,0.00948672761083934,-0.030596210416447597,-0.01055474140280413,-0.01055474140280413,-0.0004704634229846004
8.085e-05,-0.0,0.0,-0.019647660911360297,-0.0029967613282090152,-0.011322211119784657,-0.011322211119784657,-0.00047046111029465235
8.0875e-05,-0.0,0.0,0.007860499269358317,-0.009784417006968305,-0.0009619588688049938,-0.0009619588688049938,-0.000470458807013054
8.09e-05,-0.0,0.0,-0.014888549625587902,-0.0006150974050801686,-0.0077518235153340356,-0.0077518235153340356,-0.00047045651308964164
8.0925e-05,-0.0,0.0,-0.004339595740863793,-0.054188968622621556,-0.029264282181742676,-0.029264282181742676,-0.00047045422847461014
8.095e-05,-0.0,0.0,0.008291775518744316,0.013825363371669735,0.011058569445207025,0.011058569445207025,-0.00047045195311851113
8.0975e-05,-0.0,0.0,-0.0004035729380527022,-0.029448833717606707,-0.014926203327829705,-0.014926203327829705,-0.00047044968697222813
8.1e-05,0.0,-0.0,-0.01363003602982565,-0.0034937035568999237,-0.008561869793362787,-0.008561869793362787,-0.00047044742998696685
8.1025e-05,0.0,-0.0,-0.02179339050076127,-0.0028337563990484815,-0.012313573449904875,-0.012313573449904875,-0.00047044518211424214
8.105e-05,0.0,-0.0,0.006183325149150149,-0.0012646085569447375,0.0024593582961027058,0.0024593582961027058,-0.00047044294330586046
8.1075e-05,0.0,-0.0,-0.005044185877034479,0.005364015743613559,0.00015991493328953998,0.00015991493328953998,-0.0004704407135139397
8.11e-05,0.0,-0.0,-0.028141153580030324,-0.011885204843758936,-0.02001317921189463,-0.02001317921189463,-0.0004704384926909086
8.1125e-05,0.0,-0.0,-0.012497347078079347,-0.0012940294323675419,-0.0068956882552234445,-0.0068956882552234445,-0.0004704362807895199
8.115e-05,0.0,-0.0,0.01731241952858105,0.029849632772753775,0.023581026150667414,0.023581026150667414,-0.00047043407776284677
8.1175e-05,0.0,-0.0,0.006637384369071358,-0.006226961748723644,0.00020521131017385693,0.00020521131017385693,-0.0004704318835642981
8.12e-05,0.0,-0.0,-0.007723774178181592,-0.010110815547083943,-0.008917294862632767,-0.008917294862632767,-0.0004704296981475906
8.1225e-05,0.0,-0.0,-0.000960071624089026,0.012169087584369537,0.005604507980140255,0.005604507980140255,-0.00047042752146675556
8.125e-05,0.0,-0.0,-0.025082285214714315,-0.020349821808449766,-0.02271605351158204,-0.02271605351158204,-0.0004704253534761158
8.1275e-05,-0.0,0.0,0.005332964714352915,0.004942656076162614,0.0051378103952577645,0.0051378103952577645,-0.00047042319413028783
8.13e-05,-0.0,0.0,-0.02623604653842401,-0.0009249838647414266,-0.013580515201582717,-0.013580515201582717,-0.0004704210433841722
8.1325e-05,-0.0,0.0,0.019535238095433234,-0.010037320857225597,0.004748958619103819,0.004748958619103819,-0.00047041890119296585
8.135e-05,-0.0,0.0,0.004995779777953886,-0.013086017968178269,-0.004045119095112191,-0.004045119095112191,-0.0004704167675121493
8.1375e-05,-0.0,0.0,0.01869933711663954,-0.0075954243778354955,0.005551956369402023,0.005551956369402023,-0.0004704146422975069
8.14e-05,-0.0,0.0,0.004576410245262671,0.008497853852844467,0.006537132049053569,0.006537132049053569,-0.00047041252550510587
8.1425e-05,-0.0,0.0,-0.01346492696197968,0.032245502770003716,0.009390287904012019,0.009390287904012019,-0.00047041041709130923
8.145e-05,-0.0,0.0,0.009289254255310438,0.0027901120677427263,0.006039683161526583,0.006039683161526583,-0.0004704083170127609
8.1475e-05,-0.0,0.0,0.011487674492967505,-0.003797623049647663,0.0038450257216599212,0.0038450257216599212,-0.0004704062252263895
8.15e-05,0.0,-0.0,0.00298340007511418,-0.01123060212064043,-0.004123601022763125,-0.004123601022763125,-0.0004704041416894004
8.1525e-05,0.0,-0.0,-0.006018167043178696,-0.009925028597648954,-0.007971597820413824,-0.007971597820413824,-0.000470402066359288
8.155e-05,0.0,-0.0,-0.01065750887009536,0.004899331460590884,-0.002879088704752238,-0.002879088704752238,-0.0004703999991938114
8.1575e-05,0.0,-0.0,-0.00413932429317479,-0.020045162453151813,-0.012092243373163301,-0.012092243373163301,-0.000470397940151015
8.16e-05,0.0,-0.0,-0.0012956962317366488,0.01738406176644782,0.008044182767355586,0.008044182767355586,-0.0004703958891892108
8.1625e-05,0.0,-0.0,0.0009078523648413345,0.01574967932441135,0.008328765844626343,0.008328765844626343,-0.0004703938462669724
8.165e-05,0.0,-0.0,-0.012381655172909616,0.0020004886176047242,-0.005190583277652446,-0.005190583277652446,-0.00047039181134313435
8.1675e-05,0.0,-0.0,0.00980025009281589,-0.02310212781389231,-0.0066509388605382105,-0.0066509388605382105,-0.0004703897843767836
8.17e-05,0.0,-0.0,0.00902056394322456,-0.011045022647758829,-0.0010122293522671346,-0.0010122293522671346,-0.00047038776532726517
8.1725e-05,0.0,-0.0,-0.013197874137880554,-0.019303789577644583,-0.01625083185776257,-0.01625083185776257,-0.0004703857541541944
8.175e-05,0.0,-0.0,-0.021081339396822437,0.009570941173640912,-0.005755199111590763,-0.005755199111590763,-0.0004703837508174456
8.1775e-05,-0.0,0.0,0.0016743001474441056,0.02106757333924972,0.011370936743346913,0.011370936743346913,-0.00047038175527717025
8.18e-05,-0.0,0.0,-0.005246994761720983,0.006764880846528848,0.0007589430424039326,0.0007589430424039326,-0.00047037976749378976
8.1825e-05,-0.0,0.0,-0.005035043011436307,-0.01832057100863932,-0.011677807010037813,-0.011677807010037813,-0.0004703777874279819
8.185e-05,-0.0,0.0,-0.015690205628685987,0.029516916199105975,0.006913355285209994,0.006913355285209994,-0.0004703758150406697
8.1875e-05,-0.0,0.0,0.01865492835472444,-0.006073486139937168,0.006290721107393635,0.006290721107393635,-0.00047037385029300696
8.19e-05,-0.0,0.0,0.00822621042296006,-0.01247641846358077,-0.002125104020310355,-0.002125104020310355,-0.0004703718931463783
8.1925e-05,-0.0,0.0,0.01028650321144888,0.028762566837451226,0.019524535024450052,0.019524535024450052,-0.00047036994356240366
8.195e-05,-0.0,0.0,0.011937690515877692,-0.009516605966120846,0.0012105422748784232,0.0012105422748784232,-0.0004703680015029228
8.1975e-05,-0.0,0.0,5.5717480193626665e-05,0.006730209341589001,0.0033929634108913137,0.0033929634108913137,-0.000470366066930044
8.2e-05,0.0,-0.0,0.004414320258421713,-0.0163083812832877,-0.005947030512432993,-0.005947030512432993,-0.00047036413980612536
8.2025e-05,0.0,-0.0,0.0038461991546755074,-0.024376763828004213,-0.010265282336664353,-0.010265282336664353,-0.00047036222009378423
8.205e-05,0.0,-0.0,0.014621846291984496,-0.00031176694159081324,0.007155039675196841,0.007155039675196841,-0.00047036030775588324
8.2075e-05,0.0,-0.0,0.02063551045676769,0.012981405916079429,0.01680845818642356,0.01680845818642356,-0.00047035840275554304
8.21e-05,0.0,-0.0,0.01659561193169185,-0.011331602616135994,0.002632004657777927,0.002632004657777927,-0.0004703565050560957
8.2125e-05,0.0,-0.0,0.009941877009844622,0.014072551515386887,0.012007214262615754,0.012007214262615754,-0.00047035461462107157
8.215e-05,0.0,-0.0,-9.632469913241175e-05,-0.017680153845144788,-0.008888239272138599,-0.008888239272138599,-0.0004703527314142351
8.2175e-05,0.0,-0.0,-6.637979440265936e-05,0.01660744300953561,0.008270531607566476,0.008270531607566476,-0.0004703508553995459
8.22e-05,0.0,-0.0,0.0006350644701887285,0.012369154165979819,0.006502109318084273,0.006502109318084273,-0.00047034898654119465
8.2225e-05,0.0,-0.0,-0.0029899342443422535,0.01700780372691959,0.007008934741288667,0.007008934741288667,-0.000470347124803595
8.225e-05,0.0,-0.0,-0.024961396501867787,0.0038501043215154827,-0.010555646090176153,-0.010555646090176153,-0.00047034527015140607
8.2275e-05,-0.0,0.0,0.015012098727792467,-0.01976540898301096,-0.002376655127609246,-0.002376655127609246,-0.00047034342254952875
8.23e-05,-0.0,0.0,-0.019477164230634367,-0.013172572705427755,-0.01632486846803106,-0.01632486846803106,-0.0004703415819630807
8.2325e-05,-0.0,0.0,0.008619006721780642,-0.003910521062221826,0.0023542428297794083,0.0023542428297794083,-0.0004703397483574248
8.235e-05,-0.0,0.0,0.03468460903626523,-0.030880381773908012,0.0019021136311786098,0.0019021136311786098,-0.0004703379216981037
8.2375e-05,-0.0,0.0,-0.020872121729109402,0.012300301472319135,-0.0042859101283951335,-0.0042859101283951335,-0.0004703361019508818
8.24e-05,-0.0,0.0,-0.020193286286259254,-0.0015468479027377824,-0.010870067094498517,-0.010870067094498517,-0.0004703342890817135
8.2425e-05,-0.0,0.0,-0.00469348658279616,-0.01759197080394061,-0.011142728693368385,-0.011142728693368385,-0.00047033248305675915
8.245e-05,-0.0,0.0,-0.037561884669490946,0.0014786066276756859,-0.01804163902090763,-0.01804163902090763,-0.0004703306838423817
8.2475e-05,-0.0,0.0,0.01836093032769386,0.021660484752177255,0.020010707539935557,0.020010707539935557,-0.00047032889140515856
8.25e-05,0.0,-0.0,-0.00786031239737576,-0.001158121743740577,-0.004509217070558169,-0.004509217070558169,-0.0004703271057118793
8.2525e-05,0.0,-0.0,0.012321956308467306,-0.022717506222082382,-0.005197774956807538,-0.005197774956807538,-0.00047032532672954973
8.255e-05,0.0,-0.0,-0.007762244134282643,0.009505733707501476,0.0008717447866094167,0.0008717447866094167,-0.0004703235544253763
8.2575e-05,0.0,-0.0,0.0037676403810180926,0.0023913724718557716,0.003079506426436932,0.003079506426436932,-0.00047032178876678176
8.26e-05,0.0,-0.0,-0.00934750779353772,0.005243157767952033,-0.0020521750127928434,-0.0020521750127928434,-0.00047032002972138316
8.2625e-05,0.0,-0.0,-0.0121985019144948,0.007749038907859814,-0.002224731503317493,-0.002224731503317493,-0.00047031827725699645
8.265e-05,0.0,-0.0,-0.0056153808286878455,-0.012065614243147768,-0.008840497535917806,-0.008840497535917806,-0.00047031653134162383
8.2675e-05,0.0,-0.0,0.011717076268392143,0.016585690242739086,0.014151383255565614,0.014151383255565614,-0.00047031479194346745
8.27e-05,0.0,-0.0,-0.014512985903035118,-0.01653276833407424,-0.015522877118554679,-0.015522877118554679,-0.0004703130590309112
8.2725e-05,0.0,-0.0,-0.003719869441831591,0.013111435541284825,0.004695783049726617,0.004695783049726617,-0.0004703113325725354
8.275e-05,-0.0,0.0,-0.007371807000703931,-0.01346853844868025,-0.01042017272469209,-0.01042017272469209,-0.00047030961253710635
8.2775e-05,-0.0,0.0,0.00900466200468951,-0.012672890364407215,-0.001834114179858853,-0.001834114179858853,-0.00047030789889358684
8.28e-05,-0.0,0.0,-0.013637974480473315,0.01868534493910947,0.002523685229318078,0.002523685229318078,-0.0004703061916111249
8.2825e-05,-0.0,0.0,0.006807971696243354,0.00532130984936645,0.006064640772804902,0.006064640772804902,-0.00047030449065906985
8.285e-05,-0.0,0.0,0.005409431366459356,-0.0014595616116350333,0.0019749348774121614,0.0019749348774121614,-0.0004703027960069599
8.2875e-05,-0.0,0.0,-0.007919731326586021,-0.003912993851660234,-0.0059163625891231275,-0.0059163625891231275,-0.0004703011076245214
8.29e-05,-0.0,0.0,-0.01491038955187578,-0.013316295571437169,-0.014113342561656476,-0.014113342561656476,-0.00047029942548166214
8.2925e-05,-0.0,0.0,0.024846877265901287,-0.0067268148050564506,0.009060031230422419,0.009060031230422419,-0.0004702977495484621
8.295e-05,-0.0,0.0,0.027408778585539965,0.00046235901477853383,0.01393556880015925,0.01393556880015925,-0.00047029607979518347
8.2975e-05,-0.0,0.0,-0.007644893928826505,0.0037356712574534113,-0.001954611335686547,-0.001954611335686547,-0.00047029441619225276
8.3e-05,0.0,-0.0,0.0021485447724128894,-0.0224265034510317,-0.010138979339309405,-0.010138979339309405,-0.0004702927587102761
8.3025e-05,0.0,-0.0,0.011023533370752956,-0.014072255930786684,-0.001524361280016864,-0.001524361280016864,-0.0004702911073200359
8.305e-05,0.0,-0.0,-0.001722138665725596,-0.024325614126894195,-0.013023876396309895,-0.013023876396309895,-0.0004702894619924991
8.3075e-05,0.0,-0.0,-0.02941595041468481,0.02584501240344066,-0.0017854690056220753,-0.0017854690056220753,-0.00047028782269881674
8.31e-05,0.0,-0.0,-0.004364508814684932,-0.00993655168135594,-0.007150530248020436,-0.007150530248020436,-0.0004702861894103166
8.3125e-05,0.0,-0.0,-0.006941476524269964,0.022989348969332208,0.008023936222531123,0.008023936222531123,-0.0004702845620985079
8.315e-05,0.0,-0.0,-0.00412541119820407,-0.0019181559366681482,-0.003021783567436109,-0.003021783567436109,-0.00047028294073505944
8.3175e-05,0.0,-0.0,0.006289418864783836,0.00945808133049592,0.007873750097639878,0.007873750097639878,-0.00047028132529180035
8.32e-05,0.0,-0.0,0.027407095003277555,-0.01634990453415503,0.005528595234561262,0.005528595234561262,-0.00047027971574071744
8.3225e-05,0.0,-0.0,0.013226015125814117,-0.024928464514832143,-0.005851224694509013,-0.005851224694509013,-0.000470278112053958
8.325e-05,-0.0,0.0,0.018569723195667173,0.017998822391131066,0.01828427279339912,0.01828427279339912,-0.0004702765142038316
8.3275e-05,-0.0,0.0,0.026301835182414388,9.154022127393779e-05,0.013196687701844163,0.013196687701844163,-0.0004702749221628176
8.33e-05,-0.0,0.0,0.007302208441946334,0.006598697488040014,0.006950452964993174,0.006950452964993174,-0.00047027333590357774
8.3325e-05,-0.0,0.0,-0.014725230769141862,0.010979199142810984,-0.001873015813165439,-0.001873015813165439,-0.00047027175539894237
8.335e-05,-0.0,0.0,-0.006245317196096131,0.012901039220168836,0.0033278610120363525,0.0033278610120363525,-0.0004702701806219223
8.3375e-05,-0.0,0.0,-0.005278159343213624,0.007851655621196585,0.00128674813899148,0.00128674813899148,-0.00047026861154567996
8.34e-05,-0.0,0.0,0.010231176880755716,0.002927648715635836,0.006579412798195777,0.006579412798195777,-0.0004702670481435313
8.3425e-05,-0.0,0.0,-0.012521298696922355,0.005729083549582785,-0.003396107573669785,-0.003396107573669785,-0.0004702654903889288
8.345e-05,-0.0,0.0,-0.0021229295886799238,-0.012632869856133114,-0.0073778997224065185,-0.0073778997224065185,-0.000470263938255466
8.3475e-05,-0.0,0.0,-0.000574044054331767,-0.017263388440536473,-0.00891871624743412,-0.00891871624743412,-0.00047026239171687936
8.35e-05,-0.0,0.0,0.010373647892845896,0.02406157292704752,0.017217610409946706,0.017217610409946706,-0.00047026085074705864
8.3525e-05,0.0,-0.0,-0.009576931681878157,-0.02365711193738893,-0.016617021809633543,-0.016617021809633543,-0.00047025931532006465
8.355e-05,0.0,-0.0,0.03070661724857235,0.007215705883016866,0.018961161565794606,0.018961161565794606,-0.00047025778541013056
8.3575e-05,0.0,-0.0,0.008502782086259767,0.0008534663964036814,0.004678124241331724,0.004678124241331724,-0.00047025626099166275
8.36e-05,0.0,-0.0,-0.010456447893187426,-0.019955014506843817,-0.015205731200015622,-0.015205731200015622,-0.0004702547420392334
8.3625e-05,0.0,-0.0,0.028002360071232916,-0.03791810808990736,-0.004957874009337221,-0.004957874009337221,-0.0004702532285275581
8.365e-05,0.0,-0.0,-0.016344628787999502,0.008445371649233792,-0.003949628569382855,-0.003949628569382855,-0.0004702517204314893
8.3675e-05,0.0,-0.0,0.009002231994608876,-0.007749222125256545,0.0006265049346761654,0.0006265049346761654,-0.00047025021772599063
8.37e-05,0.0,-0.0,-0.02136044871990775,0.005534669872514215,-0.007912889423696766,-0.007912889423696766,-0.0004702487203861504
8.3725e-05,0.0,-0.0,0.004164441237397958,0.008549895681783931,0.006357168459590945,0.006357168459590945,-0.00047024722838718213
8.375e-05,0.0,-0.0,-0.0007832085713178185,0.017188083918080774,0.008202437673381477,0.008202437673381477,-0.00047024574170445517
8.3775e-05,-0.0,0.0,0.003923008597827802,0.007187262344908372,0.005555135471368087,0.005555135471368087,-0.0004702442603134944
8.38e-05,-0.0,0.0,-0.009402535953610514,0.014949125062724828,0.002773294554557157,0.002773294554557157,-0.0004702427841900053
8.3825e-05,-0.0,0.0,0.008581395911999263,0.012822006510652193,0.010701701211325729,0.010701701211325729,-0.00047024131330985396
8.385e-05,-0.0,0.0,0.002171837447906781,0.013774729063451658,0.00797328325567922,0.00797328325567922,-0.0004702398476490695
8.3875e-05,-0.0,0.0,-0.014327265623175713,0.0032187876128710793,-0.005554239005152317,-0.005554239005152317,-0.0004702383871838086
8.39e-05,-0.0,0.0,-0.0019822470000043176,-0.00042880671619382804,-0.0012055268580990729,-0.0012055268580990729,-0.0004702369318903423
8.3925e-05,-0.0,0.0,0.0033570509417772706,0.0134967551455019,0.008426903043639584,0.008426903043639584,-0.00047023548174505037
8.395e-05,-0.0,0.0,-0.018919748646366783,-0.007254413198290704,-0.013087080922328744,-0.013087080922328744,-0.0004702340367244203
8.3975e-05,-0.0,0.0,-0.003406124791283582,0.0006922445893291418,-0.0013569401009772201,-0.0013569401009772201,-0.0004702325968050611
8.4e-05,-0.0,0.0,-0.03185132753834361,-0.022277921315562856,-0.027064624426953232,-0.027064624426953232,-0.00047023116196372205
8.4025e-05,0.0,-0.0,0.010316544781648205,0.029798782643122215,0.02005766371238521,0.02005766371238521,-0.00047022973217730984
8.405e-05,0.0,-0.0,-0.03009113063547428,-0.016496850437732198,-0.02329399053660324,-0.02329399053660324,-0.00047022830742289297
8.4075e-05,0.0,-0.0,-0.03934311734054986,0.012888122285721924,-0.01322749752741397,-0.01322749752741397,-0.0004702268876776981
8.41e-05,0.0,-0.0,-0.01219436982466325,-0.013353331412362382,-0.012773850618512815,-0.012773850618512815,-0.000470225472919088
8.4125e-05,0.0,-0.0,-0.003964004706781344,0.024934014803288836,0.010485005048253747,0.010485005048253747,-0.0004702240631245519
8.415e-05,0.0,-0.0,-0.0042726978548547016,0.021893375738824546,0.008810338941984922,0.008810338941984922,-0.0004702226582716877
8.4175e-05,0.0,-0.0,-0.0032872282837739684,-0.01773938844964907,-0.01051330836671152,-0.01051330836671152,-0.0004702212583381894
8.42e-05,0.0,-0.0,0.016318730022480736,-0.007906091183905676,0.00420631941928753,0.00420631941928753,-0.0004702198633018623
8.4225e-05,0.0,-0.0,-0.025561382307421533,0.02664593885587637,0.0005422782742274188,0.0005422782742274188,-0.0004702184731406273
8.425e-05,-0.0,0.0,0.003638514393202305,-0.009804031883976258,-0.0030827587453869766,-0.0030827587453869766,-0.00047021708783254163
8.4275e-05,-0.0,0.0,-0.011673382957949547,0.01740512868183719,0.002865872861943821,0.002865872861943821,-0.00047021570735580377
8.43e-05,-0.0,0.0,-0.02527244048216053,-0.006285527824984562,-0.015778984153572546,-0.015778984153572546,-0.000470214331688757
8.4325e-05,-0.0,0.0,0.02109248980188034,0.027106645383401105,0.024099567592640724,0.024099567592640724,-0.00047021296080988696
8.435e-05,-0.0,0.0,-0.009294039615928854,-0.03695852429573829,-0.02312628195583357,-0.02312628195583357,-0.00047021159469780375
8.4375e-05,-0.0,0.0,0.034515085663187756,0.012288231395498464,0.02340165852934311,0.02340165852934311,-0.00047021023333122455
8.44e-05,-0.0,0.0,0.01670689593430003,0.004495380699198898,0.010601138316749463,0.010601138316749463,-0.0004702088766889782
8.4425e-05,-0.0,0.0,-0.009562904920071249,-0.005647023303568646,-0.007604964111819948,-0.007604964111819948,-0.0004702075247499931
8.445e-05,-0.0,0.0,-0.021092836004362677,-0.0003996368531060246,-0.010746236428734351,-0.010746236428734351,-0.00047020617749329776
8.4475e-05,-0.0,0.0,0.028071612875064947,-0.026844163110219577,0.0006137248824226848,0.0006137248824226848,-0.0004702048348980498
8.45e-05,-0.0,0.0,-0.026570710010708636,0.00010742103359294181,-0.013231644488557848,-0.013231644488557848,-0.0004702034969435209
8.4525e-05,0.0,-0.0,-0.007053601827969132,0.01116163204894331,0.0020540151104870893,0.0020540151104870893,-0.00047020216360912464
8.455e-05,0.0,-0.0,-0.0025028350338137696,-0.0032077951260557416,-0.0028553150799347556,-0.0028553150799347556,-0.0004702008348744047
8.4575e-05,0.0,-0.0,-0.039533427046109446,0.0110020727640694,-0.014265677141020023,-0.014265677141020023,-0.00047019951071902195
8.46e-05,0.0,-0.0,0.011866476802087859,0.0021984138815419538,0.007032445341814906,0.007032445341814906,-0.00047019819112275343
8.4625e-05,0.0,-0.0,0.011982988661872678,0.000454130683191578,0.006218559672532128,0.006218559672532128,-0.000470196876065476
8.465e-05,0.0,-0.0,0.02306413240142618,0.003482977761155422,0.013273555081290802,0.013273555081290802,-0.00047019556552716353
8.4675e-05,0.0,-0.0,-0.009361755738014607,0.026721037328469276,0.008679640795227334,0.008679640795227334,-0.0004701942594878865
8.47e-05,0.0,-0.0,0.005921638278825321,0.025048472613547767,0.015485055446186544,0.015485055446186544,-0.00047019295792781696
8.4725e-05,0.0,-0.0,-0.00921333253164102,-0.012341748317842184,-0.010777540424741602,-0.010777540424741602,-0.00047019166082724564
8.475e-05,-0.0,0.0,-0.007944103837801695,0.0008755324373200197,-0.003534285700240838,-0.003534285700240838,-0.00047019036816658933
8.4775e-05,-0.0,0.0,0.008938143568174822,-0.016464216781681116,-0.003763036606753147,-0.003763036606753147,-0.0004701890799263875
8.48e-05,-0.0,0.0,0.012353989090450447,0.0035093942061213837,0.007931691648285916,0.007931691648285916,-0.0004701877960873062
8.4825e-05,-0.0,0.0,-0.01210960400013705,-0.028406609654445948,-0.020258106827291497,-0.020258106827291497,-0.0004701865166301287
8.485e-05,-0.0,0.0,-0.0014127675699500968,-0.0015740162187428703,-0.0014933918943464835,-0.0014933918943464835,-0.0004701852415357277
8.4875e-05,-0.0,0.0,-0.022562765357213712,0.019558177165399326,-0.0015022940959071931,-0.0015022940959071931,-0.0004701839707850727
8.49e-05,-0.0,0.0,-0.00030026561418339747,-0.006084547582141392,-0.003192406598162395,-0.003192406598162395,-0.00047018270435920706
8.4925e-05,-0.0,0.0,0.00976034216947422,-0.004501626552828274,0.0026293578083229725,0.0026293578083229725,-0.0004701814422392662
8.495e-05,-0.0,0.0,-0.03112577355958186,1.043283616504844e-06,-0.015562365137982677,-0.015562365137982677,-0.00047018018440648233
8.4975e-05,-0.0,0.0,0.014759326754178194,-0.019360575486226595,-0.0023006243660242008,-0.0023006243660242008,-0.00047017893084220423
8.5e-05,0.0,-0.0,-0.009363615448039314,0.01600217599823749,0.0033192802750990876,0.0033192802750990876,-0.00047017768152789804
8.5025e-05,0.0,-0.0,0.013244661532382653,0.003028338995818982,0.008136500264100817,0.008136500264100817,-0.0004701764364451672
8.505e-05,0.0,-0.0,-0.0009646467257386072,0.008909454235801997,0.0039724037550316945,0.0039724037550316945,-0.00047017519557572714
8.5075e-05,0.0,-0.0,-0.0019454507903088956,-0.017789785318296385,-0.00986761805430264,-0.00986761805430264,-0.00047017395890140684
8.51e-05,0.0,-0.0,0.01921345534070704,0.023719918068568366,0.0214666867046377,0.0214666867046377,-0.0004701727264041177
8.5125e-05,0.0,-0.0,-0.011810681409638627,0.009646147017217575,-0.0010822671962105257,-0.0010822671962105257,-0.000470171498065847
8.515e-05,0.0,-0.0,-0.010409148100637734,0.004075735190766523,-0.0031667064549356057,-0.0031667064549356057,-0.0004701702738686516
8.5175e-05,0.0,-0.0,0.0019766968914610005,0.0045661969134930145,0.0032714469024770075,0.0032714469024770075,-0.00047016905379466506
8.52e-05,0.0,-0.0,-0.014274788500672405,-0.005954229871208611,-0.010114509185940507,-0.010114509185940507,-0.00047016783782611313
8.5225e-05,0.0,-0.0,-0.030851963482238516,-0.012199132054131204,-0.021525547768184862,-0.021525547768184862,-0.0004701666259453333
8.525e-05,-0.0,0.0,-0.0012936863801825045,0.013639694609698152,0.006173004114757824,0.006173004114757824,-0.0004701654181347819
8.5275e-05,-0.0,0.0,0.011443148609037461,0.012689784101310869,0.012066466355174166,0.012066466355174166,-0.0004701642143770433
8.53e-05,-0.0,0.0,-0.03049903634055725,-0.009819681492033272,-0.02015935891629526,-0.02015935891629526,-0.0004701630146548128
8.5325e-05,-0.0,0.0,-0.01631130086012344,-0.027597654148759986,-0.02195447750444171,-0.02195447750444171,-0.00047016181895089356
8.535e-05,-0.0,0.0,-0.017849499361727493,0.0031308553427569453,-0.007359322009485273,-0.007359322009485273,-0.0004701606272481594
8.5375e-05,-0.0,0.0,-0.01289084816045344,-0.009225467631638382,-0.01105815789604591,-0.01105815789604591,-0.00047015943952955104
8.54e-05,-0.0,0.0,-0.003407417850348226,-0.0010901813805410782,-0.002248799615444652,-0.002248799615444652,-0.0004701582557780787
8.5425e-05,-0.0,0.0,-0.01710116213477094,-0.015761487344907163,-0.016431324739839052,-0.016431324739839052,-0.00047015707597682066
8.545e-05,-0.0,0.0,0.007329873485292683,0.015907155472062985,0.011618514478677833,0.011618514478677833,-0.00047015590010894673
8.5475e-05,-0.0,0.0,-0.006127647230034931,-0.006999551688075012,-0.006563599459054971,-0.006563599459054971,-0.0004701547281577287
8.55e-05,0.0,-0.0,-0.0256600811377511,0.01464679264609355,-0.005506644245828775,-0.005506644245828775,-0.0004701535601065565
8.5525e-05,0.0,-0.0,-0.002519615931379556,-0.01156414882020208,-0.007041882375790818,-0.007041882375790818,-0.00047015239593892655
8.555e-05,0.0,-0.0,-0.009388698499717957,-0.009239018172869314,-0.009313858336293637,-0.009313858336293637,-0.00047015123563844797
8.5575e-05,0.0,-0.0,0.001367108749098439,-0.01756675670837394,-0.00809982397963775,-0.00809982397963775,-0.00047015007918881253
8.56e-05,0.0,-0.0,-0.021034715706719123,0.0023650140439195836,-0.00933485083139977,-0.00933485083139977,-0.0004701489265737959
8.5625e-05,0.0,-0.0,0.0092618137065908,0.012233498359440868,0.010747656033015834,0.010747656033015834,-0.000470147777777226
8.565e-05,0.0,-0.0,0.01241577909473777,-0.010018266308624804,0.0011987563930564828,0.0011987563930564828,-0.00047014663278300867
8.5675e-05,0.0,-0.0,-0.0022457913655055035,-0.001769193006219001,-0.0020074921858622523,-0.0020074921858622523,-0.00047014549157511464
8.57e-05,0.0,-0.0,0.00474781959133809,0.002329918033135696,0.003538868812236893,0.003538868812236893,-0.00047014435413760957
8.5725e-05,0.0,-0.0,-0.008653978185674127,0.010573060785141159,0.0009595412997335162,0.0009595412997335162,-0.00047014322045465135
8.575e-05,-0.0,0.0,0.013872568659856093,-0.02497028479358637,-0.005548858066865138,-0.005548858066865138,-0.00047014209051050344
8.5775e-05,-0.0,0.0,0.0027634608481449515,-0.015105698045426025,-0.006171118598640536,-0.006171118598640536,-0.0004701409642895282
8.58e-05,-0.0,0.0,0.0022684527285532865,0.004631180098480736,0.003449816413517011,0.003449816413517011,-0.00047013984177617107
8.5825e-05,-0.0,0.0,0.0013972553560533587,-0.015867926402165673,-0.007235335523056157,-0.007235335523056157,-0.00047013872295497116
8.585e-05,-0.0,0.0,-0.00021537784061662746,-0.0013763355663514271,-0.0007958567034840273,-0.0007958567034840273,-0.00047013760781052416
8.5875e-05,-0.0,0.0,-0.008244057266569463,0.02239625169158393,0.007076097212507234,0.007076097212507234,-0.00047013649632749485
8.59e-05,-0.0,0.0,-0.00899198812566383,-0.006609226910148497,-0.0078006075179061635,-0.0078006075179061635,-0.0004701353884906242
8.5925e-05,-0.0,0.0,-0.015840720472127427,-2.65946544328894e-05,-0.007933657563280159,-0.007933657563280159,-0.0004701342842847351
8.595e-05,-0.0,0.0,0.023313454982617318,0.004762700521135087,0.014038077751876203,0.014038077751876203,-0.00047013318369472465
8.5975e-05,-0.0,0.0,0.007300939045496021,-0.002783085314304396,0.0022589268655958126,0.0022589268655958126,-0.0004701320867055923
8.6e-05,0.0,-0.0,0.006705162341444691,-0.03652250373529259,-0.014908670696923948,-0.014908670696923948,-0.00047013099330241534
8.6025e-05,0.0,-0.0,-0.0031240527541591956,0.02245960697082364,0.009667777108332222,0.009667777108332222,-0.0004701299034703691
8.605e-05,0.0,-0.0,0.0017376361010079133,-0.019279978376459964,-0.008771171137726025,-0.008771171137726025,-0.0004701288171946868
8.6075e-05,0.0,-0.0,0.002749943499690839,-0.017183794532852743,-0.007216925516580952,-0.007216925516580952,-0.00047012773446069146
8.61e-05,0.0,-0.0,-0.031199896586954393,-0.002648300422777543,-0.016924098504865967,-0.016924098504865967,-0.00047012665525376695
8.6125e-05,0.0,-0.0,-0.025548535612972295,0.016701098507361813,-0.004423718552805241,-0.004423718552805241,-0.00047012557955935515
8.615e-05,0.0,-0.0,0.010160436544333209,-0.012836874010131916,-0.0013382187328993536,-0.0013382187328993536,-0.0004701245073629892
8.6175e-05,0.0,-0.0,-0.013227333751172961,0.022062065836128884,0.004417366042477961,0.004417366042477961,-0.0004701234386502815
8.62e-05,0.0,-0.0,-0.003552424732057636,-0.0012838148247739936,-0.0024181197784158147,-0.0024181197784158147,-0.0004701223734069169
8.6225e-05,0.0,-0.0,-0.004166045338599948,-0.0031222726145864704,-0.003644158976593209,-0.003644158976593209,-0.00047012131161867194
8.625e-05,0.0,-0.0,0.009370851428881534,-0.004376282869616328,0.002497284279632603,0.002497284279632603,-0.00047012025327139304
8.6275e-05,-0.0,0.0,0.012368834972062315,-0.0013288794980174461,0.005519977737022434,0.005519977737022434,-0.0004701191983510019
8.63e-05,-0.0,0.0,-0.026595882045786452,-0.028158525387535424,-0.027377203716660938,-0.027377203716660938,-0.00047011814684349055
8.6325e-05,-0.0,0.0,0.015628681124554705,0.013337952037764576,0.01448331658115964,0.01448331658115964,-0.0004701170987349016
8.635e-05,-0.0,0.0,-0.0001722235093969915,0.01634173196292147,0.008084754226762239,0.008084754226762239,-0.0004701160540113707
8.6375e-05,-0.0,0.0,-0.0011569131105424884,-0.008244963869719605,-0.004700938490131047,-0.004700938490131047,-0.0004701150126590912
8.64e-05,-0.0,0.0,-0.005454027141230817,-0.006125447064814484,-0.005789737103022651,-0.005789737103022651,-0.00047011397466432384
8.6425e-05,-0.0,0.0,0.010486803190869939,-0.01471091092407055,-0.0021120538666003054,-0.0021120538666003054,-0.000470112940013431
8.645e-05,-0.0,0.0,-0.009426503812301432,0.011399043973249876,0.000986270080474222,0.000986270080474222,-0.0004701119086928381
8.6475e-05,-0.0,0.0,0.00791365802240397,-0.009825397830462755,-0.0009558699040293928,-0.0009558699040293928,-0.0004701108806890418
8.65e-05,-0.0,0.0,-0.0020965001591346823,-0.024034366398423514,-0.013065433278779098,-0.013065433278779098,-0.0004701098559886014
8.6525e-05,0.0,-0.0,0.004360053682980061,-0.037783102924465094,-0.016711524620742515,-0.016711524620742515,-0.00047010883457814624
8.655e-05,0.0,-0.0,0.004304525909947229,-0.022233307133426257,-0.008964390611739514,-0.008964390611739514,-0.0004701078164443563
8.6575e-05,0.0,-0.0,0.014039455357655434,0.009933342518464734,0.011986398938060083,0.011986398938060083,-0.0004701068015739883
8.66e-05,0.0,-0.0,-0.004416017603710967,0.004977991108139494,0.00028098675221426353,0.00028098675221426353,-0.0004701057899538552
8.6625e-05,0.0,-0.0,0.040302116929543025,-0.0019384172699222042,0.01918184982981041,0.01918184982981041,-0.0004701047815708739
8.665e-05,0.0,-0.0,-0.001969727754196799,-0.006941615368867173,-0.004455671561531985,-0.004455671561531985,-0.0004701037764120145
8.6675e-05,0.0,-0.0,-0.02096749193778067,0.0018623364792932481,-0.009552577729243712,-0.009552577729243712,-0.0004701027744643298
8.67e-05,0.0,-0.0,-0.02311651788157392,-0.005157513404161882,-0.0141370156428679,-0.0141370156428679,-0.00047010177571493153
8.6725e-05,0.0,-0.0,0.0006642158134897072,-0.0007898325200037042,-6.28083532569985e-05,-6.28083532569985e-05,-0.0004701007801509936
8.675e-05,0.0,-0.0,0.00021594493893270652,-0.001400309202366586,-0.0005921821317169397,-0.0005921821317169397,-0.00047009978775973497
8.6775e-05,-0.0,0.0,0.0069186743528571095,0.013337777452195634,0.01012822590252637,0.01012822590252637,-0.00047009879852844493
8.68e-05,-0.0,0.0,-0.004592950968652225,-0.010019511513648896,-0.007306231241150561,-0.007306231241150561,-0.0004700978124444587
8.6825e-05,-0.0,0.0,-0.009739121389042323,0.016015117171220145,0.003137997891088911,0.003137997891088911,-0.0004700968294952017
8.685e-05,-0.0,0.0,0.018290296795097902,-0.005828349884050589,0.006230973455523656,0.006230973455523656,-0.0004700958496681676
8.6875e-05,-0.0,0.0,-0.012554948572604956,-0.01117983564903246,-0.01186739211081871,-0.01186739211081871,-0.00047009487295092184
8.69e-05,-0.0,0.0,-0.013716610741183547,-0.009146375255852709,-0.011431492998518127,-0.011431492998518127,-0.000470093899331108
8.6925e-05,-0.0,0.0,-0.0030210278069162516,-0.0024342763202196316,-0.0027276520635679414,-0.0027276520635679414,-0.00047009292879641963
8.695e-05,-0.0,0.0,-0.011243432805035862,-0.0013464305611767533,-0.006294931683106308,-0.006294931683106308,-0.00047009196133460736
8.6975e-05,-0.0,0.0,-0.00010758067752924714,0.0023226181463756467,0.0011075187344231998,0.0011075187344231998,-0.0004700909969334728
8.7e-05,-0.0,0.0,0.0034473209023049,0.007467993767343473,0.005457657334824186,0.005457657334824186,-0.00047009003558085754
8.7025e-05,0.0,-0.0,0.019857260796501863,-0.005212089238529576,0.007322585778986143,0.007322585778986143,-0.000470089077264679
8.705e-05,0.0,-0.0,0.017330328873202367,-0.007770408239907816,0.004779960316647276,0.004779960316647276,-0.00047008812197291133
8.7075e-05,0.0,-0.0,0.010929886485122123,-0.0006538810834431847,0.005138002700839469,0.005138002700839469,-0.00047008716969360547
8.71e-05,0.0,-0.0,0.010967951736821548,0.019031747606215045,0.014999849671518297,0.014999849671518297,-0.0004700862204148881
8.7125e-05,0.0,-0.0,0.01135775859593748,0.004794728768338661,0.00807624368213807,0.00807624368213807,-0.0004700852741249446
8.715e-05,0.0,-0.0,0.01877285700469023,0.007105048074728418,0.012938952539709324,0.012938952539709324,-0.00047008433081202687
8.7175e-05,0.0,-0.0,0.020078341824904658,-0.0164460671140153,0.0018161373554446796,0.0018161373554446796,-0.0004700833904644299
8.72e-05,0.0,-0.0,-0.015134509155628155,0.011637808872057058,-0.0017483501417855487,-0.0017483501417855487,-0.0004700824530705025
8.7225e-05,0.0,-0.0,-0.0024553967537160656,0.017267154217806054,0.007405878732044994,0.007405878732044994,-0.00047008151861863893
8.725e-05,-0.0,0.0,0.0074046256250412034,0.014494570713776262,0.010949598169408733,0.010949598169408733,-0.00047008058709728946
8.7275e-05,-0.0,0.0,-0.01555547330803216,-0.009191666733330836,-0.012373570020681499,-0.012373570020681499,-0.0004700796584949686
8.73e-05,-0.0,0.0,-0.0032802344800381498,-0.02202416121827477,-0.012652197849156461,-0.012652197849156461,-0.000470078732800247
8.7325e-05,-0.0,0.0,0.03809155811692385,0.005696823519854634,0.021894190818389243,0.021894190818389243,-0.0004700778100017707
8.735e-05,-0.0,0.0,0.022603786367235566,0.03164890105279144,0.027126343710013504,0.027126343710013504,-0.0004700768900882384
8.7375e-05,-0.0,0.0,-0.007674590871558907,-0.011566009639587801,-0.009620300255573354,-0.009620300255573354,-0.0004700759730484188
8.74e-05,-0.0,0.0,0.021390006138345147,-0.012996795625901284,0.004196605256221932,0.004196605256221932,-0.00047007505887112393
8.7425e-05,-0.0,0.0,-0.00649683065880355,-0.022330986883222485,-0.014413908771013017,-0.014413908771013017,-0.0004700741475452253
8.745e-05,-0.0,0.0,-0.02153896896382854,-0.007884174422399916,-0.014711571693114229,-0.014711571693114229,-0.0004700732390596398
8.7475e-05,-0.0,0.0,-0.004658221540810811,-0.023643932740127466,-0.014151077140469138,-0.014151077140469138,-0.00047007233340333915
8.75e-05,-0.0,0.0,-0.017997576060320455,-0.017005594201799326,-0.017501585131059892,-0.017501585131059892,-0.00047007143056534447
8.7525e-05,0.0,-0.0,0.008478003306112978,0.004108838229879041,0.00629342076799601,0.00629342076799601,-0.00047007053053473323
8.755e-05,0.0,-0.0,-0.01758491705264519,0.01539092129459314,-0.0010969978790260244,-0.0010969978790260244,-0.0004700696333006344
8.7575e-05,0.0,-0.0,0.01262463127020249,-0.01828373324429395,-0.00282955098704573,-0.00282955098704573,-0.00047006873885224135
8.76e-05,0.0,-0.0,-0.0055291952001010666,-0.008415647058614018,-0.006972421129357542,-0.006972421129357542,-0.00047006784717879273
8.7625e-05,0.0,-0.0,0.03629580048242598,0.005934299923545726,0.02111505020298585,0.02111505020298585,-0.00047006695826959
8.765e-05,0.0,-0.0,0.014892261994384986,0.007408793012581374,0.011150527503483179,0.011150527503483179,-0.00047006607211399066
8.7675e-05,0.0,-0.0,-0.008799193591762927,0.009808905344284111,0.0005048558762605921,0.0005048558762605921,-0.00047006518870141076
8.77e-05,0.0,-0.0,0.014548832496136003,0.01615304734654914,0.015350939921342573,0.015350939921342573,-0.00047006430802131057
8.7725e-05,0.0,-0.0,-0.030285532576228204,-0.023856572694541313,-0.027071052635384757,-0.027071052635384757,-0.00047006343006320787
8.775e-05,-0.0,0.0,-0.011540165230718269,0.00860046733435976,-0.0014698489481792549,-0.0014698489481792549,-0.00047006255481665896
8.7775e-05,-0.0,0.0,-0.005379282182744385,-0.0017707227562159724,-0.0035750024694801786,-0.0035750024694801786,-0.0004700616822712751
8.78e-05,-0.0,0.0,-0.004442672297869778,0.004052028478143302,-0.00019532190986323817,-0.00019532190986323817,-0.00047006081241669816
8.7825e-05,-0.0,0.0,-0.005350804991367425,-0.014475154482535375,-0.0099129797369514,-0.0099129797369514,-0.0004700599452426331
8.785e-05,-0.0,0.0,-0.01281038731637057,0.0011749039562885502,-0.00581774168004101,-0.00581774168004101,-0.0004700590807388272
8.7875e-05,-0.0,0.0,-0.013195659393685914,-0.030594441817991605,-0.02189505060583876,-0.02189505060583876,-0.0004700582188950892
8.79e-05,-0.0,0.0,0.012469563198038724,0.019651105314523274,0.016060334256281,0.016060334256281,-0.0004700573597012963
8.7925e-05,-0.0,0.0,0.004231812111823625,0.02744411590556242,0.01583796400869302,0.01583796400869302,-0.0004700565031473782
8.795e-05,-0.0,0.0,0.006638771516303341,-0.007536473422958762,-0.0004488509533277104,-0.0004488509533277104,-0.00047005564922331377
8.7975e-05,-0.0,0.0,-0.006695460381885965,0.009305378143219639,0.001304958880666837,0.001304958880666837,-0.00047005479791913346
8.8e-05,0.0,-0.0,0.0011255239178293904,-0.007879135348738091,-0.0033768057154543504,-0.0033768057154543504,-0.0004700539492248988
8.8025e-05,0.0,-0.0,-0.010719530267410267,0.01120266617107586,0.00024156795183279643,0.00024156795183279643,-0.000470053103130709
8.805e-05,0.0,-0.0,-0.011335931530658141,0.010996348387864287,-0.00016979157139692704,-0.00016979157139692704,-0.0004700522596266947
8.8075e-05,0.0,-0.0,0.02371072871521232,-0.0018372975867894075,0.010936715564211457,0.010936715564211457,-0.0004700514187030399
8.81e-05,0.0,-0.0,-0.008223222457043083,0.005012199058914734,-0.0016055116990641742,-0.0016055116990641742,-0.0004700505803499756
8.8125e-05,0.0,-0.0,-0.011804984521653687,0.002486662505471479,-0.0046591610080911035,-0.0046591610080911035,-0.0004700497445578013
8.815e-05,0.0,-0.0,0.013527023822100758,0.021030950725968355,0.017278987274034555,0.017278987274034555,-0.0004700489113168726
8.8175e-05,0.0,-0.0,-0.012360280330338787,0.007477553275083279,-0.002441363527627754,-0.002441363527627754,-0.0004700480806176126
8.82e-05,0.0,-0.0,0.01342352663359088,-0.008717192147528542,0.0023531672430311687,0.0023531672430311687,-0.00047004725245048393
8.8225e-05,0.0,-0.0,-0.005042746293262788,-0.007502884118773024,-0.006272815206017906,-0.006272815206017906,-0.0004700464268059952
8.825e-05,-0.0,0.0,-0.0014642156122341053,-0.03238553797958374,-0.016924876795908924,-0.016924876795908924,-0.0004700456036746788
8.8275e-05,-0.0,0.0,0.009702187799875838,-0.003301800279898345,0.003200193759988747,0.003200193759988747,-0.0004700447830471006
8.83e-05,-0.0,0.0,0.015440746718794897,-0.007439272928579984,0.0040007368951074564,0.0040007368951074564,-0.0004700439649138592
8.8325e-05,-0.0,0.0,-3.250185796072741e-05,-0.014300744986782642,-0.007166623422371685,-0.007166623422371685,-0.0004700431492655948
8.835e-05,-0.0,0.0,-0.022517643329560324,-0.011012456729154546,-0.016765050029357437,-0.016765050029357437,-0.0004700423360930026
8.8375e-05,-0.0,0.0,0.009425638810511212,0.010511909034483725,0.009968773922497468,0.009968773922497468,-0.000470041525386837
8.84e-05,-0.0,0.0,0.008622894150842185,0.01485362705244252,0.011738260601642353,0.011738260601642353,-0.0004700407171379119
8.8425e-05,-0.0,0.0,-0.017592989688560098,0.00176709564115395,-0.007912947023703074,-0.007912947023703074,-0.00047003991133709444
8.845e-05,-0.0,0.0,0.007661740639997497,-0.008994116645451421,-0.0006661880027269622,-0.0006661880027269622,-0.00047003910797530047
8.8475e-05,-0.0,0.0,0.00021359548385384812,0.027061527883572797,0.013637561683713323,0.013637561683713323,-0.0004700383070434881
8.85e-05,-0.0,0.0,0.0032672570652747452,0.017842141278644884,0.010554699171959815,0.010554699171959815,-0.0004700375085326336
8.8525e-05,0.0,-0.0,-0.004257814180502056,-0.007384666556124209,-0.005821240368313133,-0.005821240368313133,-0.000470036712433755
8.855e-05,0.0,-0.0,-0.026947183606532893,-0.021198362629950566,-0.024072773118241728,-0.024072773118241728,-0.00047003591873789674
8.8575e-05,0.0,-0.0,-0.000616180101931217,0.0061965965512118335,0.0027902082246403083,0.0027902082246403083,-0.0004700351274361476
8.86e-05,0.0,-0.0,0.00681127215138742,-0.005148443365413693,0.0008314143929868635,0.0008314143929868635,-0.00047003433851963776
8.8625e-05,0.0,-0.0,0.005290592779840128,0.025570328426466678,0.015430460603153402,0.015430460603153402,-0.00047003355197955274
8.865e-05,0.0,-0.0,-0.012993875099010935,0.003920587074201506,-0.004536644012404715,-0.004536644012404715,-0.00047003276780713005
8.8675e-05,0.0,-0.0,-0.009356706413401467,-0.004122237752990849,-0.006739472083196158,-0.006739472083196158,-0.0004700319859936503
8.87e-05,0.0,-0.0,-0.0004876343650765073,-0.013981083567284822,-0.007234358966180665,-0.007234358966180665,-0.00047003120653045315
8.8725e-05,0.0,-0.0,0.008888480240818652,-0.007475121256435576,0.000706679492191538,0.000706679492191538,-0.0004700304294089025
8.875e-05,0.0,-0.0,-0.001352416177128594,0.027129972036092777,0.01288877792948209,0.01288877792948209,-0.0004700296546204058
8.8775e-05,-0.0,0.0,-0.012241233820524866,-0.004900627124775623,-0.008570930472650245,-0.008570930472650245,-0.00047002888215640906
8.88e-05,-0.0,0.0,0.005452119422999264,-0.018359076729209493,-0.006453478653105115,-0.006453478653105115,-0.0004700281120083834
8.8825e-05,-0.0,0.0,-0.007051515034179594,-0.012015991735847796,-0.009533753385013695,-0.009533753385013695,-0.0004700273441678436
8.885e-05,-0.0,0.0,0.0006599516346963415,-0.001962290550943752,-0.0006511694581237054,-0.0006511694581237054,-0.00047002657862634325
8.8875e-05,-0.0,0.0,-0.005416486653815625,-0.006172540822714581,-0.005794513738265103,-0.005794513738265103,-0.0004700258153754729
8.89e-05,-0.0,0.0,0.021458584714557374,-0.014483701374901927,0.0034874416698277236,0.0034874416698277236,-0.0004700250544068693
8.8925e-05,-0.0,0.0,0.0035460204833346245,-0.006953039407690586,-0.001703509462177981,-0.001703509462177981,-0.0004700242957122084
8.895e-05,-0.0,0.0,0.005041481790496395,0.0023093880253420734,0.0036754349079192346,0.0036754349079192346,-0.0004700235392832127
8.8975e-05,-0.0,0.0,0.014322678357516976,0.016674402179311716,0.015498540268414346,0.015498540268414346,-0.00047002278511164725
8.9e-05,-0.0,0.0,0.002183628850344984,-0.014085747390175513,-0.0059510592699152645,-0.0059510592699152645,-0.0004700220331893123
8.9025e-05,0.0,-0.0,0.0037857865273932985,-0.003496928821096512,0.00014442885314839334,0.00014442885314839334,-0.0004700212835080544
8.905e-05,0.0,-0.0,-0.009554757783093155,-0.019958437566201564,-0.014756597674647359,-0.014756597674647359,-0.0004700205360597484
8.9075e-05,0.0,-0.0,-0.0004775694293301205,-0.009359027317255752,-0.004918298373292936,-0.004918298373292936,-0.0004700197908363078
8.91e-05,0.0,-0.0,0.009127096847479161,-0.00976934165832199,-0.0003211224054214144,-0.0003211224054214144,-0.00047001904782968337
8.9125e-05,0.0,-0.0,0.007875547821214985,0.01295601488238857,0.010415781351801778,0.010415781351801778,-0.0004700183070318511
8.915e-05,0.0,-0.0,0.015783925781065945,0.008058738682231061,0.011921332231648502,0.011921332231648502,-0.00047001756843483206
8.9175e-05,0.0,-0.0,-0.0026874216649867668,-0.019333017380503414,-0.01101021952274509,-0.01101021952274509,-0.0004700168320306838
8.92e-05,0.0,-0.0,-0.001703534325616852,0.018471111568562806,0.008383788621472977,0.008383788621472977,-0.00047001609781150235
8.9225e-05,0.0,-0.0,0.0013465255126715887,0.003775821333300279,0.0025611734229859335,0.0025611734229859335,-0.00047001536576942896
8.925e-05,0.0,-0.0,0.008313578072271814,0.013852353324731219,0.011082965698501517,0.011082965698501517,-0.0004700146358966381
8.9275e-05,-0.0,0.0,-0.013912676624408588,-0.01682945790356532,-0.015371067263986953,-0.015371067263986953,-0.0004700139081853458
8.93e-05,-0.0,0.0,-0.004302913649377964,0.021822093872486778,0.008759590111554407,0.008759590111554407,-0.0004700131826278004
8.9325e-05,-0.0,0.0,0.023823486191911405,0.005883157921751365,0.014853322056831385,0.014853322056831385,-0.0004700124592162812
8.935e-05,-0.0,0.0,0.014746269980600864,0.012436504325908098,0.013591387153254482,0.013591387153254482,-0.0004700117379431057
8.9375e-05,-0.0,0.0,0.011236972235334836,0.006458850139144152,0.008847911187239495,0.008847911187239495,-0.00047001101880062387
8.94e-05,-0.0,0.0,-0.010970770355829211,-0.007060349561285119,-0.009015559958557165,-0.009015559958557165,-0.0004700103017812222
8.9425e-05,-0.0,0.0,-0.0005945226553779159,-0.036189477611112277,-0.018392000133245098,-0.018392000133245098,-0.0004700095868773258
8.945e-05,-0.0,0.0,0.01896600621288236,0.016378969762591004,0.017672487987736685,0.017672487987736685,-0.00047000887408139814
8.9475e-05,-0.0,0.0,0.00687353922406717,-0.009557770894660958,-0.0013421158352968942,-0.0013421158352968942,-0.00047000816338593716
8.95e-05,-0.0,0.0,-0.02242696510879593,-0.005424049306235715,-0.013925507207515822,-0.013925507207515822,-0.0004700074547834749
8.9525e-05,0.0,-0.0,0.01339407643604113,-0.009836748232872004,0.001778664101584563,0.001778664101584563,-0.00047000674826657313
8.955e-05,0.0,-0.0,-0.015313117520572472,0.0186302011781902,0.0016585418288088648,0.0016585418288088648,-0.0004700060438278222
8.9575e-05,0.0,-0.0,-0.0029971631216657766,0.0007364955028064473,-0.0011303338094296646,-0.0011303338094296646,-0.00047000534145985064
8.96e-05,0.0,-0.0,0.004218608583278519,0.010602825654007315,0.007410717118642917,0.007410717118642917,-0.0004700046411553141
8.9625e-05,0.0,-0.0,0.013085873360479429,0.0018065890395399966,0.007446231200009713,0.007446231200009713,-0.0004700039429069128
8.965e-05,0.0,-0.0,0.029021786074187723,0.011385827038141404,0.020203806556164564,0.020203806556164564,-0.000470003246707382
8.9675e-05,0.0,-0.0,0.0070629115361791756,-0.017997204412385413,-0.005467146438103119,-0.005467146438103119,-0.00047000255254949375
8.97e-05,0.0,-0.0,-0.0013237912746862821,0.007741374932178697,0.0032087918287462074,0.0032087918287462074,-0.0004700018604260644
8.9725e-05,0.0,-0.0,0.004048967936550053,-0.017160733323002934,-0.0065558826932264405,-0.0065558826932264405,-0.0004700011703299349
8.975e-05,0.0,-0.0,0.02005646567045806,-0.0225007313097553,-0.0012221328196486206,-0.0012221328196486206,-0.00047000048225397437
8.9775e-05,-0.0,0.0,-0.020777304475076797,-0.0007613007588964194,-0.010769302616986609,-0.010769302616986609,-0.00046999979619107897
8.98e-05,-0.0,0.0,-0.0033117301261234664,-0.024207024072729542,-0.013759377099426505,-0.013759377099426505,-0.00046999911213416255
8.9825e-05,-0.0,0.0,-0.008172440405591728,0.008132443238585725,-1.9998583503001363e-05,-1.9998583503001363e-05,-0.00046999843007617943
8.985e-05,-0.0,0.0,-0.005252121729777286,0.026706961426493796,0.010727419848358255,0.010727419848358255,-0.0004699977500101096
8.9875e-05,-0.0,0.0,0.0036246015252075314,0.013168787898687955,0.008396694711947744,0.008396694711947744,-0.00046999707192897416
8.99e-05,-0.0,0.0,-0.011498829694519326,-0.0042395325179799825,-0.007869181106249654,-0.007869181106249654,-0.00046999639582584257
8.9925e-05,-0.0,0.0,-0.011485145736508724,0.0037550587592708505,-0.003865043488618937,-0.003865043488618937,-0.00046999572169381865
8.995e-05,-0.0,0.0,-0.005598430384611788,0.0019093558703514998,-0.0018445372571301443,-0.0018445372571301443,-0.00046999504952604577
8.9975e-05,-0.0,0.0,-0.02122993145119322,0.005490923076568233,-0.007869504187312493,-0.007869504187312493,-0.0004699943793156887
9e-05,0.0,-0.0,-0.0177447087188135,0.011226458581243583,-0.0032591250687849585,-0.0032591250687849585,-0.0004699937110559395
9.0025e-05,0.0,-0.0,0.024097829784975294,-0.008489532538597435,0.00780414862318893,0.00780414862318893,-0.0004699930447400033
9.005e-05,0.0,-0.0,-0.0008502171003835711,-0.011180382756393032,-0.006015299928388302,-0.006015299928388302,-0.000469992380361112
9.0075e-05,0.0,-0.0,0.016443539168621887,-0.010304167960650866,0.003069685603985511,0.003069685603985511,-0.0004699917179125225
9.01e-05,0.0,-0.0,0.01602564668857863,0.018591763911244178,0.017308705299911402,0.017308705299911402,-0.0004699910573875358
9.0125e-05,0.0,-0.0,0.008428973405915202,0.012543998113604819,0.01048648575976001,0.01048648575976001,-0.00046999039877947883
9.015e-05,0.0,-0.0,0.014812255536834688,0.0014710409340566867,0.008141648235445687,0.008141648235445687,-0.0004699897420817386
9.0175e-05,0.0,-0.0,0.000988175021932885,-0.004232569084543698,-0.0016221970313054063,-0.0016221970313054063,-0.00046998908728772325
9.02e-05,0.0,-0.0,-0.0327113350196102,0.002186452440880668,-0.015262441289364768,-0.015262441289364768,-0.00046998843439088244
9.0225e-05,0.0,-0.0,0.015314640811139958,-0.003855101774753407,0.005729769518193276,0.005729769518193276,-0.00046998778338468383
9.025e-05,0.0,-0.0,-0.0013771680108381563,-0.018195504069398002,-0.009786336040118079,-0.009786336040118079,-0.00046998713426261296
9.0275e-05,-0.0,0.0,0.021907426112841112,0.013917483859776975,0.017912454986309043,0.017912454986309043,-0.0004699864870181812
9.03e-05,-0.0,0.0,-0.002033407160535115,0.012369288389316613,0.005167940614390749,0.005167940614390749,-0.0004699858416449183
9.0325e-05,-0.0,0.0,-0.008407661050748418,0.002680820484748971,-0.0028634202829997237,-0.0028634202829997237,-0.00046998519813638487
9.035e-05,-0.0,0.0,-0.032029548894667914,0.0025556792007202928,-0.01473693484697381,-0.01473693484697381,-0.0004699845564861756
9.0375e-05,-0.0,0.0,-0.0244086458238131,0.0019499136305294814,-0.01122936609664181,-0.01122936609664181,-0.00046998391668792467
9.04e-05,-0.0,0.0,0.022177115173324602,-0.003256483272562662,0.00946031595038097,0.00946031595038097,-0.00046998327873530436
9.0425e-05,-0.0,0.0,-0.006617265617479737,-0.0033112456276786994,-0.004964255622579218,-0.004964255622579218,-0.00046998264262201054
9.045e-05,-0.0,0.0,0.008154581168875996,0.011952396528982223,0.01005348884892911,0.01005348884892911,-0.00046998200834177446
9.0475e-05,-0.0,0.0,-0.005325352654473166,0.02727382598091033,0.010974236663218583,0.010974236663218583,-0.00046998137588834775
9.05e-05,0.0,-0.0,-0.009792691688471054,-0.006803913627306565,-0.00829830265788881,-0.00829830265788881,-0.00046998074525550634
9.0525e-05,0.0,-0.0,0.0021386359150271975,-0.0034701338240807266,-0.0006657489545267646,-0.0006657489545267646,-0.0004699801164370468
9.055e-05,0.0,-0.0,0.009229935774234017,-0.006577362813947117,0.00132628648014345,0.00132628648014345,-0.00046997948942679394
9.0575e-05,0.0,-0.0,-0.009602520727530973,-0.0008777547956211296,-0.005240137761576051,-0.005240137761576051,-0.00046997886421859547
9.06e-05,0.0,-0.0,-0.011022782706532841,0.0032425974135454763,-0.0038900926464936823,-0.0038900926464936823,-0.0004699782408063333
9.0625e-05,0.0,-0.0,-0.0072911535659730235,0.017777218720020145,0.005243032577023561,0.005243032577023561,-0.00046997761918390657
9.065e-05,0.0,-0.0,0.03544187851171759,0.011518997281984963,0.023480437896851274,0.023480437896851274,-0.00046997699934526506
9.0675e-05,0.0,-0.0,0.022920439706102226,0.014749896663581816,0.018835168184842023,0.018835168184842023,-0.0004699763812843704
9.07e-05,0.0,-0.0,-0.013536109412758804,-0.002803991211848419,-0.008170050312303612,-0.008170050312303612,-0.00046997576499522415
9.0725e-05,0.0,-0.0,-0.009596207102518194,-0.001989365920284198,-0.005792786511401196,-0.005792786511401196,-0.0004699751504718498
9.075e-05,0.0,-0.0,-0.008719330500634316,-0.0018185498016303672,-0.005268940151132342,-0.005268940151132342,-0.00046997453770830156
9.0775e-05,-0.0,0.0,-0.009198616736263796,-0.015497350293593434,-0.012347983514928615,-0.012347983514928615,-0.0004699739266986548
9.08e-05,-0.0,0.0,-0.002508206341949495,0.005504656927174072,0.0014982252926122885,0.0014982252926122885,-0.000469973317437006
9.0825e-05,-0.0,0.0,0.011476925813965103,-0.0046367911323249005,0.003420067340820101,0.003420067340820101,-0.0004699727099174832
9.085e-05,-0.0,0.0,0.0028161010729243698,0.013004933137992426,0.007910517105458398,0.007910517105458398,-0.0004699721041342363
9.0875e-05,-0.0,0.0,-0.010739464050463424,0.005983905848314481,-0.0023777791010744717,-0.0023777791010744717,-0.0004699715000814277
9.09e-05,-0.0,0.0,0.0032646366504791567,0.006721034183734157,0.004992835417106657,0.004992835417106657,-0.0004699708977532568
9.0925e-05,-0.0,0.0,0.026517838197683965,0.010019095558422498,0.01826846687805323,0.01826846687805323,-0.000469970297143946
9.095e-05,-0.0,0.0,0.0001527546875718566,-0.0027687305421068343,-0.001307987927267489,-0.001307987927267489,-0.0004699696982477399
9.0975e-05,-0.0,0.0,-0.015408077848743854,-0.02381621806065768,-0.019612147954700766,-0.019612147954700766,-0.0004699691010589191
9.1e-05,0.0,-0.0,0.022317089363686517,-0.0022277330924451383,0.01004467813562069,0.01004467813562069,-0.0004699685055717907
9.1025e-05,0.0,-0.0,-0.01369453309268586,0.02418219773021002,0.00524383231876208,0.00524383231876208,-0.00046996791178069913
9.105e-05,0.0,-0.0,0.0071120371136770616,0.024645115528971334,0.0158785763213242,0.0158785763213242,-0.0004699673196800118
9.1075e-05,0.0,-0.0,-0.0033695965599702237,0.022340715773622496,0.009485559606826136,0.009485559606826136,-0.0004699667292641236
9.11e-05,0.0,-0.0,-0.0008808382521759176,0.008849575201348445,0.003984368474586264,0.003984368474586264,-0.00046996614052744644
9.1125e-05,0.0,-0.0,-0.002425719193647072,-0.006275571342280087,-0.0043506452679635795,-0.0043506452679635795,-0.0004699655534644002
9.115e-05,0.0,-0.0,-0.0065396581240713585,-0.0037240045520495774,-0.005131831338060468,-0.005131831338060468,-0.0004699649680694252
9.1175e-05,0.0,-0.0,0.014652807106914164,0.014657255722898653,0.014655031414906408,0.014655031414906408,-0.0004699643843369722
9.12e-05,0.0,-0.0,-0.0003141534836265317,0.00401473156853471,0.0018502890424540893,0.0018502890424540893,-0.0004699638022615183
9.1225e-05,0.0,-0.0,-0.0003001422884199336,0.012152923520844187,0.005926390616212127,0.005926390616212127,-0.0004699632218375756
9.125e-05,0.0,-0.0,0.015802051449409975,-0.0015034986633768147,0.007149276393016581,0.007149276393016581,-0.0004699626430596966
9.1275e-05,-0.0,0.0,-0.02385073582338165,-0.00456758455618554,-0.014209160189783594,-0.014209160189783594,-0.0004699620659224773
9.13e-05,-0.0,0.0,-0.0004263250336453047,-0.015104479849166713,-0.007765402441406009,-0.007765402441406009,-0.00046996149042054263
9.1325e-05,-0.0,0.0,-0.02265040623650539,-0.004964322939457699,-0.013807364587981544,-0.013807364587981544,-0.00046996091654854784
9.135e-05,-0.0,0.0,-0.01697695704159299,0.011664871135328984,-0.002656042953132003,-0.002656042953132003,-0.0004699603443011532
9.1375e-05,-0.0,0.0,-0.0035160088012594713,-0.005987414361728192,-0.004751711581493831,-0.004751711581493831,-0.00046995977367302375
9.14e-05,-0.0,0.0,-0.00883137567008088,0.004738882714482869,-0.0020462464777990055,-0.0020462464777990055,-0.00046995920465882953
9.1425e-05,-0.0,0.0,-0.01018033141540782,-0.006729610059741862,-0.00845497073757484,-0.00845497073757484,-0.00046995863725324396
9.145e-05,-0.0,0.0,0.01543157637305444,-0.022496099914050136,-0.003532261770497848,-0.003532261770497848,-0.000469958071450968
9.1475e-05,-0.0,0.0,0.00562903589307634,0.011123321226044588,0.008376178559560464,0.008376178559560464,-0.0004699575072467415
9.15e-05,-0.0,0.0,0.006815972136440865,0.012835589455902702,0.009825780796171784,0.009825780796171784,-0.00046995694463534206
9.1525e-05,0.0,-0.0,0.009388817011626567,0.00968935551143957,0.009539086261533068,0.009539086261533068,-0.0004699563836116011
9.155e-05,0.0,-0.0,-0.02251046064284656,0.006971106862398422,-0.0077696768902240695,-0.0077696768902240695,-0.0004699558241703822
9.1575e-05,0.0,-0.0,-0.014244885115651836,0.018033276266988318,0.001894195575668241,0.001894195575668241,-0.0004699552663065733
9.16e-05,0.0,-0.0,-0.00755569694484784,0.006407030554226126,-0.0005743331953108571,-0.0005743331953108571,-0.0004699547100150692
9.1625e-05,0.0,-0.0,-0.0053401432293777385,-0.009635193816328243,-0.007487668522852991,-0.007487668522852991,-0.00046995415529076426
9.165e-05,0.0,-0.0,0.0020164604854071007,-0.004838204975912237,-0.0014108722452525681,-0.0014108722452525681,-0.0004699536021285524
9.1675e-05,0.0,-0.0,0.00464475351596088,0.00807608053344506,0.00636041702470297,0.00636041702470297,-0.00046995305052333736
9.17e-05,0.0,-0.0,0.009729602746168403,0.028496375579904896,0.01911298916303665,0.01911298916303665,-0.00046995250047004284
9.1725e-05,0.0,-0.0,0.005715716747568159,0.025670106007592234,0.015692911377580197,0.015692911377580197,-0.00046995195196363035
9.175e-05,0.0,-0.0,-0.016516396021748404,-0.002431717767636401,-0.009474056894692403,-0.009474056894692403,-0.0004699514049990981
9.1775e-05,-0.0,0.0,-0.0017896923862756548,-0.008920868478892799,-0.005355280432584227,-0.005355280432584227,-0.0004699508595714919
9.18e-05,-0.0,0.0,-0.009925903798704967,0.01620508400737162,0.003139590104333326,0.003139590104333326,-0.0004699503156758871
9.1825e-05,-0.0,0.0,0.00706679078407092,-0.02188851339856297,-0.007410861307246025,-0.007410861307246025,-0.00046994977330738134
9.185e-05,-0.0,0.0,0.02826579892996697,0.03030353588192103,0.029284667405944,0.029284667405944,-0.00046994923246108374
9.1875e-05,-0.0,0.0,-0.02249282677561502,0.017483841277371123,-0.002504492749121949,-0.002504492749121949,-0.0004699486931321038
9.19e-05,-0.0,0.0,-0.007985697015345669,0.012142863460484217,0.002078583222569274,0.002078583222569274,-0.0004699481553155569
9.1925e-05,-0.0,0.0,0.02099734544943104,-0.004752425300345832,0.008122460074542604,0.008122460074542604,-0.0004699476190065727
9.195e-05,-0.0,0.0,-0.01726579936139794,0.007598673800751062,-0.004833562780323439,-0.004833562780323439,-0.00046994708420029926
9.1975e-05,-0.0,0.0,0.005614267311365263,-0.008323282734882092,-0.0013545077117584148,-0.0013545077117584148,-0.0004699465508919116
9.2e-05,-0.0,0.0,-0.003066199434588079,0.0066798442057122,0.0018068223855620604,0.0018068223855620604,-0.00046994601907662516
9.2025e-05,0.0,-0.0,0.02453298876852501,-0.011573519734407447,0.006479734517058781,0.006479734517058781,-0.00046994548874968226
9.205e-05,0.0,-0.0,-0.0024446564323721926,-0.007424445372015019,-0.004934550902193606,-0.004934550902193606,-0.0004699449599063551
9.2075e-05,0.0,-0.0,-0.009812412702335275,-0.005542678848678603,-0.007677545775506939,-0.007677545775506939,-0.0004699444325419374
9.21e-05,0.0,-0.0,0.004686959987547922,0.001813938723044664,0.003250449355296293,0.003250449355296293,-0.00046994390665173287
9.2125e-05,0.0,-0.0,0.00195080779260197,0.010834908117565115,0.006392857955083543,0.006392857955083543,-0.0004699433822310539
9.215e-05,0.0,-0.0,-0.029903665400977043,-0.0029876410436945797,-0.01644565322233581,-0.01644565322233581,-0.0004699428592752374
9.2175e-05,0.0,-0.0,0.015881647747415933,0.01885559908264887,0.017368623415032404,0.017368623415032404,-0.00046994233777961807
9.22e-05,0.0,-0.0,-0.016550781463047358,0.026774717302119076,0.005111967919535859,0.005111967919535859,-0.00046994181773956647
9.2225e-05,0.0,-0.0,0.007000723634295961,0.03028690022508456,0.018643811929690262,0.018643811929690262,-0.0004699412991504646
9.225e-05,-0.0,0.0,-0.007892220684243697,-0.012049899127045502,-0.009971059905644598,-0.009971059905644598,-0.0004699407820077287
9.2275e-05,-0.0,0.0,-0.025884420499363826,0.007865872944647764,-0.00900927377735803,-0.00900927377735803,-0.00046994026630678724
9.23e-05,-0.0,0.0,0.004735870645964725,0.0066085595712511765,0.00567221510860795,0.00567221510860795,-0.00046993975204309897
9.2325e-05,-0.0,0.0,0.010240266454802022,-0.0051115400868367,0.002564363183982661,0.002564363183982661,-0.0004699392392121402
9.235e-05,-0.0,0.0,-0.0026006330585845745,0.0005956471231739389,-0.0010024929677053178,-0.0010024929677053178,-0.0004699387278094073
9.2375e-05,-0.0,0.0,0.007737042334603247,0.004773330991505766,0.0062551866630545065,0.0062551866630545065,-0.0004699382178304139
9.24e-05,-0.0,0.0,-0.0049959115539611664,0.021020941308187765,0.008012514877113299,0.008012514877113299,-0.0004699377092706981
9.2425e-05,-0.0,0.0,0.003657207516121039,-0.0002447240521081506,0.0017062417320064442,0.0017062417320064442,-0.00046993720212580684
9.245e-05,-0.0,0.0,0.020317405094364464,0.019479513218813388,0.019898459156588926,0.019898459156588926,-0.000469936696391306
9.2475e-05,-0.0,0.0,-0.0015978138649320166,-0.00920495570406637,-0.005401384784499193,-0.005401384784499193,-0.00046993619206277666
9.25e-05,-0.0,0.0,-0.029794696674350026,0.014624950731285006,-0.00758487297153251,-0.00758487297153251,-0.00046993568913581487
9.2525e-05,0.0,-0.0,-0.015299125213017574,0.026168413522511005,0.005434644154746715,0.005434644154746715,-0.0004699351876060253
9.255e-05,0.0,-0.0,0.0002654645919709849,0.012489251384739514,0.006377357988355249,0.006377357988355249,-0.0004699346874690448
9.2575e-05,0.0,-0.0,-0.01881183583455213,-0.003921310331448031,-0.01136657308300008,-0.01136657308300008,-0.00046993418872052963
9.26e-05,0.0,-0.0,0.006202607941217264,-0.014642823573990956,-0.004220107816386846,-0.004220107816386846,-0.00046993369135616694
9.2625e-05,0.0,-0.0,0.021594959910019685,-0.006532497806284338,0.0075312310518676736,0.0075312310518676736,-0.00046993319537166363
9.265e-05,0.0,-0.0,0.022208373175978985,-0.004395404350957562,0.008906484412510712,0.008906484412510712,-0.00046993270076275343
9.2675e-05,0.0,-0.0,-0.013410451706401313,-0.01693419274071948,-0.015172322223560396,-0.015172322223560396,-0.00046993220752517624
9.27e-05,0.0,-0.0,-0.029142756529984812,0.0008357659556571012,-0.014153495287163856,-0.014153495287163856,-0.000469931715654686
9.2725e-05,0.0,-0.0,-0.0015607911506115568,-0.009516365064512877,-0.005538578107562217,-0.005538578107562217,-0.00046993122514704053
9.275e-05,-0.0,0.0,-0.01723385534936023,0.014412643269816415,-0.001410606039771908,-0.001410606039771908,-0.0004699307359980074
9.2775e-05,-0.0,0.0,0.015201922195775102,-0.0003616289352852375,0.0074201466302449325,0.0074201466302449325,-0.0004699302482033657
9.28e-05,-0.0,0.0,-0.022830210571982694,-0.0034726493830358808,-0.013151429977509288,-0.013151429977509288,-0.00046992976175892775
9.2825e-05,-0.0,0.0,-0.004271339604180319,0.012286489514982964,0.004007574955401322,0.004007574955401322,-0.00046992927666052956
9.285e-05,-0.0,0.0,-0.002224128058781825,0.006390697613988435,0.002083284777603305,0.002083284777603305,-0.0004699287929040345
9.2875e-05,-0.0,0.0,0.021052402686207724,0.004951463146938082,0.013001932916572903,0.013001932916572903,-0.00046992831048533904
9.29e-05,-0.0,0.0,-0.00788447956587597,-0.015563399150662864,-0.011723939358269417,-0.011723939358269417,-0.00046992782940034753
9.2925e-05,-0.0,0.0,0.0007839681584092854,-0.00982877889873662,-0.004522405370163667,-0.004522405370163667,-0.0004699273496449773
9.295e-05,-0.0,0.0,-0.010732495994070798,-0.012694875556533996,-0.011713685775302397,-0.011713685775302397,-0.00046992687121515515
9.2975e-05,-0.0,0.0,-0.005882571963059924,0.0017093459844997189,-0.0020866129892801026,-0.0020866129892801026,-0.0004699263941068067
9.3e-05,-0.0,0.0,0.005958762510118708,-0.020708265507481543,-0.007374751498681418,-0.007374751498681418,-0.00046992591831587294
9.3025e-05,0.0,-0.0,-0.007418884331599998,0.011116833203264969,0.0018489744358324853,0.0018489744358324853,-0.0004699254438383135
9.305e-05,0.0,-0.0,-0.0008523859212357958,0.0012503170744765325,0.00019896557662036837,0.00019896557662036837,-0.0004699249706701139
9.3075e-05,0.0,-0.0,0.0012741399843249452,-0.010487658614788212,-0.0046067593152316335,-0.0046067593152316335,-0.0004699244988072849
9.31e-05,0.0,-0.0,-0.010428663618624162,-0.0030958205313228173,-0.006762242074973489,-0.006762242074973489,-0.0004699240282458616
9.3125e-05,0.0,-0.0,-0.01760857054983853,-0.011423500809532203,-0.014516035679685367,-0.014516035679685367,-0.0004699235589818991
9.315e-05,0.0,-0.0,-0.01687937838966625,-0.016633236280695383,-0.01675630733518082,-0.01675630733518082,-0.00046992309101146087
9.3175e-05,0.0,-0.0,-0.03573292738399087,-0.011190867931618182,-0.02346189765780453,-0.02346189765780453,-0.00046992262433062534
9.32e-05,0.0,-0.0,0.02095093325832785,-0.006613295318933457,0.007168818969697196,0.007168818969697196,-0.00046992215893547573
9.3225e-05,0.0,-0.0,-0.004799117412676945,0.0011876925722662753,-0.0018057124202053348,-0.0018057124202053348,-0.000469921694822108
9.325e-05,-0.0,0.0,-0.010095543263193518,-0.009471806774308278,-0.009783675018750899,-0.009783675018750899,-0.00046992123198664006
9.3275e-05,-0.0,0.0,-0.010238503336036466,0.02181400625723551,0.005787751460599523,0.005787751460599523,-0.0004699207704252085
9.33e-05,-0.0,0.0,0.0050275150478932395,0.015629838083564045,0.010328676565728643,0.010328676565728643,-0.0004699203101339709
9.3325e-05,-0.0,0.0,-0.024944029693629372,0.021629940291404165,-0.0016570447011126036,-0.0016570447011126036,-0.0004699198511091005
9.335e-05,-0.0,0.0,-0.01172258962540198,-0.013894682468112346,-0.012808636046757162,-0.012808636046757162,-0.00046991939334678647
9.3375e-05,-0.0,0.0,-0.004178275357453264,0.01991052053460715,0.007866122588576944,0.007866122588576944,-0.00046991893684323314
9.34e-05,-0.0,0.0,0.020489790351038793,-0.025238371699411774,-0.0023742906741864907,-0.0023742906741864907,-0.0004699184815946527
9.3425e-05,-0.0,0.0,-0.017426123541047514,-0.02428733606951305,-0.020856729805280284,-0.020856729805280284,-0.00046991802759727196
9.345e-05,-0.0,0.0,0.0010571106345989595,-0.001986247193849969,-0.00046456827962550477,-0.00046456827962550477,-0.0004699175748473352
9.3475e-05,-0.0,0.0,0.021228990474908133,0.005034923012804823,0.013131956743856478,0.013131956743856478,-0.0004699171233411105
9.35e-05,-0.0,0.0,0.005699619306610545,0.006788740937915389,0.006244180122262967,0.006244180122262967,-0.00046991667307488187
9.3525e-05,0.0,-0.0,-0.008030433739260913,-0.007015380029183998,-0.007522906884222455,-0.007522906884222455,-0.00046991622404495264
9.355e-05,0.0,-0.0,0.0037327179255471133,-0.023503874508279808,-0.009885578291366347,-0.009885578291366347,-0.0004699157762476318
9.3575e-05,0.0,-0.0,0.0034519294719283088,0.022698247343569043,0.013075088407748675,0.013075088407748675,-0.00046991532967924853
9.36e-05,0.0,-0.0,-0.006760237945122799,0.004479729145236968,-0.0011402543999429154,-0.0011402543999429154,-0.00046991488433613306
9.3625e-05,0.0,-0.0,-0.017520258969091863,0.013021686891994446,-0.002249286038548708,-0.002249286038548708,-0.0004699144402146333
9.365e-05,0.0,-0.0,-0.004739267019496001,-0.018812183570047956,-0.011775725294771978,-0.011775725294771978,-0.0004699139973111079
9.3675e-05,0.0,-0.0,-0.021959923239025392,0.004246797504811763,-0.008856562867106815,-0.008856562867106815,-0.0004699135556219377
9.37e-05,0.0,-0.0,5.199141456791996e-05,0.017852137455331464,0.008952064434949692,0.008952064434949692,-0.00046991311514352717
9.3725e-05,0.0,-0.0,0.02114864562467519,-0.01632810125117796,0.0024102721867486146,0.0024102721867486146,-0.00046991267587230133
9.375e-05,-0.0,0.0,-0.008705767668849037,0.013886886305006596,0.0025905593180787796,0.0025905593180787796,-0.0004699122378046995
9.3775e-05,-0.0,0.0,-0.0043304285136722565,-0.0035318601300132883,-0.003931144321842772,-0.003931144321842772,-0.00046991180093717395
9.38e-05,-0.0,0.0,-0.012700459348645013,-0.013769246946827048,-0.01323485314773603,-0.01323485314773603,-0.0004699113652661845
9.3825e-05,-0.0,0.0,0.008158684847195908,0.0035350077836890123,0.0058468463154424605,0.0058468463154424605,-0.00046991093078819595
9.385e-05,-0.0,0.0,0.02379885119311077,-0.015768420843621733,0.004015215174744518,0.004015215174744518,-0.00046991049749968276
9.3875e-05,-0.0,0.0,-0.020287628793283868,0.024845461436935504,0.0022789163218258184,0.0022789163218258184,-0.0004699100653971321
9.39e-05,-0.0,0.0,-0.004401607197441246,0.018211906920965176,0.006905149861761965,0.006905149861761965,-0.00046990963447704915
9.3925e-05,-0.0,0.0,-0.020672152631961094,0.015970040501406255,-0.0023510560652774196,-0.0023510560652774196,-0.00046990920473596155
9.395e-05,-0.0,0.0,0.00268136157412183,0.007276036864293398,0.0049786992192076135,0.0049786992192076135,-0.00046990877617042383
9.3975e-05,-0.0,0.0,0.007460221949775079,-0.002273575753569705,0.0025933230981026872,0.0025933230981026872,-0.0004699083487770068
9.4e-05,-0.0,0.0,-0.017423872269116104,-0.018082703178243207,-0.017753287723679657,-0.017753287723679657,-0.00046990792255229463
9.4025e-05,0.0,-0.0,-0.016385966908557585,0.039598561356733585,0.011606297224088,0.011606297224088,-0.0004699074974928828
9.405e-05,0.0,-0.0,0.023805025763885268,0.00395392588205541,0.01387947582297034,0.01387947582297034,-0.00046990707359537164
9.4075e-05,0.0,-0.0,0.010724975245678826,0.005702062862017281,0.008213519053848053,0.008213519053848053,-0.0004699066508563641
9.41e-05,0.0,-0.0,-0.004225362863239834,-0.015531646048223113,-0.009878504455731473,-0.009878504455731473,-0.0004699062292724649
9.4125e-05,0.0,-0.0,0.00931807768012258,-0.016432653644805513,-0.003557287982341466,-0.003557287982341466,-0.0004699058088403067
9.415e-05,0.0,-0.0,0.009175273313402009,-0.024534621806556942,-0.007679674246577467,-0.007679674246577467,-0.0004699053895565356
9.4175e-05,0.0,-0.0,-0.0038864137127159987,-0.009323559796664748,-0.006604986754690374,-0.006604986754690374,-0.0004699049714178161
9.42e-05,0.0,-0.0,-0.01637895319437744,0.003573593334833782,-0.006402679929771829,-0.006402679929771829,-0.0004699045544208396
9.4225e-05,0.0,-0.0,0.024832371742591643,0.022301069062516932,0.023566720402554288,0.023566720402554288,-0.0004699041385623161
9.425e-05,0.0,-0.0,0.007319113443169876,0.0018049814140845112,0.004562047428627194,0.004562047428627194,-0.00046990372383895994
9.4275e-05,-0.0,0.0,0.02640999225793795,0.010825711990544542,0.018617852124241246,0.018617852124241246,-0.00046990331024751076
9.43e-05,-0.0,0.0,0.012979837470951817,-0.014893484267579547,-0.0009568233983138653,-0.0009568233983138653,-0.0004699028977846927
9.4325e-05,-0.0,0.0,0.002807805222541475,-0.014251937472266135,-0.00572206612486233,-0.00572206612486233,-0.0004699024864472556
9.435e-05,-0.0,0.0,-0.008256265905627842,0.032412224486098776,0.012077979290235467,0.012077979290235467,-0.00046990207623193517
9.4375e-05,-0.0,0.0,-0.02763467887159898,0.018106821517660073,-0.004763928676969453,-0.004763928676969453,-0.0004699016671354959
9.44e-05,-0.0,0.0,-0.023092631888088713,-0.0012598538355399567,-0.012176242861814335,-0.012176242861814335,-0.0004699012591547133
9.4425e-05,-0.0,0.0,0.008157165137620465,0.008616374265555322,0.008386769701587894,0.008386769701587894,-0.0004699008522863869
9.445e-05,-0.0,0.0,0.0061138650228501935,0.0018176191485306046,0.003965742085690399,0.003965742085690399,-0.0004699004465273365
9.4475e-05,-0.0,0.0,-0.005851830371456997,0.007180819033122769,0.0006644943308328861,0.0006644943308328861,-0.00046990004187440204
9.45e-05,0.0,-0.0,0.021157299272298143,0.017520450709124426,0.019338874990711283,0.019338874990711283,-0.00046989963832443104
9.4525e-05,0.0,-0.0,-0.004715802051718026,0.005634654381233651,0.0004594261647578122,0.0004594261647578122,-0.0004698992358742861
9.455e-05,0.0,-0.0,-0.03214695566591506,-0.0013636519140903726,-0.016755303790002715,-0.016755303790002715,-0.0004698988345208312
9.4575e-05,0.0,-0.0,0.01523106833876316,-0.028051399949457656,-0.006410165805347248,-0.006410165805347248,-0.00046989843426092866
9.46e-05,0.0,-0.0,-0.045557731540909335,-0.015108094292835744,-0.03033291291687254,-0.03033291291687254,-0.0004698980350914612
9.4625e-05,0.0,-0.0,-0.02443488100302948,0.014286035554007684,-0.005074422724510899,-0.005074422724510899,-0.0004698976370093045
9.465e-05,0.0,-0.0,0.048637714444864144,0.00972781286861095,0.029182763656737547,0.029182763656737547,-0.00046989724001137085
9.4675e-05,0.0,-0.0,-0.0014148118286156223,-0.001232131577872156,-0.001323471703243889,-0.001323471703243889,-0.0004698968440945836
9.47e-05,0.0,-0.0,0.007662195780762361,-0.008625557164882364,-0.0004816806920600013,-0.0004816806920600013,-0.0004698964492558885
9.4725e-05,0.0,-0.0,-0.0076828315382338015,-0.00368394387395882,-0.005683387706096311,-0.005683387706096311,-0.00046989605549224917
9.475e-05,0.0,-0.0,-0.012657590484537535,0.013266576904439373,0.00030449320995091893,0.00030449320995091893,-0.0004698956628006435
9.4775e-05,-0.0,0.0,0.0016292576265417775,-0.007953225762085854,-0.0031619840677720385,-0.0031619840677720385,-0.0004698952711780518
9.48e-05,-0.0,0.0,0.003802374489420971,-0.014053297793445501,-0.005125461652012265,-0.005125461652012265,-0.00046989488062145423
9.4825e-05,-0.0,0.0,-0.013762475775672066,-0.0009840728317893027,-0.007373274303730685,-0.007373274303730685,-0.0004698944911278415
9.485e-05,-0.0,0.0,0.028837008757317404,0.031263158462701765,0.030050083610009583,0.030050083610009583,-0.0004698941026942049
9.4875e-05,-0.0,0.0,0.0005558740723860156,-0.00809483442002751,-0.0037694801738207473,-0.0037694801738207473,-0.000469893715317558
9.49e-05,-0.0,0.0,-0.0061008417373597836,0.007234937022113641,0.0005670476423769288,0.0005670476423769288,-0.00046989332899492303
9.4925e-05,-0.0,0.0,0.02230126414911168,0.0019100941928394733,0.012105679170975577,0.012105679170975577,-0.00046989294372335746
9.495e-05,-0.0,0.0,-0.007830079317056269,0.005765703457965049,-0.0010321879295456097,-0.0010321879295456097,-0.0004698925594999335
9.4975e-05,-0.0,0.0,-0.010688084073208797,-0.028596747875104158,-0.019642415974156478,-0.019642415974156478,-0.0004698921763217289
9.5e-05,0.0,-0.0,0.020036314039506387,0.007189600301627263,0.013612957170566825,0.013612957170566825,-0.0004698917941858399
9.5025e-05,0.0,-0.0,0.02377587338770549,-0.003291535824793722,0.010242168781455884,0.010242168781455884,-0.00046989141308935564
9.505e-05,0.0,-0.0,-0.0015234507603843752,0.005497516273345235,0.00198703275648043,0.00198703275648043,-0.00046989103302936793
9.5075e-05,0.0,-0.0,0.01707207549423849,-0.019468852569685145,-0.0011983885377233276,-0.0011983885377233276,-0.00046989065400298083
9.51e-05,0.0,-0.0,-0.016917523657548877,0.00628994511571298,-0.005313789270917949,-0.005313789270917949,-0.0004698902760073017
9.5125e-05,0.0,-0.0,0.01732834888518508,-0.017464865641115077,-6.825837796499944e-05,-6.825837796499944e-05,-0.0004698898990394663
9.515e-05,0.0,-0.0,-0.006849774349277476,-0.005545337108426914,-0.006197555728852195,-0.006197555728852195,-0.00046988952309662973
9.5175e-05,0.0,-0.0,0.006734015019058853,-0.00634605383044459,0.00019398059430713157,0.00019398059430713157,-0.00046988914817597217
9.52e-05,0.0,-0.0,0.010475816831093108,0.02522029839247905,0.01784805761178608,0.01784805761178608,-0.0004698887742746752
9.5225e-05,0.0,-0.0,-0.026472452092145337,0.013883222455753269,-0.006294614818196034,-0.006294614818196034,-0.00046988840138993763
9.525e-05,0.0,-0.0,0.00816300149202749,-0.006604919907737645,0.0007790407921449221,0.0007790407921449221,-0.0004698880295189495
9.5275e-05,-0.0,0.0,-0.008936306211907264,0.005963865070695528,-0.001486220570605868,-0.001486220570605868,-0.0004698876586589024
9.53e-05,-0.0,0.0,0.008548749309296482,0.016682427743750703,0.012615588526523593,0.012615588526523593,-0.00046988728880698906
9.5325e-05,-0.0,0.0,0.009362974180560367,0.022604551484667012,0.01598376283261369,0.01598376283261369,-0.0004698869199604165
9.535e-05,-0.0,0.0,0.0093933196383647,-0.018611266327923252,-0.004608973344779276,-0.004608973344779276,-0.0004698865521164164
9.5375e-05,-0.0,0.0,-0.0022757850391847967,-0.018314942075289165,-0.01029536355723698,-0.01029536355723698,-0.0004698861852722482
9.54e-05,-0.0,0.0,0.009755021193427424,0.007129382247011863,0.008442201720219644,0.008442201720219644,-0.0004698858194251979
9.5425e-05,-0.0,0.0,0.011738665801872702,0.029984506900450375,0.02086158635116154,0.02086158635116154,-0.00046988545457256933
9.545e-05,-0.0,0.0,0.004247593845899918,-0.006645889253354658,-0.00119914770372737,-0.00119914770372737,-0.00046988509071166926
9.5475e-05,-0.0,0.0,0.01696962426600881,-0.003617874144296609,0.006675875060856101,0.006675875060856101,-0.00046988472783979245
9.55e-05,0.0,-0.0,0.0017910919698666556,-0.007217893815394469,-0.002713400922763907,-0.002713400922763907,-0.0004698843659542189
9.5525e-05,0.0,-0.0,-0.02340477574126792,0.011109127728195903,-0.006147824006536009,-0.006147824006536009,-0.0004698840050522193
9.555e-05,0.0,-0.0,-0.02796889086396612,0.009490413943763482,-0.009239238460101318,-0.009239238460101318,-0.0004698836451310722
9.5575e-05,0.0,-0.0,-0.00046988047297104074,0.010649977099157597,0.005090048313093278,0.005090048313093278,-0.0004698832861880827
9.56e-05,0.0,-0.0,0.00524772213859768,0.029168557784096327,0.017208139961347003,0.017208139961347003,-0.0004698829282205947
9.5625e-05,0.0,-0.0,0.012059230265025016,-0.01040973970969209,0.0008247452776664636,0.0008247452776664636,-0.0004698825712259965
9.565e-05,0.0,-0.0,-0.0064682275592862935,-0.002553686211378248,-0.004510956885332271,-0.004510956885332271,-0.0004698822152017148
9.5675e-05,0.0,-0.0,-0.004331487617154597,0.002412999976284145,-0.0009592438204352259,-0.0009592438204352259,-0.00046988186014518404
9.57e-05,0.0,-0.0,-0.0031379683411531384,0.03655461300040108,0.01670832232962397,0.01670832232962397,-0.00046988150605382955
9.5725e-05,0.0,-0.0,0.014182875650378077,-0.008470643932887035,0.002856115858745521,0.002856115858745521,-0.00046988115292504194
9.575e-05,0.0,-0.0,0.020182279114972956,0.009166755399688456,0.014674517257330707,0.014674517257330707,-0.00046988080075618374
9.5775e-05,-0.0,0.0,-0.0037923472977244074,0.01601027225118171,0.006108962476728651,0.006108962476728651,-0.0004698804495445958
9.58e-05,-0.0,0.0,0.012627693815439595,-0.0017073287323682495,0.005460182541535673,0.005460182541535673,-0.00046988009928762944
9.5825e-05,-0.0,0.0,0.025920465082646466,0.024388632838828056,0.02515454896073726,0.02515454896073726,-0.00046987974998268086
9.585e-05,-0.0,0.0,0.002427328517772391,-0.010728954979396375,-0.0041508132308119925,-0.0041508132308119925,-0.0004698794016272021
9.5875e-05,-0.0,0.0,0.03327741018749145,0.008282496351276248,0.020779953269383852,0.020779953269383852,-0.0004698790542187084
9.59e-05,-0.0,0.0,-0.022601197079308265,-0.036695555113276795,-0.02964837609629253,-0.02964837609629253,-0.00046987870775474984
9.5925e-05,-0.0,0.0,0.0011318945974937936,-0.0038814176599074363,-0.0013747615312068213,-0.0013747615312068213,-0.00046987836223289035
9.595e-05,-0.0,0.0,-0.002795818163476841,0.013692843094673198,0.005448512465598179,0.005448512465598179,-0.00046987801765065564
9.5975e-05,-0.0,0.0,-0.013510631649028038,0.006015335555608974,-0.003747648046709532,-0.003747648046709532,-0.00046987767400553265
9.6e-05,0.0,-0.0,0.015350272290560435,-0.002686329801774623,0.006331971244392906,0.006331971244392906,-0.000469877331294967
9.6025e-05,0.0,-0.0,-0.020021986837140893,-0.007184299981508617,-0.013603143409324756,-0.013603143409324756,-0.00046987698951638445
9.605e-05,0.0,-0.0,-0.010647968795508061,0.013216472822981924,0.0012842520137369313,0.0012842520137369313,-0.0004698766486672278
9.6075e-05,0.0,-0.0,0.010546199289926344,0.010916372089124576,0.010731285689525461,0.010731285689525461,-0.00046987630874498925
9.61e-05,0.0,-0.0,-0.007487775828724686,-0.0023311470828892454,-0.0049094614558069655,-0.0049094614558069655,-0.00046987596974722623
9.6125e-05,0.0,-0.0,-0.00254851755270436,-0.006479272825572069,-0.004513895189138214,-0.004513895189138214,-0.00046987563167155493
9.615e-05,0.0,-0.0,-0.004110317640177275,0.00932144945636163,0.002605565908092177,0.002605565908092177,-0.0004698752945156206
9.6175e-05,0.0,-0.0,0.017232420907905638,-0.001340567625347711,0.007945926641278963,0.007945926641278963,-0.00046987495827707245
9.62e-05,0.0,-0.0,-0.01984232181782525,-0.003211050920973101,-0.011526686369399176,-0.011526686369399176,-0.0004698746229535275
9.6225e-05,0.0,-0.0,0.01154452859448796,-0.013313971507892992,-0.0008847214567025159,-0.0008847214567025159,-0.0004698742885425665
9.625e-05,0.0,-0.0,-0.015471077863346278,-0.002376953774923261,-0.008924015819134769,-0.008924015819134769,-0.00046987395504173823
9.6275e-05,-0.0,0.0,-0.03207523494161215,-0.013243748753291984,-0.022659491847452067,-0.022659491847452067,-0.0004698736224485807
9.63e-05,-0.0,0.0,-0.006395770985492461,0.005206398159503509,-0.0005946864129944764,-0.0005946864129944764,-0.0004698732907606507
9.6325e-05,-0.0,0.0,-0.025613468273402357,0.016154519301673078,-0.004729474485864639,-0.004729474485864639,-0.0004698729599755516
9.635e-05,-0.0,0.0,-0.025594069774275134,-0.004669819961447825,-0.01513194486786148,-0.01513194486786148,-0.0004698726300909287
9.6375e-05,-0.0,0.0,-0.008047029641286844,-0.007365978681688248,-0.007706504161487546,-0.007706504161487546,-0.00046987230110447493
9.64e-05,-0.0,0.0,-0.028198515235300342,0.013696975783739126,-0.007250769725780608,-0.007250769725780608,-0.0004698719730139013
9.6425e-05,-0.0,0.0,0.030620655109394417,-0.010994159629813113,0.009813247739790653,0.009813247739790653,-0.0004698716458169212
9.645e-05,-0.0,0.0,-0.01800190094190185,-0.010340637615419715,-0.014171269278660782,-0.014171269278660782,-0.0004698713195112295
9.6475e-05,-0.0,0.0,0.029015155390451696,0.001060102703773253,0.015037629047112474,0.015037629047112474,-0.00046987099409449883
9.65e-05,0.0,-0.0,-0.01784877886077159,-0.0002963762486364221,-0.009072577554704005,-0.009072577554704005,-0.00046987066956439324
9.6525e-05,0.0,-0.0,0.004082913325484577,0.01230305894162954,0.008192986133557059,0.008192986133557059,-0.00046987034591857563
9.655e-05,0.0,-0.0,0.008169162490089421,0.02054169545243997,0.014355428971264695,0.014355428971264695,-0.0004698700231547184
9.6575e-05,0.0,-0.0,0.010484438804510752,0.015002776454977754,0.012743607629744254,0.012743607629744254,-0.00046986970127053105
9.66e-05,0.0,-0.0,0.01649949155046294,0.017678148507133284,0.017088820028798114,0.017088820028798114,-0.0004698693802637463
9.6625e-05,0.0,-0.0,-0.012399466635214872,0.02556978574973364,0.006585159557259385,0.006585159557259385,-0.00046986906013212485
9.665e-05,0.0,-0.0,-0.01499569423991319,0.015625471153825513,0.0003148884569561614,0.0003148884569561614,-0.0004698687408734393
9.6675e-05,0.0,-0.0,0.006417281702032483,-0.006211422441723375,0.00010292963015455384,0.00010292963015455384,-0.0004698684224854638
9.67e-05,0.0,-0.0,-0.011919138533807298,-0.025154918064831392,-0.018537028299319344,-0.018537028299319344,-0.00046986810496597
9.6725e-05,0.0,-0.0,-0.00312025722928465,-0.00716631360788818,-0.005143285418586415,-0.005143285418586415,-0.00046986778831272104
9.675e-05,0.0,-0.0,-0.007447125382958467,-0.00892754263811146,-0.008187334010534963,-0.008187334010534963,-0.0004698674725234806
9.6775e-05,-0.0,0.0,0.014249705199206554,0.011128018406214253,0.012688861802710404,0.012688861802710404,-0.0004698671575960224
9.68e-05,-0.0,0.0,-0.007692345037653774,-0.0011169942290000315,-0.004404669633326903,-0.004404669633326903,-0.00046986684352812733
9.6825e-05,-0.0,0.0,-0.008750338350968329,0.0015463850570736051,-0.003601976646947362,-0.003601976646947362,-0.0004698665303176006
9.685e-05,-0.0,0.0,0.009576497512783477,0.013648007893182813,0.011612252702983144,0.011612252702983144,-0.00046986621796226054
9.6875e-05,-0.0,0.0,0.011267272256995607,0.023641912849797324,0.017454592553396465,0.017454592553396465,-0.00046986590645994256
9.69e-05,-0.0,0.0,-0.007645449165051228,-0.026590929790082388,-0.017118189477566808,-0.017118189477566808,-0.0004698655958084883
9.6925e-05,-0.0,0.0,0.01403659784389167,-0.0074785382934736576,0.003279029775209006,0.003279029775209006,-0.0004698652860057455
9.695e-05,-0.0,0.0,0.023243025601380182,0.02369647595927848,0.023469750780329333,0.023469750780329333,-0.00046986497704956155
9.6975e-05,-0.0,0.0,0.01799314826330886,0.00027455751718087775,0.009133852890244869,0.009133852890244869,-0.0004698646689377853
9.7e-05,-0.0,0.0,-0.00027293731647566637,-0.007462282287384076,-0.003867609801929871,-0.003867609801929871,-0.0004698643616682709
9.7025e-05,0.0,-0.0,-0.007417103202702216,-0.02853018580007248,-0.01797364450138735,-0.01797364450138735,-0.0004698640552388808
9.705e-05,0.0,-0.0,0.0016531515462617533,0.00621129225505268,0.003932221900657217,0.003932221900657217,-0.0004698637496474874
9.7075e-05,0.0,-0.0,0.012462448540701757,0.005437184485284132,0.008949816512992944,0.008949816512992944,-0.00046986344489198236
9.71e-05,0.0,-0.0,-0.01945836599629366,0.013006813547165177,-0.003225776224564242,-0.003225776224564242,-0.00046986314097026633
9.7125e-05,0.0,-0.0,0.005410430933220335,0.02199247201259584,0.013701451472908088,0.013701451472908088,-0.0004698628378802502
9.715e-05,0.0,-0.0,0.003722824551223603,-0.03437523946484663,-0.015326207456811514,-0.015326207456811514,-0.0004698625356198572
9.7175e-05,0.0,-0.0,0.016842820626613922,0.029482813621937227,0.023162817124275575,0.023162817124275575,-0.0004698622341870103
9.72e-05,0.0,-0.0,-0.009323536085002797,0.0011015642178388403,-0.004110985933581978,-0.004110985933581978,-0.0004698619335796415
9.7225e-05,0.0,-0.0,-0.004445457646489888,0.019005098298996825,0.007279820326253468,0.007279820326253468,-0.0004698616337956836
9.725e-05,-0.0,0.0,-0.0106880726650525,-0.0033021876461822564,-0.006995130155617379,-0.006995130155617379,-0.0004698613348330766
9.7275e-05,-0.0,0.0,-0.007224807222913717,0.02059068946306061,0.006682941120073446,0.006682941120073446,-0.0004698610366897637
9.73e-05,-0.0,0.0,-0.0069417840604863775,0.02232117116555154,0.0076896935525325805,0.0076896935525325805,-0.0004698607393637006
9.7325e-05,-0.0,0.0,-0.0004249445674681344,0.0162351204395483,0.007905087936040082,0.007905087936040082,-0.00046986044285284506
9.735e-05,-0.0,0.0,-0.004144802869118962,-0.011116278763970802,-0.007630540816544882,-0.007630540816544882,-0.0004698601471551694
9.7375e-05,-0.0,0.0,0.014976195351217468,-0.006495529148575794,0.004240333101320837,0.004240333101320837,-0.00046985985226866004
9.74e-05,-0.0,0.0,0.01708053702836991,-0.01205711719204858,0.0025117099181606655,0.0025117099181606655,-0.000469859558191315
9.7425e-05,-0.0,0.0,-0.02633238339964565,0.00016419621592518731,-0.013084093591860232,-0.013084093591860232,-0.0004698592649211448
9.745e-05,-0.0,0.0,-0.004701372095681705,0.006473490350393563,0.000886059127355929,0.000886059127355929,-0.0004698589724561678
9.7475e-05,-0.0,0.0,0.0059854621553701755,5.8494500348569786e-05,0.0030219783278593727,0.0030219783278593727,-0.000469858680794409
9.75e-05,-0.0,0.0,0.023754617299735624,-0.00793491976046457,0.007909848769635526,0.007909848769635526,-0.00046985838993389455
9.7525e-05,0.0,-0.0,-0.039864013902485576,-0.01750141601798526,-0.028682714960235417,-0.028682714960235417,-0.0004698580998726376
9.755e-05,0.0,-0.0,0.015579388060168864,-0.007436705084842102,0.004071341487663381,0.004071341487663381,-0.0004698578106086639
9.7575e-05,0.0,-0.0,0.000802076416009499,0.017985562984579876,0.009393819700294688,0.009393819700294688,-0.0004698575221399954
9.76e-05,0.0,-0.0,-0.0067217748235970706,-0.013851025799375359,-0.010286400311486215,-0.010286400311486215,-0.0004698572344646672
9.7625e-05,0.0,-0.0,0.001662082560389428,-0.033379745170575924,-0.015858831305093246,-0.015858831305093246,-0.0004698569475807329
9.765e-05,0.0,-0.0,0.014731734677497796,-0.014653109552862554,3.9312562317620967e-05,3.9312562317620967e-05,-0.00046985666148626924
9.7675e-05,0.0,-0.0,-0.0074606263628864905,0.022581106045256795,0.007560239841185153,0.007560239841185153,-0.00046985637617937264
9.77e-05,0.0,-0.0,0.010416192137140375,0.021860392055106086,0.01613829209612323,0.01613829209612323,-0.0004698560916581492
9.7725e-05,0.0,-0.0,-0.012523968743206595,0.024114255627427243,0.005795143442110324,0.005795143442110324,-0.0004698558079207053
9.775e-05,-0.0,0.0,0.0014624495351722216,0.016399727045242594,0.008931088290207407,0.008931088290207407,-0.00046985552496514544
9.7775e-05,-0.0,0.0,-0.006221807718624977,-0.019585280589029853,-0.012903544153827416,-0.012903544153827416,-0.0004698552427895613
9.78e-05,-0.0,0.0,-0.03193006770666498,-0.005726838643229663,-0.018828453174947322,-0.018828453174947322,-0.00046985496139203284
9.7825e-05,-0.0,0.0,-0.013066911858075996,-0.0020978839060902784,-0.007582397882083137,-0.007582397882083137,-0.00046985468077065384
9.785e-05,-0.0,0.0,0.009055757521458579,-0.012994345253129558,-0.0019692938658354897,-0.0019692938658354897,-0.0004698544009235253
9.7875e-05,-0.0,0.0,0.021621797654632503,-0.0004320314234861416,0.01059488311557318,0.01059488311557318,-0.00046985412184877257
9.79e-05,-0.0,0.0,-0.0077583282051302375,0.0017820450158382915,-0.002988141594645973,-0.002988141594645973,-0.00046985384354454574
9.7925e-05,-0.0,0.0,0.02831083843731778,-0.002593957464937821,0.01285844048618998,0.01285844048618998,-0.00046985356600901765
9.795e-05,-0.0,0.0,0.020595350257851187,-0.006076010648497134,0.007259669804677026,0.007259669804677026,-0.0004698532892403678
9.7975e-05,-0.0,0.0,0.004383302398236963,0.007242654829566836,0.0058129786139019,0.0058129786139019,-0.0004698530132367753
9.8e-05,-0.0,0.0,0.016549200143920088,0.013882862843804558,0.015216031493862324,0.015216031493862324,-0.00046985273799640887
9.8025e-05,0.0,-0.0,0.009023888218540445,0.0023696609794773495,0.005696774599008897,0.005696774599008897,-0.00046985246351743053
9.805e-05,0.0,-0.0,-0.012742543717869877,-0.010816543629274897,-0.011779543673572387,-0.011779543673572387,-0.00046985218979800033
9.8075e-05,0.0,-0.0,0.00533737873444784,0.01238082714655713,0.008859102940502486,0.008859102940502486,-0.0004698519168362811
9.81e-05,0.0,-0.0,0.0031374605409528415,-0.010945205450383322,-0.0039038724547152404,-0.0039038724547152404,-0.0004698516446304535
9.8125e-05,0.0,-0.0,-0.0002667190732418382,0.0021982676022432586,0.0009657742645007102,0.0009657742645007102,-0.0004698513731787092
9.815e-05,0.0,-0.0,-0.03235451746491591,0.010042500260473725,-0.011156008602221093,-0.011156008602221093,-0.000469851102479276
9.8175e-05,0.0,-0.0,-0.004278244129605198,-0.010533847918846585,-0.007406046024225892,-0.007406046024225892,-0.00046985083253038167
9.82e-05,0.0,-0.0,0.01832430937244063,-0.040919879173249483,-0.011297784900404426,-0.011297784900404426,-0.00046985056333026434
9.8225e-05,0.0,-0.0,0.01408481839454904,-0.023947715422678595,-0.0049314485140647775,-0.0049314485140647775,-0.000469850294877162
9.825e-05,-0.0,0.0,0.013547785418698423,-0.004435126980653331,0.004556329219022546,0.004556329219022546,-0.00046985002716930983
9.8275e-05,-0.0,0.0,0.0018861625662309155,-0.017911573125804246,-0.008012705279786664,-0.008012705279786664,-0.00046984976020494624
9.83e-05,-0.0,0.0,0.014210893403031225,-0.0013196135387680498,0.006445639932131588,0.006445639932131588,-0.00046984949398230536
9.8325e-05,-0.0,0.0,0.016475901509792334,0.006554769835738587,0.011515335672765461,0.011515335672765461,-0.0004698492284996298
9.835e-05,-0.0,0.0,-0.005962061449006592,0.0044075107122746714,-0.0007772753683659601,-0.0007772753683659601,-0.00046984896375518246
9.8375e-05,-0.0,0.0,-0.01608425727802472,0.008163197316426755,-0.003960529980798982,-0.003960529980798982,-0.0004698486997472224
9.84e-05,-0.0,0.0,0.01975058427593482,-0.003776936286137325,0.007986823994898749,0.007986823994898749,-0.0004698484364740339
9.8425e-05,-0.0,0.0,-0.00551424665677115,-0.003555130388720919,-0.004534688522746034,-0.004534688522746034,-0.00046984817393389976
9.845e-05,-0.0,0.0,0.014653963289233117,0.006096318922854252,0.010375141106043685,0.010375141106043685,-0.0004698479121251121
9.8475e-05,-0.0,0.0,-0.012140043816692463,-0.008497761186052246,-0.010318902501372355,-0.010318902501372355,-0.00046984765104596954
9.85e-05,-0.0,0.0,-0.00529978451931044,-0.004770838535946051,-0.0050353115276282456,-0.0050353115276282456,-0.0004698473906947668
9.8525e-05,0.0,-0.0,0.022199625924459225,0.032084792956969886,0.027142209440714556,0.027142209440714556,-0.0004698471310698227
9.855e-05,0.0,-0.0,-0.018670955894778154,0.014851220194479306,-0.001909867850149424,-0.001909867850149424,-0.0004698468721694491
9.8575e-05,0.0,-0.0,-0.011277116304588703,0.01084887778732913,-0.00021411925862978645,-0.00021411925862978645,-0.0004698466139919596
9.86e-05,0.0,-0.0,0.009638962714987584,-0.0193814802930205,-0.004871258789016458,-0.004871258789016458,-0.00046984635653568986
9.8625e-05,0.0,-0.0,0.021333532523514116,-0.005268333245946373,0.008032599638783871,0.008032599638783871,-0.00046984609979895794
9.865e-05,0.0,-0.0,-0.0030845493053533917,-0.011617925598131204,-0.007351237451742298,-0.007351237451742298,-0.0004698458437801052
9.8675e-05,0.0,-0.0,-0.003355568018762912,0.010137736759011336,0.003391084370124212,0.003391084370124212,-0.00046984558847746965
9.87e-05,0.0,-0.0,0.012697763032102955,-0.00428673579214134,0.004205513619980807,0.004205513619980807,-0.0004698453338893975
9.8725e-05,0.0,-0.0,-0.015524295448589074,0.0013680927451422541,-0.00707810135172341,-0.00707810135172341,-0.0004698450800142527
9.875e-05,-0.0,0.0,0.0018929518374756367,-0.0004069325190219544,0.0007430096592268412,0.0007430096592268412,-0.00046984482685039997
9.8775e-05,-0.0,0.0,-0.004423419684697265,-0.017728407001883863,-0.011075913343290564,-0.011075913343290564,-0.00046984457439621844
9.88e-05,-0.0,0.0,0.010609512256890996,0.0213257651002879,0.015967638678589448,0.015967638678589448,-0.0004698443226500932
9.8825e-05,-0.0,0.0,-0.012328122736897512,0.0034882669085339706,-0.004419927914181771,-0.004419927914181771,-0.00046984407161040464
9.885e-05,-0.0,0.0,-0.016741247044598367,-0.01554395459441886,-0.016142600819508614,-0.016142600819508614,-0.0004698438212755469
9.8875e-05,-0.0,0.0,-0.013239173719218502,-0.03791701946454332,-0.02557809659188091,-0.02557809659188091,-0.0004698435716439014
9.89e-05,-0.0,0.0,0.014484413539263625,0.007619611664254742,0.011052012601759184,0.011052012601759184,-0.00046984332271386546
9.8925e-05,-0.0,0.0,0.012123946248098068,-0.008499405930743612,0.001812270158677228,0.001812270158677228,-0.0004698430744838368
9.895e-05,-0.0,0.0,0.020796296618804572,-0.009673027152447548,0.005561634733178512,0.005561634733178512,-0.00046984282695222094
9.8975e-05,-0.0,0.0,0.01265918239772029,0.02675616898077761,0.01970767568924895,0.01970767568924895,-0.000469842580117445
9.9e-05,-0.0,0.0,0.004276380463306401,-0.023899578883994108,-0.009811599210343854,-0.009811599210343854,-0.0004698423339779356
9.9025e-05,0.0,-0.0,-0.028866665705577572,0.0009663556226965099,-0.01395015504144053,-0.01395015504144053,-0.00046984208853212883
9.905e-05,0.0,-0.0,-0.017508719198297756,-0.006993199739318211,-0.012250959468807984,-0.012250959468807984,-0.0004698418437784731
9.9075e-05,0.0,-0.0,-0.005935328016385645,-0.02639741813751311,-0.01616637307694938,-0.01616637307694938,-0.00046984159971540817
9.91e-05,0.0,-0.0,0.0006240357486339577,-0.0009692966053837185,-0.00017263042837488044,-0.00017263042837488044,-0.0004698413563413855
9.9125e-05,0.0,-0.0,0.013082064458121025,-0.004349477970609315,0.004366293243755854,0.004366293243755854,-0.00046984111365485585
9.915e-05,0.0,-0.0,0.013604629138968401,0.012989243584746502,0.013296936361857453,0.013296936361857453,-0.0004698408716542688
9.9175e-05,0.0,-0.0,-0.014287859246781744,0.010587294406108035,-0.0018502824203368547,-0.0018502824203368547,-0.00046984063033808827
9.92e-05,0.0,-0.0,-0.015242426400093923,-0.0088190770161995,-0.01203075170814671,-0.01203075170814671,-0.00046984038970478137
9.9225e-05,0.0,-0.0,0.022251366043380155,0.01157777207484674,0.016914569059113448,0.016914569059113448,-0.0004698401497528219
9.925e-05,-0.0,0.0,0.00039486830905301364,-0.003924225489561453,-0.0017646785902542196,-0.0017646785902542196,-0.00046983991048069843
9.9275e-05,-0.0,0.0,-0.006686928335587932,-0.01532740075300408,-0.011007164544296007,-0.011007164544296007,-0.00046983967188690007
9.93e-05,-0.0,0.0,-0.028236016916479832,0.0008126533843192394,-0.013711681766080296,-0.013711681766080296,-0.00046983943396992645
9.9325e-05,-0.0,0.0,0.0024634535898739513,-0.008520196806803939,-0.003028371608464994,-0.003028371608464994,-0.00046983919672828026
9.935e-05,-0.0,0.0,-0.008243890560057013,-0.013840206435031715,-0.011042048497544364,-0.011042048497544364,-0.00046983896016047157
9.9375e-05,-0.0,0.0,0.030701813357779325,0.0006383697802861046,0.015670091569032714,0.015670091569032714,-0.00046983872426501356
9.94e-05,-0.0,0.0,0.015368584546418942,0.0023909847112531237,0.008879784628836034,0.008879784628836034,-0.0004698384890404257
9.9425e-05,-0.0,0.0,0.003580433703491188,-0.014437092088500133,-0.005428329192504472,-0.005428329192504472,-0.0004698382544852237
9.945e-05,-0.0,0.0,-0.00019052714517611073,0.01308407110770185,0.00644677198126287,0.00644677198126287,-0.0004698380205979336
9.9475e-05,-0.0,0.0,-0.0054340445154022225,0.004150322063696488,-0.0006418612258528673,-0.0006418612258528673,-0.00046983778737708266
9.95e-05,0.0,-0.0,-0.01838028980875536,-0.014490010294494472,-0.016435150051624915,-0.016435150051624915,-0.0004698375548212051
9.9525e-05,0.0,-0.0,-0.0007898982903250516,0.017263543659530988,0.008236822684602968,0.008236822684602968,-0.00046983732292884113
9.955e-05,0.0,-0.0,-0.005859248188214001,-0.007949528019403334,-0.006904388103808667,-0.006904388103808667,-0.0004698370916985431
9.9575e-05,0.0,-0.0,0.01233686961088283,-0.010068639332838254,0.0011341151390222882,0.0011341151390222882,-0.0004698368611288715
9.96e-05,0.0,-0.0,-0.01345773935600827,0.026713545527152882,0.006627903085572306,0.006627903085572306,-0.0004698366312183962
9.9625e-05,0.0,-0.0,-0.002512045130340512,0.002861077033213034,0.00017451595143626103,0.00017451595143626103,-0.00046983640196569365
9.965e-05,0.0,-0.0,0.01337722427710291,0.005866970017097644,0.009622097147100276,0.009622097147100276,-0.0004698361733693373
9.9675e-05,0.0,-0.0,0.01321706274588753,0.009367966655278729,0.01129251470058313,0.01129251470058313,-0.0004698359454279121
9.97e-05,0.0,-0.0,0.0006396457192167388,0.03071548922322408,0.01567756747122041,0.01567756747122041,-0.0004698357181399881
9.9725e-05,0.0,-0.0,-0.01823278919120288,0.03553270329165746,0.00864995705022729,0.00864995705022729,-0.0004698354915041478
9.975e-05,0.0,-0.0,-0.01611504979141161,0.015825751471385385,-0.0001446491600131123,-0.0001446491600131123,-0.00046983526551897296
9.9775e-05,-0.0,0.0,0.0021247883432217968,-0.005692044039538705,-0.0017836278481584541,-0.0017836278481584541,-0.00046983504018305436
9.98e-05,-0.0,0.0,-0.00497296509930961,0.0010151629387044497,-0.0019789010803025805,-0.0019789010803025805,-0.0004698348154949999
9.9825e-05,-0.0,0.0,-0.008932579282971573,-0.010256705939260157,-0.009594642611115865,-0.009594642611115865,-0.0004698345914534225
9.985e-05,-0.0,0.0,-0.014841896476130623,-0.001529596350414839,-0.008185746413272731,-0.008185746413272731,-0.00046983436805694834
9.9875e-05,-0.0,0.0,-0.004132861237859529,0.004632719742279723,0.0002499292522100973,0.0002499292522100973,-0.00046983414530420695
9.99e-05,-0.0,0.0,0.006623733191915301,0.00285762613446393,0.0047406796631896155,0.0047406796631896155,-0.00046983392319382506
9.9925e-05,-0.0,0.0,0.014581527715431827,-0.025629902860230994,-0.005524187572399583,-0.005524187572399583,-0.00046983370172443703
9.995e-05,-0.0,0.0,-0.017150213126641355,-0.00428940111219629,-0.010719807119418823,-0.010719807119418823,-0.00046983348089466807
9.9975e-05,-0.0,0.0,-0.01821726725342224,-0.015528179134525396,-0.01687272319397382,-0.01687272319397382,-0.0004698332607031514
